,case:concept:name,time:timestamp,lifecycle:transition,concept:name,case:label,org:group,Diagnose,Age,Leucocytes,CRP,InfectionSuspected,DiagnosticBlood,DisfuncOrg,SIRSCritTachypnea,Hypotensie,SIRSCritHeartRate,Infusion,DiagnosticArtAstrup,DiagnosticIC,DiagnosticSputum,DiagnosticLiquor,DiagnosticOther,SIRSCriteria2OrMore,DiagnosticXthorax,SIRSCritTemperature,DiagnosticUrinaryCulture,SIRSCritLeucos,Oligurie,DiagnosticLacticAcid,Hypoxie,DiagnosticUrinarySediment,DiagnosticECG,LacticAcid
0,case_0,2024-04-10 15:56:41.120339,complete,Admission IC,positive,Q,,,,,,,,,,,,,,,,,,,,,,,,,,,
1,case_0,2024-04-10 17:12:09.120339,complete,IV Antibiotics,positive,L,,,,,,,,,,,,,,,,,,,,,,,,,,,
2,case_0,2024-04-10 17:44:15.120339,complete,IV Antibiotics,positive,F,,,,,,,,,,,,,,,,,,,,,,,,,,,
3,case_0,2024-04-10 18:48:15.120339,complete,Return ER,positive,?,,,,,,,,,,,,,,,,,,,,,,,,,,,
4,case_0,2024-04-10 20:07:16.120339,complete,Admission NC,positive,J,,,,,,,,,,,,,,,,,,,,,,,,,,,
5,case_0,2024-04-10 21:07:40.120339,complete,Admission IC,positive,J,,,,,,,,,,,,,,,,,,,,,,,,,,,
6,case_0,2024-04-10 21:35:56.120339,complete,Admission NC,positive,J,,,,,,,,,,,,,,,,,,,,,,,,,,,
7,case_1,2024-04-10 15:48:56.120339,complete,IV Antibiotics,positive,L,,,,,,,,,,,,,,,,,,,,,,,,,,,
8,case_1,2024-04-10 17:12:35.120339,complete,ER Sepsis Triage,positive,L,FD,85.0,,,,,,,,,,,,,,,,,,,,,,,,,
9,case_1,2024-04-10 17:57:33.120339,complete,IV Antibiotics,positive,L,,,,,,,,,,,,,,,,,,,,,,,,,,,
10,case_1,2024-04-10 19:18:36.120339,complete,Admission NC,positive,F,,,,,,,,,,,,,,,,,,,,,,,,,,,
11,case_1,2024-04-10 19:34:56.120339,complete,Admission NC,positive,L,,,,,,,,,,,,,,,,,,,,,,,,,,,
12,case_1,2024-04-10 21:07:50.120339,complete,Admission NC,positive,J,,,,,,,,,,,,,,,,,,,,,,,,,,,
13,case_1,2024-04-10 22:22:14.120339,complete,IV Antibiotics,positive,L,,,,,,,,,,,,,,,,,,,,,,,,,,,
14,case_2,2024-04-10 16:09:35.120339,complete,IV Antibiotics,positive,L,,,,,,,,,,,,,,,,,,,,,,,,,,,
15,case_2,2024-04-10 16:45:04.120339,complete,ER Sepsis Triage,positive,L,FD,85.0,,,,,,,,,,,,,,,,,,,,,,,,,
16,case_2,2024-04-10 17:43:18.120339,complete,IV Antibiotics,positive,L,,,,,,,,,,,,,,,,,,,,,,,,,,,
17,case_2,2024-04-10 19:02:12.120339,complete,Admission NC,positive,F,,,,,,,,,,,,,,,,,,,,,,,,,,,
18,case_2,2024-04-10 20:24:26.120339,complete,Admission NC,positive,L,,,,,,,,,,,,,,,,,,,,,,,,,,,
19,case_2,2024-04-10 20:47:55.120339,complete,Admission NC,positive,F,,,,,,,,,,,,,,,,,,,,,,,,,,,
20,case_2,2024-04-10 21:54:29.120339,complete,IV Antibiotics,positive,L,,,,,,,,,,,,,,,,,,,,,,,,,,,
21,case_3,2024-04-10 15:37:47.120339,complete,IV Antibiotics,positive,L,,,,,,,,,,,,,,,,,,,,,,,,,,,
22,case_3,2024-04-10 16:45:56.120339,complete,ER Sepsis Triage,positive,L,FE,85.0,,,,,,,,,,,,,,,,,,,,,,,,,
23,case_3,2024-04-10 18:21:53.120339,complete,IV Antibiotics,positive,L,,,,,,,,,,,,,,,,,,,,,,,,,,,
24,case_3,2024-04-10 19:04:52.120339,complete,Admission NC,positive,F,,,,,,,,,,,,,,,,,,,,,,,,,,,
25,case_3,2024-04-10 20:16:03.120339,complete,Admission NC,positive,F,,,,,,,,,,,,,,,,,,,,,,,,,,,
26,case_3,2024-04-10 21:25:06.120339,complete,Admission NC,positive,F,,,,,,,,,,,,,,,,,,,,,,,,,,,
27,case_3,2024-04-10 22:00:16.120339,complete,IV Antibiotics,positive,L,,,,,,,,,,,,,,,,,,,,,,,,,,,
28,case_4,2024-04-10 16:16:12.120339,complete,IV Antibiotics,positive,L,,,,,,,,,,,,,,,,,,,,,,,,,,,
29,case_4,2024-04-10 16:49:51.120339,complete,ER Sepsis Triage,positive,L,FD,85.0,,,,,,,,,,,,,,,,,,,,,,,,,
30,case_4,2024-04-10 17:51:28.120339,complete,IV Antibiotics,positive,L,,,,,,,,,,,,,,,,,,,,,,,,,,,
31,case_4,2024-04-10 18:38:47.120339,complete,Return ER,positive,?,,,,,,,,,,,,,,,,,,,,,,,,,,,
32,case_4,2024-04-10 20:25:10.120339,complete,IV Antibiotics,positive,C,,,,,,,,,,,,,,,,,,,,,,,,,,,
33,case_4,2024-04-10 20:38:17.120339,complete,Admission NC,positive,J,,,,,,,,,,,,,,,,,,,,,,,,,,,
34,case_4,2024-04-10 22:03:30.120339,complete,Admission NC,positive,J,,,,,,,,,,,,,,,,,,,,,,,,,,,
35,case_5,2024-04-10 16:15:32.120339,complete,IV Antibiotics,positive,L,,,,,,,,,,,,,,,,,,,,,,,,,,,
36,case_5,2024-04-10 17:29:49.120339,complete,ER Sepsis Triage,positive,L,FD,85.0,,,,,,,,,,,,,,,,,,,,,,,,,
37,case_5,2024-04-10 18:27:21.120339,complete,IV Antibiotics,positive,L,,,,,,,,,,,,,,,,,,,,,,,,,,,
38,case_5,2024-04-10 18:50:31.120339,complete,Admission NC,positive,F,,,,,,,,,,,,,,,,,,,,,,,,,,,
39,case_5,2024-04-10 19:58:45.120339,complete,Admission NC,positive,C,,,,,,,,,,,,,,,,,,,,,,,,,,,
40,case_5,2024-04-10 21:22:21.120339,complete,Admission NC,positive,J,,,,,,,,,,,,,,,,,,,,,,,,,,,
41,case_5,2024-04-10 21:33:01.120339,complete,IV Antibiotics,positive,L,,,,,,,,,,,,,,,,,,,,,,,,,,,
42,case_6,2024-04-10 15:58:37.120339,complete,Release A,positive,Y,,,,,,,,,,,,,,,,,,,,,,,,,,,
43,case_6,2024-04-10 17:22:49.120339,complete,ER Sepsis Triage,positive,X,WA,90.0,,,,,,,,,,,,,,,,,,,,,,,,,
44,case_6,2024-04-10 17:33:09.120339,complete,IV Antibiotics,positive,L,,,,,,,,,,,,,,,,,,,,,,,,,,,
45,case_6,2024-04-10 18:47:37.120339,complete,IV Antibiotics,positive,R,,,,,,,,,,,,,,,,,,,,,,,,,,,
46,case_6,2024-04-10 20:20:52.120339,complete,IV Antibiotics,positive,C,,,,,,,,,,,,,,,,,,,,,,,,,,,
47,case_6,2024-04-10 21:25:10.120339,complete,Admission NC,positive,J,,,,,,,,,,,,,,,,,,,,,,,,,,,
48,case_6,2024-04-10 21:47:02.120339,complete,Admission NC,positive,J,,,,,,,,,,,,,,,,,,,,,,,,,,,
49,case_7,2024-04-10 16:25:12.120339,complete,Admission NC,positive,J,,,,,,,,,,,,,,,,,,,,,,,,,,,
50,case_7,2024-04-10 17:27:44.120339,complete,Return ER,positive,Y,,,,,,,,,,,,,,,,,,,,,,,,,,,
51,case_7,2024-04-10 18:00:06.120339,complete,Return ER,positive,J,,,,,,,,,,,,,,,,,,,,,,,,,,,
52,case_7,2024-04-10 19:01:44.120339,complete,Return ER,positive,?,,,,,,,,,,,,,,,,,,,,,,,,,,,
53,case_7,2024-04-10 20:20:45.120339,complete,Return ER,positive,?,,,,,,,,,,,,,,,,,,,,,,,,,,,
54,case_7,2024-04-10 21:15:17.120339,complete,Return ER,positive,?,,,,,,,,,,,,,,,,,,,,,,,,,,,
55,case_7,2024-04-10 22:04:45.120339,complete,Return ER,positive,?,,,,,,,,,,,,,,,,,,,,,,,,,,,
56,case_7,2024-04-10 23:06:05.120339,complete,Return ER,positive,?,,,,,,,,,,,,,,,,,,,,,,,,,,,
57,case_7,2024-04-10 23:59:52.120339,complete,Admission NC,positive,J,,,,,,,,,,,,,,,,,,,,,,,,,,,
58,case_8,2024-04-10 16:09:33.120339,complete,Admission NC,positive,F,,,,,,,,,,,,,,,,,,,,,,,,,,,
59,case_8,2024-04-10 16:47:29.120339,complete,Return ER,positive,Y,,,,,,,,,,,,,,,,,,,,,,,,,,,
60,case_8,2024-04-10 17:38:53.120339,complete,Return ER,positive,J,,,,,,,,,,,,,,,,,,,,,,,,,,,
61,case_8,2024-04-10 18:52:02.120339,complete,Return ER,positive,?,,,,,,,,,,,,,,,,,,,,,,,,,,,
62,case_8,2024-04-10 20:19:23.120339,complete,Return ER,positive,?,,,,,,,,,,,,,,,,,,,,,,,,,,,
63,case_8,2024-04-10 21:00:19.120339,complete,Return ER,positive,?,,,,,,,,,,,,,,,,,,,,,,,,,,,
64,case_8,2024-04-10 22:02:07.120339,complete,Release A,positive,J,,,,,,,,,,,,,,,,,,,,,,,,,,,
65,case_8,2024-04-10 22:34:30.120339,complete,Return ER,positive,?,,,,,,,,,,,,,,,,,,,,,,,,,,,
66,case_8,2024-04-11 00:31:39.120339,complete,Admission NC,positive,J,,,,,,,,,,,,,,,,,,,,,,,,,,,
67,case_9,2024-04-10 15:52:18.120339,complete,IV Antibiotics,positive,L,,,,,,,,,,,,,,,,,,,,,,,,,,,
68,case_9,2024-04-10 16:35:13.120339,complete,Admission NC,positive,J,,,,,,,,,,,,,,,,,,,,,,,,,,,
69,case_9,2024-04-10 18:02:09.120339,complete,Return ER,positive,J,,,,,,,,,,,,,,,,,,,,,,,,,,,
70,case_9,2024-04-10 19:11:00.120339,complete,Admission NC,positive,J,,,,,,,,,,,,,,,,,,,,,,,,,,,
71,case_9,2024-04-10 20:30:21.120339,complete,Admission IC,positive,J,,,,,,,,,,,,,,,,,,,,,,,,,,,
72,case_9,2024-04-10 21:23:51.120339,complete,Admission NC,positive,J,,,,,,,,,,,,,,,,,,,,,,,,,,,
73,case_9,2024-04-10 22:03:33.120339,complete,Admission NC,positive,J,,,,,,,,,,,,,,,,,,,,,,,,,,,
74,case_9,2024-04-10 23:32:09.120339,complete,Admission NC,positive,J,,,,,,,,,,,,,,,,,,,,,,,,,,,
75,case_9,2024-04-11 00:17:12.120339,complete,Release A,positive,Y,,,,,,,,,,,,,,,,,,,,,,,,,,,
76,case_10,2024-04-10 15:34:55.120339,complete,Admission NC,positive,J,,,,,,,,,,,,,,,,,,,,,,,,,,,
77,case_10,2024-04-10 17:29:43.120339,complete,Admission NC,positive,Y,,,,,,,,,,,,,,,,,,,,,,,,,,,
78,case_10,2024-04-10 17:36:51.120339,complete,Return ER,positive,?,,,,,,,,,,,,,,,,,,,,,,,,,,,
79,case_10,2024-04-10 18:52:36.120339,complete,Release A,positive,E,,,,,,,,,,,,,,,,,,,,,,,,,,,
80,case_10,2024-04-10 20:14:38.120339,complete,Release A,positive,J,,,,,,,,,,,,,,,,,,,,,,,,,,,
81,case_10,2024-04-10 21:29:00.120339,complete,Return ER,positive,Y,,,,,,,,,,,,,,,,,,,,,,,,,,,
82,case_10,2024-04-10 22:25:09.120339,complete,Release A,positive,?,,,,,,,,,,,,,,,,,,,,,,,,,,,
83,case_10,2024-04-10 23:16:26.120339,complete,Return ER,positive,?,,,,,,,,,,,,,,,,,,,,,,,,,,,
84,case_10,2024-04-11 00:06:17.120339,complete,Leucocytes,positive,Y,CA,90.0,28.0,,,,,,,,,,,,,,,,,,,,,,,,
85,case_11,2024-04-10 16:08:24.120339,complete,IV Antibiotics,positive,L,,,,,,,,,,,,,,,,,,,,,,,,,,,
86,case_11,2024-04-10 16:39:15.120339,complete,ER Sepsis Triage,positive,L,OD,90.0,,,,,,,,,,,,,,,,,,,,,,,,,
87,case_11,2024-04-10 17:40:51.120339,complete,IV Antibiotics,positive,L,,,,,,,,,,,,,,,,,,,,,,,,,,,
88,case_11,2024-04-10 18:58:38.120339,complete,Admission NC,positive,F,,,,,,,,,,,,,,,,,,,,,,,,,,,
89,case_11,2024-04-10 19:51:03.120339,complete,Admission NC,positive,G,,,,,,,,,,,,,,,,,,,,,,,,,,,
90,case_11,2024-04-10 20:58:05.120339,complete,Leucocytes,positive,B,KE,89.0,38.0,,,,,,,,,,,,,,,,,,,,,,,,
91,case_12,2024-04-10 15:48:26.120339,complete,CRP,positive,Y,HE,90.0,,2317.0,,,,,,,,,,,,,,,,,,,,,,,
92,case_12,2024-04-10 17:12:44.120339,complete,Admission NC,positive,Y,,,,,,,,,,,,,,,,,,,,,,,,,,,
93,case_12,2024-04-10 17:35:32.120339,complete,IV Liquid,positive,Y,HE,90.0,,,,,,,,,,,,,,,,,,,,,,,,,
94,case_12,2024-04-10 19:22:16.120339,complete,Admission NC,positive,Y,,,,,,,,,,,,,,,,,,,,,,,,,,,
95,case_12,2024-04-10 20:29:26.120339,complete,Return ER,positive,F,,,,,,,,,,,,,,,,,,,,,,,,,,,
96,case_12,2024-04-10 21:23:07.120339,complete,ER Registration,positive,Y,HE,89.0,,,false,false,true,false,true,false,false,true,false,false,true,false,false,false,false,false,true,true,false,true,false,false,
97,case_13,2024-04-10 16:27:30.120339,complete,CRP,positive,Y,HE,90.0,,2005.0,,,,,,,,,,,,,,,,,,,,,,,
98,case_13,2024-04-10 17:09:32.120339,complete,Admission NC,positive,F,,,,,,,,,,,,,,,,,,,,,,,,,,,
99,case_13,2024-04-10 17:33:19.120339,complete,Admission NC,positive,F,,,,,,,,,,,,,,,,,,,,,,,,,,,
100,case_13,2024-04-10 18:39:12.120339,complete,ER Sepsis Triage,positive,Y,HE,90.0,,,,,,,,,,,,,,,,,,,,,,,,,
101,case_13,2024-04-10 20:28:32.120339,complete,ER Registration,positive,F,HE,90.0,,,false,false,true,false,true,true,false,true,false,false,true,true,false,false,false,false,true,true,false,true,false,false,
102,case_13,2024-04-10 21:13:34.120339,complete,ER Registration,positive,Y,HE,89.0,,,false,false,true,false,true,false,false,true,false,false,true,false,false,false,false,false,true,true,false,true,false,false,
103,case_14,2024-04-10 16:10:21.120339,complete,CRP,positive,Y,HE,27.0,,5093.0,,,,,,,,,,,,,,,,,,,,,,,
104,case_14,2024-04-10 16:33:57.120339,complete,CRP,positive,Y,HE,90.0,,238.0,,,,,,,,,,,,,,,,,,,,,,,
105,case_14,2024-04-10 17:33:45.120339,complete,Admission NC,positive,J,,,,,,,,,,,,,,,,,,,,,,,,,,,
106,case_14,2024-04-10 19:19:15.120339,complete,Admission NC,positive,Y,,,,,,,,,,,,,,,,,,,,,,,,,,,
107,case_14,2024-04-10 20:05:32.120339,complete,Return ER,positive,F,,,,,,,,,,,,,,,,,,,,,,,,,,,
108,case_14,2024-04-10 20:59:08.120339,complete,ER Registration,positive,Y,HE,89.0,,,false,false,true,false,true,false,false,true,false,false,true,true,false,false,false,false,true,true,false,true,false,false,
109,case_15,2024-04-10 15:52:24.120339,complete,CRP,positive,Y,HE,90.0,,5093.0,,,,,,,,,,,,,,,,,,,,,,,
110,case_15,2024-04-10 17:14:31.120339,complete,CRP,positive,Y,HE,90.0,,2468.0,,,,,,,,,,,,,,,,,,,,,,,
111,case_15,2024-04-10 17:52:03.120339,complete,Admission NC,positive,F,,,,,,,,,,,,,,,,,,,,,,,,,,,
112,case_15,2024-04-10 19:27:24.120339,complete,Admission NC,positive,Y,,,,,,,,,,,,,,,,,,,,,,,,,,,
113,case_15,2024-04-10 20:28:51.120339,complete,Return ER,positive,?,,,,,,,,,,,,,,,,,,,,,,,,,,,
114,case_15,2024-04-10 21:02:58.120339,complete,ER Registration,positive,Y,HE,89.0,,,false,false,true,false,true,false,false,true,false,false,true,true,false,false,false,false,true,true,false,true,false,false,
115,case_16,2024-04-10 16:02:54.120339,complete,CRP,positive,Y,HE,62.0,,5093.0,,,,,,,,,,,,,,,,,,,,,,,
116,case_16,2024-04-10 16:59:59.120339,complete,CRP,positive,Y,HE,90.0,,2140.0,,,,,,,,,,,,,,,,,,,,,,,
117,case_16,2024-04-10 18:27:51.120339,complete,Admission NC,positive,J,,,,,,,,,,,,,,,,,,,,,,,,,,,
118,case_16,2024-04-10 18:36:38.120339,complete,Admission NC,positive,Y,,,,,,,,,,,,,,,,,,,,,,,,,,,
119,case_16,2024-04-10 20:28:34.120339,complete,Return ER,positive,F,,,,,,,,,,,,,,,,,,,,,,,,,,,
120,case_16,2024-04-10 20:49:55.120339,complete,ER Registration,positive,Y,HE,89.0,,,false,false,true,true,true,true,false,true,false,false,false,true,false,false,false,true,true,false,false,true,false,false,
121,case_17,2024-04-10 15:45:23.120339,complete,CRP,positive,Y,HE,87.0,,744.0,,,,,,,,,,,,,,,,,,,,,,,
122,case_17,2024-04-10 16:57:15.120339,complete,CRP,positive,Y,HE,22.0,,228.0,,,,,,,,,,,,,,,,,,,,,,,
123,case_17,2024-04-10 18:02:56.120339,complete,Admission NC,positive,F,,,,,,,,,,,,,,,,,,,,,,,,,,,
124,case_17,2024-04-10 19:05:00.120339,complete,Admission NC,positive,Y,,,,,,,,,,,,,,,,,,,,,,,,,,,
125,case_17,2024-04-10 20:20:29.120339,complete,Return ER,positive,F,,,,,,,,,,,,,,,,,,,,,,,,,,,
126,case_17,2024-04-10 20:42:13.120339,complete,Leucocytes,positive,Y,HE,34.0,137.0,,,,,,,,,,,,,,,,,,,,,,,,
127,case_18,2024-04-10 16:09:27.120339,complete,CRP,positive,Y,HE,90.0,,5404.0,,,,,,,,,,,,,,,,,,,,,,,
128,case_18,2024-04-10 17:02:20.120339,complete,Admission NC,positive,F,,,,,,,,,,,,,,,,,,,,,,,,,,,
129,case_18,2024-04-10 17:42:03.120339,complete,Leucocytes,positive,F,HE,70.0,137.0,,,,,,,,,,,,,,,,,,,,,,,,
130,case_18,2024-04-10 18:57:12.120339,complete,Admission NC,positive,F,,,,,,,,,,,,,,,,,,,,,,,,,,,
131,case_18,2024-04-10 19:48:03.120339,complete,CRP,positive,F,OC,90.0,,3322.0,,,,,,,,,,,,,,,,,,,,,,,
132,case_18,2024-04-10 21:17:22.120339,complete,ER Registration,positive,G,HD,89.0,,,false,false,true,false,true,false,false,false,false,true,true,false,false,false,false,false,true,true,false,true,false,false,
133,case_19,2024-04-10 15:56:06.120339,complete,Admission NC,positive,J,,,,,,,,,,,,,,,,,,,,,,,,,,,
134,case_19,2024-04-10 17:27:43.120339,complete,Release B,positive,Y,,,,,,,,,,,,,,,,,,,,,,,,,,,
135,case_19,2024-04-10 17:35:36.120339,complete,ER Triage,positive,C,EE,89.0,,,,,,,,,,,,,,,,,,,,,,,,,
136,case_19,2024-04-10 19:05:16.120339,complete,Return ER,positive,?,,,,,,,,,,,,,,,,,,,,,,,,,,,
137,case_19,2024-04-10 20:19:28.120339,complete,Release B,positive,E,,,,,,,,,,,,,,,,,,,,,,,,,,,
138,case_19,2024-04-10 20:58:42.120339,complete,Admission NC,positive,E,,,,,,,,,,,,,,,,,,,,,,,,,,,
139,case_19,2024-04-10 21:33:39.120339,complete,Release B,positive,E,,,,,,,,,,,,,,,,,,,,,,,,,,,
140,case_19,2024-04-10 23:24:07.120339,complete,Release B,positive,E,,,,,,,,,,,,,,,,,,,,,,,,,,,
141,case_20,2024-04-10 15:47:46.120339,complete,Admission NC,positive,J,,,,,,,,,,,,,,,,,,,,,,,,,,,
142,case_20,2024-04-10 17:13:20.120339,complete,Release B,positive,Y,,,,,,,,,,,,,,,,,,,,,,,,,,,
143,case_20,2024-04-10 17:52:44.120339,complete,ER Triage,positive,C,VB,89.0,,,,,,,,,,,,,,,,,,,,,,,,,
144,case_20,2024-04-10 18:42:17.120339,complete,Release B,positive,E,,,,,,,,,,,,,,,,,,,,,,,,,,,
145,case_20,2024-04-10 20:14:19.120339,complete,Release B,positive,E,,,,,,,,,,,,,,,,,,,,,,,,,,,
146,case_20,2024-04-10 21:06:54.120339,complete,Admission NC,positive,E,,,,,,,,,,,,,,,,,,,,,,,,,,,
147,case_20,2024-04-10 21:51:32.120339,complete,Release B,positive,E,,,,,,,,,,,,,,,,,,,,,,,,,,,
148,case_20,2024-04-10 22:39:22.120339,complete,Release B,positive,E,,,,,,,,,,,,,,,,,,,,,,,,,,,
149,case_21,2024-04-10 16:07:13.120339,complete,Admission NC,positive,J,,,,,,,,,,,,,,,,,,,,,,,,,,,
150,case_21,2024-04-10 16:41:00.120339,complete,Release B,positive,Y,,,,,,,,,,,,,,,,,,,,,,,,,,,
151,case_21,2024-04-10 18:09:29.120339,complete,ER Sepsis Triage,positive,Y,EE,89.0,,,,,,,,,,,,,,,,,,,,,,,,,
152,case_21,2024-04-10 19:23:25.120339,complete,Return ER,positive,?,,,,,,,,,,,,,,,,,,,,,,,,,,,
153,case_21,2024-04-10 20:10:41.120339,complete,IV Antibiotics,positive,E,,,,,,,,,,,,,,,,,,,,,,,,,,,
154,case_21,2024-04-10 20:51:32.120339,complete,Release A,positive,J,,,,,,,,,,,,,,,,,,,,,,,,,,,
155,case_21,2024-04-10 22:26:42.120339,complete,Admission NC,positive,J,,,,,,,,,,,,,,,,,,,,,,,,,,,
156,case_21,2024-04-10 22:42:25.120339,complete,Admission NC,positive,J,,,,,,,,,,,,,,,,,,,,,,,,,,,
157,case_22,2024-04-10 15:48:41.120339,complete,Admission NC,positive,J,,,,,,,,,,,,,,,,,,,,,,,,,,,
158,case_22,2024-04-10 17:21:57.120339,complete,Admission NC,positive,F,,,,,,,,,,,,,,,,,,,,,,,,,,,
159,case_22,2024-04-10 18:11:54.120339,complete,IV Antibiotics,positive,L,,,,,,,,,,,,,,,,,,,,,,,,,,,
160,case_22,2024-04-10 19:14:07.120339,complete,Release A,positive,N,,,,,,,,,,,,,,,,,,,,,,,,,,,
161,case_22,2024-04-10 19:34:47.120339,complete,Return ER,positive,?,,,,,,,,,,,,,,,,,,,,,,,,,,,
162,case_23,2024-04-10 15:52:13.120339,complete,Admission NC,positive,J,,,,,,,,,,,,,,,,,,,,,,,,,,,
163,case_23,2024-04-10 16:55:12.120339,complete,Admission NC,positive,Y,,,,,,,,,,,,,,,,,,,,,,,,,,,
164,case_23,2024-04-10 18:04:21.120339,complete,Release A,positive,U,,,,,,,,,,,,,,,,,,,,,,,,,,,
165,case_23,2024-04-10 18:38:12.120339,complete,Admission IC,positive,B,,,,,,,,,,,,,,,,,,,,,,,,,,,
166,case_23,2024-04-10 20:03:17.120339,complete,Admission IC,positive,B,,,,,,,,,,,,,,,,,,,,,,,,,,,
167,case_24,2024-04-10 16:31:30.120339,complete,Admission NC,positive,J,,,,,,,,,,,,,,,,,,,,,,,,,,,
168,case_24,2024-04-10 17:04:13.120339,complete,Admission NC,positive,F,,,,,,,,,,,,,,,,,,,,,,,,,,,
169,case_24,2024-04-10 18:21:39.120339,complete,IV Antibiotics,positive,Y,,,,,,,,,,,,,,,,,,,,,,,,,,,
170,case_24,2024-04-10 18:56:19.120339,complete,Admission IC,positive,M,,,,,,,,,,,,,,,,,,,,,,,,,,,
171,case_24,2024-04-10 20:18:07.120339,complete,Admission IC,positive,B,,,,,,,,,,,,,,,,,,,,,,,,,,,
172,case_25,2024-04-10 16:14:18.120339,complete,Admission NC,positive,J,,,,,,,,,,,,,,,,,,,,,,,,,,,
173,case_25,2024-04-10 16:53:44.120339,complete,IV Antibiotics,positive,Y,,,,,,,,,,,,,,,,,,,,,,,,,,,
174,case_25,2024-04-10 17:57:42.120339,complete,IV Antibiotics,positive,L,,,,,,,,,,,,,,,,,,,,,,,,,,,
175,case_25,2024-04-10 18:39:19.120339,complete,IV Antibiotics,positive,L,,,,,,,,,,,,,,,,,,,,,,,,,,,
176,case_25,2024-04-10 19:51:47.120339,complete,IV Antibiotics,positive,L,,,,,,,,,,,,,,,,,,,,,,,,,,,
177,case_25,2024-04-10 21:24:02.120339,complete,IV Antibiotics,positive,L,,,,,,,,,,,,,,,,,,,,,,,,,,,
178,case_25,2024-04-10 21:49:43.120339,complete,Admission NC,positive,J,,,,,,,,,,,,,,,,,,,,,,,,,,,
179,case_25,2024-04-10 22:51:15.120339,complete,IV Antibiotics,positive,L,,,,,,,,,,,,,,,,,,,,,,,,,,,
180,case_25,2024-04-11 00:18:45.120339,complete,ER Sepsis Triage,positive,L,TB,20.0,,,,,,,,,,,,,,,,,,,,,,,,,
181,case_25,2024-04-11 01:19:50.120339,complete,IV Antibiotics,positive,L,,,,,,,,,,,,,,,,,,,,,,,,,,,
182,case_26,2024-04-10 16:23:03.120339,complete,Admission NC,positive,J,,,,,,,,,,,,,,,,,,,,,,,,,,,
183,case_26,2024-04-10 17:17:22.120339,complete,IV Antibiotics,positive,L,,,,,,,,,,,,,,,,,,,,,,,,,,,
184,case_26,2024-04-10 17:39:38.120339,complete,IV Antibiotics,positive,L,,,,,,,,,,,,,,,,,,,,,,,,,,,
185,case_26,2024-04-10 18:49:56.120339,complete,IV Antibiotics,positive,L,,,,,,,,,,,,,,,,,,,,,,,,,,,
186,case_26,2024-04-10 20:08:38.120339,complete,IV Antibiotics,positive,L,,,,,,,,,,,,,,,,,,,,,,,,,,,
187,case_26,2024-04-10 20:52:43.120339,complete,IV Antibiotics,positive,L,,,,,,,,,,,,,,,,,,,,,,,,,,,
188,case_26,2024-04-10 21:48:54.120339,complete,Admission NC,positive,F,,,,,,,,,,,,,,,,,,,,,,,,,,,
189,case_26,2024-04-10 23:14:59.120339,complete,IV Antibiotics,positive,L,,,,,,,,,,,,,,,,,,,,,,,,,,,
190,case_26,2024-04-11 00:02:11.120339,complete,ER Sepsis Triage,positive,L,KC,90.0,,,,,,,,,,,,,,,,,,,,,,,,,
191,case_26,2024-04-11 01:17:30.120339,complete,IV Antibiotics,positive,L,,,,,,,,,,,,,,,,,,,,,,,,,,,
192,case_27,2024-04-10 16:18:38.120339,complete,LacticAcid,positive,Y,,,,,,,,,,,,,,,,,,,,,,,,,,,147.0
193,case_27,2024-04-10 17:08:56.120339,complete,IV Antibiotics,positive,L,,,,,,,,,,,,,,,,,,,,,,,,,,,
194,case_27,2024-04-10 18:22:33.120339,complete,IV Antibiotics,positive,F,,,,,,,,,,,,,,,,,,,,,,,,,,,
195,case_27,2024-04-10 19:04:35.120339,complete,Admission NC,positive,L,,,,,,,,,,,,,,,,,,,,,,,,,,,
196,case_27,2024-04-10 20:32:05.120339,complete,Admission NC,positive,F,,,,,,,,,,,,,,,,,,,,,,,,,,,
197,case_27,2024-04-10 20:55:43.120339,complete,IV Antibiotics,positive,L,,,,,,,,,,,,,,,,,,,,,,,,,,,
198,case_27,2024-04-10 22:10:49.120339,complete,IV Antibiotics,positive,L,,,,,,,,,,,,,,,,,,,,,,,,,,,
199,case_27,2024-04-10 22:45:24.120339,complete,IV Antibiotics,positive,L,,,,,,,,,,,,,,,,,,,,,,,,,,,
200,case_27,2024-04-11 00:27:08.120339,complete,ER Sepsis Triage,positive,L,D,90.0,,,,,,,,,,,,,,,,,,,,,,,,,
201,case_27,2024-04-11 00:44:39.120339,complete,IV Antibiotics,positive,L,,,,,,,,,,,,,,,,,,,,,,,,,,,
202,case_28,2024-04-10 16:19:28.120339,complete,LacticAcid,positive,X,,,,,,,,,,,,,,,,,,,,,,,,,,,149.0
203,case_28,2024-04-10 16:53:09.120339,complete,IV Antibiotics,positive,L,,,,,,,,,,,,,,,,,,,,,,,,,,,
204,case_28,2024-04-10 17:33:24.120339,complete,IV Antibiotics,positive,L,,,,,,,,,,,,,,,,,,,,,,,,,,,
205,case_28,2024-04-10 19:09:34.120339,complete,Admission NC,positive,L,,,,,,,,,,,,,,,,,,,,,,,,,,,
206,case_28,2024-04-10 19:48:48.120339,complete,Admission NC,positive,F,,,,,,,,,,,,,,,,,,,,,,,,,,,
207,case_28,2024-04-10 20:49:56.120339,complete,IV Antibiotics,positive,L,,,,,,,,,,,,,,,,,,,,,,,,,,,
208,case_28,2024-04-10 21:55:16.120339,complete,IV Antibiotics,positive,L,,,,,,,,,,,,,,,,,,,,,,,,,,,
209,case_28,2024-04-10 22:45:02.120339,complete,IV Antibiotics,positive,L,,,,,,,,,,,,,,,,,,,,,,,,,,,
210,case_28,2024-04-10 23:57:40.120339,complete,ER Sepsis Triage,positive,L,D,90.0,,,,,,,,,,,,,,,,,,,,,,,,,
211,case_28,2024-04-11 01:11:18.120339,complete,IV Antibiotics,positive,L,,,,,,,,,,,,,,,,,,,,,,,,,,,
212,case_29,2024-04-10 15:35:26.120339,complete,LacticAcid,positive,Y,,,,,,,,,,,,,,,,,,,,,,,,,,,135.0
213,case_29,2024-04-10 16:54:27.120339,complete,Admission IC,positive,A,,,,,,,,,,,,,,,,,,,,,,,,,,,
214,case_29,2024-04-10 17:36:26.120339,complete,IV Antibiotics,positive,L,,,,,,,,,,,,,,,,,,,,,,,,,,,
215,case_29,2024-04-10 18:33:11.120339,complete,Admission NC,positive,L,,,,,,,,,,,,,,,,,,,,,,,,,,,
216,case_29,2024-04-10 19:37:04.120339,complete,IV Antibiotics,positive,L,,,,,,,,,,,,,,,,,,,,,,,,,,,
217,case_29,2024-04-10 21:27:48.120339,complete,Admission NC,positive,F,,,,,,,,,,,,,,,,,,,,,,,,,,,
218,case_29,2024-04-10 22:08:04.120339,complete,IV Antibiotics,positive,L,,,,,,,,,,,,,,,,,,,,,,,,,,,
219,case_29,2024-04-10 22:34:13.120339,complete,IV Antibiotics,positive,L,,,,,,,,,,,,,,,,,,,,,,,,,,,
220,case_29,2024-04-10 23:34:49.120339,complete,ER Sepsis Triage,positive,L,F,90.0,,,,,,,,,,,,,,,,,,,,,,,,,
221,case_29,2024-04-11 01:07:17.120339,complete,IV Antibiotics,positive,L,,,,,,,,,,,,,,,,,,,,,,,,,,,
