,case:concept:name,time:timestamp,lifecycle:transition,concept:name,case:label,org:group,Diagnose,Age,CRP,Leucocytes,LacticAcid,InfectionSuspected,DiagnosticBlood,DisfuncOrg,SIRSCritTachypnea,Hypotensie,SIRSCritHeartRate,Infusion,DiagnosticArtAstrup,DiagnosticIC,DiagnosticSputum,DiagnosticLiquor,DiagnosticOther,SIRSCriteria2OrMore,DiagnosticXthorax,SIRSCritTemperature,DiagnosticUrinaryCulture,SIRSCritLeucos,Oligurie,DiagnosticLacticAcid,Hypoxie,DiagnosticUrinarySediment,DiagnosticECG
0,case_0,2024-04-10 15:48:16.565931,complete,CRP,positive,K,L,23.0,5074.0,,,,,,,,,,,,,,,,,,,,,,,,
1,case_0,2024-04-10 17:18:48.565931,complete,CRP,positive,K,YA,22.0,3927.0,,,,,,,,,,,,,,,,,,,,,,,,
2,case_0,2024-04-10 18:20:02.565931,complete,Leucocytes,positive,K,YA,20.0,,138.0,,,,,,,,,,,,,,,,,,,,,,,
3,case_0,2024-04-10 19:26:48.565931,complete,CRP,positive,L,YD,24.0,4873.0,,,,,,,,,,,,,,,,,,,,,,,,
4,case_0,2024-04-10 20:23:40.565931,complete,CRP,positive,E,YB,23.0,3058.0,,,,,,,,,,,,,,,,,,,,,,,,
5,case_0,2024-04-10 20:54:22.565931,complete,CRP,positive,A,YA,32.0,2917.0,,,,,,,,,,,,,,,,,,,,,,,,
6,case_0,2024-04-10 22:16:13.565931,complete,Admission NC,positive,F,,,,,,,,,,,,,,,,,,,,,,,,,,,
7,case_0,2024-04-10 23:05:19.565931,complete,Admission NC,positive,J,,,,,,,,,,,,,,,,,,,,,,,,,,,
8,case_1,2024-04-10 16:05:52.565931,complete,CRP,positive,K,L,21.0,2777.0,,,,,,,,,,,,,,,,,,,,,,,,
9,case_1,2024-04-10 17:15:32.565931,complete,CRP,positive,A,YA,22.0,3927.0,,,,,,,,,,,,,,,,,,,,,,,,
10,case_1,2024-04-10 18:08:47.565931,complete,Leucocytes,positive,K,YA,22.0,,138.0,,,,,,,,,,,,,,,,,,,,,,,
11,case_1,2024-04-10 18:37:36.565931,complete,CRP,positive,K,YA,20.0,4483.0,,,,,,,,,,,,,,,,,,,,,,,,
12,case_1,2024-04-10 19:43:02.565931,complete,CRP,positive,E,YD,22.0,3058.0,,,,,,,,,,,,,,,,,,,,,,,,
13,case_1,2024-04-10 21:28:05.565931,complete,CRP,positive,L,QA,21.0,2917.0,,,,,,,,,,,,,,,,,,,,,,,,
14,case_1,2024-04-10 21:55:59.565931,complete,Admission NC,positive,F,,,,,,,,,,,,,,,,,,,,,,,,,,,
15,case_1,2024-04-10 22:37:39.565931,complete,Admission NC,positive,F,,,,,,,,,,,,,,,,,,,,,,,,,,,
16,case_2,2024-04-10 15:40:47.565931,complete,Leucocytes,positive,A,YC,54.0,,2844.0,,,,,,,,,,,,,,,,,,,,,,,
17,case_2,2024-04-10 16:50:06.565931,complete,Leucocytes,positive,I,YA,22.0,,138.0,,,,,,,,,,,,,,,,,,,,,,,
18,case_2,2024-04-10 17:33:26.565931,complete,LacticAcid,positive,K,,,,,6.0,,,,,,,,,,,,,,,,,,,,,,
19,case_2,2024-04-10 19:22:42.565931,complete,Leucocytes,positive,A,YA,21.0,,139.0,,,,,,,,,,,,,,,,,,,,,,,
20,case_2,2024-04-10 19:43:16.565931,complete,CRP,positive,K,YD,27.0,1397.0,,,,,,,,,,,,,,,,,,,,,,,,
21,case_2,2024-04-10 21:10:23.565931,complete,CRP,positive,E,YA,20.0,52.0,,,,,,,,,,,,,,,,,,,,,,,,
22,case_2,2024-04-10 22:25:37.565931,complete,Admission NC,positive,J,,,,,,,,,,,,,,,,,,,,,,,,,,,
23,case_2,2024-04-10 23:28:52.565931,complete,Admission NC,positive,J,,,,,,,,,,,,,,,,,,,,,,,,,,,
24,case_3,2024-04-10 15:58:54.565931,complete,CRP,positive,A,YA,54.0,394.0,,,,,,,,,,,,,,,,,,,,,,,,
25,case_3,2024-04-10 16:47:02.565931,complete,CRP,positive,A,YC,20.0,50.0,,,,,,,,,,,,,,,,,,,,,,,,
26,case_3,2024-04-10 17:38:19.565931,complete,LacticAcid,positive,I,,,,,3.0,,,,,,,,,,,,,,,,,,,,,,
27,case_3,2024-04-10 19:31:00.565931,complete,Leucocytes,positive,L,YC,23.0,,140.0,,,,,,,,,,,,,,,,,,,,,,,
28,case_3,2024-04-10 20:15:11.565931,complete,Admission NC,positive,J,,,,,,,,,,,,,,,,,,,,,,,,,,,
29,case_3,2024-04-10 21:22:00.565931,complete,Admission NC,positive,F,,,,,,,,,,,,,,,,,,,,,,,,,,,
30,case_3,2024-04-10 22:32:24.565931,complete,Leucocytes,positive,I,YA,21.0,,1904.0,,,,,,,,,,,,,,,,,,,,,,,
31,case_3,2024-04-10 22:36:36.565931,complete,Leucocytes,positive,L,YA,23.0,,428.0,,,,,,,,,,,,,,,,,,,,,,,
32,case_4,2024-04-10 15:50:16.565931,complete,CRP,positive,K,YA,22.0,3739.0,,,,,,,,,,,,,,,,,,,,,,,,
33,case_4,2024-04-10 16:46:50.565931,complete,Return ER,positive,?,,,,,,,,,,,,,,,,,,,,,,,,,,,
34,case_4,2024-04-10 18:14:02.565931,complete,LacticAcid,positive,K,,,,,3.0,,,,,,,,,,,,,,,,,,,,,,
35,case_4,2024-04-10 18:34:05.565931,complete,Leucocytes,positive,I,YD,20.0,,139.0,,,,,,,,,,,,,,,,,,,,,,,
36,case_4,2024-04-10 19:55:06.565931,complete,CRP,positive,L,YB,22.0,50.0,,,,,,,,,,,,,,,,,,,,,,,,
37,case_4,2024-04-10 21:08:38.565931,complete,Admission NC,positive,J,,,,,,,,,,,,,,,,,,,,,,,,,,,
38,case_4,2024-04-10 21:33:27.565931,complete,Admission NC,positive,F,,,,,,,,,,,,,,,,,,,,,,,,,,,
39,case_4,2024-04-10 22:55:19.565931,complete,Leucocytes,positive,L,YB,20.0,,428.0,,,,,,,,,,,,,,,,,,,,,,,
40,case_5,2024-04-10 15:36:46.565931,complete,CRP,positive,K,YA,54.0,2777.0,,,,,,,,,,,,,,,,,,,,,,,,
41,case_5,2024-04-10 16:53:54.565931,complete,CRP,positive,A,YA,22.0,50.0,,,,,,,,,,,,,,,,,,,,,,,,
42,case_5,2024-04-10 18:15:01.565931,complete,LacticAcid,positive,K,,,,,4.0,,,,,,,,,,,,,,,,,,,,,,
43,case_5,2024-04-10 19:08:32.565931,complete,Leucocytes,positive,E,YB,23.0,,139.0,,,,,,,,,,,,,,,,,,,,,,,
44,case_5,2024-04-10 19:33:59.565931,complete,CRP,positive,L,YA,24.0,53.0,,,,,,,,,,,,,,,,,,,,,,,,
45,case_5,2024-04-10 21:13:23.565931,complete,Admission NC,positive,L,,,,,,,,,,,,,,,,,,,,,,,,,,,
46,case_5,2024-04-10 22:08:51.565931,complete,Admission NC,positive,F,,,,,,,,,,,,,,,,,,,,,,,,,,,
47,case_5,2024-04-10 22:57:18.565931,complete,CRP,positive,I,YA,21.0,2515.0,,,,,,,,,,,,,,,,,,,,,,,,
48,case_6,2024-04-10 16:21:34.565931,complete,CRP,positive,A,YC,54.0,2777.0,,,,,,,,,,,,,,,,,,,,,,,,
49,case_6,2024-04-10 17:13:05.565931,complete,CRP,positive,K,YC,20.0,50.0,,,,,,,,,,,,,,,,,,,,,,,,
50,case_6,2024-04-10 17:49:50.565931,complete,LacticAcid,positive,E,,,,,3.0,,,,,,,,,,,,,,,,,,,,,,
51,case_6,2024-04-10 18:52:53.565931,complete,Leucocytes,positive,E,YA,22.0,,138.0,,,,,,,,,,,,,,,,,,,,,,,
52,case_6,2024-04-10 20:23:51.565931,complete,Admission NC,positive,A,,,,,,,,,,,,,,,,,,,,,,,,,,,
53,case_6,2024-04-10 20:50:28.565931,complete,Admission NC,positive,F,,,,,,,,,,,,,,,,,,,,,,,,,,,
54,case_6,2024-04-10 21:45:15.565931,complete,Leucocytes,positive,I,YD,20.0,,3376.0,,,,,,,,,,,,,,,,,,,,,,,
55,case_6,2024-04-10 23:17:26.565931,complete,CRP,positive,L,YA,20.0,2515.0,,,,,,,,,,,,,,,,,,,,,,,,
56,case_7,2024-04-10 15:44:15.565931,complete,Admission NC,positive,J,,,,,,,,,,,,,,,,,,,,,,,,,,,
57,case_7,2024-04-10 17:00:39.565931,complete,Return ER,positive,?,,,,,,,,,,,,,,,,,,,,,,,,,,,
58,case_7,2024-04-10 18:27:03.565931,complete,Release A,positive,E,,,,,,,,,,,,,,,,,,,,,,,,,,,
59,case_7,2024-04-10 19:08:43.565931,complete,CRP,positive,I,YC,20.0,4309.0,,,,,,,,,,,,,,,,,,,,,,,,
60,case_7,2024-04-10 20:03:15.565931,complete,Leucocytes,positive,J,YA,20.0,,3160.0,,,,,,,,,,,,,,,,,,,,,,,
61,case_7,2024-04-10 21:07:35.565931,complete,Leucocytes,positive,I,QA,58.0,,138.0,,,,,,,,,,,,,,,,,,,,,,,
62,case_7,2024-04-10 21:51:26.565931,complete,Admission NC,positive,F,,,,,,,,,,,,,,,,,,,,,,,,,,,
63,case_7,2024-04-10 22:40:19.565931,complete,Leucocytes,positive,I,JB,21.0,,2415.0,,,,,,,,,,,,,,,,,,,,,,,
64,case_8,2024-04-10 15:55:50.565931,complete,Admission NC,positive,F,,,,,,,,,,,,,,,,,,,,,,,,,,,
65,case_8,2024-04-10 16:43:31.565931,complete,ER Sepsis Triage,positive,K,YA,21.0,,,,,,,,,,,,,,,,,,,,,,,,,
66,case_8,2024-04-10 18:10:34.565931,complete,Admission NC,positive,J,,,,,,,,,,,,,,,,,,,,,,,,,,,
67,case_8,2024-04-10 18:54:43.565931,complete,LacticAcid,positive,F,,,,,99.0,,,,,,,,,,,,,,,,,,,,,,
68,case_8,2024-04-10 19:55:01.565931,complete,CRP,positive,L,YA,20.0,4035.0,,,,,,,,,,,,,,,,,,,,,,,,
69,case_8,2024-04-10 20:48:27.565931,complete,LacticAcid,positive,L,,,,,2.0,,,,,,,,,,,,,,,,,,,,,,
70,case_8,2024-04-10 22:06:38.565931,complete,Leucocytes,positive,I,YA,20.0,,141.0,,,,,,,,,,,,,,,,,,,,,,,
71,case_9,2024-04-10 16:04:24.565931,complete,Admission NC,positive,J,,,,,,,,,,,,,,,,,,,,,,,,,,,
72,case_9,2024-04-10 17:11:00.565931,complete,Leucocytes,positive,I,QD,20.0,,1443.0,,,,,,,,,,,,,,,,,,,,,,,
73,case_9,2024-04-10 17:51:19.565931,complete,CRP,positive,K,YA,20.0,50.0,,,,,,,,,,,,,,,,,,,,,,,,
74,case_9,2024-04-10 18:43:18.565931,complete,LacticAcid,positive,K,,,,,3.0,,,,,,,,,,,,,,,,,,,,,,
75,case_9,2024-04-10 20:07:40.565931,complete,Leucocytes,positive,L,YB,22.0,,140.0,,,,,,,,,,,,,,,,,,,,,,,
76,case_9,2024-04-10 21:24:47.565931,complete,ER Registration,positive,K,YC,20.0,,,,false,false,false,false,true,true,true,false,true,true,true,true,true,false,false,true,true,true,false,true,false,true
77,case_9,2024-04-10 21:36:20.565931,complete,Admission NC,positive,J,,,,,,,,,,,,,,,,,,,,,,,,,,,
78,case_10,2024-04-10 16:21:19.565931,complete,LacticAcid,positive,K,,,,,2.0,,,,,,,,,,,,,,,,,,,,,,
79,case_10,2024-04-10 17:25:12.565931,complete,Leucocytes,positive,A,QC,20.0,,1443.0,,,,,,,,,,,,,,,,,,,,,,,
80,case_10,2024-04-10 18:09:21.565931,complete,Admission NC,positive,J,,,,,,,,,,,,,,,,,,,,,,,,,,,
81,case_10,2024-04-10 18:41:40.565931,complete,LacticAcid,positive,K,,,,,99.0,,,,,,,,,,,,,,,,,,,,,,
82,case_10,2024-04-10 19:43:35.565931,complete,Admission NC,positive,L,,,,,,,,,,,,,,,,,,,,,,,,,,,
83,case_10,2024-04-10 21:20:27.565931,complete,LacticAcid,positive,L,,,,,3.0,,,,,,,,,,,,,,,,,,,,,,
84,case_10,2024-04-10 22:18:56.565931,complete,Leucocytes,positive,I,YA,20.0,,141.0,,,,,,,,,,,,,,,,,,,,,,,
85,case_11,2024-04-10 15:37:27.565931,complete,CRP,positive,?,YC,44.0,3181.0,,,,,,,,,,,,,,,,,,,,,,,,
86,case_11,2024-04-10 16:48:23.565931,complete,Leucocytes,positive,I,YA,21.0,,1674.0,,,,,,,,,,,,,,,,,,,,,,,
87,case_11,2024-04-10 17:36:58.565931,complete,Leucocytes,positive,L,YB,23.0,,2918.0,,,,,,,,,,,,,,,,,,,,,,,
88,case_11,2024-04-10 19:22:36.565931,complete,Admission NC,positive,F,,,,,,,,,,,,,,,,,,,,,,,,,,,
89,case_11,2024-04-10 20:00:03.565931,complete,Leucocytes,positive,I,YB,20.0,,2464.0,,,,,,,,,,,,,,,,,,,,,,,
90,case_11,2024-04-10 21:31:23.565931,complete,CRP,positive,K,YA,20.0,468.0,,,,,,,,,,,,,,,,,,,,,,,,
91,case_11,2024-04-10 21:56:46.565931,complete,Admission NC,positive,F,,,,,,,,,,,,,,,,,,,,,,,,,,,
92,case_12,2024-04-10 16:29:17.565931,complete,CRP,positive,K,B,24.0,3176.0,,,,,,,,,,,,,,,,,,,,,,,,
93,case_12,2024-04-10 17:07:06.565931,complete,Leucocytes,positive,I,YC,20.0,,181.0,,,,,,,,,,,,,,,,,,,,,,,
94,case_12,2024-04-10 18:04:59.565931,complete,Leucocytes,positive,A,YA,20.0,,138.0,,,,,,,,,,,,,,,,,,,,,,,
95,case_12,2024-04-10 19:27:47.565931,complete,CRP,positive,A,YA,90.0,5435.0,,,,,,,,,,,,,,,,,,,,,,,,
96,case_12,2024-04-10 20:30:40.565931,complete,CRP,positive,K,YA,20.0,4596.0,,,,,,,,,,,,,,,,,,,,,,,,
97,case_12,2024-04-10 20:38:25.565931,complete,Admission NC,positive,J,,,,,,,,,,,,,,,,,,,,,,,,,,,
98,case_12,2024-04-10 21:53:08.565931,complete,Admission NC,positive,J,,,,,,,,,,,,,,,,,,,,,,,,,,,
99,case_13,2024-04-10 15:36:03.565931,complete,Leucocytes,positive,K,YA,20.0,,1234.0,,,,,,,,,,,,,,,,,,,,,,,
100,case_13,2024-04-10 17:12:04.565931,complete,CRP,positive,?,QA,21.0,87.0,,,,,,,,,,,,,,,,,,,,,,,,
101,case_13,2024-04-10 18:05:20.565931,complete,Leucocytes,positive,?,YC,20.0,,138.0,,,,,,,,,,,,,,,,,,,,,,,
102,case_13,2024-04-10 18:52:28.565931,complete,Release B,positive,E,,,,,,,,,,,,,,,,,,,,,,,,,,,
103,case_13,2024-04-10 19:35:57.565931,complete,CRP,positive,L,YB,22.0,1569.0,,,,,,,,,,,,,,,,,,,,,,,,
104,case_13,2024-04-10 20:40:39.565931,complete,CRP,positive,E,YB,22.0,51.0,,,,,,,,,,,,,,,,,,,,,,,,
105,case_13,2024-04-10 21:38:24.565931,complete,Admission NC,positive,F,,,,,,,,,,,,,,,,,,,,,,,,,,,
106,case_13,2024-04-10 22:53:14.565931,complete,Admission NC,positive,J,,,,,,,,,,,,,,,,,,,,,,,,,,,
107,case_13,2024-04-11 00:25:43.565931,complete,CRP,positive,L,YB,20.0,2218.0,,,,,,,,,,,,,,,,,,,,,,,,
108,case_14,2024-04-10 16:05:37.565931,complete,CRP,positive,?,QA,21.0,497.0,,,,,,,,,,,,,,,,,,,,,,,,
109,case_14,2024-04-10 17:18:27.565931,complete,CRP,positive,?,YC,20.0,87.0,,,,,,,,,,,,,,,,,,,,,,,,
110,case_14,2024-04-10 17:55:47.565931,complete,Leucocytes,positive,I,YC,21.0,,138.0,,,,,,,,,,,,,,,,,,,,,,,
111,case_14,2024-04-10 18:46:55.565931,complete,CRP,positive,L,YC,21.0,51.0,,,,,,,,,,,,,,,,,,,,,,,,
112,case_14,2024-04-10 19:50:03.565931,complete,CRP,positive,E,YA,20.0,2009.0,,,,,,,,,,,,,,,,,,,,,,,,
113,case_14,2024-04-10 21:24:21.565931,complete,CRP,positive,L,YC,22.0,51.0,,,,,,,,,,,,,,,,,,,,,,,,
114,case_14,2024-04-10 22:25:05.565931,complete,Admission NC,positive,J,,,,,,,,,,,,,,,,,,,,,,,,,,,
115,case_14,2024-04-10 22:45:46.565931,complete,Leucocytes,positive,L,YB,20.0,,44.0,,,,,,,,,,,,,,,,,,,,,,,
116,case_14,2024-04-11 00:22:12.565931,complete,Admission NC,positive,L,,,,,,,,,,,,,,,,,,,,,,,,,,,
117,case_15,2024-04-10 15:47:22.565931,complete,Leucocytes,positive,K,YA,20.0,,3213.0,,,,,,,,,,,,,,,,,,,,,,,
118,case_15,2024-04-10 17:21:30.565931,complete,Leucocytes,positive,?,QA,21.0,,138.0,,,,,,,,,,,,,,,,,,,,,,,
119,case_15,2024-04-10 18:11:53.565931,complete,Leucocytes,positive,?,YC,20.0,,138.0,,,,,,,,,,,,,,,,,,,,,,,
120,case_15,2024-04-10 19:20:33.565931,complete,Admission NC,positive,F,,,,,,,,,,,,,,,,,,,,,,,,,,,
121,case_15,2024-04-10 19:41:43.565931,complete,CRP,positive,L,YB,20.0,1569.0,,,,,,,,,,,,,,,,,,,,,,,,
122,case_15,2024-04-10 21:20:54.565931,complete,Leucocytes,positive,E,YC,21.0,,446.0,,,,,,,,,,,,,,,,,,,,,,,
123,case_15,2024-04-10 22:12:47.565931,complete,CRP,positive,L,YC,21.0,51.0,,,,,,,,,,,,,,,,,,,,,,,,
124,case_15,2024-04-10 23:18:03.565931,complete,Admission NC,positive,A,,,,,,,,,,,,,,,,,,,,,,,,,,,
125,case_15,2024-04-10 23:48:16.565931,complete,Release B,positive,E,,,,,,,,,,,,,,,,,,,,,,,,,,,
126,case_16,2024-04-10 15:35:01.565931,complete,CRP,positive,K,YD,24.0,497.0,,,,,,,,,,,,,,,,,,,,,,,,
127,case_16,2024-04-10 17:12:26.565931,complete,CRP,positive,I,YD,22.0,87.0,,,,,,,,,,,,,,,,,,,,,,,,
128,case_16,2024-04-10 18:22:08.565931,complete,CRP,positive,K,YB,22.0,50.0,,,,,,,,,,,,,,,,,,,,,,,,
129,case_16,2024-04-10 19:20:05.565931,complete,Admission NC,positive,E,,,,,,,,,,,,,,,,,,,,,,,,,,,
130,case_16,2024-04-10 20:28:27.565931,complete,CRP,positive,L,YB,22.0,2009.0,,,,,,,,,,,,,,,,,,,,,,,,
131,case_16,2024-04-10 20:39:03.565931,complete,CRP,positive,E,YB,20.0,51.0,,,,,,,,,,,,,,,,,,,,,,,,
132,case_16,2024-04-10 22:27:38.565931,complete,Admission NC,positive,J,,,,,,,,,,,,,,,,,,,,,,,,,,,
133,case_16,2024-04-10 23:08:02.565931,complete,Leucocytes,positive,L,YA,20.0,,44.0,,,,,,,,,,,,,,,,,,,,,,,
134,case_16,2024-04-11 00:03:53.565931,complete,Release B,positive,E,,,,,,,,,,,,,,,,,,,,,,,,,,,
135,case_17,2024-04-10 15:34:24.565931,complete,Leucocytes,positive,L,YB,23.0,,1234.0,,,,,,,,,,,,,,,,,,,,,,,
136,case_17,2024-04-10 17:12:58.565931,complete,CRP,positive,A,YA,21.0,50.0,,,,,,,,,,,,,,,,,,,,,,,,
137,case_17,2024-04-10 17:54:31.565931,complete,Leucocytes,positive,J,YC,21.0,,138.0,,,,,,,,,,,,,,,,,,,,,,,
138,case_17,2024-04-10 18:35:50.565931,complete,Release B,positive,E,,,,,,,,,,,,,,,,,,,,,,,,,,,
139,case_17,2024-04-10 20:22:41.565931,complete,CRP,positive,E,YC,21.0,1569.0,,,,,,,,,,,,,,,,,,,,,,,,
140,case_17,2024-04-10 20:47:24.565931,complete,Admission NC,positive,F,,,,,,,,,,,,,,,,,,,,,,,,,,,
141,case_17,2024-04-10 22:26:49.565931,complete,Admission NC,positive,A,,,,,,,,,,,,,,,,,,,,,,,,,,,
142,case_17,2024-04-10 23:26:43.565931,complete,Leucocytes,positive,L,YA,22.0,,44.0,,,,,,,,,,,,,,,,,,,,,,,
143,case_17,2024-04-10 23:46:02.565931,complete,Release B,positive,E,,,,,,,,,,,,,,,,,,,,,,,,,,,
144,case_18,2024-04-10 16:23:28.565931,complete,CRP,positive,K,YD,24.0,4215.0,,,,,,,,,,,,,,,,,,,,,,,,
145,case_18,2024-04-10 17:16:51.565931,complete,Leucocytes,positive,L,YB,23.0,,138.0,,,,,,,,,,,,,,,,,,,,,,,
146,case_18,2024-04-10 18:09:19.565931,complete,Leucocytes,positive,A,YA,86.0,,138.0,,,,,,,,,,,,,,,,,,,,,,,
147,case_18,2024-04-10 19:18:42.565931,complete,Leucocytes,positive,I,YC,86.0,,138.0,,,,,,,,,,,,,,,,,,,,,,,
148,case_18,2024-04-10 20:17:30.565931,complete,CRP,positive,E,YB,22.0,4491.0,,,,,,,,,,,,,,,,,,,,,,,,
149,case_18,2024-04-10 20:36:44.565931,complete,CRP,positive,I,YA,20.0,50.0,,,,,,,,,,,,,,,,,,,,,,,,
150,case_18,2024-04-10 21:35:06.565931,complete,Admission NC,positive,J,,,,,,,,,,,,,,,,,,,,,,,,,,,
151,case_18,2024-04-10 22:35:50.565931,complete,Admission NC,positive,J,,,,,,,,,,,,,,,,,,,,,,,,,,,
152,case_18,2024-04-11 00:31:36.565931,complete,Release B,positive,E,,,,,,,,,,,,,,,,,,,,,,,,,,,
153,case_19,2024-04-10 16:14:00.565931,complete,Leucocytes,positive,K,YA,22.0,,3213.0,,,,,,,,,,,,,,,,,,,,,,,
154,case_19,2024-04-10 17:16:01.565931,complete,Leucocytes,positive,K,YA,20.0,,863.0,,,,,,,,,,,,,,,,,,,,,,,
155,case_19,2024-04-10 17:45:31.565931,complete,Leucocytes,positive,?,QA,21.0,,138.0,,,,,,,,,,,,,,,,,,,,,,,
156,case_19,2024-04-10 18:48:36.565931,complete,Admission NC,positive,F,,,,,,,,,,,,,,,,,,,,,,,,,,,
157,case_19,2024-04-10 20:21:18.565931,complete,CRP,positive,E,YD,22.0,2009.0,,,,,,,,,,,,,,,,,,,,,,,,
158,case_19,2024-04-10 21:24:34.565931,complete,CRP,positive,K,YB,22.0,50.0,,,,,,,,,,,,,,,,,,,,,,,,
159,case_19,2024-04-10 21:38:51.565931,complete,Leucocytes,positive,L,YB,21.0,,139.0,,,,,,,,,,,,,,,,,,,,,,,
160,case_19,2024-04-10 23:32:38.565931,complete,CRP,positive,A,YB,20.0,50.0,,,,,,,,,,,,,,,,,,,,,,,,
161,case_19,2024-04-10 23:48:44.565931,complete,Admission NC,positive,L,,,,,,,,,,,,,,,,,,,,,,,,,,,
162,case_20,2024-04-10 15:33:21.565931,complete,CRP,positive,K,YB,44.0,54.0,,,,,,,,,,,,,,,,,,,,,,,,
163,case_20,2024-04-10 17:20:33.565931,complete,Leucocytes,positive,E,YA,21.0,,138.0,,,,,,,,,,,,,,,,,,,,,,,
164,case_20,2024-04-10 18:22:02.565931,complete,Admission NC,positive,J,,,,,,,,,,,,,,,,,,,,,,,,,,,
165,case_20,2024-04-10 19:28:39.565931,complete,CRP,positive,L,QC,20.0,1873.0,,,,,,,,,,,,,,,,,,,,,,,,
166,case_20,2024-04-10 19:52:21.565931,complete,Admission NC,positive,L,,,,,,,,,,,,,,,,,,,,,,,,,,,
167,case_21,2024-04-10 16:21:55.565931,complete,CRP,positive,K,YA,22.0,1458.0,,,,,,,,,,,,,,,,,,,,,,,,
168,case_21,2024-04-10 16:33:56.565931,complete,Return ER,positive,?,,,,,,,,,,,,,,,,,,,,,,,,,,,
169,case_21,2024-04-10 17:52:49.565931,complete,CRP,positive,L,QE,20.0,2105.0,,,,,,,,,,,,,,,,,,,,,,,,
170,case_21,2024-04-10 18:47:37.565931,complete,Admission NC,positive,J,,,,,,,,,,,,,,,,,,,,,,,,,,,
171,case_21,2024-04-10 20:07:52.565931,complete,Admission NC,positive,L,,,,,,,,,,,,,,,,,,,,,,,,,,,
172,case_22,2024-04-10 15:37:06.565931,complete,Leucocytes,positive,?,IE,21.0,,2819.0,,,,,,,,,,,,,,,,,,,,,,,
173,case_22,2024-04-10 16:42:13.565931,complete,Admission NC,positive,L,,,,,,,,,,,,,,,,,,,,,,,,,,,
174,case_22,2024-04-10 18:25:23.565931,complete,CRP,positive,K,YC,20.0,1862.0,,,,,,,,,,,,,,,,,,,,,,,,
175,case_22,2024-04-10 18:54:45.565931,complete,CRP,positive,K,YC,20.0,50.0,,,,,,,,,,,,,,,,,,,,,,,,
176,case_22,2024-04-10 20:15:38.565931,complete,Admission NC,positive,F,,,,,,,,,,,,,,,,,,,,,,,,,,,
177,case_23,2024-04-10 16:32:12.565931,complete,Leucocytes,positive,K,YA,22.0,,3717.0,,,,,,,,,,,,,,,,,,,,,,,
178,case_23,2024-04-10 16:55:04.565931,complete,Return ER,positive,?,,,,,,,,,,,,,,,,,,,,,,,,,,,
179,case_23,2024-04-10 18:07:53.565931,complete,Admission NC,positive,J,,,,,,,,,,,,,,,,,,,,,,,,,,,
180,case_23,2024-04-10 18:36:13.565931,complete,Admission NC,positive,L,,,,,,,,,,,,,,,,,,,,,,,,,,,
181,case_23,2024-04-10 19:51:46.565931,complete,CRP,positive,L,QE,20.0,4005.0,,,,,,,,,,,,,,,,,,,,,,,,
182,case_24,2024-04-10 16:18:22.565931,complete,Admission NC,positive,B,,,,,,,,,,,,,,,,,,,,,,,,,,,
183,case_24,2024-04-10 16:41:19.565931,complete,CRP,positive,K,YA,20.0,5326.0,,,,,,,,,,,,,,,,,,,,,,,,
184,case_24,2024-04-10 17:54:32.565931,complete,CRP,positive,K,YA,20.0,3254.0,,,,,,,,,,,,,,,,,,,,,,,,
185,case_24,2024-04-10 19:19:13.565931,complete,CRP,positive,L,YB,22.0,50.0,,,,,,,,,,,,,,,,,,,,,,,,
186,case_24,2024-04-10 20:32:00.565931,complete,Admission NC,positive,F,,,,,,,,,,,,,,,,,,,,,,,,,,,
187,case_25,2024-04-10 15:35:04.565931,complete,CRP,positive,K,YA,87.0,2657.0,,,,,,,,,,,,,,,,,,,,,,,,
188,case_25,2024-04-10 17:24:13.565931,complete,LacticAcid,positive,A,,,,,2.0,,,,,,,,,,,,,,,,,,,,,,
189,case_25,2024-04-10 17:59:28.565931,complete,Leucocytes,positive,L,YA,21.0,,139.0,,,,,,,,,,,,,,,,,,,,,,,
190,case_25,2024-04-10 18:50:06.565931,complete,Admission NC,positive,F,,,,,,,,,,,,,,,,,,,,,,,,,,,
191,case_25,2024-04-10 20:29:47.565931,complete,Admission NC,positive,L,,,,,,,,,,,,,,,,,,,,,,,,,,,
192,case_25,2024-04-10 21:15:24.565931,complete,CRP,positive,L,QD,20.0,1691.0,,,,,,,,,,,,,,,,,,,,,,,,
193,case_26,2024-04-10 15:46:00.565931,complete,CRP,positive,J,RC,20.0,53.0,,,,,,,,,,,,,,,,,,,,,,,,
194,case_26,2024-04-10 17:20:08.565931,complete,Leucocytes,positive,K,YA,20.0,,674.0,,,,,,,,,,,,,,,,,,,,,,,
195,case_26,2024-04-10 17:35:17.565931,complete,Admission NC,positive,F,,,,,,,,,,,,,,,,,,,,,,,,,,,
196,case_26,2024-04-10 18:40:45.565931,complete,Admission NC,positive,F,,,,,,,,,,,,,,,,,,,,,,,,,,,
197,case_26,2024-04-10 19:42:11.565931,complete,CRP,positive,L,YB,22.0,113.0,,,,,,,,,,,,,,,,,,,,,,,,
198,case_26,2024-04-10 20:49:34.565931,complete,CRP,positive,K,YC,88.0,3829.0,,,,,,,,,,,,,,,,,,,,,,,,
199,case_27,2024-04-10 16:11:21.565931,complete,Admission NC,positive,J,,,,,,,,,,,,,,,,,,,,,,,,,,,
200,case_27,2024-04-10 16:48:58.565931,complete,Admission IC,positive,K,,,,,,,,,,,,,,,,,,,,,,,,,,,
201,case_27,2024-04-10 17:47:43.565931,complete,Admission NC,positive,F,,,,,,,,,,,,,,,,,,,,,,,,,,,
202,case_27,2024-04-10 19:04:01.565931,complete,Leucocytes,positive,K,YB,26.0,,2350.0,,,,,,,,,,,,,,,,,,,,,,,
203,case_27,2024-04-10 19:35:04.565931,complete,LacticAcid,positive,K,,,,,2.0,,,,,,,,,,,,,,,,,,,,,,
204,case_27,2024-04-10 20:36:00.565931,complete,Leucocytes,positive,K,YA,20.0,,140.0,,,,,,,,,,,,,,,,,,,,,,,
205,case_28,2024-04-10 15:34:30.565931,complete,Admission NC,positive,J,,,,,,,,,,,,,,,,,,,,,,,,,,,
206,case_28,2024-04-10 16:52:37.565931,complete,Admission IC,positive,K,,,,,,,,,,,,,,,,,,,,,,,,,,,
207,case_28,2024-04-10 17:39:02.565931,complete,CRP,positive,F,YA,20.0,4921.0,,,,,,,,,,,,,,,,,,,,,,,,
208,case_28,2024-04-10 18:33:42.565931,complete,Admission NC,positive,J,,,,,,,,,,,,,,,,,,,,,,,,,,,
209,case_28,2024-04-10 19:48:07.565931,complete,LacticAcid,positive,K,,,,,2.0,,,,,,,,,,,,,,,,,,,,,,
210,case_28,2024-04-10 21:15:10.565931,complete,Leucocytes,positive,K,YA,24.0,,140.0,,,,,,,,,,,,,,,,,,,,,,,
211,case_29,2024-04-10 16:10:30.565931,complete,CRP,positive,K,YA,20.0,50.0,,,,,,,,,,,,,,,,,,,,,,,,
212,case_29,2024-04-10 17:10:49.565931,complete,CRP,positive,I,YD,23.0,4716.0,,,,,,,,,,,,,,,,,,,,,,,,
213,case_29,2024-04-10 18:31:47.565931,complete,CRP,positive,K,QC,23.0,3480.0,,,,,,,,,,,,,,,,,,,,,,,,
214,case_29,2024-04-10 18:34:56.565931,complete,CRP,positive,J,YB,20.0,984.0,,,,,,,,,,,,,,,,,,,,,,,,
215,case_29,2024-04-10 19:55:46.565931,complete,IV Liquid,positive,K,YB,44.0,,,,,,,,,,,,,,,,,,,,,,,,,
216,case_29,2024-04-10 21:25:35.565931,complete,CRP,positive,I,YC,21.0,50.0,,,,,,,,,,,,,,,,,,,,,,,,
217,case_29,2024-04-10 22:06:02.565931,complete,Admission NC,positive,J,,,,,,,,,,,,,,,,,,,,,,,,,,,
218,case_29,2024-04-10 23:10:44.565931,complete,CRP,positive,I,YC,21.0,4250.0,,,,,,,,,,,,,,,,,,,,,,,,
219,case_29,2024-04-10 23:33:23.565931,complete,Admission NC,positive,A,,,,,,,,,,,,,,,,,,,,,,,,,,,
220,case_29,2024-04-11 01:22:09.565931,complete,CRP,positive,L,YA,20.0,3619.0,,,,,,,,,,,,,,,,,,,,,,,,
