,case:concept:name,time:timestamp,lifecycle:transition,concept:name,case:label,org:group,Diagnose,Age,LacticAcid,CRP,InfectionSuspected,DiagnosticBlood,DisfuncOrg,SIRSCritTachypnea,Hypotensie,SIRSCritHeartRate,Infusion,DiagnosticArtAstrup,DiagnosticIC,DiagnosticSputum,DiagnosticLiquor,DiagnosticOther,SIRSCriteria2OrMore,DiagnosticXthorax,SIRSCritTemperature,DiagnosticUrinaryCulture,SIRSCritLeucos,Oligurie,DiagnosticLacticAcid,Hypoxie,DiagnosticUrinarySediment,DiagnosticECG,Leucocytes
0,case_0,2024-04-10 15:40:32.247867,complete,Admission NC,positive,J,,,,,,,,,,,,,,,,,,,,,,,,,,,
1,case_0,2024-04-10 17:00:11.247867,complete,Release B,positive,S,,,,,,,,,,,,,,,,,,,,,,,,,,,
2,case_0,2024-04-10 18:22:42.247867,complete,Release A,positive,N,,,,,,,,,,,,,,,,,,,,,,,,,,,
3,case_0,2024-04-10 19:19:12.247867,complete,Release B,positive,H,,,,,,,,,,,,,,,,,,,,,,,,,,,
4,case_0,2024-04-10 20:09:10.247867,complete,Admission NC,positive,E,,,,,,,,,,,,,,,,,,,,,,,,,,,
5,case_0,2024-04-10 20:55:30.247867,complete,Release B,positive,E,,,,,,,,,,,,,,,,,,,,,,,,,,,
6,case_0,2024-04-10 21:55:27.247867,complete,Admission NC,positive,K,,,,,,,,,,,,,,,,,,,,,,,,,,,
7,case_0,2024-04-10 23:25:10.247867,complete,Release B,positive,E,,,,,,,,,,,,,,,,,,,,,,,,,,,
8,case_1,2024-04-10 15:53:00.247867,complete,Admission NC,positive,J,,,,,,,,,,,,,,,,,,,,,,,,,,,
9,case_1,2024-04-10 17:02:44.247867,complete,Admission NC,positive,F,,,,,,,,,,,,,,,,,,,,,,,,,,,
10,case_1,2024-04-10 18:05:33.247867,complete,IV Antibiotics,positive,N,,,,,,,,,,,,,,,,,,,,,,,,,,,
11,case_1,2024-04-10 18:49:09.247867,complete,IV Antibiotics,positive,L,,,,,,,,,,,,,,,,,,,,,,,,,,,
12,case_1,2024-04-10 20:23:34.247867,complete,Return ER,positive,?,,,,,,,,,,,,,,,,,,,,,,,,,,,
13,case_2,2024-04-10 15:38:20.247867,complete,Admission NC,positive,J,,,,,,,,,,,,,,,,,,,,,,,,,,,
14,case_2,2024-04-10 17:07:30.247867,complete,Admission NC,positive,F,,,,,,,,,,,,,,,,,,,,,,,,,,,
15,case_2,2024-04-10 17:46:14.247867,complete,IV Antibiotics,positive,L,,,,,,,,,,,,,,,,,,,,,,,,,,,
16,case_2,2024-04-10 18:45:44.247867,complete,Release A,positive,N,,,,,,,,,,,,,,,,,,,,,,,,,,,
17,case_2,2024-04-10 20:21:50.247867,complete,Return ER,positive,?,,,,,,,,,,,,,,,,,,,,,,,,,,,
18,case_3,2024-04-10 15:36:01.247867,complete,Admission NC,positive,J,,,,,,,,,,,,,,,,,,,,,,,,,,,
19,case_3,2024-04-10 17:26:32.247867,complete,Admission NC,positive,F,,,,,,,,,,,,,,,,,,,,,,,,,,,
20,case_3,2024-04-10 18:08:10.247867,complete,IV Antibiotics,positive,L,,,,,,,,,,,,,,,,,,,,,,,,,,,
21,case_3,2024-04-10 18:42:15.247867,complete,Release A,positive,S,,,,,,,,,,,,,,,,,,,,,,,,,,,
22,case_3,2024-04-10 19:35:44.247867,complete,Release A,positive,B,,,,,,,,,,,,,,,,,,,,,,,,,,,
23,case_4,2024-04-10 15:47:41.247867,complete,Admission NC,positive,J,,,,,,,,,,,,,,,,,,,,,,,,,,,
24,case_4,2024-04-10 16:46:59.247867,complete,Admission NC,positive,Y,,,,,,,,,,,,,,,,,,,,,,,,,,,
25,case_4,2024-04-10 17:52:24.247867,complete,ER Triage,positive,C,TB,90.0,,,,,,,,,,,,,,,,,,,,,,,,,
26,case_4,2024-04-10 18:45:01.247867,complete,Return ER,positive,?,,,,,,,,,,,,,,,,,,,,,,,,,,,
27,case_4,2024-04-10 19:33:13.247867,complete,Admission IC,positive,B,,,,,,,,,,,,,,,,,,,,,,,,,,,
28,case_5,2024-04-10 15:59:45.247867,complete,Admission IC,positive,Y,,,,,,,,,,,,,,,,,,,,,,,,,,,
29,case_5,2024-04-10 17:14:01.247867,complete,Admission NC,positive,Y,,,,,,,,,,,,,,,,,,,,,,,,,,,
30,case_5,2024-04-10 17:36:12.247867,complete,ER Triage,positive,C,CE,90.0,,,,,,,,,,,,,,,,,,,,,,,,,
31,case_5,2024-04-10 19:07:04.247867,complete,Admission IC,positive,B,,,,,,,,,,,,,,,,,,,,,,,,,,,
32,case_5,2024-04-10 20:15:59.247867,complete,Admission NC,positive,F,,,,,,,,,,,,,,,,,,,,,,,,,,,
33,case_6,2024-04-10 16:27:29.247867,complete,IV Antibiotics,positive,L,,,,,,,,,,,,,,,,,,,,,,,,,,,
34,case_6,2024-04-10 16:40:44.247867,complete,ER Sepsis Triage,positive,L,FC,81.0,,,,,,,,,,,,,,,,,,,,,,,,,
35,case_6,2024-04-10 18:09:10.247867,complete,IV Antibiotics,positive,L,,,,,,,,,,,,,,,,,,,,,,,,,,,
36,case_6,2024-04-10 19:22:38.247867,complete,Admission NC,positive,F,,,,,,,,,,,,,,,,,,,,,,,,,,,
37,case_6,2024-04-10 20:20:09.247867,complete,Admission NC,positive,E,,,,,,,,,,,,,,,,,,,,,,,,,,,
38,case_6,2024-04-10 20:45:28.247867,complete,Admission NC,positive,F,,,,,,,,,,,,,,,,,,,,,,,,,,,
39,case_6,2024-04-10 21:34:52.247867,complete,IV Antibiotics,positive,L,,,,,,,,,,,,,,,,,,,,,,,,,,,
40,case_7,2024-04-10 16:32:19.247867,complete,IV Antibiotics,positive,L,,,,,,,,,,,,,,,,,,,,,,,,,,,
41,case_7,2024-04-10 16:39:57.247867,complete,ER Sepsis Triage,positive,L,FC,85.0,,,,,,,,,,,,,,,,,,,,,,,,,
42,case_7,2024-04-10 17:45:00.247867,complete,IV Antibiotics,positive,L,,,,,,,,,,,,,,,,,,,,,,,,,,,
43,case_7,2024-04-10 19:15:12.247867,complete,Admission NC,positive,F,,,,,,,,,,,,,,,,,,,,,,,,,,,
44,case_7,2024-04-10 20:21:02.247867,complete,Admission NC,positive,E,,,,,,,,,,,,,,,,,,,,,,,,,,,
45,case_7,2024-04-10 21:06:16.247867,complete,Admission NC,positive,F,,,,,,,,,,,,,,,,,,,,,,,,,,,
46,case_7,2024-04-10 21:53:49.247867,complete,IV Antibiotics,positive,L,,,,,,,,,,,,,,,,,,,,,,,,,,,
47,case_8,2024-04-10 15:48:16.247867,complete,Admission NC,positive,F,,,,,,,,,,,,,,,,,,,,,,,,,,,
48,case_8,2024-04-10 16:52:34.247867,complete,ER Sepsis Triage,positive,W,WA,90.0,,,,,,,,,,,,,,,,,,,,,,,,,
49,case_8,2024-04-10 17:48:07.247867,complete,ER Sepsis Triage,positive,T,FE,52.0,,,,,,,,,,,,,,,,,,,,,,,,,
50,case_8,2024-04-10 19:17:50.247867,complete,Return ER,positive,?,,,,,,,,,,,,,,,,,,,,,,,,,,,
51,case_8,2024-04-10 19:42:17.247867,complete,Admission NC,positive,E,,,,,,,,,,,,,,,,,,,,,,,,,,,
52,case_8,2024-04-10 20:50:57.247867,complete,Admission NC,positive,D,,,,,,,,,,,,,,,,,,,,,,,,,,,
53,case_8,2024-04-10 22:02:47.247867,complete,LacticAcid,positive,B,,,149.0,,,,,,,,,,,,,,,,,,,,,,,,
54,case_9,2024-04-10 15:39:39.247867,complete,Admission IC,positive,V,,,,,,,,,,,,,,,,,,,,,,,,,,,
55,case_9,2024-04-10 17:20:03.247867,complete,ER Sepsis Triage,positive,V,QD,90.0,,,,,,,,,,,,,,,,,,,,,,,,,
56,case_9,2024-04-10 18:22:26.247867,complete,LacticAcid,positive,Q,,,149.0,,,,,,,,,,,,,,,,,,,,,,,,
57,case_9,2024-04-10 18:34:00.248867,complete,Return ER,positive,?,,,,,,,,,,,,,,,,,,,,,,,,,,,
58,case_9,2024-04-10 20:19:10.248867,complete,Admission NC,positive,E,,,,,,,,,,,,,,,,,,,,,,,,,,,
59,case_9,2024-04-10 20:48:54.248867,complete,LacticAcid,positive,D,,,140.0,,,,,,,,,,,,,,,,,,,,,,,,
60,case_9,2024-04-10 21:59:25.248867,complete,Admission NC,positive,J,,,,,,,,,,,,,,,,,,,,,,,,,,,
61,case_10,2024-04-10 15:34:41.248867,complete,ER Triage,positive,C,HE,81.0,,,,,,,,,,,,,,,,,,,,,,,,,
62,case_10,2024-04-10 16:56:08.248867,complete,ER Sepsis Triage,positive,W,WA,90.0,,,,,,,,,,,,,,,,,,,,,,,,,
63,case_10,2024-04-10 17:56:19.248867,complete,ER Sepsis Triage,positive,T,FD,90.0,,,,,,,,,,,,,,,,,,,,,,,,,
64,case_10,2024-04-10 18:48:12.248867,complete,Admission NC,positive,J,,,,,,,,,,,,,,,,,,,,,,,,,,,
65,case_10,2024-04-10 20:30:42.248867,complete,Return ER,positive,E,,,,,,,,,,,,,,,,,,,,,,,,,,,
66,case_10,2024-04-10 21:13:16.248867,complete,Return ER,positive,?,,,,,,,,,,,,,,,,,,,,,,,,,,,
67,case_10,2024-04-10 21:44:56.248867,complete,Admission NC,positive,J,,,,,,,,,,,,,,,,,,,,,,,,,,,
68,case_11,2024-04-10 16:22:47.248867,complete,Admission NC,positive,J,,,,,,,,,,,,,,,,,,,,,,,,,,,
69,case_11,2024-04-10 17:00:23.248867,complete,ER Sepsis Triage,positive,Y,HE,20.0,,,,,,,,,,,,,,,,,,,,,,,,,
70,case_11,2024-04-10 18:23:58.248867,complete,ER Triage,positive,C,HE,90.0,,,,,,,,,,,,,,,,,,,,,,,,,
71,case_11,2024-04-10 19:19:04.248867,complete,Admission NC,positive,F,,,,,,,,,,,,,,,,,,,,,,,,,,,
72,case_11,2024-04-10 20:16:17.248867,complete,Release B,positive,E,,,,,,,,,,,,,,,,,,,,,,,,,,,
73,case_11,2024-04-10 20:59:10.248867,complete,IV Liquid,positive,B,K,89.0,,,,,,,,,,,,,,,,,,,,,,,,,
74,case_11,2024-04-10 22:21:59.248867,complete,Release B,positive,E,,,,,,,,,,,,,,,,,,,,,,,,,,,
75,case_12,2024-04-10 16:29:49.248867,complete,Release B,positive,E,,,,,,,,,,,,,,,,,,,,,,,,,,,
76,case_12,2024-04-10 17:31:34.248867,complete,ER Sepsis Triage,positive,W,WA,90.0,,,,,,,,,,,,,,,,,,,,,,,,,
77,case_12,2024-04-10 17:54:05.248867,complete,LacticAcid,positive,T,,,148.0,,,,,,,,,,,,,,,,,,,,,,,,
78,case_12,2024-04-10 19:06:12.248867,complete,Return ER,positive,?,,,,,,,,,,,,,,,,,,,,,,,,,,,
79,case_12,2024-04-10 19:41:17.248867,complete,Admission NC,positive,E,,,,,,,,,,,,,,,,,,,,,,,,,,,
80,case_12,2024-04-10 20:46:25.248867,complete,Admission NC,positive,F,,,,,,,,,,,,,,,,,,,,,,,,,,,
81,case_12,2024-04-10 21:50:32.248867,complete,ER Sepsis Triage,positive,D,W,90.0,,,,,,,,,,,,,,,,,,,,,,,,,
82,case_13,2024-04-10 15:58:20.248867,complete,Admission IC,positive,Y,,,,,,,,,,,,,,,,,,,,,,,,,,,
83,case_13,2024-04-10 17:05:44.248867,complete,ER Sepsis Triage,positive,Y,HE,90.0,,,,,,,,,,,,,,,,,,,,,,,,,
84,case_13,2024-04-10 17:52:12.248867,complete,ER Triage,positive,C,HC,90.0,,,,,,,,,,,,,,,,,,,,,,,,,
85,case_13,2024-04-10 18:44:05.248867,complete,ER Sepsis Triage,positive,Q,DC,90.0,,,,,,,,,,,,,,,,,,,,,,,,,
86,case_13,2024-04-10 20:29:07.248867,complete,ER Sepsis Triage,positive,E,KD,24.0,,,,,,,,,,,,,,,,,,,,,,,,,
87,case_13,2024-04-10 20:35:47.248867,complete,Admission NC,positive,J,,,,,,,,,,,,,,,,,,,,,,,,,,,
88,case_13,2024-04-10 21:43:19.248867,complete,Admission NC,positive,J,,,,,,,,,,,,,,,,,,,,,,,,,,,
89,case_14,2024-04-10 15:41:31.248867,complete,IV Antibiotics,positive,L,,,,,,,,,,,,,,,,,,,,,,,,,,,
90,case_14,2024-04-10 17:31:23.248867,complete,ER Sepsis Triage,positive,L,HE,90.0,,,,,,,,,,,,,,,,,,,,,,,,,
91,case_14,2024-04-10 17:55:11.248867,complete,IV Antibiotics,positive,L,,,,,,,,,,,,,,,,,,,,,,,,,,,
92,case_14,2024-04-10 18:38:38.248867,complete,Admission NC,positive,?,,,,,,,,,,,,,,,,,,,,,,,,,,,
93,case_14,2024-04-10 20:21:09.248867,complete,Admission NC,positive,F,,,,,,,,,,,,,,,,,,,,,,,,,,,
94,case_14,2024-04-10 21:11:41.248867,complete,CRP,positive,D,D,89.0,,5592.0,,,,,,,,,,,,,,,,,,,,,,,
95,case_15,2024-04-10 16:05:31.248867,complete,Admission NC,positive,J,,,,,,,,,,,,,,,,,,,,,,,,,,,
96,case_15,2024-04-10 17:00:37.248867,complete,CRP,positive,J,HE,90.0,,5730.0,,,,,,,,,,,,,,,,,,,,,,,
97,case_15,2024-04-10 17:51:10.248867,complete,Admission NC,positive,C,,,,,,,,,,,,,,,,,,,,,,,,,,,
98,case_15,2024-04-10 18:44:29.248867,complete,IV Liquid,positive,?,HE,46.0,,,,,,,,,,,,,,,,,,,,,,,,,
99,case_15,2024-04-10 19:58:15.248867,complete,Return ER,positive,I,,,,,,,,,,,,,,,,,,,,,,,,,,,
100,case_15,2024-04-10 21:12:18.248867,complete,CRP,positive,Y,HC,89.0,,3527.0,,,,,,,,,,,,,,,,,,,,,,,
101,case_16,2024-04-10 16:32:26.248867,complete,Admission NC,positive,J,,,,,,,,,,,,,,,,,,,,,,,,,,,
102,case_16,2024-04-10 17:17:46.248867,complete,CRP,positive,J,HE,90.0,,3255.0,,,,,,,,,,,,,,,,,,,,,,,
103,case_16,2024-04-10 17:45:13.248867,complete,IV Antibiotics,positive,L,,,,,,,,,,,,,,,,,,,,,,,,,,,
104,case_16,2024-04-10 18:33:38.248867,complete,ER Sepsis Triage,positive,L,HE,90.0,,,,,,,,,,,,,,,,,,,,,,,,,
105,case_16,2024-04-10 19:43:14.248867,complete,IV Antibiotics,positive,L,,,,,,,,,,,,,,,,,,,,,,,,,,,
106,case_16,2024-04-10 21:04:35.248867,complete,Admission NC,positive,F,,,,,,,,,,,,,,,,,,,,,,,,,,,
107,case_17,2024-04-10 16:01:37.248867,complete,IV Antibiotics,positive,L,,,,,,,,,,,,,,,,,,,,,,,,,,,
108,case_17,2024-04-10 17:02:14.248867,complete,ER Sepsis Triage,positive,L,HD,86.0,,,,,,,,,,,,,,,,,,,,,,,,,
109,case_17,2024-04-10 18:23:17.248867,complete,IV Antibiotics,positive,L,,,,,,,,,,,,,,,,,,,,,,,,,,,
110,case_17,2024-04-10 19:11:00.248867,complete,Admission NC,positive,J,,,,,,,,,,,,,,,,,,,,,,,,,,,
111,case_17,2024-04-10 19:38:57.248867,complete,CRP,positive,I,P,90.0,,5641.0,,,,,,,,,,,,,,,,,,,,,,,
112,case_17,2024-04-10 21:18:55.248867,complete,Admission NC,positive,J,,,,,,,,,,,,,,,,,,,,,,,,,,,
113,case_18,2024-04-10 15:32:45.248867,complete,IV Antibiotics,positive,L,,,,,,,,,,,,,,,,,,,,,,,,,,,
114,case_18,2024-04-10 16:50:41.248867,complete,ER Sepsis Triage,positive,L,MD,90.0,,,,,,,,,,,,,,,,,,,,,,,,,
115,case_18,2024-04-10 17:58:01.248867,complete,IV Antibiotics,positive,L,,,,,,,,,,,,,,,,,,,,,,,,,,,
116,case_18,2024-04-10 19:30:41.248867,complete,IV Antibiotics,positive,L,,,,,,,,,,,,,,,,,,,,,,,,,,,
117,case_18,2024-04-10 20:00:09.248867,complete,IV Antibiotics,positive,L,,,,,,,,,,,,,,,,,,,,,,,,,,,
118,case_18,2024-04-10 21:12:40.248867,complete,IV Antibiotics,positive,L,,,,,,,,,,,,,,,,,,,,,,,,,,,
119,case_18,2024-04-10 21:37:36.248867,complete,IV Antibiotics,positive,L,,,,,,,,,,,,,,,,,,,,,,,,,,,
120,case_18,2024-04-10 22:45:21.248867,complete,IV Antibiotics,positive,L,,,,,,,,,,,,,,,,,,,,,,,,,,,
121,case_18,2024-04-11 00:02:08.248867,complete,Admission NC,positive,J,,,,,,,,,,,,,,,,,,,,,,,,,,,
122,case_18,2024-04-11 00:34:45.248867,complete,Admission NC,positive,J,,,,,,,,,,,,,,,,,,,,,,,,,,,
123,case_19,2024-04-10 15:41:31.248867,complete,IV Antibiotics,positive,L,,,,,,,,,,,,,,,,,,,,,,,,,,,
124,case_19,2024-04-10 17:12:07.248867,complete,ER Sepsis Triage,positive,L,FD,81.0,,,,,,,,,,,,,,,,,,,,,,,,,
125,case_19,2024-04-10 17:56:11.248867,complete,IV Antibiotics,positive,L,,,,,,,,,,,,,,,,,,,,,,,,,,,
126,case_19,2024-04-10 18:54:08.248867,complete,IV Antibiotics,positive,L,,,,,,,,,,,,,,,,,,,,,,,,,,,
127,case_19,2024-04-10 19:49:57.248867,complete,Release B,positive,E,,,,,,,,,,,,,,,,,,,,,,,,,,,
128,case_19,2024-04-10 20:40:39.248867,complete,Admission NC,positive,J,,,,,,,,,,,,,,,,,,,,,,,,,,,
129,case_19,2024-04-10 22:22:36.248867,complete,Release B,positive,?,,,,,,,,,,,,,,,,,,,,,,,,,,,
130,case_19,2024-04-10 23:08:46.248867,complete,Release B,positive,E,,,,,,,,,,,,,,,,,,,,,,,,,,,
131,case_19,2024-04-11 00:02:16.248867,complete,Admission NC,positive,J,,,,,,,,,,,,,,,,,,,,,,,,,,,
132,case_19,2024-04-11 01:01:34.248867,complete,ER Registration,positive,G,KB,89.0,,,false,false,true,false,true,false,false,true,false,false,true,true,false,false,false,false,true,false,false,true,false,false,
133,case_20,2024-04-10 16:17:26.248867,complete,IV Antibiotics,positive,L,,,,,,,,,,,,,,,,,,,,,,,,,,,
134,case_20,2024-04-10 17:06:27.248867,complete,ER Sepsis Triage,positive,L,GA,81.0,,,,,,,,,,,,,,,,,,,,,,,,,
135,case_20,2024-04-10 17:51:52.248867,complete,IV Antibiotics,positive,L,,,,,,,,,,,,,,,,,,,,,,,,,,,
136,case_20,2024-04-10 18:35:02.248867,complete,IV Antibiotics,positive,L,,,,,,,,,,,,,,,,,,,,,,,,,,,
137,case_20,2024-04-10 20:09:49.248867,complete,IV Antibiotics,positive,L,,,,,,,,,,,,,,,,,,,,,,,,,,,
138,case_20,2024-04-10 21:29:59.248867,complete,IV Antibiotics,positive,L,,,,,,,,,,,,,,,,,,,,,,,,,,,
139,case_20,2024-04-10 22:27:33.248867,complete,ER Triage,positive,C,SA,90.0,,,,,,,,,,,,,,,,,,,,,,,,,
140,case_20,2024-04-10 22:59:39.248867,complete,Admission NC,positive,L,,,,,,,,,,,,,,,,,,,,,,,,,,,
141,case_20,2024-04-11 00:07:27.248867,complete,Admission NC,positive,J,,,,,,,,,,,,,,,,,,,,,,,,,,,
142,case_20,2024-04-11 01:03:34.248867,complete,IV Antibiotics,positive,L,,,,,,,,,,,,,,,,,,,,,,,,,,,
143,case_21,2024-04-10 15:44:45.248867,complete,Release B,positive,Y,,,,,,,,,,,,,,,,,,,,,,,,,,,
144,case_21,2024-04-10 17:08:21.248867,complete,Admission NC,positive,E,,,,,,,,,,,,,,,,,,,,,,,,,,,
145,case_21,2024-04-10 18:13:16.248867,complete,Release B,positive,Y,,,,,,,,,,,,,,,,,,,,,,,,,,,
146,case_21,2024-04-10 18:52:12.248867,complete,ER Triage,positive,Y,DD,90.0,,,,,,,,,,,,,,,,,,,,,,,,,
147,case_21,2024-04-10 20:16:41.248867,complete,ER Triage,positive,Y,V,90.0,,,,,,,,,,,,,,,,,,,,,,,,,
148,case_21,2024-04-10 20:36:16.248867,complete,IV Antibiotics,positive,L,,,,,,,,,,,,,,,,,,,,,,,,,,,
149,case_21,2024-04-10 22:18:21.248867,complete,IV Antibiotics,positive,?,,,,,,,,,,,,,,,,,,,,,,,,,,,
150,case_21,2024-04-10 23:20:33.248867,complete,IV Antibiotics,positive,L,,,,,,,,,,,,,,,,,,,,,,,,,,,
151,case_21,2024-04-10 23:59:11.248867,complete,Admission NC,positive,J,,,,,,,,,,,,,,,,,,,,,,,,,,,
152,case_21,2024-04-11 00:54:30.248867,complete,Release A,positive,B,,,,,,,,,,,,,,,,,,,,,,,,,,,
153,case_22,2024-04-10 15:49:46.248867,complete,IV Antibiotics,positive,L,,,,,,,,,,,,,,,,,,,,,,,,,,,
154,case_22,2024-04-10 17:10:32.248867,complete,ER Sepsis Triage,positive,L,HE,90.0,,,,,,,,,,,,,,,,,,,,,,,,,
155,case_22,2024-04-10 18:12:47.248867,complete,IV Antibiotics,positive,L,,,,,,,,,,,,,,,,,,,,,,,,,,,
156,case_22,2024-04-10 18:42:37.248867,complete,IV Antibiotics,positive,L,,,,,,,,,,,,,,,,,,,,,,,,,,,
157,case_22,2024-04-10 20:28:28.248867,complete,IV Antibiotics,positive,L,,,,,,,,,,,,,,,,,,,,,,,,,,,
158,case_22,2024-04-10 21:25:03.248867,complete,Admission NC,positive,J,,,,,,,,,,,,,,,,,,,,,,,,,,,
159,case_22,2024-04-10 22:11:16.248867,complete,ER Triage,positive,C,SD,90.0,,,,,,,,,,,,,,,,,,,,,,,,,
160,case_22,2024-04-10 23:16:47.248867,complete,Admission NC,positive,F,,,,,,,,,,,,,,,,,,,,,,,,,,,
161,case_22,2024-04-10 23:35:54.248867,complete,IV Antibiotics,positive,L,,,,,,,,,,,,,,,,,,,,,,,,,,,
162,case_22,2024-04-11 00:36:39.248867,complete,Leucocytes,positive,B,V,89.0,,,,,,,,,,,,,,,,,,,,,,,,,43.0
163,case_23,2024-04-10 15:59:25.248867,complete,IV Antibiotics,positive,L,,,,,,,,,,,,,,,,,,,,,,,,,,,
164,case_23,2024-04-10 16:45:13.248867,complete,ER Sepsis Triage,positive,L,HE,90.0,,,,,,,,,,,,,,,,,,,,,,,,,
165,case_23,2024-04-10 17:37:53.248867,complete,IV Antibiotics,positive,L,,,,,,,,,,,,,,,,,,,,,,,,,,,
166,case_23,2024-04-10 19:24:44.248867,complete,ER Triage,positive,C,DD,90.0,,,,,,,,,,,,,,,,,,,,,,,,,
167,case_23,2024-04-10 19:35:18.248867,complete,ER Triage,positive,Y,T,90.0,,,,,,,,,,,,,,,,,,,,,,,,,
168,case_23,2024-04-10 20:43:27.248867,complete,Admission NC,positive,L,,,,,,,,,,,,,,,,,,,,,,,,,,,
169,case_23,2024-04-10 21:38:45.248867,complete,IV Antibiotics,positive,L,,,,,,,,,,,,,,,,,,,,,,,,,,,
170,case_23,2024-04-10 23:05:24.248867,complete,IV Antibiotics,positive,L,,,,,,,,,,,,,,,,,,,,,,,,,,,
171,case_23,2024-04-11 00:07:52.248867,complete,Admission NC,positive,J,,,,,,,,,,,,,,,,,,,,,,,,,,,
172,case_23,2024-04-11 01:28:48.248867,complete,Return ER,positive,?,,,,,,,,,,,,,,,,,,,,,,,,,,,
173,case_24,2024-04-10 16:17:23.248867,complete,LacticAcid,positive,W,,,148.0,,,,,,,,,,,,,,,,,,,,,,,,
174,case_24,2024-04-10 16:49:13.248867,complete,ER Triage,positive,C,GD,90.0,,,,,,,,,,,,,,,,,,,,,,,,,
175,case_24,2024-04-10 18:31:56.248867,complete,Release B,positive,E,,,,,,,,,,,,,,,,,,,,,,,,,,,
176,case_24,2024-04-10 19:10:09.248867,complete,Admission NC,positive,E,,,,,,,,,,,,,,,,,,,,,,,,,,,
177,case_24,2024-04-10 19:54:17.248867,complete,Return ER,positive,?,,,,,,,,,,,,,,,,,,,,,,,,,,,
178,case_24,2024-04-10 21:13:58.248867,complete,Admission NC,positive,F,,,,,,,,,,,,,,,,,,,,,,,,,,,
179,case_24,2024-04-10 22:29:58.248867,complete,Release B,positive,E,,,,,,,,,,,,,,,,,,,,,,,,,,,
180,case_24,2024-04-10 23:06:08.248867,complete,Release B,positive,E,,,,,,,,,,,,,,,,,,,,,,,,,,,
181,case_24,2024-04-10 23:35:54.248867,complete,Admission IC,positive,B,,,,,,,,,,,,,,,,,,,,,,,,,,,
182,case_25,2024-04-10 15:39:20.248867,complete,ER Triage,positive,C,HE,90.0,,,,,,,,,,,,,,,,,,,,,,,,,
183,case_25,2024-04-10 16:48:34.248867,complete,ER Triage,positive,C,GB,90.0,,,,,,,,,,,,,,,,,,,,,,,,,
184,case_25,2024-04-10 18:29:27.248867,complete,Admission NC,positive,F,,,,,,,,,,,,,,,,,,,,,,,,,,,
185,case_25,2024-04-10 18:41:32.248867,complete,Admission NC,positive,E,,,,,,,,,,,,,,,,,,,,,,,,,,,
186,case_25,2024-04-10 19:36:51.248867,complete,Admission NC,positive,F,,,,,,,,,,,,,,,,,,,,,,,,,,,
187,case_25,2024-04-10 21:10:05.248867,complete,Return ER,positive,C,,,,,,,,,,,,,,,,,,,,,,,,,,,
188,case_25,2024-04-10 22:22:53.248867,complete,ER Triage,positive,C,J,90.0,,,,,,,,,,,,,,,,,,,,,,,,,
189,case_25,2024-04-10 23:09:43.248867,complete,Release B,positive,E,,,,,,,,,,,,,,,,,,,,,,,,,,,
190,case_25,2024-04-11 00:26:06.248867,complete,Release B,positive,E,,,,,,,,,,,,,,,,,,,,,,,,,,,
191,case_26,2024-04-10 16:27:32.248867,complete,Admission NC,positive,F,,,,,,,,,,,,,,,,,,,,,,,,,,,
192,case_26,2024-04-10 17:28:24.248867,complete,ER Triage,positive,Y,PD,78.0,,,,,,,,,,,,,,,,,,,,,,,,,
193,case_26,2024-04-10 18:16:55.248867,complete,IV Antibiotics,positive,L,,,,,,,,,,,,,,,,,,,,,,,,,,,
194,case_26,2024-04-10 18:59:39.248867,complete,Release B,positive,E,,,,,,,,,,,,,,,,,,,,,,,,,,,
195,case_26,2024-04-10 19:45:33.248867,complete,Admission NC,positive,K,,,,,,,,,,,,,,,,,,,,,,,,,,,
196,case_26,2024-04-10 20:53:36.248867,complete,Release B,positive,E,,,,,,,,,,,,,,,,,,,,,,,,,,,
197,case_26,2024-04-10 22:27:17.248867,complete,Release B,positive,E,,,,,,,,,,,,,,,,,,,,,,,,,,,
198,case_26,2024-04-10 23:03:46.248867,complete,Release B,positive,C,,,,,,,,,,,,,,,,,,,,,,,,,,,
199,case_26,2024-04-10 23:48:09.248867,complete,Leucocytes,positive,G,SB,90.0,,,,,,,,,,,,,,,,,,,,,,,,,34.0
200,case_27,2024-04-10 16:12:29.248867,complete,Admission NC,positive,F,,,,,,,,,,,,,,,,,,,,,,,,,,,
201,case_27,2024-04-10 17:27:16.248867,complete,ER Triage,positive,Y,OB,38.0,,,,,,,,,,,,,,,,,,,,,,,,,
202,case_27,2024-04-10 18:23:28.248867,complete,IV Antibiotics,positive,L,,,,,,,,,,,,,,,,,,,,,,,,,,,
203,case_27,2024-04-10 19:29:58.248867,complete,Admission NC,positive,F,,,,,,,,,,,,,,,,,,,,,,,,,,,
204,case_27,2024-04-10 20:31:12.248867,complete,Release B,positive,E,,,,,,,,,,,,,,,,,,,,,,,,,,,
205,case_27,2024-04-10 20:58:04.248867,complete,Admission NC,positive,K,,,,,,,,,,,,,,,,,,,,,,,,,,,
206,case_27,2024-04-10 22:06:29.248867,complete,Release B,positive,E,,,,,,,,,,,,,,,,,,,,,,,,,,,
207,case_27,2024-04-10 23:08:21.248867,complete,Admission NC,positive,K,,,,,,,,,,,,,,,,,,,,,,,,,,,
208,case_27,2024-04-11 00:26:25.248867,complete,Release B,positive,E,,,,,,,,,,,,,,,,,,,,,,,,,,,
209,case_28,2024-04-10 15:43:53.248867,complete,CRP,positive,L,KE,20.0,,1234.0,,,,,,,,,,,,,,,,,,,,,,,
210,case_28,2024-04-10 16:50:20.248867,complete,CRP,positive,K,PC,20.0,,3051.0,,,,,,,,,,,,,,,,,,,,,,,
211,case_28,2024-04-10 17:39:01.248867,complete,Admission NC,positive,F,,,,,,,,,,,,,,,,,,,,,,,,,,,
212,case_28,2024-04-10 19:10:14.248867,complete,ER Registration,positive,F,YB,32.0,,,true,true,false,true,false,true,false,false,true,true,false,false,true,true,false,true,false,false,true,false,false,true,
213,case_28,2024-04-10 19:45:28.248867,complete,CRP,positive,F,GD,20.0,,1093.0,,,,,,,,,,,,,,,,,,,,,,,
214,case_28,2024-04-10 21:08:52.248867,complete,Admission NC,positive,F,,,,,,,,,,,,,,,,,,,,,,,,,,,
215,case_28,2024-04-10 22:11:05.248867,complete,Return ER,positive,F,,,,,,,,,,,,,,,,,,,,,,,,,,,
216,case_28,2024-04-10 22:35:58.248867,complete,Admission NC,positive,?,,,,,,,,,,,,,,,,,,,,,,,,,,,
217,case_28,2024-04-11 00:14:08.248867,complete,CRP,positive,L,HE,90.0,,157.0,,,,,,,,,,,,,,,,,,,,,,,
218,case_29,2024-04-10 16:08:27.248867,complete,Leucocytes,positive,L,CA,20.0,,,,,,,,,,,,,,,,,,,,,,,,,1313.0
219,case_29,2024-04-10 16:32:48.248867,complete,Admission NC,positive,J,,,,,,,,,,,,,,,,,,,,,,,,,,,
220,case_29,2024-04-10 17:51:40.248867,complete,Admission IC,positive,J,,,,,,,,,,,,,,,,,,,,,,,,,,,
221,case_29,2024-04-10 19:26:59.248867,complete,Admission NC,positive,J,,,,,,,,,,,,,,,,,,,,,,,,,,,
222,case_29,2024-04-10 20:02:52.248867,complete,CRP,positive,I,OA,20.0,,1042.0,,,,,,,,,,,,,,,,,,,,,,,
223,case_29,2024-04-10 21:12:34.248867,complete,Admission NC,positive,E,,,,,,,,,,,,,,,,,,,,,,,,,,,
224,case_29,2024-04-10 22:19:55.248867,complete,Return ER,positive,I,,,,,,,,,,,,,,,,,,,,,,,,,,,
225,case_29,2024-04-10 22:39:01.248867,complete,Return ER,positive,?,,,,,,,,,,,,,,,,,,,,,,,,,,,
226,case_29,2024-04-10 23:47:07.248867,complete,Release A,positive,E,,,,,,,,,,,,,,,,,,,,,,,,,,,
