,case:concept:name,time:timestamp,lifecycle:transition,concept:name,case:label,org:group,Diagnose,Age
0,case_0,2024-04-10 16:20:11.283886,complete,Return ER,positive,?,,
1,case_0,2024-04-10 17:30:48.283886,complete,Release A,positive,X,,
2,case_0,2024-04-10 18:10:44.283886,complete,IV Antibiotics,positive,B,,
3,case_0,2024-04-10 19:04:37.283886,complete,IV Antibiotics,positive,B,,
4,case_0,2024-04-10 20:15:33.283886,complete,IV Antibiotics,positive,B,,
5,case_0,2024-04-10 20:55:56.283886,complete,Admission NC,positive,J,,
6,case_0,2024-04-10 21:51:22.283886,complete,Admission IC,positive,J,,
7,case_0,2024-04-10 23:27:40.283886,complete,Admission NC,positive,J,,
8,case_0,2024-04-11 00:23:47.283886,complete,Admission IC,positive,J,,
9,case_0,2024-04-11 00:42:46.283886,complete,Admission NC,positive,J,,
10,case_1,2024-04-10 15:49:32.283886,complete,Admission NC,positive,F,,
11,case_1,2024-04-10 17:00:29.283886,complete,Release A,positive,B,,
12,case_1,2024-04-10 17:51:11.283886,complete,ER Triage,positive,B,TC,89.0
13,case_1,2024-04-10 18:55:15.283886,complete,ER Triage,positive,A,MC,90.0
14,case_1,2024-04-10 20:23:33.283886,complete,ER Triage,positive,A,MD,90.0
15,case_1,2024-04-10 21:13:46.283886,complete,ER Sepsis Triage,positive,A,IC,90.0
16,case_1,2024-04-10 21:58:25.283886,complete,Admission NC,positive,M,,
17,case_1,2024-04-10 23:08:16.283886,complete,Release A,positive,R,,
18,case_1,2024-04-11 00:12:40.283886,complete,ER Triage,positive,W,IE,87.0
19,case_1,2024-04-11 01:17:33.283886,complete,ER Triage,positive,A,ID,90.0
20,case_2,2024-04-10 16:00:08.283886,complete,Admission NC,positive,F,,
21,case_2,2024-04-10 16:43:13.283886,complete,Release A,positive,B,,
22,case_2,2024-04-10 17:53:02.283886,complete,ER Triage,positive,B,TC,89.0
23,case_2,2024-04-10 19:14:19.283886,complete,ER Triage,positive,A,NC,90.0
24,case_2,2024-04-10 19:44:51.283886,complete,ER Triage,positive,A,ME,90.0
25,case_2,2024-04-10 21:33:40.283886,complete,ER Sepsis Triage,positive,A,RA,90.0
26,case_2,2024-04-10 22:05:42.283886,complete,Admission NC,positive,M,,
27,case_2,2024-04-10 22:51:58.283886,complete,Release A,positive,Q,,
28,case_2,2024-04-10 23:45:09.283886,complete,ER Triage,positive,W,TA,87.0
29,case_2,2024-04-11 01:32:09.283886,complete,ER Triage,positive,A,RD,90.0
30,case_3,2024-04-10 15:41:36.283886,complete,Admission NC,positive,F,,
31,case_3,2024-04-10 16:56:49.283886,complete,Release A,positive,B,,
32,case_3,2024-04-10 17:38:45.283886,complete,ER Triage,positive,B,TC,89.0
33,case_3,2024-04-10 18:39:39.283886,complete,ER Sepsis Triage,positive,A,QD,90.0
34,case_3,2024-04-10 20:09:50.283886,complete,ER Triage,positive,A,MD,90.0
35,case_3,2024-04-10 20:59:13.283886,complete,ER Sepsis Triage,positive,A,ZC,90.0
36,case_3,2024-04-10 22:35:22.283886,complete,Admission NC,positive,M,,
37,case_3,2024-04-10 23:31:30.283886,complete,Release A,positive,Q,,
38,case_3,2024-04-10 23:50:01.283886,complete,ER Triage,positive,G,IE,87.0
39,case_3,2024-04-11 01:08:13.283886,complete,ER Triage,positive,A,RD,90.0
40,case_4,2024-04-10 15:40:34.283886,complete,Return ER,positive,?,,
41,case_4,2024-04-10 16:45:25.283886,complete,Release A,positive,B,,
42,case_4,2024-04-10 18:10:34.283886,complete,Admission NC,positive,J,,
43,case_4,2024-04-10 18:44:27.283886,complete,Admission IC,positive,J,,
44,case_4,2024-04-10 19:44:12.283886,complete,Admission NC,positive,J,,
45,case_5,2024-04-10 15:59:04.283886,complete,Admission NC,positive,F,,
46,case_5,2024-04-10 17:09:28.283886,complete,Release A,positive,B,,
47,case_5,2024-04-10 18:29:58.283886,complete,Release A,positive,A,,
48,case_5,2024-04-10 18:39:55.283886,complete,Release A,positive,A,,
49,case_5,2024-04-10 19:59:26.283886,complete,Admission NC,positive,B,,
50,case_6,2024-04-10 15:59:27.283886,complete,Admission NC,positive,F,,
51,case_6,2024-04-10 16:47:44.283886,complete,Release A,positive,B,,
52,case_6,2024-04-10 17:39:31.283886,complete,Release A,positive,A,,
53,case_6,2024-04-10 19:33:59.283886,complete,Release A,positive,A,,
54,case_6,2024-04-10 20:07:02.283886,complete,Admission NC,positive,Y,,
55,case_7,2024-04-10 16:03:32.283886,complete,Return ER,positive,?,,
56,case_7,2024-04-10 17:15:32.283886,complete,Release A,positive,D,,
57,case_7,2024-04-10 18:03:22.283886,complete,Admission NC,positive,J,,
58,case_7,2024-04-10 19:00:23.283886,complete,Admission IC,positive,J,,
59,case_7,2024-04-10 19:40:11.283886,complete,Admission NC,positive,J,,
60,case_8,2024-04-10 15:56:29.283886,complete,ER Triage,positive,C,MC,90.0
61,case_8,2024-04-10 16:57:53.283886,complete,ER Sepsis Triage,positive,U,EC,90.0
62,case_8,2024-04-10 18:20:08.283886,complete,Admission NC,positive,Y,,
63,case_8,2024-04-10 19:15:39.283886,complete,Admission NC,positive,Q,,
64,case_8,2024-04-10 20:02:42.283886,complete,Release A,positive,A,,
65,case_8,2024-04-10 20:43:28.283886,complete,ER Triage,positive,P,DE,90.0
66,case_8,2024-04-10 22:00:47.283886,complete,ER Triage,positive,M,YA,89.0
67,case_8,2024-04-10 23:18:44.283886,complete,ER Triage,positive,A,BA,33.0
68,case_9,2024-04-10 15:51:08.283886,complete,Return ER,positive,?,,
69,case_9,2024-04-10 17:10:00.283886,complete,Release A,positive,B,,
70,case_9,2024-04-10 18:11:24.283886,complete,IV Antibiotics,positive,V,,
71,case_9,2024-04-10 19:19:48.283886,complete,IV Antibiotics,positive,Q,,
72,case_9,2024-04-10 20:20:07.283886,complete,IV Antibiotics,positive,B,,
73,case_9,2024-04-10 21:36:41.283886,complete,Admission NC,positive,J,,
74,case_9,2024-04-10 21:49:31.283886,complete,Admission IC,positive,J,,
75,case_9,2024-04-10 22:49:26.283886,complete,Admission NC,positive,J,,
76,case_10,2024-04-10 15:42:42.283886,complete,ER Triage,positive,C,VA,90.0
77,case_10,2024-04-10 17:25:08.283886,complete,ER Sepsis Triage,positive,U,EC,90.0
78,case_10,2024-04-10 17:44:34.283886,complete,Admission NC,positive,Y,,
79,case_10,2024-04-10 19:07:42.283886,complete,Admission NC,positive,Q,,
80,case_10,2024-04-10 20:20:01.283886,complete,Release A,positive,A,,
81,case_10,2024-04-10 20:52:40.283886,complete,ER Triage,positive,B,UA,90.0
82,case_10,2024-04-10 22:04:10.283886,complete,ER Triage,positive,M,GA,89.0
83,case_10,2024-04-10 23:25:25.283886,complete,ER Triage,positive,A,BA,33.0
84,case_11,2024-04-10 15:56:30.283886,complete,ER Triage,positive,C,MD,90.0
85,case_11,2024-04-10 16:55:08.283886,complete,ER Sepsis Triage,positive,B,AE,84.0
86,case_11,2024-04-10 18:12:40.283886,complete,Admission NC,positive,Y,,
87,case_11,2024-04-10 19:04:19.283886,complete,Admission NC,positive,Q,,
88,case_11,2024-04-10 20:27:14.283886,complete,Release A,positive,H,,
89,case_11,2024-04-10 21:30:18.283886,complete,ER Triage,positive,D,YD,72.0
90,case_11,2024-04-10 22:20:10.283886,complete,ER Sepsis Triage,positive,M,SC,85.0
91,case_11,2024-04-10 23:25:42.283886,complete,ER Triage,positive,A,BA,20.0
92,case_12,2024-04-10 16:33:21.283886,complete,ER Triage,positive,C,VC,90.0
93,case_12,2024-04-10 16:47:24.283886,complete,Release A,positive,B,,
94,case_12,2024-04-10 18:14:25.283886,complete,Admission NC,positive,Y,,
95,case_12,2024-04-10 19:02:10.283886,complete,Admission NC,positive,Q,,
96,case_12,2024-04-10 19:41:41.283886,complete,Release A,positive,A,,
97,case_12,2024-04-10 21:01:30.283886,complete,ER Triage,positive,N,DE,90.0
98,case_12,2024-04-10 22:27:16.283886,complete,ER Sepsis Triage,positive,M,GE,89.0
99,case_12,2024-04-10 23:14:52.283886,complete,ER Triage,positive,Y,BA,33.0
100,case_13,2024-04-10 15:58:48.283886,complete,ER Triage,positive,C,VC,90.0
101,case_13,2024-04-10 17:05:11.283886,complete,ER Sepsis Triage,positive,B,NC,90.0
102,case_13,2024-04-10 18:01:26.283886,complete,Admission NC,positive,Y,,
103,case_13,2024-04-10 19:25:08.283886,complete,Admission NC,positive,Q,,
104,case_13,2024-04-10 19:42:19.283886,complete,Release A,positive,A,,
105,case_13,2024-04-10 21:20:45.283886,complete,ER Sepsis Triage,positive,P,DE,90.0
106,case_13,2024-04-10 22:21:47.283886,complete,ER Triage,positive,M,SA,89.0
107,case_13,2024-04-10 22:55:12.283886,complete,ER Triage,positive,A,BA,33.0
108,case_14,2024-04-10 15:50:41.283886,complete,ER Triage,positive,C,VA,90.0
109,case_14,2024-04-10 16:38:54.283886,complete,Release A,positive,B,,
110,case_14,2024-04-10 18:28:20.283886,complete,Admission NC,positive,Y,,
111,case_14,2024-04-10 19:13:21.283886,complete,Admission NC,positive,Q,,
112,case_14,2024-04-10 20:18:40.283886,complete,Release A,positive,A,,
113,case_14,2024-04-10 20:45:59.283886,complete,ER Triage,positive,P,DE,90.0
114,case_14,2024-04-10 22:23:59.283886,complete,Release A,positive,M,,
115,case_14,2024-04-10 23:36:23.283886,complete,ER Triage,positive,A,BA,33.0
116,case_15,2024-04-10 16:10:29.283886,complete,Return ER,positive,?,,
117,case_15,2024-04-10 17:05:52.283886,complete,Release A,positive,B,,
118,case_15,2024-04-10 18:26:07.283886,complete,IV Antibiotics,positive,W,,
119,case_15,2024-04-10 18:45:57.283886,complete,IV Antibiotics,positive,Q,,
120,case_15,2024-04-10 19:55:02.283886,complete,IV Antibiotics,positive,B,,
121,case_15,2024-04-10 21:07:44.283886,complete,Admission NC,positive,J,,
122,case_15,2024-04-10 21:45:28.283886,complete,Admission IC,positive,J,,
123,case_15,2024-04-10 23:30:21.283886,complete,Admission NC,positive,J,,
124,case_16,2024-04-10 15:41:10.283886,complete,Return ER,positive,?,,
125,case_16,2024-04-10 16:42:40.283886,complete,Release A,positive,B,,
126,case_16,2024-04-10 18:08:18.283886,complete,IV Antibiotics,positive,B,,
127,case_16,2024-04-10 19:20:19.283886,complete,IV Antibiotics,positive,Q,,
128,case_16,2024-04-10 20:22:55.283886,complete,IV Antibiotics,positive,B,,
129,case_16,2024-04-10 21:14:04.283886,complete,Admission NC,positive,J,,
130,case_16,2024-04-10 21:38:33.283886,complete,Admission IC,positive,J,,
131,case_16,2024-04-10 23:02:42.283886,complete,Admission NC,positive,J,,
132,case_17,2024-04-10 16:27:38.283886,complete,ER Triage,positive,C,HB,90.0
133,case_17,2024-04-10 17:11:08.283886,complete,ER Sepsis Triage,positive,U,EC,90.0
134,case_17,2024-04-10 18:36:12.283886,complete,Admission NC,positive,Y,,
135,case_17,2024-04-10 19:09:23.283886,complete,Admission NC,positive,Q,,
136,case_17,2024-04-10 19:46:50.283886,complete,Release A,positive,A,,
137,case_17,2024-04-10 20:39:14.283886,complete,ER Triage,positive,P,DE,90.0
138,case_17,2024-04-10 21:43:43.284885,complete,ER Triage,positive,M,YA,89.0
139,case_17,2024-04-10 22:42:32.284885,complete,ER Triage,positive,A,BA,33.0
140,case_18,2024-04-10 16:31:06.284885,complete,Return ER,positive,?,,
141,case_18,2024-04-10 16:53:47.284885,complete,Return ER,positive,G,,
142,case_18,2024-04-10 18:18:36.284885,complete,IV Antibiotics,positive,B,,
143,case_18,2024-04-10 18:45:12.284885,complete,Admission NC,positive,P,,
144,case_18,2024-04-10 19:54:38.284885,complete,IV Antibiotics,positive,R,,
145,case_18,2024-04-10 20:50:37.284885,complete,Admission NC,positive,A,,
146,case_19,2024-04-10 16:13:50.284885,complete,Admission NC,positive,F,,
147,case_19,2024-04-10 17:02:31.284885,complete,Release B,positive,E,,
148,case_19,2024-04-10 18:23:24.284885,complete,Admission NC,positive,K,,
149,case_19,2024-04-10 18:51:52.284885,complete,Release B,positive,E,,
150,case_19,2024-04-10 20:12:43.284885,complete,Admission NC,positive,K,,
151,case_19,2024-04-10 21:12:54.284885,complete,Release B,positive,E,,
152,case_20,2024-04-10 15:45:04.284885,complete,Return ER,positive,?,,
153,case_20,2024-04-10 17:00:00.284885,complete,Return ER,positive,H,,
154,case_20,2024-04-10 18:07:26.284885,complete,IV Antibiotics,positive,B,,
155,case_20,2024-04-10 19:04:05.284885,complete,Admission NC,positive,J,,
156,case_20,2024-04-10 19:59:20.284885,complete,IV Antibiotics,positive,R,,
157,case_20,2024-04-10 21:17:18.284885,complete,Admission NC,positive,A,,
158,case_21,2024-04-10 16:16:40.284885,complete,Return ER,positive,?,,
159,case_21,2024-04-10 17:25:40.284885,complete,Return ER,positive,H,,
160,case_21,2024-04-10 18:13:42.284885,complete,IV Antibiotics,positive,B,,
161,case_21,2024-04-10 18:46:04.284885,complete,Admission NC,positive,V,,
162,case_21,2024-04-10 20:17:13.284885,complete,IV Antibiotics,positive,S,,
163,case_21,2024-04-10 21:07:19.284885,complete,Admission NC,positive,A,,
164,case_22,2024-04-10 15:39:47.284885,complete,Return ER,positive,?,,
165,case_22,2024-04-10 17:15:03.284885,complete,Release A,positive,B,,
166,case_22,2024-04-10 18:22:06.284885,complete,IV Antibiotics,positive,O,,
167,case_22,2024-04-10 19:21:45.284885,complete,Admission NC,positive,J,,
168,case_22,2024-04-10 20:01:24.284885,complete,Admission IC,positive,J,,
169,case_22,2024-04-10 21:28:07.284885,complete,Admission NC,positive,J,,
170,case_22,2024-04-10 21:40:16.284885,complete,Admission NC,positive,J,,
171,case_22,2024-04-10 23:13:49.284885,complete,Admission IC,positive,J,,
172,case_22,2024-04-11 00:20:42.284885,complete,Admission NC,positive,J,,
173,case_23,2024-04-10 15:41:42.284885,complete,ER Triage,positive,C,QB,74.0
174,case_23,2024-04-10 16:55:46.284885,complete,Release A,positive,B,,
175,case_23,2024-04-10 18:23:31.284885,complete,Release A,positive,R,,
176,case_23,2024-04-10 19:24:49.284885,complete,Release A,positive,D,,
177,case_23,2024-04-10 20:26:02.284885,complete,ER Triage,positive,S,IA,75.0
178,case_23,2024-04-10 21:19:52.284885,complete,ER Triage,positive,P,YB,72.0
179,case_23,2024-04-10 22:34:01.284885,complete,Release A,positive,P,,
180,case_23,2024-04-10 23:06:45.284885,complete,Admission NC,positive,A,,
181,case_23,2024-04-11 00:09:28.284885,complete,Admission NC,positive,W,,
182,case_24,2024-04-10 16:34:35.284885,complete,ER Triage,positive,C,AC,90.0
183,case_24,2024-04-10 17:00:33.284885,complete,Release A,positive,B,,
184,case_24,2024-04-10 17:40:13.284885,complete,Release A,positive,R,,
185,case_24,2024-04-10 19:22:02.284885,complete,Release A,positive,D,,
186,case_24,2024-04-10 20:05:13.284885,complete,ER Triage,positive,S,IA,90.0
187,case_24,2024-04-10 21:21:36.284885,complete,ER Triage,positive,R,YB,90.0
188,case_24,2024-04-10 22:35:41.284885,complete,Release A,positive,G,,
189,case_24,2024-04-10 23:29:21.284885,complete,Admission NC,positive,A,,
190,case_24,2024-04-11 00:26:54.284885,complete,Admission NC,positive,P,,
191,case_25,2024-04-10 16:13:21.284885,complete,Return ER,positive,?,,
192,case_25,2024-04-10 17:06:29.284885,complete,Release A,positive,B,,
193,case_25,2024-04-10 18:09:02.284885,complete,IV Antibiotics,positive,R,,
194,case_25,2024-04-10 19:08:28.284885,complete,Admission NC,positive,J,,
195,case_25,2024-04-10 20:01:57.284885,complete,Admission IC,positive,J,,
196,case_25,2024-04-10 20:54:38.284885,complete,Admission NC,positive,J,,
197,case_25,2024-04-10 22:36:02.284885,complete,Admission NC,positive,J,,
198,case_25,2024-04-10 22:40:32.284885,complete,Admission IC,positive,J,,
199,case_25,2024-04-11 00:35:16.284885,complete,Admission NC,positive,J,,
200,case_26,2024-04-10 16:34:10.284885,complete,Return ER,positive,?,,
201,case_26,2024-04-10 17:13:02.284885,complete,Release A,positive,B,,
202,case_26,2024-04-10 18:20:05.284885,complete,Admission NC,positive,J,,
203,case_26,2024-04-10 18:54:28.284885,complete,Admission IC,positive,J,,
204,case_26,2024-04-10 20:10:28.284885,complete,Admission NC,positive,J,,
205,case_26,2024-04-10 21:12:54.284885,complete,Admission IC,positive,J,,
206,case_26,2024-04-10 22:36:56.284885,complete,Admission NC,positive,J,,
207,case_27,2024-04-10 16:12:21.284885,complete,Admission NC,positive,F,,
208,case_27,2024-04-10 17:29:51.284885,complete,Release A,positive,Y,,
209,case_27,2024-04-10 17:57:55.284885,complete,Release A,positive,A,,
210,case_27,2024-04-10 18:49:48.284885,complete,ER Triage,positive,O,ID,75.0
211,case_27,2024-04-10 19:57:53.284885,complete,ER Triage,positive,P,AA,90.0
212,case_27,2024-04-10 21:34:07.284885,complete,Release A,positive,A,,
213,case_27,2024-04-10 22:07:50.284885,complete,Admission NC,positive,A,,
214,case_28,2024-04-10 16:03:19.284885,complete,Admission NC,positive,F,,
215,case_28,2024-04-10 16:40:29.284885,complete,Release A,positive,B,,
216,case_28,2024-04-10 18:23:01.284885,complete,Release A,positive,A,,
217,case_28,2024-04-10 18:45:27.284885,complete,ER Triage,positive,S,RB,78.0
218,case_28,2024-04-10 19:43:52.284885,complete,ER Triage,positive,O,IA,75.0
219,case_28,2024-04-10 21:00:59.284885,complete,Release A,positive,O,,
220,case_28,2024-04-10 22:26:07.284885,complete,Admission NC,positive,A,,
221,case_29,2024-04-10 16:35:14.284885,complete,Admission NC,positive,F,,
222,case_29,2024-04-10 16:43:42.284885,complete,Release A,positive,B,,
223,case_29,2024-04-10 17:41:26.284885,complete,Release A,positive,A,,
224,case_29,2024-04-10 19:13:21.284885,complete,Release A,positive,V,,
225,case_29,2024-04-10 20:04:32.284885,complete,ER Triage,positive,B,ID,90.0
226,case_29,2024-04-10 20:55:35.284885,complete,Release A,positive,A,,
227,case_29,2024-04-10 21:43:18.284885,complete,Admission NC,positive,A,,
