,case:concept:name,time:timestamp,lifecycle:transition,concept:name,case:label,org:group,LacticAcid,Diagnose,Age,Leucocytes,CRP,InfectionSuspected,DiagnosticBlood,DisfuncOrg,SIRSCritTachypnea,Hypotensie,SIRSCritHeartRate,Infusion,DiagnosticArtAstrup,DiagnosticIC,DiagnosticSputum,DiagnosticLiquor,DiagnosticOther,SIRSCriteria2OrMore,DiagnosticXthorax,SIRSCritTemperature,DiagnosticUrinaryCulture,SIRSCritLeucos,Oligurie,DiagnosticLacticAcid,Hypoxie,DiagnosticUrinarySediment,DiagnosticECG
0,case_0,2024-04-10 15:44:08.107402,complete,LacticAcid,positive,J,2.0,,,,,,,,,,,,,,,,,,,,,,,,,,
1,case_0,2024-04-10 17:17:22.107402,complete,Leucocytes,positive,L,,GD,89.0,138.0,,,,,,,,,,,,,,,,,,,,,,,
2,case_0,2024-04-10 18:28:23.107402,complete,Admission NC,positive,F,,,,,,,,,,,,,,,,,,,,,,,,,,,
3,case_0,2024-04-10 19:09:57.107402,complete,Admission NC,positive,L,,,,,,,,,,,,,,,,,,,,,,,,,,,
4,case_0,2024-04-10 19:37:34.107402,complete,CRP,positive,E,,YA,21.0,,1384.0,,,,,,,,,,,,,,,,,,,,,,
5,case_1,2024-04-10 15:39:34.107402,complete,CRP,positive,J,,QE,21.0,,1452.0,,,,,,,,,,,,,,,,,,,,,,
6,case_1,2024-04-10 17:30:22.107402,complete,CRP,positive,L,,IC,20.0,,4506.0,,,,,,,,,,,,,,,,,,,,,,
7,case_1,2024-04-10 18:22:26.107402,complete,Admission NC,positive,F,,,,,,,,,,,,,,,,,,,,,,,,,,,
8,case_1,2024-04-10 18:38:37.107402,complete,CRP,positive,I,,HD,30.0,,50.0,,,,,,,,,,,,,,,,,,,,,,
9,case_1,2024-04-10 20:22:28.107402,complete,Admission NC,positive,E,,,,,,,,,,,,,,,,,,,,,,,,,,,
10,case_2,2024-04-10 16:32:52.107402,complete,Leucocytes,positive,E,,QE,20.0,3717.0,,,,,,,,,,,,,,,,,,,,,,,
11,case_2,2024-04-10 17:16:28.107402,complete,CRP,positive,J,,IC,21.0,,50.0,,,,,,,,,,,,,,,,,,,,,,
12,case_2,2024-04-10 18:22:57.107402,complete,Admission NC,positive,F,,,,,,,,,,,,,,,,,,,,,,,,,,,
13,case_2,2024-04-10 19:14:27.107402,complete,CRP,positive,I,,HD,30.0,,51.0,,,,,,,,,,,,,,,,,,,,,,
14,case_2,2024-04-10 19:42:44.107402,complete,Admission NC,positive,L,,,,,,,,,,,,,,,,,,,,,,,,,,,
15,case_3,2024-04-10 16:26:45.107402,complete,CRP,positive,J,,YA,89.0,,50.0,,,,,,,,,,,,,,,,,,,,,,
16,case_3,2024-04-10 16:50:42.107402,complete,Admission NC,positive,L,,,,,,,,,,,,,,,,,,,,,,,,,,,
17,case_3,2024-04-10 18:09:14.107402,complete,Admission NC,positive,F,,,,,,,,,,,,,,,,,,,,,,,,,,,
18,case_3,2024-04-10 18:56:05.107402,complete,CRP,positive,I,,YD,32.0,,50.0,,,,,,,,,,,,,,,,,,,,,,
19,case_3,2024-04-10 20:18:39.107402,complete,CRP,positive,L,,YA,23.0,,1384.0,,,,,,,,,,,,,,,,,,,,,,
20,case_4,2024-04-10 16:32:46.107402,complete,CRP,positive,L,,WC,89.0,,1832.0,,,,,,,,,,,,,,,,,,,,,,
21,case_4,2024-04-10 16:54:59.107402,complete,CRP,positive,L,,YA,22.0,,5730.0,,,,,,,,,,,,,,,,,,,,,,
22,case_4,2024-04-10 17:51:38.107402,complete,Admission NC,positive,L,,,,,,,,,,,,,,,,,,,,,,,,,,,
23,case_4,2024-04-10 19:26:37.107402,complete,Leucocytes,positive,L,,O,23.0,137.0,,,,,,,,,,,,,,,,,,,,,,,
24,case_4,2024-04-10 20:33:55.107402,complete,Admission NC,positive,L,,,,,,,,,,,,,,,,,,,,,,,,,,,
25,case_4,2024-04-10 21:29:50.107402,complete,CRP,positive,E,,HE,21.0,,3109.0,,,,,,,,,,,,,,,,,,,,,,
26,case_5,2024-04-10 16:20:16.107402,complete,Leucocytes,positive,L,,YD,20.0,3079.0,,,,,,,,,,,,,,,,,,,,,,,
27,case_5,2024-04-10 17:25:18.107402,complete,CRP,positive,J,,FB,23.0,,50.0,,,,,,,,,,,,,,,,,,,,,,
28,case_5,2024-04-10 18:28:14.107402,complete,CRP,positive,J,,OE,20.0,,3567.0,,,,,,,,,,,,,,,,,,,,,,
29,case_5,2024-04-10 18:42:04.107402,complete,Admission NC,positive,J,,,,,,,,,,,,,,,,,,,,,,,,,,,
30,case_5,2024-04-10 20:05:58.107402,complete,Leucocytes,positive,L,,HE,20.0,2063.0,,,,,,,,,,,,,,,,,,,,,,,
31,case_5,2024-04-10 21:18:28.107402,complete,Admission NC,positive,J,,,,,,,,,,,,,,,,,,,,,,,,,,,
32,case_6,2024-04-10 15:55:33.107402,complete,Leucocytes,positive,L,,YC,21.0,3079.0,,,,,,,,,,,,,,,,,,,,,,,
33,case_6,2024-04-10 16:42:00.107402,complete,CRP,positive,I,,FB,22.0,,50.0,,,,,,,,,,,,,,,,,,,,,,
34,case_6,2024-04-10 17:56:05.107402,complete,CRP,positive,I,,OE,20.0,,51.0,,,,,,,,,,,,,,,,,,,,,,
35,case_6,2024-04-10 19:28:06.107402,complete,Admission NC,positive,J,,,,,,,,,,,,,,,,,,,,,,,,,,,
36,case_6,2024-04-10 20:16:18.107402,complete,Admission NC,positive,F,,,,,,,,,,,,,,,,,,,,,,,,,,,
37,case_6,2024-04-10 20:56:46.107402,complete,CRP,positive,J,,HE,22.0,,50.0,,,,,,,,,,,,,,,,,,,,,,
38,case_7,2024-04-10 16:16:06.107402,complete,CRP,positive,L,,YD,89.0,,5540.0,,,,,,,,,,,,,,,,,,,,,,
39,case_7,2024-04-10 17:34:33.107402,complete,CRP,positive,L,,FC,21.0,,5730.0,,,,,,,,,,,,,,,,,,,,,,
40,case_7,2024-04-10 18:13:45.107402,complete,Admission NC,positive,J,,,,,,,,,,,,,,,,,,,,,,,,,,,
41,case_7,2024-04-10 19:31:45.107402,complete,Leucocytes,positive,I,,N,23.0,136.0,,,,,,,,,,,,,,,,,,,,,,,
42,case_7,2024-04-10 20:18:02.107402,complete,Admission NC,positive,J,,,,,,,,,,,,,,,,,,,,,,,,,,,
43,case_7,2024-04-10 21:31:45.107402,complete,CRP,positive,E,,HE,21.0,,3109.0,,,,,,,,,,,,,,,,,,,,,,
44,case_8,2024-04-10 16:11:47.107402,complete,Leucocytes,positive,F,,MB,21.0,314.0,,,,,,,,,,,,,,,,,,,,,,,
45,case_8,2024-04-10 17:22:57.107402,complete,LacticAcid,positive,J,2.0,,,,,,,,,,,,,,,,,,,,,,,,,,
46,case_8,2024-04-10 18:01:12.107402,complete,Leucocytes,positive,I,,OD,20.0,141.0,,,,,,,,,,,,,,,,,,,,,,,
47,case_8,2024-04-10 19:27:02.107402,complete,Admission NC,positive,F,,,,,,,,,,,,,,,,,,,,,,,,,,,
48,case_8,2024-04-10 20:34:45.107402,complete,Admission NC,positive,L,,,,,,,,,,,,,,,,,,,,,,,,,,,
49,case_8,2024-04-10 21:32:23.107402,complete,CRP,positive,L,,HE,37.0,,677.0,,,,,,,,,,,,,,,,,,,,,,
50,case_9,2024-04-10 16:22:05.107402,complete,CRP,positive,L,,YD,23.0,,5200.0,,,,,,,,,,,,,,,,,,,,,,
51,case_9,2024-04-10 16:58:06.107402,complete,Leucocytes,positive,E,,KE,21.0,138.0,,,,,,,,,,,,,,,,,,,,,,,
52,case_9,2024-04-10 18:24:56.107402,complete,CRP,positive,J,,OE,21.0,,871.0,,,,,,,,,,,,,,,,,,,,,,
53,case_9,2024-04-10 19:15:43.107402,complete,Admission NC,positive,L,,,,,,,,,,,,,,,,,,,,,,,,,,,
54,case_9,2024-04-10 20:10:49.107402,complete,Admission NC,positive,L,,,,,,,,,,,,,,,,,,,,,,,,,,,
55,case_9,2024-04-10 21:22:11.107402,complete,Leucocytes,positive,J,,HE,21.0,138.0,,,,,,,,,,,,,,,,,,,,,,,
56,case_10,2024-04-10 16:16:36.107402,complete,CRP,positive,L,,YA,20.0,,50.0,,,,,,,,,,,,,,,,,,,,,,
57,case_10,2024-04-10 17:26:55.107402,complete,Leucocytes,positive,J,,FC,20.0,138.0,,,,,,,,,,,,,,,,,,,,,,,
58,case_10,2024-04-10 17:59:20.107402,complete,CRP,positive,L,,OE,20.0,,870.0,,,,,,,,,,,,,,,,,,,,,,
59,case_10,2024-04-10 18:57:18.107402,complete,CRP,positive,J,,HA,20.0,,2858.0,,,,,,,,,,,,,,,,,,,,,,
60,case_10,2024-04-10 20:23:13.107402,complete,Admission NC,positive,F,,,,,,,,,,,,,,,,,,,,,,,,,,,
61,case_10,2024-04-10 21:16:02.107402,complete,Admission NC,positive,F,,,,,,,,,,,,,,,,,,,,,,,,,,,
62,case_11,2024-04-10 16:03:36.107402,complete,CRP,positive,L,,WC,23.0,,5190.0,,,,,,,,,,,,,,,,,,,,,,
63,case_11,2024-04-10 17:12:53.107402,complete,Admission NC,positive,L,,,,,,,,,,,,,,,,,,,,,,,,,,,
64,case_11,2024-04-10 18:07:52.107402,complete,Admission NC,positive,J,,,,,,,,,,,,,,,,,,,,,,,,,,,
65,case_11,2024-04-10 19:05:25.107402,complete,CRP,positive,I,,HA,21.0,,2856.0,,,,,,,,,,,,,,,,,,,,,,
66,case_11,2024-04-10 20:33:19.107402,complete,IV Antibiotics,positive,L,,,,,,,,,,,,,,,,,,,,,,,,,,,
67,case_11,2024-04-10 21:06:16.107402,complete,IV Antibiotics,positive,L,,,,,,,,,,,,,,,,,,,,,,,,,,,
68,case_12,2024-04-10 16:21:03.107402,complete,CRP,positive,L,,WC,21.0,,1832.0,,,,,,,,,,,,,,,,,,,,,,
69,case_12,2024-04-10 17:04:53.107402,complete,Leucocytes,positive,I,,YA,23.0,138.0,,,,,,,,,,,,,,,,,,,,,,,
70,case_12,2024-04-10 17:42:45.107402,complete,Leucocytes,positive,I,,OE,21.0,138.0,,,,,,,,,,,,,,,,,,,,,,,
71,case_12,2024-04-10 18:57:34.107402,complete,CRP,positive,I,,O,21.0,,2871.0,,,,,,,,,,,,,,,,,,,,,,
72,case_12,2024-04-10 20:27:43.107402,complete,Admission NC,positive,J,,,,,,,,,,,,,,,,,,,,,,,,,,,
73,case_12,2024-04-10 20:42:08.107402,complete,Admission NC,positive,E,,,,,,,,,,,,,,,,,,,,,,,,,,,
74,case_13,2024-04-10 15:49:35.107402,complete,Admission NC,positive,J,,,,,,,,,,,,,,,,,,,,,,,,,,,
75,case_13,2024-04-10 17:24:41.107402,complete,Leucocytes,positive,I,,FB,21.0,138.0,,,,,,,,,,,,,,,,,,,,,,,
76,case_13,2024-04-10 17:49:10.107402,complete,Leucocytes,positive,I,,OD,21.0,14.0,,,,,,,,,,,,,,,,,,,,,,,
77,case_13,2024-04-10 19:01:39.107402,complete,CRP,positive,I,,HA,20.0,,50.0,,,,,,,,,,,,,,,,,,,,,,
78,case_13,2024-04-10 20:01:48.107402,complete,Admission NC,positive,L,,,,,,,,,,,,,,,,,,,,,,,,,,,
79,case_13,2024-04-10 20:47:33.107402,complete,CRP,positive,J,,YA,23.0,,677.0,,,,,,,,,,,,,,,,,,,,,,
80,case_14,2024-04-10 15:37:51.107402,complete,CRP,positive,L,,YA,21.0,,5195.0,,,,,,,,,,,,,,,,,,,,,,
81,case_14,2024-04-10 17:03:14.107402,complete,CRP,positive,L,,YC,20.0,,5730.0,,,,,,,,,,,,,,,,,,,,,,
82,case_14,2024-04-10 18:24:19.107402,complete,Leucocytes,positive,L,,OE,25.0,137.0,,,,,,,,,,,,,,,,,,,,,,,
83,case_14,2024-04-10 19:26:10.107402,complete,CRP,positive,J,,PE,21.0,,2861.0,,,,,,,,,,,,,,,,,,,,,,
84,case_14,2024-04-10 20:34:27.107402,complete,Admission NC,positive,F,,,,,,,,,,,,,,,,,,,,,,,,,,,
85,case_14,2024-04-10 20:57:56.107402,complete,Admission NC,positive,L,,,,,,,,,,,,,,,,,,,,,,,,,,,
86,case_15,2024-04-10 16:28:23.107402,complete,Admission NC,positive,J,,,,,,,,,,,,,,,,,,,,,,,,,,,
87,case_15,2024-04-10 17:09:49.107402,complete,Leucocytes,positive,I,,YD,20.0,863.0,,,,,,,,,,,,,,,,,,,,,,,
88,case_15,2024-04-10 17:53:29.107402,complete,CRP,positive,I,,YC,20.0,,5730.0,,,,,,,,,,,,,,,,,,,,,,
89,case_15,2024-04-10 18:53:24.107402,complete,CRP,positive,L,,UB,21.0,,1327.0,,,,,,,,,,,,,,,,,,,,,,
90,case_15,2024-04-10 19:35:54.107402,complete,CRP,positive,I,,HE,21.0,,4770.0,,,,,,,,,,,,,,,,,,,,,,
91,case_15,2024-04-10 20:45:50.107402,complete,Leucocytes,positive,L,,HD,25.0,139.0,,,,,,,,,,,,,,,,,,,,,,,
92,case_15,2024-04-10 22:20:42.107402,complete,CRP,positive,I,,HD,20.0,,515.0,,,,,,,,,,,,,,,,,,,,,,
93,case_15,2024-04-10 23:11:38.107402,complete,Leucocytes,positive,K,,HD,21.0,138.0,,,,,,,,,,,,,,,,,,,,,,,
94,case_15,2024-04-11 00:34:15.107402,complete,Admission NC,positive,L,,,,,,,,,,,,,,,,,,,,,,,,,,,
95,case_16,2024-04-10 16:27:35.107402,complete,Admission NC,positive,F,,,,,,,,,,,,,,,,,,,,,,,,,,,
96,case_16,2024-04-10 17:31:28.107402,complete,Leucocytes,positive,L,,MD,21.0,138.0,,,,,,,,,,,,,,,,,,,,,,,
97,case_16,2024-04-10 17:36:19.107402,complete,Leucocytes,positive,I,,YA,90.0,138.0,,,,,,,,,,,,,,,,,,,,,,,
98,case_16,2024-04-10 19:17:54.107402,complete,CRP,positive,J,,OC,89.0,,947.0,,,,,,,,,,,,,,,,,,,,,,
99,case_16,2024-04-10 19:42:50.107402,complete,Admission NC,positive,J,,,,,,,,,,,,,,,,,,,,,,,,,,,
100,case_16,2024-04-10 20:53:35.107402,complete,Leucocytes,positive,L,,HE,90.0,2.0,,,,,,,,,,,,,,,,,,,,,,,
101,case_16,2024-04-10 22:10:26.107402,complete,CRP,positive,L,,HB,21.0,,2812.0,,,,,,,,,,,,,,,,,,,,,,
102,case_17,2024-04-10 15:44:57.107402,complete,CRP,positive,J,,YC,23.0,,50.0,,,,,,,,,,,,,,,,,,,,,,
103,case_17,2024-04-10 17:21:27.107402,complete,CRP,positive,J,,XD,21.0,,364.0,,,,,,,,,,,,,,,,,,,,,,
104,case_17,2024-04-10 18:14:20.107402,complete,Leucocytes,positive,L,,HE,21.0,139.0,,,,,,,,,,,,,,,,,,,,,,,
105,case_17,2024-04-10 19:11:00.107402,complete,CRP,positive,I,,OE,20.0,,2925.0,,,,,,,,,,,,,,,,,,,,,,
106,case_17,2024-04-10 19:51:53.107402,complete,Admission NC,positive,L,,,,,,,,,,,,,,,,,,,,,,,,,,,
107,case_17,2024-04-10 21:00:27.107402,complete,CRP,positive,I,,HD,21.0,,4746.0,,,,,,,,,,,,,,,,,,,,,,
108,case_17,2024-04-10 22:19:42.107402,complete,Admission NC,positive,F,,,,,,,,,,,,,,,,,,,,,,,,,,,
109,case_18,2024-04-10 16:04:16.107402,complete,CRP,positive,L,,YB,21.0,,50.0,,,,,,,,,,,,,,,,,,,,,,
110,case_18,2024-04-10 17:07:17.107402,complete,CRP,positive,E,,MD,23.0,,387.0,,,,,,,,,,,,,,,,,,,,,,
111,case_18,2024-04-10 17:58:54.107402,complete,Leucocytes,positive,L,,YA,20.0,138.0,,,,,,,,,,,,,,,,,,,,,,,
112,case_18,2024-04-10 19:16:30.107402,complete,Admission NC,positive,J,,,,,,,,,,,,,,,,,,,,,,,,,,,
113,case_18,2024-04-10 19:53:13.107402,complete,Admission NC,positive,J,,,,,,,,,,,,,,,,,,,,,,,,,,,
114,case_18,2024-04-10 21:02:57.107402,complete,CRP,positive,I,,HE,21.0,,5337.0,,,,,,,,,,,,,,,,,,,,,,
115,case_18,2024-04-10 21:46:48.107402,complete,CRP,positive,L,,HE,21.0,,2660.0,,,,,,,,,,,,,,,,,,,,,,
116,case_19,2024-04-10 16:31:22.107402,complete,CRP,positive,L,,YA,23.0,,3979.0,,,,,,,,,,,,,,,,,,,,,,
117,case_19,2024-04-10 16:59:40.107402,complete,Admission NC,positive,F,,,,,,,,,,,,,,,,,,,,,,,,,,,
118,case_19,2024-04-10 17:53:46.107402,complete,Admission NC,positive,J,,,,,,,,,,,,,,,,,,,,,,,,,,,
119,case_19,2024-04-10 18:47:14.107402,complete,Leucocytes,positive,I,,OE,20.0,1957.0,,,,,,,,,,,,,,,,,,,,,,,
120,case_19,2024-04-10 20:06:59.107402,complete,CRP,positive,C,,HE,20.0,,50.0,,,,,,,,,,,,,,,,,,,,,,
121,case_19,2024-04-10 21:28:43.107402,complete,CRP,positive,J,,HE,20.0,,53.0,,,,,,,,,,,,,,,,,,,,,,
122,case_19,2024-04-10 21:53:13.107402,complete,CRP,positive,E,,HE,20.0,,2810.0,,,,,,,,,,,,,,,,,,,,,,
123,case_20,2024-04-10 15:57:05.107402,complete,LacticAcid,positive,L,2.0,,,,,,,,,,,,,,,,,,,,,,,,,,
124,case_20,2024-04-10 16:57:32.107402,complete,Leucocytes,positive,J,,YA,21.0,1453.0,,,,,,,,,,,,,,,,,,,,,,,
125,case_20,2024-04-10 18:29:51.107402,complete,CRP,positive,I,,CB,20.0,,51.0,,,,,,,,,,,,,,,,,,,,,,
126,case_20,2024-04-10 18:44:27.107402,complete,Admission NC,positive,J,,,,,,,,,,,,,,,,,,,,,,,,,,,
127,case_20,2024-04-10 20:29:12.107402,complete,Admission NC,positive,J,,,,,,,,,,,,,,,,,,,,,,,,,,,
128,case_20,2024-04-10 20:57:16.107402,complete,Admission NC,positive,J,,,,,,,,,,,,,,,,,,,,,,,,,,,
129,case_20,2024-04-10 22:06:37.107402,complete,CRP,positive,K,,YC,20.0,,4054.0,,,,,,,,,,,,,,,,,,,,,,
130,case_20,2024-04-10 22:37:36.107402,complete,CRP,positive,I,,XD,25.0,,51.0,,,,,,,,,,,,,,,,,,,,,,
131,case_20,2024-04-10 23:48:00.107402,complete,Admission NC,positive,F,,,,,,,,,,,,,,,,,,,,,,,,,,,
132,case_20,2024-04-11 00:39:58.107402,complete,Admission NC,positive,F,,,,,,,,,,,,,,,,,,,,,,,,,,,
133,case_21,2024-04-10 16:02:58.107402,complete,Leucocytes,positive,L,,YA,20.0,2.0,,,,,,,,,,,,,,,,,,,,,,,
134,case_21,2024-04-10 17:22:50.107402,complete,ER Registration,positive,J,,YA,25.0,,,true,false,true,false,true,false,true,false,true,true,true,true,false,false,true,false,true,true,true,true,false,false
135,case_21,2024-04-10 18:28:07.107402,complete,Admission NC,positive,L,,,,,,,,,,,,,,,,,,,,,,,,,,,
136,case_21,2024-04-10 19:05:54.107402,complete,CRP,positive,J,,TC,20.0,,3368.0,,,,,,,,,,,,,,,,,,,,,,
137,case_21,2024-04-10 20:00:01.107402,complete,CRP,positive,J,,YB,20.0,,4232.0,,,,,,,,,,,,,,,,,,,,,,
138,case_21,2024-04-10 21:28:11.107402,complete,LacticAcid,positive,I,2.0,,,,,,,,,,,,,,,,,,,,,,,,,,
139,case_21,2024-04-10 21:54:00.107402,complete,Leucocytes,positive,L,,YA,20.0,197.0,,,,,,,,,,,,,,,,,,,,,,,
140,case_21,2024-04-10 23:02:19.107402,complete,LacticAcid,positive,I,8.0,,,,,,,,,,,,,,,,,,,,,,,,,,
141,case_21,2024-04-10 23:50:37.107402,complete,Leucocytes,positive,I,,HE,20.0,138.0,,,,,,,,,,,,,,,,,,,,,,,
142,case_21,2024-04-11 01:11:17.107402,complete,Admission NC,positive,L,,,,,,,,,,,,,,,,,,,,,,,,,,,
143,case_22,2024-04-10 15:52:41.107402,complete,Leucocytes,positive,E,,YB,20.0,3.0,,,,,,,,,,,,,,,,,,,,,,,
144,case_22,2024-04-10 16:56:56.107402,complete,CRP,positive,L,,YD,20.0,,50.0,,,,,,,,,,,,,,,,,,,,,,
145,case_22,2024-04-10 17:44:09.107402,complete,Leucocytes,positive,L,,YA,21.0,2949.0,,,,,,,,,,,,,,,,,,,,,,,
146,case_22,2024-04-10 18:58:15.107402,complete,Admission NC,positive,F,,,,,,,,,,,,,,,,,,,,,,,,,,,
147,case_22,2024-04-10 20:09:52.107402,complete,Admission NC,positive,F,,,,,,,,,,,,,,,,,,,,,,,,,,,
148,case_22,2024-04-10 20:52:20.107402,complete,CRP,positive,I,,YA,20.0,,50.0,,,,,,,,,,,,,,,,,,,,,,
149,case_22,2024-04-10 21:59:39.107402,complete,CRP,positive,J,,YB,20.0,,50.0,,,,,,,,,,,,,,,,,,,,,,
150,case_22,2024-04-10 23:20:22.107402,complete,CRP,positive,L,,GC,20.0,,50.0,,,,,,,,,,,,,,,,,,,,,,
151,case_22,2024-04-11 00:19:15.107402,complete,CRP,positive,L,,YB,21.0,,144.0,,,,,,,,,,,,,,,,,,,,,,
152,case_22,2024-04-11 00:45:12.107402,complete,CRP,positive,J,,HD,20.0,,50.0,,,,,,,,,,,,,,,,,,,,,,
153,case_23,2024-04-10 15:48:50.107402,complete,LacticAcid,positive,I,9.0,,,,,,,,,,,,,,,,,,,,,,,,,,
154,case_23,2024-04-10 16:40:12.107402,complete,ER Registration,positive,J,,YB,20.0,,,false,false,true,false,true,true,true,true,true,false,false,false,true,false,false,true,true,false,false,true,true,true
155,case_23,2024-04-10 17:46:13.107402,complete,CRP,positive,I,,YA,87.0,,2269.0,,,,,,,,,,,,,,,,,,,,,,
156,case_23,2024-04-10 18:43:16.107402,complete,CRP,positive,L,,YA,22.0,,50.0,,,,,,,,,,,,,,,,,,,,,,
157,case_23,2024-04-10 20:32:49.107402,complete,CRP,positive,I,,YA,25.0,,662.0,,,,,,,,,,,,,,,,,,,,,,
158,case_23,2024-04-10 20:52:53.107402,complete,Admission NC,positive,J,,,,,,,,,,,,,,,,,,,,,,,,,,,
159,case_23,2024-04-10 21:46:49.107402,complete,Admission IC,positive,J,,,,,,,,,,,,,,,,,,,,,,,,,,,
160,case_23,2024-04-10 22:52:32.107402,complete,Admission NC,positive,J,,,,,,,,,,,,,,,,,,,,,,,,,,,
161,case_24,2024-04-10 15:40:41.107402,complete,Leucocytes,positive,J,,YA,20.0,446.0,,,,,,,,,,,,,,,,,,,,,,,
162,case_24,2024-04-10 17:20:15.107402,complete,CRP,positive,J,,LB,20.0,,50.0,,,,,,,,,,,,,,,,,,,,,,
163,case_24,2024-04-10 17:43:54.107402,complete,CRP,positive,K,,YA,23.0,,51.0,,,,,,,,,,,,,,,,,,,,,,
164,case_24,2024-04-10 18:59:40.107402,complete,Admission NC,positive,F,,,,,,,,,,,,,,,,,,,,,,,,,,,
165,case_24,2024-04-10 20:03:26.107402,complete,CRP,positive,J,,EB,20.0,,50.0,,,,,,,,,,,,,,,,,,,,,,
166,case_24,2024-04-10 20:56:37.107402,complete,CRP,positive,I,,HA,21.0,,2275.0,,,,,,,,,,,,,,,,,,,,,,
167,case_24,2024-04-10 22:08:40.107402,complete,Leucocytes,positive,I,,HC,21.0,302.0,,,,,,,,,,,,,,,,,,,,,,,
168,case_24,2024-04-10 22:48:40.107402,complete,Admission NC,positive,F,,,,,,,,,,,,,,,,,,,,,,,,,,,
169,case_25,2024-04-10 15:36:51.107402,complete,LacticAcid,positive,J,12.0,,,,,,,,,,,,,,,,,,,,,,,,,,
170,case_25,2024-04-10 16:41:25.107402,complete,Leucocytes,positive,L,,YA,20.0,2212.0,,,,,,,,,,,,,,,,,,,,,,,
171,case_25,2024-04-10 18:24:53.107402,complete,CRP,positive,L,,HE,20.0,,4963.0,,,,,,,,,,,,,,,,,,,,,,
172,case_25,2024-04-10 19:10:06.107402,complete,CRP,positive,L,,NA,21.0,,53.0,,,,,,,,,,,,,,,,,,,,,,
173,case_25,2024-04-10 19:51:11.107402,complete,Leucocytes,positive,I,,MD,21.0,139.0,,,,,,,,,,,,,,,,,,,,,,,
174,case_25,2024-04-10 20:52:03.107402,complete,CRP,positive,L,,HE,25.0,,50.0,,,,,,,,,,,,,,,,,,,,,,
175,case_25,2024-04-10 22:22:18.107402,complete,Admission NC,positive,F,,,,,,,,,,,,,,,,,,,,,,,,,,,
176,case_25,2024-04-10 23:03:51.107402,complete,Admission NC,positive,L,,,,,,,,,,,,,,,,,,,,,,,,,,,
177,case_26,2024-04-10 15:43:30.107402,complete,IV Antibiotics,positive,F,,,,,,,,,,,,,,,,,,,,,,,,,,,
178,case_26,2024-04-10 17:09:55.107402,complete,Leucocytes,positive,L,,YA,73.0,2212.0,,,,,,,,,,,,,,,,,,,,,,,
179,case_26,2024-04-10 18:24:21.107402,complete,Leucocytes,positive,I,,YC,21.0,2.0,,,,,,,,,,,,,,,,,,,,,,,
180,case_26,2024-04-10 19:24:52.107402,complete,CRP,positive,I,,NB,20.0,,53.0,,,,,,,,,,,,,,,,,,,,,,
181,case_26,2024-04-10 20:05:32.107402,complete,CRP,positive,Y,,UB,20.0,,51.0,,,,,,,,,,,,,,,,,,,,,,
182,case_26,2024-04-10 20:38:59.107402,complete,Admission NC,positive,F,,,,,,,,,,,,,,,,,,,,,,,,,,,
183,case_26,2024-04-10 22:34:29.107402,complete,Admission NC,positive,F,,,,,,,,,,,,,,,,,,,,,,,,,,,
184,case_26,2024-04-10 22:55:34.107402,complete,LacticAcid,positive,L,9.0,,,,,,,,,,,,,,,,,,,,,,,,,,
185,case_27,2024-04-10 15:47:16.107402,complete,CRP,positive,J,,YA,20.0,,2593.0,,,,,,,,,,,,,,,,,,,,,,
186,case_27,2024-04-10 16:46:45.107402,complete,Admission NC,positive,F,,,,,,,,,,,,,,,,,,,,,,,,,,,
187,case_27,2024-04-10 18:23:56.107402,complete,Leucocytes,positive,I,,YB,20.0,2.0,,,,,,,,,,,,,,,,,,,,,,,
188,case_27,2024-04-10 19:19:36.107402,complete,CRP,positive,I,,NB,20.0,,54.0,,,,,,,,,,,,,,,,,,,,,,
189,case_27,2024-04-10 19:58:32.107402,complete,CRP,positive,L,,EB,22.0,,3253.0,,,,,,,,,,,,,,,,,,,,,,
190,case_27,2024-04-10 20:53:28.107402,complete,CRP,positive,J,,HE,21.0,,1970.0,,,,,,,,,,,,,,,,,,,,,,
191,case_27,2024-04-10 22:24:57.107402,complete,CRP,positive,I,,HE,20.0,,4997.0,,,,,,,,,,,,,,,,,,,,,,
192,case_27,2024-04-10 23:27:35.107402,complete,Admission NC,positive,L,,,,,,,,,,,,,,,,,,,,,,,,,,,
193,case_28,2024-04-10 16:13:13.107402,complete,CRP,positive,E,,YA,22.0,,52.0,,,,,,,,,,,,,,,,,,,,,,
194,case_28,2024-04-10 17:02:10.107402,complete,CRP,positive,L,,YC,20.0,,50.0,,,,,,,,,,,,,,,,,,,,,,
195,case_28,2024-04-10 18:19:29.107402,complete,CRP,positive,I,,HE,21.0,,4963.0,,,,,,,,,,,,,,,,,,,,,,
196,case_28,2024-04-10 18:47:08.107402,complete,CRP,positive,I,,VC,20.0,,3062.0,,,,,,,,,,,,,,,,,,,,,,
197,case_28,2024-04-10 19:40:40.107402,complete,Leucocytes,positive,K,,DA,23.0,138.0,,,,,,,,,,,,,,,,,,,,,,,
198,case_28,2024-04-10 20:46:32.107402,complete,Admission NC,positive,F,,,,,,,,,,,,,,,,,,,,,,,,,,,
199,case_28,2024-04-10 22:08:00.107402,complete,CRP,positive,I,,HE,21.0,,50.0,,,,,,,,,,,,,,,,,,,,,,
200,case_28,2024-04-10 23:21:43.107402,complete,Admission NC,positive,F,,,,,,,,,,,,,,,,,,,,,,,,,,,
201,case_29,2024-04-10 16:14:40.107402,complete,Release B,positive,E,,,,,,,,,,,,,,,,,,,,,,,,,,,
202,case_29,2024-04-10 17:34:53.107402,complete,Leucocytes,positive,I,,YA,22.0,2212.0,,,,,,,,,,,,,,,,,,,,,,,
203,case_29,2024-04-10 18:24:28.107402,complete,CRP,positive,L,,HC,20.0,,3190.0,,,,,,,,,,,,,,,,,,,,,,
204,case_29,2024-04-10 19:24:07.107402,complete,Admission NC,positive,F,,,,,,,,,,,,,,,,,,,,,,,,,,,
205,case_29,2024-04-10 19:54:20.107402,complete,Admission NC,positive,J,,,,,,,,,,,,,,,,,,,,,,,,,,,
206,case_29,2024-04-10 21:01:43.107402,complete,CRP,positive,L,,HD,21.0,,51.0,,,,,,,,,,,,,,,,,,,,,,
207,case_29,2024-04-10 22:19:57.107402,complete,CRP,positive,F,,HE,20.0,,54.0,,,,,,,,,,,,,,,,,,,,,,
208,case_29,2024-04-10 22:59:52.107402,complete,CRP,positive,E,,HE,34.0,,2515.0,,,,,,,,,,,,,,,,,,,,,,
