,case:concept:name,time:timestamp,lifecycle:transition,concept:name,case:label,org:group,Diagnose,Age,InfectionSuspected,DiagnosticBlood,DisfuncOrg,SIRSCritTachypnea,Hypotensie,SIRSCritHeartRate,Infusion,DiagnosticArtAstrup,DiagnosticIC,DiagnosticSputum,DiagnosticLiquor,DiagnosticOther,SIRSCriteria2OrMore,DiagnosticXthorax,SIRSCritTemperature,DiagnosticUrinaryCulture,SIRSCritLeucos,Oligurie,DiagnosticLacticAcid,Hypoxie,DiagnosticUrinarySediment,DiagnosticECG,CRP,LacticAcid,Leucocytes
0,case_0,2024-04-10 15:43:06.031285,complete,Return ER,positive,?,,,,,,,,,,,,,,,,,,,,,,,,,,,
1,case_0,2024-04-10 16:45:19.031285,complete,ER Registration,positive,Y,HE,88.0,false,false,true,false,false,false,false,true,false,false,true,true,false,false,false,false,false,true,false,true,false,false,,,
2,case_0,2024-04-10 18:19:13.031285,complete,ER Registration,positive,Y,HE,81.0,false,false,false,false,true,false,false,true,false,false,false,true,false,false,false,false,true,true,false,true,true,false,,,
3,case_0,2024-04-10 18:46:26.031285,complete,Admission NC,positive,F,,,,,,,,,,,,,,,,,,,,,,,,,,,
4,case_0,2024-04-10 19:56:06.031285,complete,ER Registration,positive,Y,HE,90.0,false,false,false,false,true,false,true,true,false,false,true,true,false,false,false,false,true,true,false,true,true,false,,,
5,case_0,2024-04-10 21:07:37.031285,complete,Release B,positive,E,,,,,,,,,,,,,,,,,,,,,,,,,,,
6,case_0,2024-04-10 22:04:16.031285,complete,Admission NC,positive,K,,,,,,,,,,,,,,,,,,,,,,,,,,,
7,case_0,2024-04-10 23:18:52.031285,complete,Release B,positive,E,,,,,,,,,,,,,,,,,,,,,,,,,,,
8,case_0,2024-04-10 23:47:54.031285,complete,ER Registration,positive,Y,WD,87.0,false,false,true,false,true,false,true,true,false,true,true,true,false,false,true,false,true,true,false,false,true,false,,,
9,case_1,2024-04-10 16:19:07.031285,complete,IV Antibiotics,positive,L,,,,,,,,,,,,,,,,,,,,,,,,,,,
10,case_1,2024-04-10 16:40:02.031285,complete,IV Antibiotics,positive,L,,,,,,,,,,,,,,,,,,,,,,,,,,,
11,case_1,2024-04-10 17:50:34.031285,complete,IV Antibiotics,positive,L,,,,,,,,,,,,,,,,,,,,,,,,,,,
12,case_1,2024-04-10 18:44:39.031285,complete,Admission NC,positive,F,,,,,,,,,,,,,,,,,,,,,,,,,,,
13,case_1,2024-04-10 20:35:33.031285,complete,Admission NC,positive,F,,,,,,,,,,,,,,,,,,,,,,,,,,,
14,case_1,2024-04-10 20:43:07.031285,complete,IV Antibiotics,positive,L,,,,,,,,,,,,,,,,,,,,,,,,,,,
15,case_1,2024-04-10 22:20:51.031285,complete,CRP,positive,Y,GB,89.0,,,,,,,,,,,,,,,,,,,,,,,1222.0,,
16,case_1,2024-04-10 22:41:42.031285,complete,IV Antibiotics,positive,L,,,,,,,,,,,,,,,,,,,,,,,,,,,
17,case_1,2024-04-10 23:43:05.031285,complete,IV Antibiotics,positive,L,,,,,,,,,,,,,,,,,,,,,,,,,,,
18,case_2,2024-04-10 15:59:13.031285,complete,IV Antibiotics,positive,L,,,,,,,,,,,,,,,,,,,,,,,,,,,
19,case_2,2024-04-10 16:45:32.031285,complete,CRP,positive,Y,HE,90.0,,,,,,,,,,,,,,,,,,,,,,,4933.0,,
20,case_2,2024-04-10 18:21:49.031285,complete,LacticAcid,positive,Y,,,,,,,,,,,,,,,,,,,,,,,,,,147.0,
21,case_2,2024-04-10 18:44:53.031285,complete,Admission NC,positive,F,,,,,,,,,,,,,,,,,,,,,,,,,,,
22,case_2,2024-04-10 19:42:46.031285,complete,ER Registration,positive,Y,HE,90.0,false,false,true,false,true,false,true,true,false,false,true,true,false,false,false,false,true,true,false,true,true,false,,,
23,case_2,2024-04-10 21:03:01.031285,complete,Admission NC,positive,J,,,,,,,,,,,,,,,,,,,,,,,,,,,
24,case_2,2024-04-10 22:27:01.031285,complete,ER Registration,positive,Y,HE,77.0,false,true,true,false,true,false,true,true,false,false,true,true,false,false,false,false,true,true,false,true,false,false,,,
25,case_2,2024-04-10 23:08:43.031285,complete,IV Antibiotics,positive,L,,,,,,,,,,,,,,,,,,,,,,,,,,,
26,case_2,2024-04-10 23:42:53.031285,complete,ER Registration,positive,Y,HE,87.0,false,false,true,false,true,false,true,true,false,false,true,true,false,false,false,false,true,true,false,false,true,false,,,
27,case_3,2024-04-10 15:40:02.031285,complete,Admission NC,positive,J,,,,,,,,,,,,,,,,,,,,,,,,,,,
28,case_3,2024-04-10 16:50:55.031285,complete,CRP,positive,K,HE,90.0,,,,,,,,,,,,,,,,,,,,,,,2092.0,,
29,case_3,2024-04-10 18:25:33.031285,complete,CRP,positive,Y,HE,89.0,,,,,,,,,,,,,,,,,,,,,,,4752.0,,
30,case_3,2024-04-10 19:18:55.031285,complete,IV Antibiotics,positive,L,,,,,,,,,,,,,,,,,,,,,,,,,,,
31,case_3,2024-04-10 19:55:25.031285,complete,ER Sepsis Triage,positive,L,HE,90.0,,,,,,,,,,,,,,,,,,,,,,,,,
32,case_3,2024-04-10 21:16:28.031285,complete,IV Antibiotics,positive,L,,,,,,,,,,,,,,,,,,,,,,,,,,,
33,case_3,2024-04-10 21:49:40.031285,complete,ER Sepsis Triage,positive,L,HE,89.0,,,,,,,,,,,,,,,,,,,,,,,,,
34,case_3,2024-04-10 22:46:08.031285,complete,IV Antibiotics,positive,L,,,,,,,,,,,,,,,,,,,,,,,,,,,
35,case_3,2024-04-11 00:25:06.031285,complete,Admission NC,positive,F,,,,,,,,,,,,,,,,,,,,,,,,,,,
36,case_4,2024-04-10 15:42:52.031285,complete,Release B,positive,E,,,,,,,,,,,,,,,,,,,,,,,,,,,
37,case_4,2024-04-10 16:49:11.031285,complete,Admission NC,positive,K,,,,,,,,,,,,,,,,,,,,,,,,,,,
38,case_4,2024-04-10 18:02:40.031285,complete,Release B,positive,E,,,,,,,,,,,,,,,,,,,,,,,,,,,
39,case_4,2024-04-10 18:56:44.031285,complete,Release B,positive,E,,,,,,,,,,,,,,,,,,,,,,,,,,,
40,case_4,2024-04-10 20:04:57.031285,complete,Admission NC,positive,K,,,,,,,,,,,,,,,,,,,,,,,,,,,
41,case_4,2024-04-10 21:25:59.031285,complete,Release B,positive,E,,,,,,,,,,,,,,,,,,,,,,,,,,,
42,case_4,2024-04-10 22:09:50.031285,complete,Admission NC,positive,K,,,,,,,,,,,,,,,,,,,,,,,,,,,
43,case_4,2024-04-10 23:20:44.031285,complete,Release B,positive,E,,,,,,,,,,,,,,,,,,,,,,,,,,,
44,case_4,2024-04-11 00:18:33.031285,complete,CRP,positive,Y,GB,87.0,,,,,,,,,,,,,,,,,,,,,,,3297.0,,
45,case_5,2024-04-10 16:35:00.031285,complete,Admission NC,positive,F,,,,,,,,,,,,,,,,,,,,,,,,,,,
46,case_5,2024-04-10 17:23:15.031285,complete,CRP,positive,Y,HE,90.0,,,,,,,,,,,,,,,,,,,,,,,2008.0,,
47,case_5,2024-04-10 17:44:32.031285,complete,CRP,positive,Y,HD,89.0,,,,,,,,,,,,,,,,,,,,,,,3481.0,,
48,case_5,2024-04-10 18:55:10.031285,complete,Release B,positive,E,,,,,,,,,,,,,,,,,,,,,,,,,,,
49,case_5,2024-04-10 20:21:17.031285,complete,IV Antibiotics,positive,L,,,,,,,,,,,,,,,,,,,,,,,,,,,
50,case_5,2024-04-10 21:15:21.031285,complete,ER Sepsis Triage,positive,L,HC,90.0,,,,,,,,,,,,,,,,,,,,,,,,,
51,case_5,2024-04-10 21:39:37.031285,complete,IV Antibiotics,positive,L,,,,,,,,,,,,,,,,,,,,,,,,,,,
52,case_5,2024-04-10 23:35:30.031285,complete,Admission NC,positive,F,,,,,,,,,,,,,,,,,,,,,,,,,,,
53,case_5,2024-04-10 23:49:26.031285,complete,CRP,positive,V,YA,63.0,,,,,,,,,,,,,,,,,,,,,,,5715.0,,
54,case_6,2024-04-10 16:04:48.031285,complete,IV Antibiotics,positive,L,,,,,,,,,,,,,,,,,,,,,,,,,,,
55,case_6,2024-04-10 17:12:14.031285,complete,CRP,positive,K,HE,90.0,,,,,,,,,,,,,,,,,,,,,,,2084.0,,
56,case_6,2024-04-10 18:10:49.031285,complete,CRP,positive,Y,HE,89.0,,,,,,,,,,,,,,,,,,,,,,,4663.0,,
57,case_6,2024-04-10 19:23:41.031285,complete,Release B,positive,E,,,,,,,,,,,,,,,,,,,,,,,,,,,
58,case_6,2024-04-10 19:53:24.031285,complete,IV Antibiotics,positive,L,,,,,,,,,,,,,,,,,,,,,,,,,,,
59,case_6,2024-04-10 21:20:46.031285,complete,ER Sepsis Triage,positive,L,HE,90.0,,,,,,,,,,,,,,,,,,,,,,,,,
60,case_6,2024-04-10 22:00:13.031285,complete,IV Antibiotics,positive,L,,,,,,,,,,,,,,,,,,,,,,,,,,,
61,case_6,2024-04-10 23:27:02.031285,complete,Admission NC,positive,F,,,,,,,,,,,,,,,,,,,,,,,,,,,
62,case_6,2024-04-10 23:41:06.031285,complete,Admission NC,positive,F,,,,,,,,,,,,,,,,,,,,,,,,,,,
63,case_7,2024-04-10 15:40:38.031285,complete,IV Antibiotics,positive,L,,,,,,,,,,,,,,,,,,,,,,,,,,,
64,case_7,2024-04-10 16:56:31.031285,complete,CRP,positive,K,HE,90.0,,,,,,,,,,,,,,,,,,,,,,,2079.0,,
65,case_7,2024-04-10 17:44:40.031285,complete,CRP,positive,Y,HD,89.0,,,,,,,,,,,,,,,,,,,,,,,3662.0,,
66,case_7,2024-04-10 19:32:09.031285,complete,Admission NC,positive,B,,,,,,,,,,,,,,,,,,,,,,,,,,,
67,case_7,2024-04-10 20:15:20.031285,complete,IV Antibiotics,positive,L,,,,,,,,,,,,,,,,,,,,,,,,,,,
68,case_7,2024-04-10 21:13:23.031285,complete,ER Sepsis Triage,positive,L,HE,90.0,,,,,,,,,,,,,,,,,,,,,,,,,
69,case_7,2024-04-10 21:55:40.031285,complete,IV Antibiotics,positive,L,,,,,,,,,,,,,,,,,,,,,,,,,,,
70,case_7,2024-04-10 23:17:27.031285,complete,Admission NC,positive,F,,,,,,,,,,,,,,,,,,,,,,,,,,,
71,case_7,2024-04-11 00:18:58.031285,complete,CRP,positive,X,YA,87.0,,,,,,,,,,,,,,,,,,,,,,,5532.0,,
72,case_8,2024-04-10 16:00:36.031285,complete,CRP,positive,Y,HE,90.0,,,,,,,,,,,,,,,,,,,,,,,1882.0,,
73,case_8,2024-04-10 16:55:27.031285,complete,Admission NC,positive,J,,,,,,,,,,,,,,,,,,,,,,,,,,,
74,case_8,2024-04-10 18:37:24.031285,complete,ER Registration,positive,Y,HE,81.0,false,false,true,false,true,false,false,true,false,false,false,true,false,false,false,false,true,true,false,true,true,false,,,
75,case_8,2024-04-10 19:33:15.031285,complete,Leucocytes,positive,Y,HE,90.0,,,,,,,,,,,,,,,,,,,,,,,,,137.0
76,case_8,2024-04-10 19:53:37.031285,complete,ER Triage,positive,C,HE,45.0,,,,,,,,,,,,,,,,,,,,,,,,,
77,case_8,2024-04-10 21:05:42.031285,complete,ER Triage,positive,C,HE,90.0,,,,,,,,,,,,,,,,,,,,,,,,,
78,case_8,2024-04-10 22:32:07.031285,complete,ER Registration,positive,Y,HE,89.0,true,true,true,false,true,false,true,true,true,false,false,true,true,false,true,false,false,true,true,true,false,true,,,
79,case_8,2024-04-10 23:34:52.031285,complete,Admission NC,positive,F,,,,,,,,,,,,,,,,,,,,,,,,,,,
80,case_8,2024-04-11 00:05:46.031285,complete,ER Registration,positive,Y,HE,87.0,false,false,true,false,false,false,true,true,false,false,true,true,false,false,false,false,false,true,false,false,true,false,,,
81,case_9,2024-04-10 16:34:24.031285,complete,Admission NC,positive,F,,,,,,,,,,,,,,,,,,,,,,,,,,,
82,case_9,2024-04-10 16:46:41.031285,complete,Admission NC,positive,F,,,,,,,,,,,,,,,,,,,,,,,,,,,
83,case_9,2024-04-10 18:05:33.031285,complete,Admission NC,positive,Y,,,,,,,,,,,,,,,,,,,,,,,,,,,
84,case_9,2024-04-10 18:46:17.031285,complete,IV Antibiotics,positive,L,,,,,,,,,,,,,,,,,,,,,,,,,,,
85,case_9,2024-04-10 19:55:39.031285,complete,IV Antibiotics,positive,L,,,,,,,,,,,,,,,,,,,,,,,,,,,
86,case_9,2024-04-10 21:32:09.031285,complete,ER Sepsis Triage,positive,L,HE,90.0,,,,,,,,,,,,,,,,,,,,,,,,,
87,case_9,2024-04-10 21:50:49.031285,complete,IV Antibiotics,positive,L,,,,,,,,,,,,,,,,,,,,,,,,,,,
88,case_9,2024-04-10 23:17:59.031285,complete,Admission NC,positive,F,,,,,,,,,,,,,,,,,,,,,,,,,,,
89,case_9,2024-04-10 23:46:54.031285,complete,CRP,positive,G,K,87.0,,,,,,,,,,,,,,,,,,,,,,,2929.0,,
90,case_10,2024-04-10 15:49:17.031285,complete,CRP,positive,Y,HE,82.0,,,,,,,,,,,,,,,,,,,,,,,5021.0,,
91,case_10,2024-04-10 17:06:50.031285,complete,Admission NC,positive,J,,,,,,,,,,,,,,,,,,,,,,,,,,,
92,case_10,2024-04-10 18:32:38.031285,complete,Admission IC,positive,Y,,,,,,,,,,,,,,,,,,,,,,,,,,,
93,case_10,2024-04-10 18:59:53.031285,complete,Admission NC,positive,F,,,,,,,,,,,,,,,,,,,,,,,,,,,
94,case_10,2024-04-10 20:01:28.031285,complete,Admission NC,positive,F,,,,,,,,,,,,,,,,,,,,,,,,,,,
95,case_10,2024-04-10 21:28:37.031285,complete,Admission NC,positive,Y,,,,,,,,,,,,,,,,,,,,,,,,,,,
96,case_10,2024-04-10 22:09:46.031285,complete,Admission NC,positive,F,,,,,,,,,,,,,,,,,,,,,,,,,,,
97,case_10,2024-04-10 22:42:00.031285,complete,Admission NC,positive,F,,,,,,,,,,,,,,,,,,,,,,,,,,,
98,case_10,2024-04-11 00:05:04.031285,complete,ER Registration,positive,Y,HE,87.0,false,false,true,false,true,false,true,true,false,false,true,true,false,false,false,false,true,true,false,false,true,false,,,
99,case_11,2024-04-10 15:48:04.031285,complete,Release B,positive,E,,,,,,,,,,,,,,,,,,,,,,,,,,,
100,case_11,2024-04-10 16:52:28.031285,complete,Admission NC,positive,F,,,,,,,,,,,,,,,,,,,,,,,,,,,
101,case_11,2024-04-10 17:41:53.031285,complete,ER Triage,positive,C,HE,90.0,,,,,,,,,,,,,,,,,,,,,,,,,
102,case_11,2024-04-10 19:13:31.031285,complete,ER Triage,positive,Y,HE,90.0,,,,,,,,,,,,,,,,,,,,,,,,,
103,case_11,2024-04-10 20:22:53.031285,complete,LacticAcid,positive,Y,,,,,,,,,,,,,,,,,,,,,,,,,,8.0,
104,case_11,2024-04-10 20:38:10.031285,complete,Leucocytes,positive,Y,HE,90.0,,,,,,,,,,,,,,,,,,,,,,,,,3813.0
105,case_11,2024-04-10 22:33:51.031285,complete,ER Triage,positive,C,HE,90.0,,,,,,,,,,,,,,,,,,,,,,,,,
106,case_11,2024-04-10 23:14:01.031285,complete,Admission NC,positive,F,,,,,,,,,,,,,,,,,,,,,,,,,,,
107,case_12,2024-04-10 15:41:29.031285,complete,CRP,positive,Y,HE,90.0,,,,,,,,,,,,,,,,,,,,,,,4121.0,,
108,case_12,2024-04-10 16:44:06.031285,complete,Release A,positive,J,,,,,,,,,,,,,,,,,,,,,,,,,,,
109,case_12,2024-04-10 17:55:37.031285,complete,ER Triage,positive,C,HE,89.0,,,,,,,,,,,,,,,,,,,,,,,,,
110,case_12,2024-04-10 18:43:16.031285,complete,Admission NC,positive,Y,,,,,,,,,,,,,,,,,,,,,,,,,,,
111,case_12,2024-04-10 20:12:50.031285,complete,Release B,positive,E,,,,,,,,,,,,,,,,,,,,,,,,,,,
112,case_12,2024-04-10 20:41:00.031285,complete,Admission NC,positive,Y,,,,,,,,,,,,,,,,,,,,,,,,,,,
113,case_12,2024-04-10 22:29:16.031285,complete,CRP,positive,Y,HE,89.0,,,,,,,,,,,,,,,,,,,,,,,1935.0,,
114,case_12,2024-04-10 22:41:13.031285,complete,CRP,positive,H,HC,43.0,,,,,,,,,,,,,,,,,,,,,,,4065.0,,
115,case_13,2024-04-10 16:17:30.031285,complete,CRP,positive,Y,HE,90.0,,,,,,,,,,,,,,,,,,,,,,,3731.0,,
116,case_13,2024-04-10 17:05:13.031285,complete,Release A,positive,Y,,,,,,,,,,,,,,,,,,,,,,,,,,,
117,case_13,2024-04-10 18:23:44.031285,complete,CRP,positive,Y,HE,89.0,,,,,,,,,,,,,,,,,,,,,,,5709.0,,
118,case_13,2024-04-10 19:18:18.031285,complete,Admission NC,positive,J,,,,,,,,,,,,,,,,,,,,,,,,,,,
119,case_13,2024-04-10 20:14:14.031285,complete,Admission NC,positive,J,,,,,,,,,,,,,,,,,,,,,,,,,,,
120,case_13,2024-04-10 21:36:46.031285,complete,ER Triage,positive,C,HE,90.0,,,,,,,,,,,,,,,,,,,,,,,,,
121,case_13,2024-04-10 21:56:02.031285,complete,Admission NC,positive,J,,,,,,,,,,,,,,,,,,,,,,,,,,,
122,case_13,2024-04-10 22:52:31.031285,complete,CRP,positive,Y,HD,43.0,,,,,,,,,,,,,,,,,,,,,,,4271.0,,
123,case_14,2024-04-10 15:58:30.031285,complete,Return ER,positive,?,,,,,,,,,,,,,,,,,,,,,,,,,,,
124,case_14,2024-04-10 16:56:57.031285,complete,Release B,positive,E,,,,,,,,,,,,,,,,,,,,,,,,,,,
125,case_14,2024-04-10 18:22:57.031285,complete,Admission NC,positive,K,,,,,,,,,,,,,,,,,,,,,,,,,,,
126,case_14,2024-04-10 19:01:06.031285,complete,Release B,positive,E,,,,,,,,,,,,,,,,,,,,,,,,,,,
127,case_14,2024-04-10 19:55:50.031285,complete,Admission NC,positive,K,,,,,,,,,,,,,,,,,,,,,,,,,,,
128,case_14,2024-04-10 20:52:01.031285,complete,Release B,positive,E,,,,,,,,,,,,,,,,,,,,,,,,,,,
129,case_14,2024-04-10 22:15:56.031285,complete,Admission NC,positive,K,,,,,,,,,,,,,,,,,,,,,,,,,,,
130,case_14,2024-04-10 23:27:04.031285,complete,Release B,positive,E,,,,,,,,,,,,,,,,,,,,,,,,,,,
131,case_14,2024-04-10 23:39:27.031285,complete,Admission NC,positive,K,,,,,,,,,,,,,,,,,,,,,,,,,,,
132,case_14,2024-04-11 01:08:28.031285,complete,Release B,positive,E,,,,,,,,,,,,,,,,,,,,,,,,,,,
133,case_15,2024-04-10 16:25:29.031285,complete,LacticAcid,positive,W,,,,,,,,,,,,,,,,,,,,,,,,,,148.0,
134,case_15,2024-04-10 17:24:00.031285,complete,Release B,positive,E,,,,,,,,,,,,,,,,,,,,,,,,,,,
135,case_15,2024-04-10 18:00:16.031285,complete,Admission NC,positive,K,,,,,,,,,,,,,,,,,,,,,,,,,,,
136,case_15,2024-04-10 19:18:56.031285,complete,Release B,positive,E,,,,,,,,,,,,,,,,,,,,,,,,,,,
137,case_15,2024-04-10 20:33:47.031285,complete,Admission NC,positive,K,,,,,,,,,,,,,,,,,,,,,,,,,,,
138,case_15,2024-04-10 20:55:53.031285,complete,Release B,positive,E,,,,,,,,,,,,,,,,,,,,,,,,,,,
139,case_15,2024-04-10 22:05:23.031285,complete,Admission NC,positive,K,,,,,,,,,,,,,,,,,,,,,,,,,,,
140,case_15,2024-04-10 22:44:48.031285,complete,Release B,positive,E,,,,,,,,,,,,,,,,,,,,,,,,,,,
141,case_15,2024-04-11 00:31:56.031285,complete,Admission NC,positive,K,,,,,,,,,,,,,,,,,,,,,,,,,,,
142,case_15,2024-04-11 00:50:17.031285,complete,Release B,positive,E,,,,,,,,,,,,,,,,,,,,,,,,,,,
143,case_16,2024-04-10 16:33:59.031285,complete,Admission NC,positive,J,,,,,,,,,,,,,,,,,,,,,,,,,,,
144,case_16,2024-04-10 17:35:19.031285,complete,Admission NC,positive,R,,,,,,,,,,,,,,,,,,,,,,,,,,,
145,case_16,2024-04-10 17:48:40.031285,complete,Return ER,positive,E,,,,,,,,,,,,,,,,,,,,,,,,,,,
146,case_16,2024-04-10 19:04:30.031285,complete,ER Triage,positive,?,CE,20.0,,,,,,,,,,,,,,,,,,,,,,,,,
147,case_16,2024-04-10 20:00:06.031285,complete,Return ER,positive,E,,,,,,,,,,,,,,,,,,,,,,,,,,,
148,case_16,2024-04-10 21:34:47.031285,complete,Return ER,positive,?,,,,,,,,,,,,,,,,,,,,,,,,,,,
149,case_16,2024-04-10 22:33:21.031285,complete,LacticAcid,positive,?,,,,,,,,,,,,,,,,,,,,,,,,,,38.0,
150,case_16,2024-04-10 23:14:27.031285,complete,Admission NC,positive,F,,,,,,,,,,,,,,,,,,,,,,,,,,,
151,case_16,2024-04-11 00:29:26.031285,complete,Admission NC,positive,F,,,,,,,,,,,,,,,,,,,,,,,,,,,
152,case_16,2024-04-11 00:50:51.031285,complete,LacticAcid,positive,L,,,,,,,,,,,,,,,,,,,,,,,,,,90.0,
153,case_17,2024-04-10 16:33:56.031285,complete,Admission NC,positive,J,,,,,,,,,,,,,,,,,,,,,,,,,,,
154,case_17,2024-04-10 17:35:41.031285,complete,Admission NC,positive,X,,,,,,,,,,,,,,,,,,,,,,,,,,,
155,case_17,2024-04-10 18:27:04.031285,complete,Admission NC,positive,J,,,,,,,,,,,,,,,,,,,,,,,,,,,
156,case_17,2024-04-10 18:40:48.031285,complete,Admission NC,positive,?,,,,,,,,,,,,,,,,,,,,,,,,,,,
157,case_17,2024-04-10 20:17:20.031285,complete,Release A,positive,I,,,,,,,,,,,,,,,,,,,,,,,,,,,
158,case_17,2024-04-10 20:39:40.031285,complete,Admission NC,positive,F,,,,,,,,,,,,,,,,,,,,,,,,,,,
159,case_17,2024-04-10 21:51:08.031285,complete,Return ER,positive,?,,,,,,,,,,,,,,,,,,,,,,,,,,,
160,case_17,2024-04-10 23:18:42.031285,complete,Admission NC,positive,F,,,,,,,,,,,,,,,,,,,,,,,,,,,
161,case_17,2024-04-11 00:00:53.031285,complete,LacticAcid,positive,I,,,,,,,,,,,,,,,,,,,,,,,,,,101.0,
162,case_17,2024-04-11 01:21:41.031285,complete,Admission NC,positive,J,,,,,,,,,,,,,,,,,,,,,,,,,,,
163,case_18,2024-04-10 15:57:43.031285,complete,Release B,positive,E,,,,,,,,,,,,,,,,,,,,,,,,,,,
164,case_18,2024-04-10 17:29:36.031285,complete,Admission NC,positive,T,,,,,,,,,,,,,,,,,,,,,,,,,,,
165,case_18,2024-04-10 18:37:16.031285,complete,LacticAcid,positive,I,,,,,,,,,,,,,,,,,,,,,,,,,,31.0,
166,case_18,2024-04-10 19:06:48.031285,complete,Admission NC,positive,L,,,,,,,,,,,,,,,,,,,,,,,,,,,
167,case_18,2024-04-10 20:05:32.031285,complete,Admission NC,positive,F,,,,,,,,,,,,,,,,,,,,,,,,,,,
168,case_18,2024-04-10 21:07:55.031285,complete,Admission NC,positive,F,,,,,,,,,,,,,,,,,,,,,,,,,,,
169,case_18,2024-04-10 22:09:15.031285,complete,Admission NC,positive,J,,,,,,,,,,,,,,,,,,,,,,,,,,,
170,case_18,2024-04-10 23:35:55.031285,complete,Admission NC,positive,J,,,,,,,,,,,,,,,,,,,,,,,,,,,
171,case_18,2024-04-11 00:04:52.031285,complete,Admission NC,positive,J,,,,,,,,,,,,,,,,,,,,,,,,,,,
172,case_18,2024-04-11 00:37:50.031285,complete,Admission NC,positive,L,,,,,,,,,,,,,,,,,,,,,,,,,,,
173,case_19,2024-04-10 16:25:40.031285,complete,Admission NC,positive,J,,,,,,,,,,,,,,,,,,,,,,,,,,,
174,case_19,2024-04-10 16:59:11.031285,complete,Release B,positive,E,,,,,,,,,,,,,,,,,,,,,,,,,,,
175,case_19,2024-04-10 18:26:59.031285,complete,LacticAcid,positive,I,,,,,,,,,,,,,,,,,,,,,,,,,,65.0,
176,case_19,2024-04-10 19:10:35.031285,complete,Admission NC,positive,?,,,,,,,,,,,,,,,,,,,,,,,,,,,
177,case_19,2024-04-10 20:28:03.031285,complete,ER Triage,positive,I,UA,20.0,,,,,,,,,,,,,,,,,,,,,,,,,
178,case_19,2024-04-10 20:59:27.031285,complete,Admission NC,positive,F,,,,,,,,,,,,,,,,,,,,,,,,,,,
179,case_19,2024-04-10 21:38:48.031285,complete,LacticAcid,positive,I,,,,,,,,,,,,,,,,,,,,,,,,,,11.0,
180,case_19,2024-04-10 22:56:24.031285,complete,Return ER,positive,?,,,,,,,,,,,,,,,,,,,,,,,,,,,
181,case_19,2024-04-11 00:10:50.031285,complete,LacticAcid,positive,I,,,,,,,,,,,,,,,,,,,,,,,,,,101.0,
182,case_19,2024-04-11 00:58:55.031285,complete,LacticAcid,positive,L,,,,,,,,,,,,,,,,,,,,,,,,,,76.0,
183,case_20,2024-04-10 16:35:56.031285,complete,Admission NC,positive,J,,,,,,,,,,,,,,,,,,,,,,,,,,,
184,case_20,2024-04-10 17:37:06.031285,complete,Admission NC,positive,F,,,,,,,,,,,,,,,,,,,,,,,,,,,
185,case_20,2024-04-10 18:15:59.031285,complete,LacticAcid,positive,I,,,,,,,,,,,,,,,,,,,,,,,,,,28.0,
186,case_20,2024-04-10 19:21:40.031285,complete,Admission NC,positive,L,,,,,,,,,,,,,,,,,,,,,,,,,,,
187,case_20,2024-04-10 19:47:21.031285,complete,Admission NC,positive,F,,,,,,,,,,,,,,,,,,,,,,,,,,,
188,case_20,2024-04-10 20:48:24.031285,complete,Admission NC,positive,F,,,,,,,,,,,,,,,,,,,,,,,,,,,
189,case_20,2024-04-10 22:07:50.031285,complete,Admission NC,positive,F,,,,,,,,,,,,,,,,,,,,,,,,,,,
190,case_20,2024-04-10 23:11:16.031285,complete,IV Antibiotics,positive,L,,,,,,,,,,,,,,,,,,,,,,,,,,,
191,case_20,2024-04-11 00:02:46.031285,complete,ER Sepsis Triage,positive,L,HE,20.0,,,,,,,,,,,,,,,,,,,,,,,,,
192,case_20,2024-04-11 01:06:59.031285,complete,IV Antibiotics,positive,L,,,,,,,,,,,,,,,,,,,,,,,,,,,
193,case_21,2024-04-10 15:52:29.031285,complete,IV Antibiotics,positive,L,,,,,,,,,,,,,,,,,,,,,,,,,,,
194,case_21,2024-04-10 17:04:42.031285,complete,IV Antibiotics,positive,L,,,,,,,,,,,,,,,,,,,,,,,,,,,
195,case_21,2024-04-10 18:06:02.031285,complete,Release B,positive,E,,,,,,,,,,,,,,,,,,,,,,,,,,,
196,case_21,2024-04-10 18:41:58.031285,complete,Admission NC,positive,F,,,,,,,,,,,,,,,,,,,,,,,,,,,
197,case_21,2024-04-10 20:29:37.031285,complete,IV Antibiotics,positive,L,,,,,,,,,,,,,,,,,,,,,,,,,,,
198,case_21,2024-04-10 21:01:13.031285,complete,Admission NC,positive,F,,,,,,,,,,,,,,,,,,,,,,,,,,,
199,case_22,2024-04-10 15:42:08.031285,complete,CRP,positive,Y,HE,90.0,,,,,,,,,,,,,,,,,,,,,,,5518.0,,
200,case_22,2024-04-10 17:08:40.031285,complete,CRP,positive,Y,FB,90.0,,,,,,,,,,,,,,,,,,,,,,,5730.0,,
201,case_22,2024-04-10 18:37:04.031285,complete,CRP,positive,Y,GA,89.0,,,,,,,,,,,,,,,,,,,,,,,547.0,,
202,case_22,2024-04-10 18:42:01.031285,complete,Admission NC,positive,F,,,,,,,,,,,,,,,,,,,,,,,,,,,
203,case_22,2024-04-10 20:06:32.031285,complete,IV Antibiotics,positive,L,,,,,,,,,,,,,,,,,,,,,,,,,,,
204,case_22,2024-04-10 21:07:22.031285,complete,Admission NC,positive,F,,,,,,,,,,,,,,,,,,,,,,,,,,,
205,case_23,2024-04-10 15:41:15.031285,complete,CRP,positive,Y,HE,90.0,,,,,,,,,,,,,,,,,,,,,,,5518.0,,
206,case_23,2024-04-10 17:04:14.031285,complete,CRP,positive,Y,HE,90.0,,,,,,,,,,,,,,,,,,,,,,,5730.0,,
207,case_23,2024-04-10 18:34:02.031285,complete,CRP,positive,Y,GA,89.0,,,,,,,,,,,,,,,,,,,,,,,499.0,,
208,case_23,2024-04-10 18:40:11.031285,complete,Admission NC,positive,F,,,,,,,,,,,,,,,,,,,,,,,,,,,
209,case_23,2024-04-10 19:44:51.031285,complete,IV Antibiotics,positive,L,,,,,,,,,,,,,,,,,,,,,,,,,,,
210,case_23,2024-04-10 21:16:46.031285,complete,Admission NC,positive,F,,,,,,,,,,,,,,,,,,,,,,,,,,,
211,case_24,2024-04-10 15:42:57.031285,complete,Admission NC,positive,J,,,,,,,,,,,,,,,,,,,,,,,,,,,
212,case_24,2024-04-10 16:44:38.031285,complete,CRP,positive,Y,HE,90.0,,,,,,,,,,,,,,,,,,,,,,,5730.0,,
213,case_24,2024-04-10 17:58:45.031285,complete,CRP,positive,Y,HE,89.0,,,,,,,,,,,,,,,,,,,,,,,358.0,,
214,case_24,2024-04-10 18:48:10.031285,complete,Release B,positive,E,,,,,,,,,,,,,,,,,,,,,,,,,,,
215,case_24,2024-04-10 20:06:25.031285,complete,Admission NC,positive,K,,,,,,,,,,,,,,,,,,,,,,,,,,,
216,case_24,2024-04-10 20:52:43.031285,complete,Release B,positive,E,,,,,,,,,,,,,,,,,,,,,,,,,,,
217,case_25,2024-04-10 15:44:53.031285,complete,Admission NC,positive,J,,,,,,,,,,,,,,,,,,,,,,,,,,,
218,case_25,2024-04-10 17:28:53.031285,complete,Admission NC,positive,J,,,,,,,,,,,,,,,,,,,,,,,,,,,
219,case_25,2024-04-10 18:18:00.031285,complete,Admission IC,positive,J,,,,,,,,,,,,,,,,,,,,,,,,,,,
220,case_25,2024-04-10 19:24:59.031285,complete,Admission NC,positive,J,,,,,,,,,,,,,,,,,,,,,,,,,,,
221,case_25,2024-04-10 20:06:12.031285,complete,Release B,positive,E,,,,,,,,,,,,,,,,,,,,,,,,,,,
222,case_26,2024-04-10 15:46:07.031285,complete,Admission NC,positive,J,,,,,,,,,,,,,,,,,,,,,,,,,,,
223,case_26,2024-04-10 17:15:17.031285,complete,Admission IC,positive,J,,,,,,,,,,,,,,,,,,,,,,,,,,,
224,case_26,2024-04-10 18:16:47.031285,complete,Admission NC,positive,J,,,,,,,,,,,,,,,,,,,,,,,,,,,
225,case_26,2024-04-10 19:21:17.031285,complete,Admission IC,positive,J,,,,,,,,,,,,,,,,,,,,,,,,,,,
226,case_26,2024-04-10 19:56:29.031285,complete,Admission NC,positive,J,,,,,,,,,,,,,,,,,,,,,,,,,,,
227,case_27,2024-04-10 16:24:18.031285,complete,Return ER,positive,?,,,,,,,,,,,,,,,,,,,,,,,,,,,
228,case_27,2024-04-10 17:10:29.031285,complete,Admission NC,positive,Y,,,,,,,,,,,,,,,,,,,,,,,,,,,
229,case_27,2024-04-10 17:37:57.031285,complete,Release B,positive,E,,,,,,,,,,,,,,,,,,,,,,,,,,,
230,case_27,2024-04-10 19:08:48.031285,complete,Admission NC,positive,K,,,,,,,,,,,,,,,,,,,,,,,,,,,
231,case_27,2024-04-10 20:12:41.031285,complete,Release B,positive,E,,,,,,,,,,,,,,,,,,,,,,,,,,,
232,case_28,2024-04-10 16:33:50.031285,complete,Admission NC,positive,J,,,,,,,,,,,,,,,,,,,,,,,,,,,
233,case_28,2024-04-10 17:00:36.031285,complete,Admission NC,positive,P,,,,,,,,,,,,,,,,,,,,,,,,,,,
234,case_28,2024-04-10 17:54:04.031285,complete,Admission NC,positive,J,,,,,,,,,,,,,,,,,,,,,,,,,,,
235,case_28,2024-04-10 18:57:47.031285,complete,Admission NC,positive,F,,,,,,,,,,,,,,,,,,,,,,,,,,,
236,case_28,2024-04-10 20:05:12.031285,complete,Return ER,positive,?,,,,,,,,,,,,,,,,,,,,,,,,,,,
237,case_29,2024-04-10 16:01:44.031285,complete,Release B,positive,E,,,,,,,,,,,,,,,,,,,,,,,,,,,
238,case_29,2024-04-10 17:27:46.031285,complete,Admission NC,positive,K,,,,,,,,,,,,,,,,,,,,,,,,,,,
239,case_29,2024-04-10 17:42:53.031285,complete,Release B,positive,E,,,,,,,,,,,,,,,,,,,,,,,,,,,
240,case_29,2024-04-10 18:56:54.031285,complete,Admission NC,positive,K,,,,,,,,,,,,,,,,,,,,,,,,,,,
241,case_29,2024-04-10 20:30:46.031285,complete,Release B,positive,E,,,,,,,,,,,,,,,,,,,,,,,,,,,
242,case_29,2024-04-10 21:00:33.031285,complete,Admission NC,positive,K,,,,,,,,,,,,,,,,,,,,,,,,,,,
243,case_29,2024-04-10 22:04:43.031285,complete,Release B,positive,E,,,,,,,,,,,,,,,,,,,,,,,,,,,
