,case:concept:name,time:timestamp,lifecycle:transition,concept:name,case:label,org:group,Diagnose,Age,Leucocytes,LacticAcid,InfectionSuspected,DiagnosticBlood,DisfuncOrg,SIRSCritTachypnea,Hypotensie,SIRSCritHeartRate,Infusion,DiagnosticArtAstrup,DiagnosticIC,DiagnosticSputum,DiagnosticLiquor,DiagnosticOther,SIRSCriteria2OrMore,DiagnosticXthorax,SIRSCritTemperature,DiagnosticUrinaryCulture,SIRSCritLeucos,Oligurie,DiagnosticLacticAcid,Hypoxie,DiagnosticUrinarySediment,DiagnosticECG,CRP
0,case_0,2024-04-10 16:34:28.014463,complete,Leucocytes,positive,Y,HE,90.0,124.0,,,,,,,,,,,,,,,,,,,,,,,,
1,case_0,2024-04-10 16:48:01.014463,complete,Return ER,positive,Y,,,,,,,,,,,,,,,,,,,,,,,,,,,
2,case_0,2024-04-10 17:59:24.014463,complete,Return ER,positive,?,,,,,,,,,,,,,,,,,,,,,,,,,,,
3,case_0,2024-04-10 19:29:10.014463,complete,Admission NC,positive,F,,,,,,,,,,,,,,,,,,,,,,,,,,,
4,case_0,2024-04-10 20:08:00.014463,complete,Admission NC,positive,Y,,,,,,,,,,,,,,,,,,,,,,,,,,,
5,case_0,2024-04-10 20:43:24.014463,complete,ER Triage,positive,Y,HE,90.0,,,,,,,,,,,,,,,,,,,,,,,,,
6,case_1,2024-04-10 16:07:23.014463,complete,ER Sepsis Triage,positive,Y,HE,90.0,,,,,,,,,,,,,,,,,,,,,,,,,
7,case_1,2024-04-10 17:17:25.014463,complete,ER Triage,positive,C,HE,90.0,,,,,,,,,,,,,,,,,,,,,,,,,
8,case_1,2024-04-10 18:30:19.014463,complete,ER Triage,positive,C,HE,89.0,,,,,,,,,,,,,,,,,,,,,,,,,
9,case_1,2024-04-10 18:44:32.014463,complete,ER Sepsis Triage,positive,Y,GE,90.0,,,,,,,,,,,,,,,,,,,,,,,,,
10,case_1,2024-04-10 20:10:46.014463,complete,Admission NC,positive,F,,,,,,,,,,,,,,,,,,,,,,,,,,,
11,case_1,2024-04-10 21:00:33.014463,complete,Admission NC,positive,J,,,,,,,,,,,,,,,,,,,,,,,,,,,
12,case_2,2024-04-10 16:28:15.014463,complete,ER Sepsis Triage,positive,Y,HE,90.0,,,,,,,,,,,,,,,,,,,,,,,,,
13,case_2,2024-04-10 17:33:50.014463,complete,ER Triage,positive,C,HE,90.0,,,,,,,,,,,,,,,,,,,,,,,,,
14,case_2,2024-04-10 17:47:38.014463,complete,LacticAcid,positive,Y,,,,8.0,,,,,,,,,,,,,,,,,,,,,,,
15,case_2,2024-04-10 19:12:56.014463,complete,Leucocytes,positive,Y,HE,82.0,3340.0,,,,,,,,,,,,,,,,,,,,,,,,
16,case_2,2024-04-10 20:35:32.014463,complete,Admission NC,positive,F,,,,,,,,,,,,,,,,,,,,,,,,,,,
17,case_2,2024-04-10 20:45:03.014463,complete,Admission NC,positive,F,,,,,,,,,,,,,,,,,,,,,,,,,,,
18,case_3,2024-04-10 16:02:05.014463,complete,Leucocytes,positive,Y,HE,90.0,137.0,,,,,,,,,,,,,,,,,,,,,,,,
19,case_3,2024-04-10 17:20:47.014463,complete,LacticAcid,positive,Y,,,,149.0,,,,,,,,,,,,,,,,,,,,,,,
20,case_3,2024-04-10 17:55:04.014463,complete,Leucocytes,positive,Y,HE,90.0,310.0,,,,,,,,,,,,,,,,,,,,,,,,
21,case_3,2024-04-10 19:09:41.014463,complete,Admission NC,positive,J,,,,,,,,,,,,,,,,,,,,,,,,,,,
22,case_3,2024-04-10 20:05:56.014463,complete,Admission NC,positive,F,,,,,,,,,,,,,,,,,,,,,,,,,,,
23,case_3,2024-04-10 20:52:11.014463,complete,ER Triage,positive,C,HE,90.0,,,,,,,,,,,,,,,,,,,,,,,,,
24,case_4,2024-04-10 15:47:33.014463,complete,Leucocytes,positive,Y,HE,90.0,137.0,,,,,,,,,,,,,,,,,,,,,,,,
25,case_4,2024-04-10 17:11:34.014463,complete,ER Registration,positive,Y,HE,90.0,,,false,false,true,false,true,false,false,true,false,false,true,true,false,false,false,false,true,true,false,true,false,false,
26,case_4,2024-04-10 17:46:37.014463,complete,CRP,positive,Y,HE,90.0,,,,,,,,,,,,,,,,,,,,,,,,,3340.0
27,case_4,2024-04-10 19:02:14.014463,complete,Admission NC,positive,F,,,,,,,,,,,,,,,,,,,,,,,,,,,
28,case_4,2024-04-10 20:31:39.014463,complete,Admission NC,positive,J,,,,,,,,,,,,,,,,,,,,,,,,,,,
29,case_4,2024-04-10 21:32:25.014463,complete,ER Triage,positive,C,HE,90.0,,,,,,,,,,,,,,,,,,,,,,,,,
30,case_5,2024-04-10 16:10:32.014463,complete,Leucocytes,positive,Y,HE,90.0,137.0,,,,,,,,,,,,,,,,,,,,,,,,
31,case_5,2024-04-10 17:17:17.014463,complete,LacticAcid,positive,Y,,,,149.0,,,,,,,,,,,,,,,,,,,,,,,
32,case_5,2024-04-10 17:46:12.014463,complete,Leucocytes,positive,Y,HE,90.0,309.0,,,,,,,,,,,,,,,,,,,,,,,,
33,case_5,2024-04-10 18:48:31.014463,complete,Admission NC,positive,F,,,,,,,,,,,,,,,,,,,,,,,,,,,
34,case_5,2024-04-10 19:43:41.014463,complete,Admission NC,positive,F,,,,,,,,,,,,,,,,,,,,,,,,,,,
35,case_5,2024-04-10 21:11:23.014463,complete,ER Triage,positive,C,HE,90.0,,,,,,,,,,,,,,,,,,,,,,,,,
36,case_6,2024-04-10 15:52:04.014463,complete,Admission NC,positive,F,,,,,,,,,,,,,,,,,,,,,,,,,,,
37,case_6,2024-04-10 16:43:30.014463,complete,CRP,positive,Y,HE,90.0,,,,,,,,,,,,,,,,,,,,,,,,,5730.0
38,case_6,2024-04-10 18:09:11.014463,complete,ER Registration,positive,Y,HE,90.0,,,false,false,true,false,true,false,false,true,false,false,true,true,false,false,false,false,true,true,false,true,false,false,
39,case_6,2024-04-10 18:38:31.014463,complete,LacticAcid,positive,Y,,,,8.0,,,,,,,,,,,,,,,,,,,,,,,
40,case_6,2024-04-10 19:55:27.014463,complete,Leucocytes,positive,Y,HE,24.0,883.0,,,,,,,,,,,,,,,,,,,,,,,,
41,case_6,2024-04-10 20:55:24.014463,complete,Admission NC,positive,F,,,,,,,,,,,,,,,,,,,,,,,,,,,
42,case_7,2024-04-10 16:06:36.014463,complete,CRP,positive,Y,HE,90.0,,,,,,,,,,,,,,,,,,,,,,,,,5303.0
43,case_7,2024-04-10 16:40:21.014463,complete,CRP,positive,Y,HE,90.0,,,,,,,,,,,,,,,,,,,,,,,,,5730.0
44,case_7,2024-04-10 17:46:42.014463,complete,LacticAcid,positive,Y,,,,8.0,,,,,,,,,,,,,,,,,,,,,,,
45,case_7,2024-04-10 18:40:57.014463,complete,Leucocytes,positive,Y,HE,90.0,3532.0,,,,,,,,,,,,,,,,,,,,,,,,
46,case_7,2024-04-10 19:42:31.014463,complete,Admission NC,positive,F,,,,,,,,,,,,,,,,,,,,,,,,,,,
47,case_7,2024-04-10 20:43:39.014463,complete,Admission NC,positive,F,,,,,,,,,,,,,,,,,,,,,,,,,,,
48,case_8,2024-04-10 16:00:19.014463,complete,Admission NC,positive,J,,,,,,,,,,,,,,,,,,,,,,,,,,,
49,case_8,2024-04-10 16:58:37.014463,complete,ER Sepsis Triage,positive,Y,HE,90.0,,,,,,,,,,,,,,,,,,,,,,,,,
50,case_8,2024-04-10 18:11:58.014463,complete,Admission NC,positive,J,,,,,,,,,,,,,,,,,,,,,,,,,,,
51,case_8,2024-04-10 19:20:05.014463,complete,ER Registration,positive,Y,HE,90.0,,,false,false,true,false,true,false,false,true,false,false,true,true,false,false,false,false,true,true,false,true,false,false,
52,case_8,2024-04-10 20:13:17.014463,complete,Release B,positive,E,,,,,,,,,,,,,,,,,,,,,,,,,,,
53,case_8,2024-04-10 21:14:09.014463,complete,Release B,positive,E,,,,,,,,,,,,,,,,,,,,,,,,,,,
54,case_8,2024-04-10 21:41:10.014463,complete,Admission NC,positive,K,,,,,,,,,,,,,,,,,,,,,,,,,,,
55,case_8,2024-04-10 22:41:45.014463,complete,Release B,positive,E,,,,,,,,,,,,,,,,,,,,,,,,,,,
56,case_8,2024-04-10 23:51:27.014463,complete,Return ER,positive,?,,,,,,,,,,,,,,,,,,,,,,,,,,,
57,case_9,2024-04-10 15:37:15.015463,complete,Release B,positive,E,,,,,,,,,,,,,,,,,,,,,,,,,,,
58,case_9,2024-04-10 16:54:47.015463,complete,ER Registration,positive,Y,HE,84.0,,,false,false,true,false,true,false,false,true,false,false,true,true,false,false,false,false,true,true,false,true,false,false,
59,case_9,2024-04-10 18:04:07.015463,complete,Release B,positive,E,,,,,,,,,,,,,,,,,,,,,,,,,,,
60,case_9,2024-04-10 19:18:18.015463,complete,ER Triage,positive,C,HE,90.0,,,,,,,,,,,,,,,,,,,,,,,,,
61,case_9,2024-04-10 20:18:17.015463,complete,Admission NC,positive,J,,,,,,,,,,,,,,,,,,,,,,,,,,,
62,case_9,2024-04-10 21:07:32.015463,complete,Admission NC,positive,F,,,,,,,,,,,,,,,,,,,,,,,,,,,
63,case_9,2024-04-10 22:09:48.015463,complete,ER Triage,positive,C,HE,89.0,,,,,,,,,,,,,,,,,,,,,,,,,
64,case_9,2024-04-10 23:09:05.015463,complete,IV Antibiotics,positive,L,,,,,,,,,,,,,,,,,,,,,,,,,,,
65,case_10,2024-04-10 16:21:02.015463,complete,Admission NC,positive,Y,,,,,,,,,,,,,,,,,,,,,,,,,,,
66,case_10,2024-04-10 17:01:40.015463,complete,ER Triage,positive,C,HE,84.0,,,,,,,,,,,,,,,,,,,,,,,,,
67,case_10,2024-04-10 18:11:30.015463,complete,Release B,positive,E,,,,,,,,,,,,,,,,,,,,,,,,,,,
68,case_10,2024-04-10 18:44:03.015463,complete,Admission NC,positive,K,,,,,,,,,,,,,,,,,,,,,,,,,,,
69,case_10,2024-04-10 19:49:27.015463,complete,Release B,positive,E,,,,,,,,,,,,,,,,,,,,,,,,,,,
70,case_10,2024-04-10 21:26:12.015463,complete,ER Triage,positive,Y,HE,90.0,,,,,,,,,,,,,,,,,,,,,,,,,
71,case_10,2024-04-10 22:11:50.015463,complete,IV Antibiotics,positive,L,,,,,,,,,,,,,,,,,,,,,,,,,,,
72,case_10,2024-04-10 22:50:09.015463,complete,IV Antibiotics,positive,L,,,,,,,,,,,,,,,,,,,,,,,,,,,
73,case_11,2024-04-10 15:50:29.015463,complete,Admission NC,positive,F,,,,,,,,,,,,,,,,,,,,,,,,,,,
74,case_11,2024-04-10 17:12:57.015463,complete,CRP,positive,Y,HE,90.0,,,,,,,,,,,,,,,,,,,,,,,,,1221.0
75,case_11,2024-04-10 17:37:31.015463,complete,Release B,positive,E,,,,,,,,,,,,,,,,,,,,,,,,,,,
76,case_11,2024-04-10 18:42:29.015463,complete,Admission NC,positive,K,,,,,,,,,,,,,,,,,,,,,,,,,,,
77,case_11,2024-04-10 20:33:11.015463,complete,Release B,positive,E,,,,,,,,,,,,,,,,,,,,,,,,,,,
78,case_11,2024-04-10 20:41:51.015463,complete,LacticAcid,positive,Y,,,,8.0,,,,,,,,,,,,,,,,,,,,,,,
79,case_11,2024-04-10 21:55:33.015463,complete,Leucocytes,positive,Y,HE,90.0,1367.0,,,,,,,,,,,,,,,,,,,,,,,,
80,case_11,2024-04-10 22:49:21.015463,complete,Release B,positive,E,,,,,,,,,,,,,,,,,,,,,,,,,,,
81,case_12,2024-04-10 15:50:01.015463,complete,Release B,positive,E,,,,,,,,,,,,,,,,,,,,,,,,,,,
82,case_12,2024-04-10 17:10:16.015463,complete,CRP,positive,Y,HE,90.0,,,,,,,,,,,,,,,,,,,,,,,,,1251.0
83,case_12,2024-04-10 18:27:22.015463,complete,Release B,positive,E,,,,,,,,,,,,,,,,,,,,,,,,,,,
84,case_12,2024-04-10 19:27:06.015463,complete,Admission NC,positive,F,,,,,,,,,,,,,,,,,,,,,,,,,,,
85,case_12,2024-04-10 20:23:58.015463,complete,ER Sepsis Triage,positive,Y,EB,26.0,,,,,,,,,,,,,,,,,,,,,,,,,
86,case_12,2024-04-10 20:52:06.015463,complete,Admission NC,positive,F,,,,,,,,,,,,,,,,,,,,,,,,,,,
87,case_12,2024-04-10 22:12:26.015463,complete,IV Liquid,positive,Y,HD,20.0,,,,,,,,,,,,,,,,,,,,,,,,,
88,case_12,2024-04-10 22:39:43.015463,complete,IV Antibiotics,positive,L,,,,,,,,,,,,,,,,,,,,,,,,,,,
89,case_13,2024-04-10 16:21:07.015463,complete,CRP,positive,Y,HE,82.0,,,,,,,,,,,,,,,,,,,,,,,,,5728.0
90,case_13,2024-04-10 16:47:20.015463,complete,ER Triage,positive,C,HE,90.0,,,,,,,,,,,,,,,,,,,,,,,,,
91,case_13,2024-04-10 18:15:56.015463,complete,Admission NC,positive,L,,,,,,,,,,,,,,,,,,,,,,,,,,,
92,case_13,2024-04-10 18:39:20.015463,complete,Admission NC,positive,E,,,,,,,,,,,,,,,,,,,,,,,,,,,
93,case_13,2024-04-10 20:08:06.015463,complete,Return ER,positive,?,,,,,,,,,,,,,,,,,,,,,,,,,,,
94,case_13,2024-04-10 21:34:35.015463,complete,Release B,positive,E,,,,,,,,,,,,,,,,,,,,,,,,,,,
95,case_13,2024-04-10 22:23:56.015463,complete,ER Sepsis Triage,positive,Y,HE,90.0,,,,,,,,,,,,,,,,,,,,,,,,,
96,case_13,2024-04-10 22:58:47.015463,complete,IV Antibiotics,positive,L,,,,,,,,,,,,,,,,,,,,,,,,,,,
97,case_14,2024-04-10 16:18:13.015463,complete,Release B,positive,E,,,,,,,,,,,,,,,,,,,,,,,,,,,
98,case_14,2024-04-10 17:03:51.015463,complete,LacticAcid,positive,Y,,,,8.0,,,,,,,,,,,,,,,,,,,,,,,
99,case_14,2024-04-10 18:20:35.015463,complete,Leucocytes,positive,Y,HE,89.0,224.0,,,,,,,,,,,,,,,,,,,,,,,,
100,case_14,2024-04-10 19:13:04.015463,complete,ER Triage,positive,C,HE,52.0,,,,,,,,,,,,,,,,,,,,,,,,,
101,case_14,2024-04-10 20:16:43.015463,complete,Admission NC,positive,F,,,,,,,,,,,,,,,,,,,,,,,,,,,
102,case_14,2024-04-10 21:28:41.015463,complete,Admission NC,positive,F,,,,,,,,,,,,,,,,,,,,,,,,,,,
103,case_14,2024-04-10 22:33:46.015463,complete,Return ER,positive,?,,,,,,,,,,,,,,,,,,,,,,,,,,,
104,case_14,2024-04-10 22:47:55.015463,complete,IV Antibiotics,positive,L,,,,,,,,,,,,,,,,,,,,,,,,,,,
105,case_15,2024-04-10 16:27:09.015463,complete,CRP,positive,Y,HE,90.0,,,,,,,,,,,,,,,,,,,,,,,,,5730.0
106,case_15,2024-04-10 17:05:48.015463,complete,Admission NC,positive,Y,,,,,,,,,,,,,,,,,,,,,,,,,,,
107,case_15,2024-04-10 18:29:01.015463,complete,Release A,positive,Y,,,,,,,,,,,,,,,,,,,,,,,,,,,
108,case_15,2024-04-10 18:44:12.015463,complete,ER Triage,positive,C,HE,90.0,,,,,,,,,,,,,,,,,,,,,,,,,
109,case_15,2024-04-10 20:28:41.015463,complete,ER Triage,positive,C,ME,24.0,,,,,,,,,,,,,,,,,,,,,,,,,
110,case_15,2024-04-10 21:19:34.015463,complete,Admission NC,positive,Y,,,,,,,,,,,,,,,,,,,,,,,,,,,
111,case_15,2024-04-10 22:17:52.015463,complete,LacticAcid,positive,Y,,,,149.0,,,,,,,,,,,,,,,,,,,,,,,
112,case_15,2024-04-10 23:30:24.015463,complete,ER Triage,positive,Y,HE,20.0,,,,,,,,,,,,,,,,,,,,,,,,,
113,case_16,2024-04-10 16:34:55.015463,complete,Release B,positive,E,,,,,,,,,,,,,,,,,,,,,,,,,,,
114,case_16,2024-04-10 16:48:40.015463,complete,CRP,positive,Y,HE,90.0,,,,,,,,,,,,,,,,,,,,,,,,,5730.0
115,case_16,2024-04-10 18:28:40.015463,complete,Release B,positive,E,,,,,,,,,,,,,,,,,,,,,,,,,,,
116,case_16,2024-04-10 19:20:01.015463,complete,ER Triage,positive,C,HE,54.0,,,,,,,,,,,,,,,,,,,,,,,,,
117,case_16,2024-04-10 20:26:41.015463,complete,Admission NC,positive,F,,,,,,,,,,,,,,,,,,,,,,,,,,,
118,case_16,2024-04-10 20:44:32.015463,complete,Admission NC,positive,F,,,,,,,,,,,,,,,,,,,,,,,,,,,
119,case_16,2024-04-10 21:44:03.015463,complete,IV Liquid,positive,Y,HD,20.0,,,,,,,,,,,,,,,,,,,,,,,,,
120,case_16,2024-04-10 22:47:31.015463,complete,IV Antibiotics,positive,L,,,,,,,,,,,,,,,,,,,,,,,,,,,
121,case_17,2024-04-10 15:41:30.015463,complete,LacticAcid,positive,Y,,,,149.0,,,,,,,,,,,,,,,,,,,,,,,
122,case_17,2024-04-10 17:02:07.015463,complete,CRP,positive,Y,HE,90.0,,,,,,,,,,,,,,,,,,,,,,,,,1328.0
123,case_17,2024-04-10 18:04:23.015463,complete,IV Antibiotics,positive,Y,,,,,,,,,,,,,,,,,,,,,,,,,,,
124,case_17,2024-04-10 18:50:43.015463,complete,ER Registration,positive,Y,VD,90.0,,,false,false,true,false,true,false,false,true,false,false,true,true,false,false,false,false,true,true,false,true,false,false,
125,case_17,2024-04-10 20:09:57.015463,complete,Admission NC,positive,F,,,,,,,,,,,,,,,,,,,,,,,,,,,
126,case_17,2024-04-10 21:03:23.015463,complete,Admission NC,positive,F,,,,,,,,,,,,,,,,,,,,,,,,,,,
127,case_17,2024-04-10 22:21:29.015463,complete,CRP,positive,Y,HD,46.0,,,,,,,,,,,,,,,,,,,,,,,,,4998.0
128,case_17,2024-04-10 23:32:50.015463,complete,IV Antibiotics,positive,L,,,,,,,,,,,,,,,,,,,,,,,,,,,
129,case_18,2024-04-10 15:50:36.015463,complete,CRP,positive,Y,HE,90.0,,,,,,,,,,,,,,,,,,,,,,,,,3397.0
130,case_18,2024-04-10 17:18:46.015463,complete,Admission NC,positive,Y,,,,,,,,,,,,,,,,,,,,,,,,,,,
131,case_18,2024-04-10 18:14:26.015463,complete,ER Triage,positive,C,HE,20.0,,,,,,,,,,,,,,,,,,,,,,,,,
132,case_18,2024-04-10 18:39:29.015463,complete,Admission NC,positive,F,,,,,,,,,,,,,,,,,,,,,,,,,,,
133,case_18,2024-04-10 20:10:38.015463,complete,ER Sepsis Triage,positive,M,EB,40.0,,,,,,,,,,,,,,,,,,,,,,,,,
134,case_18,2024-04-10 21:21:50.015463,complete,Release B,positive,E,,,,,,,,,,,,,,,,,,,,,,,,,,,
135,case_18,2024-04-10 22:24:19.015463,complete,ER Triage,positive,C,HD,20.0,,,,,,,,,,,,,,,,,,,,,,,,,
136,case_18,2024-04-10 22:54:36.015463,complete,IV Antibiotics,positive,L,,,,,,,,,,,,,,,,,,,,,,,,,,,
137,case_19,2024-04-10 16:29:58.015463,complete,Release A,positive,Y,,,,,,,,,,,,,,,,,,,,,,,,,,,
138,case_19,2024-04-10 16:51:29.015463,complete,ER Triage,positive,C,HE,89.0,,,,,,,,,,,,,,,,,,,,,,,,,
139,case_19,2024-04-10 18:33:39.015463,complete,Admission NC,positive,F,,,,,,,,,,,,,,,,,,,,,,,,,,,
140,case_19,2024-04-10 19:35:33.015463,complete,Admission NC,positive,F,,,,,,,,,,,,,,,,,,,,,,,,,,,
141,case_19,2024-04-10 20:36:05.015463,complete,Release B,positive,E,,,,,,,,,,,,,,,,,,,,,,,,,,,
142,case_19,2024-04-10 21:14:49.015463,complete,IV Antibiotics,positive,L,,,,,,,,,,,,,,,,,,,,,,,,,,,
143,case_19,2024-04-10 21:57:41.015463,complete,IV Antibiotics,positive,L,,,,,,,,,,,,,,,,,,,,,,,,,,,
144,case_20,2024-04-10 16:10:46.015463,complete,Admission IC,positive,Y,,,,,,,,,,,,,,,,,,,,,,,,,,,
145,case_20,2024-04-10 16:41:38.015463,complete,LacticAcid,positive,Y,,,,8.0,,,,,,,,,,,,,,,,,,,,,,,
146,case_20,2024-04-10 17:52:51.015463,complete,Leucocytes,positive,Y,HE,20.0,181.0,,,,,,,,,,,,,,,,,,,,,,,,
147,case_20,2024-04-10 19:16:29.015463,complete,Release B,positive,E,,,,,,,,,,,,,,,,,,,,,,,,,,,
148,case_20,2024-04-10 20:04:14.015463,complete,ER Sepsis Triage,positive,Y,HE,20.0,,,,,,,,,,,,,,,,,,,,,,,,,
149,case_20,2024-04-10 20:44:28.015463,complete,Admission NC,positive,F,,,,,,,,,,,,,,,,,,,,,,,,,,,
150,case_20,2024-04-10 21:43:34.015463,complete,Admission NC,positive,F,,,,,,,,,,,,,,,,,,,,,,,,,,,
151,case_21,2024-04-10 16:03:14.015463,complete,ER Sepsis Triage,positive,Y,EE,87.0,,,,,,,,,,,,,,,,,,,,,,,,,
152,case_21,2024-04-10 16:58:48.015463,complete,Admission NC,positive,L,,,,,,,,,,,,,,,,,,,,,,,,,,,
153,case_21,2024-04-10 18:02:18.015463,complete,ER Triage,positive,C,HE,20.0,,,,,,,,,,,,,,,,,,,,,,,,,
154,case_21,2024-04-10 19:25:02.015463,complete,ER Sepsis Triage,positive,I,OD,20.0,,,,,,,,,,,,,,,,,,,,,,,,,
155,case_21,2024-04-10 20:15:14.015463,complete,IV Antibiotics,positive,L,,,,,,,,,,,,,,,,,,,,,,,,,,,
156,case_21,2024-04-10 21:03:06.015463,complete,Release B,positive,E,,,,,,,,,,,,,,,,,,,,,,,,,,,
157,case_21,2024-04-10 21:38:08.015463,complete,Admission NC,positive,F,,,,,,,,,,,,,,,,,,,,,,,,,,,
158,case_22,2024-04-10 15:58:22.015463,complete,IV Antibiotics,positive,L,,,,,,,,,,,,,,,,,,,,,,,,,,,
159,case_22,2024-04-10 16:53:02.015463,complete,ER Sepsis Triage,positive,L,MD,20.0,,,,,,,,,,,,,,,,,,,,,,,,,
160,case_22,2024-04-10 17:44:44.015463,complete,IV Antibiotics,positive,L,,,,,,,,,,,,,,,,,,,,,,,,,,,
161,case_22,2024-04-10 19:31:30.015463,complete,Admission NC,positive,L,,,,,,,,,,,,,,,,,,,,,,,,,,,
162,case_22,2024-04-10 20:06:03.015463,complete,LacticAcid,positive,L,,,,110.0,,,,,,,,,,,,,,,,,,,,,,,
163,case_22,2024-04-10 21:26:40.015463,complete,ER Triage,positive,C,HE,20.0,,,,,,,,,,,,,,,,,,,,,,,,,
164,case_22,2024-04-10 22:15:20.015463,complete,Admission NC,positive,J,,,,,,,,,,,,,,,,,,,,,,,,,,,
165,case_23,2024-04-10 15:59:14.015463,complete,Leucocytes,positive,Y,HE,90.0,137.0,,,,,,,,,,,,,,,,,,,,,,,,
166,case_23,2024-04-10 16:36:26.015463,complete,Leucocytes,positive,Y,HE,90.0,126.0,,,,,,,,,,,,,,,,,,,,,,,,
167,case_23,2024-04-10 18:07:22.015463,complete,Admission NC,positive,F,,,,,,,,,,,,,,,,,,,,,,,,,,,
168,case_23,2024-04-10 18:50:04.015463,complete,Admission NC,positive,F,,,,,,,,,,,,,,,,,,,,,,,,,,,
169,case_23,2024-04-10 20:32:28.015463,complete,Release B,positive,E,,,,,,,,,,,,,,,,,,,,,,,,,,,
170,case_24,2024-04-10 16:18:14.015463,complete,Admission NC,positive,Y,,,,,,,,,,,,,,,,,,,,,,,,,,,
171,case_24,2024-04-10 16:39:15.015463,complete,ER Registration,positive,Y,HE,90.0,,,true,true,true,false,true,false,false,true,true,false,true,true,true,false,true,false,true,true,true,true,false,false,
172,case_24,2024-04-10 17:44:13.015463,complete,Admission NC,positive,F,,,,,,,,,,,,,,,,,,,,,,,,,,,
173,case_24,2024-04-10 19:30:53.015463,complete,ER Registration,positive,Y,HE,86.0,,,false,false,true,false,true,false,false,true,false,false,true,true,false,false,false,false,true,true,false,true,false,false,
174,case_24,2024-04-10 19:39:17.015463,complete,Release B,positive,E,,,,,,,,,,,,,,,,,,,,,,,,,,,
175,case_25,2024-04-10 16:30:15.015463,complete,Leucocytes,positive,Y,HE,90.0,137.0,,,,,,,,,,,,,,,,,,,,,,,,
176,case_25,2024-04-10 16:58:12.015463,complete,LacticAcid,positive,Y,,,,8.0,,,,,,,,,,,,,,,,,,,,,,,
177,case_25,2024-04-10 18:27:20.015463,complete,Leucocytes,positive,Y,HE,81.0,573.0,,,,,,,,,,,,,,,,,,,,,,,,
178,case_25,2024-04-10 18:37:52.015463,complete,Admission NC,positive,F,,,,,,,,,,,,,,,,,,,,,,,,,,,
179,case_25,2024-04-10 20:17:55.015463,complete,Admission NC,positive,J,,,,,,,,,,,,,,,,,,,,,,,,,,,
180,case_26,2024-04-10 15:39:46.015463,complete,CRP,positive,Y,HE,90.0,,,,,,,,,,,,,,,,,,,,,,,,,5700.0
181,case_26,2024-04-10 17:27:17.015463,complete,Release B,positive,E,,,,,,,,,,,,,,,,,,,,,,,,,,,
182,case_26,2024-04-10 18:09:28.015463,complete,Admission NC,positive,F,,,,,,,,,,,,,,,,,,,,,,,,,,,
183,case_26,2024-04-10 18:44:53.015463,complete,Admission NC,positive,F,,,,,,,,,,,,,,,,,,,,,,,,,,,
184,case_26,2024-04-10 19:57:48.015463,complete,Admission NC,positive,F,,,,,,,,,,,,,,,,,,,,,,,,,,,
185,case_27,2024-04-10 16:12:16.015463,complete,CRP,positive,Y,HE,86.0,,,,,,,,,,,,,,,,,,,,,,,,,5717.0
186,case_27,2024-04-10 17:15:05.015463,complete,ER Sepsis Triage,positive,Y,HE,90.0,,,,,,,,,,,,,,,,,,,,,,,,,
187,case_27,2024-04-10 17:39:45.015463,complete,Admission NC,positive,F,,,,,,,,,,,,,,,,,,,,,,,,,,,
188,case_27,2024-04-10 19:26:37.015463,complete,Release B,positive,E,,,,,,,,,,,,,,,,,,,,,,,,,,,
189,case_27,2024-04-10 20:21:45.015463,complete,Admission NC,positive,F,,,,,,,,,,,,,,,,,,,,,,,,,,,
190,case_28,2024-04-10 16:18:20.015463,complete,Admission NC,positive,J,,,,,,,,,,,,,,,,,,,,,,,,,,,
191,case_28,2024-04-10 17:08:46.015463,complete,Admission NC,positive,Y,,,,,,,,,,,,,,,,,,,,,,,,,,,
192,case_28,2024-04-10 18:08:18.015463,complete,Release B,positive,E,,,,,,,,,,,,,,,,,,,,,,,,,,,
193,case_28,2024-04-10 19:19:21.015463,complete,IV Antibiotics,positive,L,,,,,,,,,,,,,,,,,,,,,,,,,,,
194,case_28,2024-04-10 20:23:27.015463,complete,Release B,positive,E,,,,,,,,,,,,,,,,,,,,,,,,,,,
195,case_28,2024-04-10 21:21:55.015463,complete,Admission NC,positive,K,,,,,,,,,,,,,,,,,,,,,,,,,,,
196,case_28,2024-04-10 22:11:23.015463,complete,Release B,positive,E,,,,,,,,,,,,,,,,,,,,,,,,,,,
197,case_28,2024-04-10 22:40:07.015463,complete,IV Antibiotics,positive,L,,,,,,,,,,,,,,,,,,,,,,,,,,,
198,case_28,2024-04-11 00:21:53.015463,complete,ER Sepsis Triage,positive,L,HE,90.0,,,,,,,,,,,,,,,,,,,,,,,,,
199,case_28,2024-04-11 00:53:40.015463,complete,IV Antibiotics,positive,L,,,,,,,,,,,,,,,,,,,,,,,,,,,
200,case_29,2024-04-10 16:15:19.015463,complete,Release B,positive,E,,,,,,,,,,,,,,,,,,,,,,,,,,,
201,case_29,2024-04-10 16:38:11.015463,complete,Admission NC,positive,K,,,,,,,,,,,,,,,,,,,,,,,,,,,
202,case_29,2024-04-10 18:32:35.015463,complete,Release B,positive,E,,,,,,,,,,,,,,,,,,,,,,,,,,,
203,case_29,2024-04-10 18:44:19.015463,complete,IV Antibiotics,positive,L,,,,,,,,,,,,,,,,,,,,,,,,,,,
204,case_29,2024-04-10 20:19:17.015463,complete,ER Sepsis Triage,positive,Y,HE,73.0,,,,,,,,,,,,,,,,,,,,,,,,,
205,case_29,2024-04-10 21:25:34.015463,complete,LacticAcid,positive,E,,,,8.0,,,,,,,,,,,,,,,,,,,,,,,
206,case_29,2024-04-10 22:12:49.015463,complete,Leucocytes,positive,Y,HE,20.0,270.0,,,,,,,,,,,,,,,,,,,,,,,,
207,case_29,2024-04-10 23:21:19.015463,complete,IV Antibiotics,positive,L,,,,,,,,,,,,,,,,,,,,,,,,,,,
208,case_29,2024-04-11 00:00:05.015463,complete,Admission NC,positive,L,,,,,,,,,,,,,,,,,,,,,,,,,,,
209,case_29,2024-04-11 01:10:34.015463,complete,IV Antibiotics,positive,L,,,,,,,,,,,,,,,,,,,,,,,,,,,
