,case:concept:name,time:timestamp,lifecycle:transition,concept:name,case:label,org:group,Diagnose,Age,Leucocytes,CRP,LacticAcid,InfectionSuspected,DiagnosticBlood,DisfuncOrg,SIRSCritTachypnea,Hypotensie,SIRSCritHeartRate,Infusion,DiagnosticArtAstrup,DiagnosticIC,DiagnosticSputum,DiagnosticLiquor,DiagnosticOther,SIRSCriteria2OrMore,DiagnosticXthorax,SIRSCritTemperature,DiagnosticUrinaryCulture,SIRSCritLeucos,Oligurie,DiagnosticLacticAcid,Hypoxie,DiagnosticUrinarySediment,DiagnosticECG
0,case_0,2024-04-10 16:13:01.362582,complete,ER Triage,positive,C,YB,20.0,,,,,,,,,,,,,,,,,,,,,,,,,
1,case_0,2024-04-10 17:12:59.362582,complete,Leucocytes,positive,K,YB,20.0,2892.0,,,,,,,,,,,,,,,,,,,,,,,,
2,case_0,2024-04-10 18:03:05.362582,complete,Admission NC,positive,J,,,,,,,,,,,,,,,,,,,,,,,,,,,
3,case_0,2024-04-10 19:04:55.362582,complete,CRP,positive,K,YA,22.0,,5700.0,,,,,,,,,,,,,,,,,,,,,,,
4,case_0,2024-04-10 19:39:49.362582,complete,Admission NC,positive,J,,,,,,,,,,,,,,,,,,,,,,,,,,,
5,case_0,2024-04-10 21:16:19.362582,complete,CRP,positive,K,YB,21.0,,3716.0,,,,,,,,,,,,,,,,,,,,,,,
6,case_1,2024-04-10 16:10:43.362582,complete,ER Triage,positive,?,YA,20.0,,,,,,,,,,,,,,,,,,,,,,,,,
7,case_1,2024-04-10 16:32:23.362582,complete,CRP,positive,K,YB,20.0,,50.0,,,,,,,,,,,,,,,,,,,,,,,
8,case_1,2024-04-10 17:52:59.362582,complete,Admission NC,positive,J,,,,,,,,,,,,,,,,,,,,,,,,,,,
9,case_1,2024-04-10 18:59:58.362582,complete,CRP,positive,K,YB,21.0,,50.0,,,,,,,,,,,,,,,,,,,,,,,
10,case_1,2024-04-10 19:38:50.362582,complete,CRP,positive,?,QC,24.0,,50.0,,,,,,,,,,,,,,,,,,,,,,,
11,case_1,2024-04-10 21:27:44.362582,complete,Admission NC,positive,J,,,,,,,,,,,,,,,,,,,,,,,,,,,
12,case_2,2024-04-10 16:24:58.362582,complete,LacticAcid,positive,K,,,,,2.0,,,,,,,,,,,,,,,,,,,,,,
13,case_2,2024-04-10 16:39:35.362582,complete,Leucocytes,positive,I,YA,20.0,661.0,,,,,,,,,,,,,,,,,,,,,,,,
14,case_2,2024-04-10 18:18:10.362582,complete,Leucocytes,positive,A,YA,21.0,138.0,,,,,,,,,,,,,,,,,,,,,,,,
15,case_2,2024-04-10 18:54:09.362582,complete,Admission NC,positive,J,,,,,,,,,,,,,,,,,,,,,,,,,,,
16,case_2,2024-04-10 19:38:34.362582,complete,Admission IC,positive,J,,,,,,,,,,,,,,,,,,,,,,,,,,,
17,case_2,2024-04-10 21:20:03.362582,complete,Admission NC,positive,J,,,,,,,,,,,,,,,,,,,,,,,,,,,
18,case_3,2024-04-10 16:28:19.362582,complete,Admission IC,positive,K,,,,,,,,,,,,,,,,,,,,,,,,,,,
19,case_3,2024-04-10 17:00:27.362582,complete,Leucocytes,positive,K,YB,21.0,661.0,,,,,,,,,,,,,,,,,,,,,,,,
20,case_3,2024-04-10 18:18:15.362582,complete,Leucocytes,positive,L,YA,20.0,138.0,,,,,,,,,,,,,,,,,,,,,,,,
21,case_3,2024-04-10 18:36:56.362582,complete,Admission NC,positive,J,,,,,,,,,,,,,,,,,,,,,,,,,,,
22,case_3,2024-04-10 20:08:04.362582,complete,CRP,positive,K,YB,20.0,,50.0,,,,,,,,,,,,,,,,,,,,,,,
23,case_3,2024-04-10 20:57:30.362582,complete,Admission NC,positive,J,,,,,,,,,,,,,,,,,,,,,,,,,,,
24,case_4,2024-04-10 15:58:32.362582,complete,ER Triage,positive,C,YA,21.0,,,,,,,,,,,,,,,,,,,,,,,,,
25,case_4,2024-04-10 17:30:46.362582,complete,CRP,positive,L,YA,20.0,,731.0,,,,,,,,,,,,,,,,,,,,,,,
26,case_4,2024-04-10 17:55:29.362582,complete,CRP,positive,K,YB,20.0,,51.0,,,,,,,,,,,,,,,,,,,,,,,
27,case_4,2024-04-10 18:54:23.362582,complete,Admission NC,positive,A,,,,,,,,,,,,,,,,,,,,,,,,,,,
28,case_4,2024-04-10 19:54:00.362582,complete,Admission NC,positive,F,,,,,,,,,,,,,,,,,,,,,,,,,,,
29,case_4,2024-04-10 21:19:29.362582,complete,Leucocytes,positive,I,YB,23.0,593.0,,,,,,,,,,,,,,,,,,,,,,,,
30,case_5,2024-04-10 15:44:57.362582,complete,ER Triage,positive,K,YD,26.0,,,,,,,,,,,,,,,,,,,,,,,,,
31,case_5,2024-04-10 17:18:56.362582,complete,Leucocytes,positive,L,YA,20.0,617.0,,,,,,,,,,,,,,,,,,,,,,,,
32,case_5,2024-04-10 17:52:40.362582,complete,Admission NC,positive,J,,,,,,,,,,,,,,,,,,,,,,,,,,,
33,case_5,2024-04-10 19:04:58.362582,complete,CRP,positive,I,YC,20.0,,2044.0,,,,,,,,,,,,,,,,,,,,,,,
34,case_5,2024-04-10 20:25:25.362582,complete,Admission NC,positive,J,,,,,,,,,,,,,,,,,,,,,,,,,,,
35,case_5,2024-04-10 20:54:36.362582,complete,CRP,positive,A,YA,22.0,,2997.0,,,,,,,,,,,,,,,,,,,,,,,
36,case_6,2024-04-10 15:37:38.362582,complete,Leucocytes,positive,K,YB,20.0,1592.0,,,,,,,,,,,,,,,,,,,,,,,,
37,case_6,2024-04-10 17:18:13.362582,complete,Admission NC,positive,J,,,,,,,,,,,,,,,,,,,,,,,,,,,
38,case_6,2024-04-10 18:25:12.362582,complete,Leucocytes,positive,K,YA,22.0,1835.0,,,,,,,,,,,,,,,,,,,,,,,,
39,case_6,2024-04-10 18:40:27.362582,complete,Release B,positive,E,,,,,,,,,,,,,,,,,,,,,,,,,,,
40,case_6,2024-04-10 20:22:11.362582,complete,Release B,positive,E,,,,,,,,,,,,,,,,,,,,,,,,,,,
41,case_6,2024-04-10 20:37:57.362582,complete,Leucocytes,positive,E,YA,20.0,138.0,,,,,,,,,,,,,,,,,,,,,,,,
42,case_6,2024-04-10 22:06:41.362582,complete,Admission NC,positive,J,,,,,,,,,,,,,,,,,,,,,,,,,,,
43,case_6,2024-04-10 22:39:54.362582,complete,CRP,positive,K,YC,20.0,,4253.0,,,,,,,,,,,,,,,,,,,,,,,
44,case_6,2024-04-11 00:20:19.362582,complete,Release B,positive,E,,,,,,,,,,,,,,,,,,,,,,,,,,,
45,case_6,2024-04-11 01:12:31.362582,complete,CRP,positive,I,YC,20.0,,50.0,,,,,,,,,,,,,,,,,,,,,,,
46,case_7,2024-04-10 16:17:10.362582,complete,Admission NC,positive,J,,,,,,,,,,,,,,,,,,,,,,,,,,,
47,case_7,2024-04-10 16:59:30.362582,complete,Admission NC,positive,F,,,,,,,,,,,,,,,,,,,,,,,,,,,
48,case_7,2024-04-10 17:59:03.362582,complete,Leucocytes,positive,K,YA,20.0,1835.0,,,,,,,,,,,,,,,,,,,,,,,,
49,case_7,2024-04-10 18:32:01.362582,complete,Leucocytes,positive,K,YA,21.0,139.0,,,,,,,,,,,,,,,,,,,,,,,,
50,case_7,2024-04-10 19:56:58.362582,complete,Release B,positive,E,,,,,,,,,,,,,,,,,,,,,,,,,,,
51,case_7,2024-04-10 21:16:39.362582,complete,Release B,positive,E,,,,,,,,,,,,,,,,,,,,,,,,,,,
52,case_7,2024-04-10 21:59:52.362582,complete,Release B,positive,E,,,,,,,,,,,,,,,,,,,,,,,,,,,
53,case_7,2024-04-10 23:30:10.362582,complete,Release B,positive,E,,,,,,,,,,,,,,,,,,,,,,,,,,,
54,case_7,2024-04-11 00:17:00.362582,complete,ER Registration,positive,L,YA,20.0,,,,false,false,false,true,false,true,false,true,true,false,false,true,false,true,true,false,true,false,true,true,true,true
55,case_7,2024-04-11 01:22:00.362582,complete,CRP,positive,K,W,21.0,,50.0,,,,,,,,,,,,,,,,,,,,,,,
56,case_8,2024-04-10 15:53:55.362582,complete,ER Triage,positive,C,YA,20.0,,,,,,,,,,,,,,,,,,,,,,,,,
57,case_8,2024-04-10 17:24:10.362582,complete,CRP,positive,L,YA,20.0,,2588.0,,,,,,,,,,,,,,,,,,,,,,,
58,case_8,2024-04-10 17:40:10.362582,complete,Admission NC,positive,F,,,,,,,,,,,,,,,,,,,,,,,,,,,
59,case_8,2024-04-10 18:59:44.362582,complete,Admission NC,positive,F,,,,,,,,,,,,,,,,,,,,,,,,,,,
60,case_8,2024-04-10 19:53:04.362582,complete,CRP,positive,K,YB,20.0,,50.0,,,,,,,,,,,,,,,,,,,,,,,
61,case_8,2024-04-10 21:07:33.362582,complete,LacticAcid,positive,K,,,,,2.0,,,,,,,,,,,,,,,,,,,,,,
62,case_8,2024-04-10 21:59:30.362582,complete,Leucocytes,positive,I,YB,23.0,138.0,,,,,,,,,,,,,,,,,,,,,,,,
63,case_9,2024-04-10 15:37:21.362582,complete,Leucocytes,positive,A,YD,26.0,3600.0,,,,,,,,,,,,,,,,,,,,,,,,
64,case_9,2024-04-10 16:45:27.362582,complete,Leucocytes,positive,L,YA,20.0,1428.0,,,,,,,,,,,,,,,,,,,,,,,,
65,case_9,2024-04-10 17:47:47.362582,complete,Admission NC,positive,A,,,,,,,,,,,,,,,,,,,,,,,,,,,
66,case_9,2024-04-10 18:40:00.362582,complete,CRP,positive,I,YC,21.0,,3573.0,,,,,,,,,,,,,,,,,,,,,,,
67,case_9,2024-04-10 19:53:54.362582,complete,CRP,positive,K,YC,20.0,,4484.0,,,,,,,,,,,,,,,,,,,,,,,
68,case_9,2024-04-10 20:48:35.362582,complete,Admission NC,positive,J,,,,,,,,,,,,,,,,,,,,,,,,,,,
69,case_9,2024-04-10 22:27:04.362582,complete,Leucocytes,positive,A,YA,21.0,138.0,,,,,,,,,,,,,,,,,,,,,,,,
70,case_10,2024-04-10 15:32:10.362582,complete,Leucocytes,positive,I,YB,21.0,3600.0,,,,,,,,,,,,,,,,,,,,,,,,
71,case_10,2024-04-10 16:42:31.362582,complete,Leucocytes,positive,?,QC,24.0,169.0,,,,,,,,,,,,,,,,,,,,,,,,
72,case_10,2024-04-10 18:10:58.362582,complete,Leucocytes,positive,K,YA,21.0,138.0,,,,,,,,,,,,,,,,,,,,,,,,
73,case_10,2024-04-10 19:07:32.362582,complete,CRP,positive,A,YA,22.0,,1621.0,,,,,,,,,,,,,,,,,,,,,,,
74,case_10,2024-04-10 20:26:10.362582,complete,Admission NC,positive,A,,,,,,,,,,,,,,,,,,,,,,,,,,,
75,case_10,2024-04-10 21:08:42.362582,complete,Leucocytes,positive,A,YA,21.0,7.0,,,,,,,,,,,,,,,,,,,,,,,,
76,case_10,2024-04-10 21:41:32.362582,complete,Admission NC,positive,J,,,,,,,,,,,,,,,,,,,,,,,,,,,
77,case_11,2024-04-10 16:03:59.362582,complete,ER Triage,positive,K,YC,20.0,,,,,,,,,,,,,,,,,,,,,,,,,
78,case_11,2024-04-10 16:46:16.362582,complete,Leucocytes,positive,K,QE,20.0,2123.0,,,,,,,,,,,,,,,,,,,,,,,,
79,case_11,2024-04-10 17:48:36.362582,complete,CRP,positive,A,YB,23.0,,51.0,,,,,,,,,,,,,,,,,,,,,,,
80,case_11,2024-04-10 18:36:40.362582,complete,CRP,positive,I,YA,21.0,,427.0,,,,,,,,,,,,,,,,,,,,,,,
81,case_11,2024-04-10 20:00:17.362582,complete,CRP,positive,K,YB,20.0,,50.0,,,,,,,,,,,,,,,,,,,,,,,
82,case_11,2024-04-10 21:01:47.362582,complete,Admission NC,positive,F,,,,,,,,,,,,,,,,,,,,,,,,,,,
83,case_11,2024-04-10 22:13:43.362582,complete,Admission NC,positive,J,,,,,,,,,,,,,,,,,,,,,,,,,,,
84,case_12,2024-04-10 16:24:52.362582,complete,ER Triage,positive,C,YA,21.0,,,,,,,,,,,,,,,,,,,,,,,,,
85,case_12,2024-04-10 16:46:51.362582,complete,CRP,positive,K,YA,21.0,,2588.0,,,,,,,,,,,,,,,,,,,,,,,
86,case_12,2024-04-10 17:48:20.362582,complete,CRP,positive,I,YD,26.0,,50.0,,,,,,,,,,,,,,,,,,,,,,,
87,case_12,2024-04-10 19:25:08.362582,complete,Leucocytes,positive,L,YA,20.0,138.0,,,,,,,,,,,,,,,,,,,,,,,,
88,case_12,2024-04-10 19:33:59.362582,complete,Leucocytes,positive,I,YC,20.0,138.0,,,,,,,,,,,,,,,,,,,,,,,,
89,case_12,2024-04-10 21:27:52.362582,complete,Admission NC,positive,J,,,,,,,,,,,,,,,,,,,,,,,,,,,
90,case_12,2024-04-10 21:49:11.362582,complete,Admission NC,positive,J,,,,,,,,,,,,,,,,,,,,,,,,,,,
91,case_13,2024-04-10 16:04:15.362582,complete,ER Triage,positive,C,YA,20.0,,,,,,,,,,,,,,,,,,,,,,,,,
92,case_13,2024-04-10 16:31:48.362582,complete,Leucocytes,positive,I,YA,20.0,1428.0,,,,,,,,,,,,,,,,,,,,,,,,
93,case_13,2024-04-10 17:33:13.362582,complete,CRP,positive,I,YB,23.0,,50.0,,,,,,,,,,,,,,,,,,,,,,,
94,case_13,2024-04-10 19:22:32.362582,complete,Leucocytes,positive,F,QA,20.0,138.0,,,,,,,,,,,,,,,,,,,,,,,,
95,case_13,2024-04-10 20:09:46.362582,complete,Leucocytes,positive,K,YB,22.0,138.0,,,,,,,,,,,,,,,,,,,,,,,,
96,case_13,2024-04-10 21:11:07.362582,complete,Admission NC,positive,J,,,,,,,,,,,,,,,,,,,,,,,,,,,
97,case_13,2024-04-10 21:43:49.362582,complete,Admission NC,positive,J,,,,,,,,,,,,,,,,,,,,,,,,,,,
98,case_14,2024-04-10 15:33:33.362582,complete,CRP,positive,I,YA,21.0,,3112.0,,,,,,,,,,,,,,,,,,,,,,,
99,case_14,2024-04-10 17:16:02.362582,complete,CRP,positive,I,YD,26.0,,1074.0,,,,,,,,,,,,,,,,,,,,,,,
100,case_14,2024-04-10 18:16:59.362582,complete,Leucocytes,positive,L,YA,20.0,138.0,,,,,,,,,,,,,,,,,,,,,,,,
101,case_14,2024-04-10 19:09:31.362582,complete,CRP,positive,I,YC,20.0,,50.0,,,,,,,,,,,,,,,,,,,,,,,
102,case_14,2024-04-10 20:14:14.362582,complete,CRP,positive,A,YA,22.0,,4484.0,,,,,,,,,,,,,,,,,,,,,,,
103,case_14,2024-04-10 21:03:20.362582,complete,Admission NC,positive,J,,,,,,,,,,,,,,,,,,,,,,,,,,,
104,case_14,2024-04-10 21:59:21.362582,complete,Admission NC,positive,J,,,,,,,,,,,,,,,,,,,,,,,,,,,
105,case_15,2024-04-10 16:09:43.362582,complete,ER Triage,positive,C,YA,21.0,,,,,,,,,,,,,,,,,,,,,,,,,
106,case_15,2024-04-10 16:50:04.362582,complete,CRP,positive,K,YA,21.0,,2588.0,,,,,,,,,,,,,,,,,,,,,,,
107,case_15,2024-04-10 17:52:23.362582,complete,CRP,positive,I,YD,25.0,,50.0,,,,,,,,,,,,,,,,,,,,,,,
108,case_15,2024-04-10 18:45:41.362582,complete,Leucocytes,positive,K,YB,20.0,138.0,,,,,,,,,,,,,,,,,,,,,,,,
109,case_15,2024-04-10 20:02:47.362582,complete,Leucocytes,positive,A,YA,20.0,138.0,,,,,,,,,,,,,,,,,,,,,,,,
110,case_15,2024-04-10 20:36:20.362582,complete,Admission NC,positive,J,,,,,,,,,,,,,,,,,,,,,,,,,,,
111,case_15,2024-04-10 22:05:02.362582,complete,Admission NC,positive,J,,,,,,,,,,,,,,,,,,,,,,,,,,,
112,case_16,2024-04-10 16:24:43.362582,complete,Release A,positive,K,,,,,,,,,,,,,,,,,,,,,,,,,,,
113,case_16,2024-04-10 17:30:10.362582,complete,Leucocytes,positive,K,YA,21.0,138.0,,,,,,,,,,,,,,,,,,,,,,,,
114,case_16,2024-04-10 17:42:27.362582,complete,Leucocytes,positive,A,YB,23.0,1136.0,,,,,,,,,,,,,,,,,,,,,,,,
115,case_16,2024-04-10 18:42:23.362582,complete,Admission NC,positive,J,,,,,,,,,,,,,,,,,,,,,,,,,,,
116,case_16,2024-04-10 19:55:30.362582,complete,Leucocytes,positive,J,YA,20.0,1060.0,,,,,,,,,,,,,,,,,,,,,,,,
117,case_16,2024-04-10 21:28:49.362582,complete,CRP,positive,K,CC,21.0,,1480.0,,,,,,,,,,,,,,,,,,,,,,,
118,case_16,2024-04-10 21:55:40.362582,complete,CRP,positive,I,YC,20.0,,4264.0,,,,,,,,,,,,,,,,,,,,,,,
119,case_16,2024-04-10 22:37:58.362582,complete,Admission NC,positive,A,,,,,,,,,,,,,,,,,,,,,,,,,,,
120,case_17,2024-04-10 16:01:00.362582,complete,Leucocytes,positive,?,YA,53.0,2834.0,,,,,,,,,,,,,,,,,,,,,,,,
121,case_17,2024-04-10 16:57:02.362582,complete,CRP,positive,A,YA,21.0,,50.0,,,,,,,,,,,,,,,,,,,,,,,
122,case_17,2024-04-10 18:11:32.362582,complete,LacticAcid,positive,A,,,,,2.0,,,,,,,,,,,,,,,,,,,,,,
123,case_17,2024-04-10 19:26:15.362582,complete,Leucocytes,positive,K,YA,22.0,335.0,,,,,,,,,,,,,,,,,,,,,,,,
124,case_17,2024-04-10 20:16:42.362582,complete,CRP,positive,I,YB,20.0,,5459.0,,,,,,,,,,,,,,,,,,,,,,,
125,case_17,2024-04-10 20:33:21.362582,complete,CRP,positive,K,YA,22.0,,2789.0,,,,,,,,,,,,,,,,,,,,,,,
126,case_17,2024-04-10 22:27:10.362582,complete,Admission NC,positive,J,,,,,,,,,,,,,,,,,,,,,,,,,,,
127,case_17,2024-04-10 23:17:53.362582,complete,Admission NC,positive,A,,,,,,,,,,,,,,,,,,,,,,,,,,,
128,case_18,2024-04-10 16:16:51.362582,complete,Leucocytes,positive,K,YB,23.0,3311.0,,,,,,,,,,,,,,,,,,,,,,,,
129,case_18,2024-04-10 16:58:00.362582,complete,LacticAcid,positive,K,,,,,2.0,,,,,,,,,,,,,,,,,,,,,,
130,case_18,2024-04-10 17:41:33.362582,complete,Leucocytes,positive,K,YB,20.0,139.0,,,,,,,,,,,,,,,,,,,,,,,,
131,case_18,2024-04-10 19:31:02.362582,complete,Leucocytes,positive,E,YB,20.0,3486.0,,,,,,,,,,,,,,,,,,,,,,,,
132,case_18,2024-04-10 20:02:33.362582,complete,Admission NC,positive,F,,,,,,,,,,,,,,,,,,,,,,,,,,,
133,case_18,2024-04-10 20:36:38.362582,complete,Admission NC,positive,J,,,,,,,,,,,,,,,,,,,,,,,,,,,
134,case_18,2024-04-10 22:08:19.362582,complete,Release B,positive,E,,,,,,,,,,,,,,,,,,,,,,,,,,,
135,case_18,2024-04-10 23:29:06.362582,complete,CRP,positive,K,YA,20.0,,50.0,,,,,,,,,,,,,,,,,,,,,,,
136,case_19,2024-04-10 15:58:22.362582,complete,Admission NC,positive,E,,,,,,,,,,,,,,,,,,,,,,,,,,,
137,case_19,2024-04-10 17:08:36.362582,complete,LacticAcid,positive,K,,,,,2.0,,,,,,,,,,,,,,,,,,,,,,
138,case_19,2024-04-10 18:20:33.362582,complete,Leucocytes,positive,K,YA,20.0,2396.0,,,,,,,,,,,,,,,,,,,,,,,,
139,case_19,2024-04-10 19:27:57.362582,complete,IV Antibiotics,positive,J,,,,,,,,,,,,,,,,,,,,,,,,,,,
140,case_19,2024-04-10 19:36:34.362582,complete,Admission NC,positive,F,,,,,,,,,,,,,,,,,,,,,,,,,,,
141,case_19,2024-04-10 21:20:45.362582,complete,Leucocytes,positive,I,YD,21.0,1217.0,,,,,,,,,,,,,,,,,,,,,,,,
142,case_19,2024-04-10 22:05:05.362582,complete,CRP,positive,K,YC,21.0,,50.0,,,,,,,,,,,,,,,,,,,,,,,
143,case_19,2024-04-10 22:39:01.362582,complete,Leucocytes,positive,K,YA,20.0,138.0,,,,,,,,,,,,,,,,,,,,,,,,
144,case_20,2024-04-10 16:06:14.362582,complete,Leucocytes,positive,K,YA,23.0,1178.0,,,,,,,,,,,,,,,,,,,,,,,,
145,case_20,2024-04-10 17:22:57.362582,complete,Leucocytes,positive,K,YB,20.0,791.0,,,,,,,,,,,,,,,,,,,,,,,,
146,case_20,2024-04-10 18:20:12.362582,complete,Admission NC,positive,F,,,,,,,,,,,,,,,,,,,,,,,,,,,
147,case_20,2024-04-10 19:12:33.362582,complete,LacticAcid,positive,A,,,,,3.0,,,,,,,,,,,,,,,,,,,,,,
148,case_20,2024-04-10 19:46:14.362582,complete,Leucocytes,positive,I,YC,20.0,1773.0,,,,,,,,,,,,,,,,,,,,,,,,
149,case_20,2024-04-10 20:32:21.362582,complete,Admission NC,positive,J,,,,,,,,,,,,,,,,,,,,,,,,,,,
150,case_20,2024-04-10 22:21:54.362582,complete,LacticAcid,positive,K,,,,,5.0,,,,,,,,,,,,,,,,,,,,,,
151,case_20,2024-04-10 23:25:27.362582,complete,Leucocytes,positive,K,YA,21.0,2353.0,,,,,,,,,,,,,,,,,,,,,,,,
152,case_21,2024-04-10 16:27:11.362582,complete,CRP,positive,I,YA,20.0,,51.0,,,,,,,,,,,,,,,,,,,,,,,
153,case_21,2024-04-10 17:09:24.362582,complete,Admission NC,positive,F,,,,,,,,,,,,,,,,,,,,,,,,,,,
154,case_21,2024-04-10 17:51:14.362582,complete,LacticAcid,positive,K,,,,,6.0,,,,,,,,,,,,,,,,,,,,,,
155,case_21,2024-04-10 19:19:09.362582,complete,Leucocytes,positive,E,YA,20.0,138.0,,,,,,,,,,,,,,,,,,,,,,,,
156,case_21,2024-04-10 20:12:52.362582,complete,LacticAcid,positive,K,,,,,3.0,,,,,,,,,,,,,,,,,,,,,,
157,case_21,2024-04-10 20:53:47.362582,complete,Leucocytes,positive,I,YB,21.0,138.0,,,,,,,,,,,,,,,,,,,,,,,,
158,case_21,2024-04-10 21:38:06.362582,complete,Leucocytes,positive,K,YB,20.0,138.0,,,,,,,,,,,,,,,,,,,,,,,,
159,case_21,2024-04-10 23:28:57.362582,complete,Admission NC,positive,?,,,,,,,,,,,,,,,,,,,,,,,,,,,
160,case_22,2024-04-10 15:41:42.362582,complete,ER Triage,positive,C,YA,20.0,,,,,,,,,,,,,,,,,,,,,,,,,
161,case_22,2024-04-10 17:23:49.362582,complete,Admission NC,positive,F,,,,,,,,,,,,,,,,,,,,,,,,,,,
162,case_22,2024-04-10 17:54:57.362582,complete,CRP,positive,K,YA,20.0,,1794.0,,,,,,,,,,,,,,,,,,,,,,,
163,case_22,2024-04-10 19:02:29.362582,complete,Admission NC,positive,F,,,,,,,,,,,,,,,,,,,,,,,,,,,
164,case_22,2024-04-10 19:43:09.362582,complete,CRP,positive,I,YA,20.0,,3910.0,,,,,,,,,,,,,,,,,,,,,,,
165,case_23,2024-04-10 16:01:39.362582,complete,ER Registration,positive,?,YA,23.0,,,,false,false,true,false,true,false,false,false,true,true,true,false,false,false,false,true,false,true,true,true,false,true
166,case_23,2024-04-10 17:03:27.362582,complete,Leucocytes,positive,I,YA,20.0,403.0,,,,,,,,,,,,,,,,,,,,,,,,
167,case_23,2024-04-10 18:02:42.362582,complete,Admission NC,positive,J,,,,,,,,,,,,,,,,,,,,,,,,,,,
168,case_23,2024-04-10 18:49:29.362582,complete,CRP,positive,K,YC,26.0,,473.0,,,,,,,,,,,,,,,,,,,,,,,
169,case_23,2024-04-10 20:01:22.362582,complete,Admission NC,positive,J,,,,,,,,,,,,,,,,,,,,,,,,,,,
170,case_24,2024-04-10 15:59:05.362582,complete,ER Triage,positive,C,YB,20.0,,,,,,,,,,,,,,,,,,,,,,,,,
171,case_24,2024-04-10 17:10:57.362582,complete,CRP,positive,K,YB,21.0,,80.0,,,,,,,,,,,,,,,,,,,,,,,
172,case_24,2024-04-10 17:35:28.362582,complete,CRP,positive,L,YA,20.0,,3183.0,,,,,,,,,,,,,,,,,,,,,,,
173,case_24,2024-04-10 19:30:28.362582,complete,Admission NC,positive,F,,,,,,,,,,,,,,,,,,,,,,,,,,,
174,case_24,2024-04-10 20:15:07.362582,complete,Admission NC,positive,A,,,,,,,,,,,,,,,,,,,,,,,,,,,
175,case_25,2024-04-10 15:57:57.362582,complete,ER Triage,positive,C,YB,43.0,,,,,,,,,,,,,,,,,,,,,,,,,
176,case_25,2024-04-10 16:32:54.362582,complete,Leucocytes,positive,K,YB,21.0,1749.0,,,,,,,,,,,,,,,,,,,,,,,,
177,case_25,2024-04-10 17:42:56.362582,complete,Admission NC,positive,F,,,,,,,,,,,,,,,,,,,,,,,,,,,
178,case_25,2024-04-10 18:32:31.362582,complete,Admission NC,positive,A,,,,,,,,,,,,,,,,,,,,,,,,,,,
179,case_25,2024-04-10 19:32:25.362582,complete,CRP,positive,K,YC,20.0,,3400.0,,,,,,,,,,,,,,,,,,,,,,,
180,case_26,2024-04-10 16:14:38.362582,complete,Leucocytes,positive,K,YA,20.0,3706.0,,,,,,,,,,,,,,,,,,,,,,,,
181,case_26,2024-04-10 16:58:12.362582,complete,Leucocytes,positive,I,YA,21.0,138.0,,,,,,,,,,,,,,,,,,,,,,,,
182,case_26,2024-04-10 17:55:26.362582,complete,CRP,positive,K,YB,21.0,,2653.0,,,,,,,,,,,,,,,,,,,,,,,
183,case_26,2024-04-10 18:55:23.362582,complete,Admission NC,positive,F,,,,,,,,,,,,,,,,,,,,,,,,,,,
184,case_26,2024-04-10 20:19:21.362582,complete,Admission NC,positive,F,,,,,,,,,,,,,,,,,,,,,,,,,,,
185,case_27,2024-04-10 15:58:54.362582,complete,ER Triage,positive,C,YA,20.0,,,,,,,,,,,,,,,,,,,,,,,,,
186,case_27,2024-04-10 17:21:09.362582,complete,Admission NC,positive,F,,,,,,,,,,,,,,,,,,,,,,,,,,,
187,case_27,2024-04-10 18:18:53.362582,complete,Admission NC,positive,A,,,,,,,,,,,,,,,,,,,,,,,,,,,
188,case_27,2024-04-10 19:21:44.362582,complete,LacticAcid,positive,K,,,,,3.0,,,,,,,,,,,,,,,,,,,,,,
189,case_27,2024-04-10 19:35:48.362582,complete,Leucocytes,positive,I,YA,20.0,141.0,,,,,,,,,,,,,,,,,,,,,,,,
190,case_28,2024-04-10 15:38:42.362582,complete,ER Triage,positive,C,YB,21.0,,,,,,,,,,,,,,,,,,,,,,,,,
191,case_28,2024-04-10 16:57:39.362582,complete,Leucocytes,positive,I,YD,26.0,848.0,,,,,,,,,,,,,,,,,,,,,,,,
192,case_28,2024-04-10 17:42:49.362582,complete,Leucocytes,positive,L,YA,20.0,138.0,,,,,,,,,,,,,,,,,,,,,,,,
193,case_28,2024-04-10 19:07:35.362582,complete,Leucocytes,positive,I,YC,20.0,138.0,,,,,,,,,,,,,,,,,,,,,,,,
194,case_28,2024-04-10 20:00:35.362582,complete,CRP,positive,A,YA,22.0,,1447.0,,,,,,,,,,,,,,,,,,,,,,,
195,case_28,2024-04-10 21:10:45.362582,complete,CRP,positive,K,YB,21.0,,50.0,,,,,,,,,,,,,,,,,,,,,,,
196,case_28,2024-04-10 21:37:01.362582,complete,CRP,positive,K,YA,22.0,,1094.0,,,,,,,,,,,,,,,,,,,,,,,
197,case_28,2024-04-10 23:07:39.362582,complete,Admission NC,positive,J,,,,,,,,,,,,,,,,,,,,,,,,,,,
198,case_28,2024-04-10 23:48:19.362582,complete,Admission NC,positive,J,,,,,,,,,,,,,,,,,,,,,,,,,,,
199,case_29,2024-04-10 16:18:40.362582,complete,Admission NC,positive,F,,,,,,,,,,,,,,,,,,,,,,,,,,,
200,case_29,2024-04-10 17:13:03.362582,complete,Admission NC,positive,F,,,,,,,,,,,,,,,,,,,,,,,,,,,
201,case_29,2024-04-10 17:40:57.362582,complete,Leucocytes,positive,?,YA,21.0,138.0,,,,,,,,,,,,,,,,,,,,,,,,
202,case_29,2024-04-10 19:16:19.362582,complete,Admission NC,positive,F,,,,,,,,,,,,,,,,,,,,,,,,,,,
203,case_29,2024-04-10 19:43:51.362582,complete,CRP,positive,A,YA,22.0,,50.0,,,,,,,,,,,,,,,,,,,,,,,
204,case_29,2024-04-10 20:36:38.362582,complete,Leucocytes,positive,K,YC,20.0,138.0,,,,,,,,,,,,,,,,,,,,,,,,
205,case_29,2024-04-10 21:48:51.362582,complete,IV Antibiotics,positive,I,,,,,,,,,,,,,,,,,,,,,,,,,,,
206,case_29,2024-04-10 23:19:39.362582,complete,Leucocytes,positive,I,YA,20.0,138.0,,,,,,,,,,,,,,,,,,,,,,,,
207,case_29,2024-04-10 23:57:41.362582,complete,IV Antibiotics,positive,?,,,,,,,,,,,,,,,,,,,,,,,,,,,
