,case:concept:name,time:timestamp,lifecycle:transition,concept:name,case:label,org:group,LacticAcid,Diagnose,Age,Leucocytes,CRP,InfectionSuspected,DiagnosticBlood,DisfuncOrg,SIRSCritTachypnea,Hypotensie,SIRSCritHeartRate,Infusion,DiagnosticArtAstrup,DiagnosticIC,DiagnosticSputum,DiagnosticLiquor,DiagnosticOther,SIRSCriteria2OrMore,DiagnosticXthorax,SIRSCritTemperature,DiagnosticUrinaryCulture,SIRSCritLeucos,Oligurie,DiagnosticLacticAcid,Hypoxie,DiagnosticUrinarySediment,DiagnosticECG
0,case_0,2024-04-10 16:23:10.041584,complete,LacticAcid,positive,L,2.0,,,,,,,,,,,,,,,,,,,,,,,,,,
1,case_0,2024-04-10 16:43:32.041584,complete,Leucocytes,positive,L,,YA,20.0,331.0,,,,,,,,,,,,,,,,,,,,,,,
2,case_0,2024-04-10 18:06:48.041584,complete,Admission NC,positive,J,,,,,,,,,,,,,,,,,,,,,,,,,,,
3,case_0,2024-04-10 18:52:25.041584,complete,Release B,positive,E,,,,,,,,,,,,,,,,,,,,,,,,,,,
4,case_0,2024-04-10 19:47:09.041584,complete,Release B,positive,E,,,,,,,,,,,,,,,,,,,,,,,,,,,
5,case_0,2024-04-10 20:56:30.041584,complete,CRP,positive,L,,QA,21.0,,50.0,,,,,,,,,,,,,,,,,,,,,,
6,case_0,2024-04-10 21:50:23.041584,complete,Admission NC,positive,F,,,,,,,,,,,,,,,,,,,,,,,,,,,
7,case_0,2024-04-10 22:44:53.041584,complete,Release B,positive,E,,,,,,,,,,,,,,,,,,,,,,,,,,,
8,case_1,2024-04-10 15:34:14.041584,complete,LacticAcid,positive,J,2.0,,,,,,,,,,,,,,,,,,,,,,,,,,
9,case_1,2024-04-10 16:54:44.041584,complete,Leucocytes,positive,J,,YA,20.0,331.0,,,,,,,,,,,,,,,,,,,,,,,
10,case_1,2024-04-10 17:50:53.041584,complete,CRP,positive,L,,YA,90.0,,50.0,,,,,,,,,,,,,,,,,,,,,,
11,case_1,2024-04-10 19:21:48.041584,complete,Release B,positive,E,,,,,,,,,,,,,,,,,,,,,,,,,,,
12,case_1,2024-04-10 20:22:02.041584,complete,CRP,positive,L,,YA,21.0,,1040.0,,,,,,,,,,,,,,,,,,,,,,
13,case_1,2024-04-10 21:25:47.041584,complete,Admission NC,positive,J,,,,,,,,,,,,,,,,,,,,,,,,,,,
14,case_1,2024-04-10 21:56:49.041584,complete,Admission NC,positive,J,,,,,,,,,,,,,,,,,,,,,,,,,,,
15,case_1,2024-04-10 23:07:11.041584,complete,Release B,positive,E,,,,,,,,,,,,,,,,,,,,,,,,,,,
16,case_2,2024-04-10 15:39:46.041584,complete,CRP,positive,L,,YB,24.0,,50.0,,,,,,,,,,,,,,,,,,,,,,
17,case_2,2024-04-10 16:46:44.041584,complete,CRP,positive,L,,YA,20.0,,50.0,,,,,,,,,,,,,,,,,,,,,,
18,case_2,2024-04-10 17:37:42.041584,complete,LacticAcid,positive,K,3.0,,,,,,,,,,,,,,,,,,,,,,,,,,
19,case_2,2024-04-10 18:54:15.041584,complete,Leucocytes,positive,A,,YA,90.0,138.0,,,,,,,,,,,,,,,,,,,,,,,
20,case_2,2024-04-10 20:15:10.041584,complete,CRP,positive,?,,YA,22.0,,1040.0,,,,,,,,,,,,,,,,,,,,,,
21,case_2,2024-04-10 21:31:08.041584,complete,Admission NC,positive,?,,,,,,,,,,,,,,,,,,,,,,,,,,,
22,case_2,2024-04-10 22:11:24.041584,complete,Leucocytes,positive,I,,HE,20.0,3490.0,,,,,,,,,,,,,,,,,,,,,,,
23,case_2,2024-04-10 23:13:28.041584,complete,Admission NC,positive,F,,,,,,,,,,,,,,,,,,,,,,,,,,,
24,case_3,2024-04-10 16:02:58.041584,complete,CRP,positive,L,,YB,20.0,,50.0,,,,,,,,,,,,,,,,,,,,,,
25,case_3,2024-04-10 17:04:23.041584,complete,Admission NC,positive,F,,,,,,,,,,,,,,,,,,,,,,,,,,,
26,case_3,2024-04-10 17:58:28.041584,complete,CRP,positive,F,,YA,24.0,,50.0,,,,,,,,,,,,,,,,,,,,,,
27,case_3,2024-04-10 18:58:30.041584,complete,CRP,positive,I,,VD,20.0,,51.0,,,,,,,,,,,,,,,,,,,,,,
28,case_3,2024-04-10 19:37:35.041584,complete,CRP,positive,L,,MD,20.0,,3058.0,,,,,,,,,,,,,,,,,,,,,,
29,case_3,2024-04-10 21:26:11.041584,complete,CRP,positive,I,,YD,20.0,,1970.0,,,,,,,,,,,,,,,,,,,,,,
30,case_3,2024-04-10 21:50:05.041584,complete,Admission NC,positive,F,,,,,,,,,,,,,,,,,,,,,,,,,,,
31,case_3,2024-04-10 23:03:42.041584,complete,CRP,positive,E,,HC,90.0,,50.0,,,,,,,,,,,,,,,,,,,,,,
32,case_4,2024-04-10 16:29:54.041584,complete,CRP,positive,J,,YB,24.0,,2777.0,,,,,,,,,,,,,,,,,,,,,,
33,case_4,2024-04-10 16:36:05.041584,complete,Leucocytes,positive,J,,YA,20.0,331.0,,,,,,,,,,,,,,,,,,,,,,,
34,case_4,2024-04-10 18:23:30.041584,complete,Admission NC,positive,A,,,,,,,,,,,,,,,,,,,,,,,,,,,
35,case_4,2024-04-10 19:05:19.041584,complete,Admission NC,positive,J,,,,,,,,,,,,,,,,,,,,,,,,,,,
36,case_4,2024-04-10 20:28:16.041584,complete,CRP,positive,A,,YA,22.0,,1040.0,,,,,,,,,,,,,,,,,,,,,,
37,case_4,2024-04-10 21:26:39.041584,complete,CRP,positive,I,,YC,22.0,,50.0,,,,,,,,,,,,,,,,,,,,,,
38,case_4,2024-04-10 21:52:18.041584,complete,CRP,positive,K,,YA,20.0,,50.0,,,,,,,,,,,,,,,,,,,,,,
39,case_4,2024-04-10 22:46:02.041584,complete,Leucocytes,positive,I,,HE,34.0,138.0,,,,,,,,,,,,,,,,,,,,,,,
40,case_5,2024-04-10 15:43:14.041584,complete,CRP,positive,E,,YA,22.0,,3584.0,,,,,,,,,,,,,,,,,,,,,,
41,case_5,2024-04-10 16:49:04.041584,complete,Leucocytes,positive,K,,YC,23.0,138.0,,,,,,,,,,,,,,,,,,,,,,,
42,case_5,2024-04-10 18:25:10.041584,complete,Leucocytes,positive,I,,YB,20.0,138.0,,,,,,,,,,,,,,,,,,,,,,,
43,case_5,2024-04-10 18:39:40.041584,complete,CRP,positive,L,,YA,20.0,,1286.0,,,,,,,,,,,,,,,,,,,,,,
44,case_5,2024-04-10 19:37:23.041584,complete,LacticAcid,positive,I,3.0,,,,,,,,,,,,,,,,,,,,,,,,,,
45,case_5,2024-04-10 21:15:00.041584,complete,Leucocytes,positive,I,,YC,22.0,2888.0,,,,,,,,,,,,,,,,,,,,,,,
46,case_5,2024-04-10 22:34:03.041584,complete,Admission NC,positive,J,,,,,,,,,,,,,,,,,,,,,,,,,,,
47,case_5,2024-04-10 23:00:11.041584,complete,Admission NC,positive,J,,,,,,,,,,,,,,,,,,,,,,,,,,,
48,case_5,2024-04-11 00:32:24.041584,complete,CRP,positive,I,,HE,20.0,,51.0,,,,,,,,,,,,,,,,,,,,,,
49,case_5,2024-04-11 01:01:08.041584,complete,CRP,positive,J,,HE,21.0,,1921.0,,,,,,,,,,,,,,,,,,,,,,
50,case_6,2024-04-10 16:09:59.041584,complete,CRP,positive,K,,YA,21.0,,5026.0,,,,,,,,,,,,,,,,,,,,,,
51,case_6,2024-04-10 16:56:51.041584,complete,Leucocytes,positive,F,,YD,20.0,138.0,,,,,,,,,,,,,,,,,,,,,,,
52,case_6,2024-04-10 18:13:40.041584,complete,CRP,positive,A,,YC,20.0,,1135.0,,,,,,,,,,,,,,,,,,,,,,
53,case_6,2024-04-10 19:23:39.041584,complete,Leucocytes,positive,L,,YA,20.0,138.0,,,,,,,,,,,,,,,,,,,,,,,
54,case_6,2024-04-10 20:18:18.041584,complete,Admission NC,positive,A,,,,,,,,,,,,,,,,,,,,,,,,,,,
55,case_6,2024-04-10 20:54:34.041584,complete,LacticAcid,positive,K,3.0,,,,,,,,,,,,,,,,,,,,,,,,,,
56,case_6,2024-04-10 21:41:08.041584,complete,Leucocytes,positive,K,,YC,24.0,139.0,,,,,,,,,,,,,,,,,,,,,,,
57,case_6,2024-04-10 22:44:15.041584,complete,Admission NC,positive,J,,,,,,,,,,,,,,,,,,,,,,,,,,,
58,case_6,2024-04-10 23:37:31.041584,complete,Leucocytes,positive,J,,YA,20.0,1628.0,,,,,,,,,,,,,,,,,,,,,,,
59,case_6,2024-04-11 00:56:39.041584,complete,ER Registration,positive,J,,QC,20.0,,,true,false,true,false,false,true,false,true,true,false,true,false,true,true,true,false,false,true,true,true,false,true
60,case_7,2024-04-10 15:51:39.041584,complete,CRP,positive,J,,YA,23.0,,600.0,,,,,,,,,,,,,,,,,,,,,,
61,case_7,2024-04-10 17:32:19.041584,complete,CRP,positive,L,,YA,24.0,,53.0,,,,,,,,,,,,,,,,,,,,,,
62,case_7,2024-04-10 17:51:58.041584,complete,Leucocytes,positive,L,,LA,20.0,1086.0,,,,,,,,,,,,,,,,,,,,,,,
63,case_7,2024-04-10 19:22:34.041584,complete,Admission NC,positive,F,,,,,,,,,,,,,,,,,,,,,,,,,,,
64,case_7,2024-04-10 19:36:25.041584,complete,Admission NC,positive,F,,,,,,,,,,,,,,,,,,,,,,,,,,,
65,case_7,2024-04-10 21:09:07.041584,complete,Admission NC,positive,L,,,,,,,,,,,,,,,,,,,,,,,,,,,
66,case_7,2024-04-10 21:40:09.041584,complete,CRP,positive,K,,YA,23.0,,4054.0,,,,,,,,,,,,,,,,,,,,,,
67,case_7,2024-04-10 23:14:58.041584,complete,LacticAcid,positive,I,2.0,,,,,,,,,,,,,,,,,,,,,,,,,,
68,case_7,2024-04-11 00:02:16.041584,complete,Leucocytes,positive,L,,HE,20.0,138.0,,,,,,,,,,,,,,,,,,,,,,,
69,case_7,2024-04-11 01:26:47.041584,complete,CRP,positive,E,,HE,20.0,,50.0,,,,,,,,,,,,,,,,,,,,,,
70,case_8,2024-04-10 16:22:13.041584,complete,CRP,positive,L,,YA,22.0,,1322.0,,,,,,,,,,,,,,,,,,,,,,
71,case_8,2024-04-10 17:15:44.041584,complete,Leucocytes,positive,L,,YB,20.0,1988.0,,,,,,,,,,,,,,,,,,,,,,,
72,case_8,2024-04-10 18:30:57.041584,complete,Leucocytes,positive,I,,YD,20.0,1086.0,,,,,,,,,,,,,,,,,,,,,,,
73,case_8,2024-04-10 18:40:50.041584,complete,CRP,positive,L,,QA,24.0,,1286.0,,,,,,,,,,,,,,,,,,,,,,
74,case_8,2024-04-10 20:02:28.041584,complete,Admission NC,positive,J,,,,,,,,,,,,,,,,,,,,,,,,,,,
75,case_8,2024-04-10 21:04:09.041584,complete,Admission NC,positive,L,,,,,,,,,,,,,,,,,,,,,,,,,,,
76,case_8,2024-04-10 22:27:09.041584,complete,LacticAcid,positive,I,5.0,,,,,,,,,,,,,,,,,,,,,,,,,,
77,case_8,2024-04-10 23:14:49.041584,complete,Leucocytes,positive,L,,GB,20.0,138.0,,,,,,,,,,,,,,,,,,,,,,,
78,case_8,2024-04-10 23:47:24.041584,complete,CRP,positive,L,,HE,20.0,,2422.0,,,,,,,,,,,,,,,,,,,,,,
79,case_8,2024-04-11 01:12:27.041584,complete,CRP,positive,L,,HE,20.0,,52.0,,,,,,,,,,,,,,,,,,,,,,
80,case_9,2024-04-10 16:11:47.041584,complete,CRP,positive,I,,YD,22.0,,52.0,,,,,,,,,,,,,,,,,,,,,,
81,case_9,2024-04-10 16:51:16.041584,complete,Leucocytes,positive,E,,YA,20.0,1988.0,,,,,,,,,,,,,,,,,,,,,,,
82,case_9,2024-04-10 17:53:45.041584,complete,Leucocytes,positive,J,,YA,20.0,1086.0,,,,,,,,,,,,,,,,,,,,,,,
83,case_9,2024-04-10 18:53:32.041584,complete,Admission NC,positive,F,,,,,,,,,,,,,,,,,,,,,,,,,,,
84,case_9,2024-04-10 19:54:40.041584,complete,Admission NC,positive,J,,,,,,,,,,,,,,,,,,,,,,,,,,,
85,case_9,2024-04-10 20:36:06.041584,complete,CRP,positive,J,,YA,20.0,,460.0,,,,,,,,,,,,,,,,,,,,,,
86,case_9,2024-04-10 22:19:21.041584,complete,LacticAcid,positive,I,3.0,,,,,,,,,,,,,,,,,,,,,,,,,,
87,case_9,2024-04-10 23:23:31.041584,complete,Leucocytes,positive,I,,GB,20.0,138.0,,,,,,,,,,,,,,,,,,,,,,,
88,case_9,2024-04-11 00:22:56.041584,complete,LacticAcid,positive,E,6.0,,,,,,,,,,,,,,,,,,,,,,,,,,
89,case_9,2024-04-11 00:43:14.041584,complete,Leucocytes,positive,L,,YA,20.0,2148.0,,,,,,,,,,,,,,,,,,,,,,,
90,case_10,2024-04-10 16:22:05.041584,complete,CRP,positive,L,,YA,44.0,,1452.0,,,,,,,,,,,,,,,,,,,,,,
91,case_10,2024-04-10 16:57:02.041584,complete,Admission NC,positive,L,,,,,,,,,,,,,,,,,,,,,,,,,,,
92,case_10,2024-04-10 18:00:06.041584,complete,CRP,positive,J,,YB,37.0,,3254.0,,,,,,,,,,,,,,,,,,,,,,
93,case_10,2024-04-10 19:28:29.041584,complete,CRP,positive,I,,YA,30.0,,1873.0,,,,,,,,,,,,,,,,,,,,,,
94,case_10,2024-04-10 19:56:35.041584,complete,Admission NC,positive,L,,,,,,,,,,,,,,,,,,,,,,,,,,,
95,case_11,2024-04-10 15:57:34.041584,complete,CRP,positive,J,,YA,20.0,,2137.0,,,,,,,,,,,,,,,,,,,,,,
96,case_11,2024-04-10 17:17:18.041584,complete,Admission NC,positive,F,,,,,,,,,,,,,,,,,,,,,,,,,,,
97,case_11,2024-04-10 18:02:14.041584,complete,CRP,positive,I,,YB,20.0,,52.0,,,,,,,,,,,,,,,,,,,,,,
98,case_11,2024-04-10 18:48:16.041584,complete,Admission NC,positive,C,,,,,,,,,,,,,,,,,,,,,,,,,,,
99,case_11,2024-04-10 20:26:18.041584,complete,CRP,positive,A,,YC,21.0,,52.0,,,,,,,,,,,,,,,,,,,,,,
100,case_12,2024-04-10 15:55:31.041584,complete,CRP,positive,K,,YB,23.0,,4734.0,,,,,,,,,,,,,,,,,,,,,,
101,case_12,2024-04-10 17:01:32.041584,complete,CRP,positive,J,,YA,20.0,,133.0,,,,,,,,,,,,,,,,,,,,,,
102,case_12,2024-04-10 18:33:45.041584,complete,CRP,positive,J,,YA,20.0,,50.0,,,,,,,,,,,,,,,,,,,,,,
103,case_12,2024-04-10 19:09:29.041584,complete,Admission NC,positive,F,,,,,,,,,,,,,,,,,,,,,,,,,,,
104,case_12,2024-04-10 19:52:46.041584,complete,Admission NC,positive,F,,,,,,,,,,,,,,,,,,,,,,,,,,,
105,case_13,2024-04-10 16:04:11.041584,complete,CRP,positive,E,,YA,21.0,,4734.0,,,,,,,,,,,,,,,,,,,,,,
106,case_13,2024-04-10 17:03:57.041584,complete,CRP,positive,L,,YD,20.0,,133.0,,,,,,,,,,,,,,,,,,,,,,
107,case_13,2024-04-10 17:52:10.041584,complete,CRP,positive,L,,YA,20.0,,1862.0,,,,,,,,,,,,,,,,,,,,,,
108,case_13,2024-04-10 19:30:56.041584,complete,Admission NC,positive,F,,,,,,,,,,,,,,,,,,,,,,,,,,,
109,case_13,2024-04-10 20:04:42.041584,complete,Admission NC,positive,J,,,,,,,,,,,,,,,,,,,,,,,,,,,
110,case_14,2024-04-10 16:29:32.041584,complete,CRP,positive,K,,YA,44.0,,50.0,,,,,,,,,,,,,,,,,,,,,,
111,case_14,2024-04-10 17:02:14.041584,complete,Admission NC,positive,J,,,,,,,,,,,,,,,,,,,,,,,,,,,
112,case_14,2024-04-10 17:43:01.041584,complete,CRP,positive,I,,YA,22.0,,1862.0,,,,,,,,,,,,,,,,,,,,,,
113,case_14,2024-04-10 18:35:58.041584,complete,Admission NC,positive,F,,,,,,,,,,,,,,,,,,,,,,,,,,,
114,case_14,2024-04-10 20:23:12.041584,complete,CRP,positive,L,,YC,20.0,,3493.0,,,,,,,,,,,,,,,,,,,,,,
115,case_15,2024-04-10 16:29:27.041584,complete,Leucocytes,positive,E,,YB,24.0,3717.0,,,,,,,,,,,,,,,,,,,,,,,
116,case_15,2024-04-10 16:53:36.041584,complete,Admission NC,positive,L,,,,,,,,,,,,,,,,,,,,,,,,,,,
117,case_15,2024-04-10 17:55:22.041584,complete,CRP,positive,A,,YA,20.0,,50.0,,,,,,,,,,,,,,,,,,,,,,
118,case_15,2024-04-10 19:27:14.041584,complete,Admission NC,positive,J,,,,,,,,,,,,,,,,,,,,,,,,,,,
119,case_15,2024-04-10 20:19:47.041584,complete,CRP,positive,C,,YB,20.0,,50.0,,,,,,,,,,,,,,,,,,,,,,
120,case_16,2024-04-10 15:40:25.041584,complete,CRP,positive,?,,YB,89.0,,51.0,,,,,,,,,,,,,,,,,,,,,,
121,case_16,2024-04-10 17:19:08.041584,complete,Admission NC,positive,J,,,,,,,,,,,,,,,,,,,,,,,,,,,
122,case_16,2024-04-10 18:02:19.041584,complete,CRP,positive,L,,YA,64.0,,50.0,,,,,,,,,,,,,,,,,,,,,,
123,case_16,2024-04-10 19:15:16.041584,complete,Leucocytes,positive,K,,YB,88.0,138.0,,,,,,,,,,,,,,,,,,,,,,,
124,case_16,2024-04-10 19:37:03.041584,complete,Admission NC,positive,F,,,,,,,,,,,,,,,,,,,,,,,,,,,
125,case_17,2024-04-10 15:54:09.041584,complete,Leucocytes,positive,L,,YA,20.0,3.0,,,,,,,,,,,,,,,,,,,,,,,
126,case_17,2024-04-10 16:53:02.041584,complete,CRP,positive,J,,QA,20.0,,1397.0,,,,,,,,,,,,,,,,,,,,,,
127,case_17,2024-04-10 18:04:19.041584,complete,CRP,positive,L,,YA,20.0,,4629.0,,,,,,,,,,,,,,,,,,,,,,
128,case_17,2024-04-10 18:52:35.041584,complete,CRP,positive,K,,YA,21.0,,622.0,,,,,,,,,,,,,,,,,,,,,,
129,case_17,2024-04-10 20:27:54.041584,complete,Admission NC,positive,J,,,,,,,,,,,,,,,,,,,,,,,,,,,
130,case_17,2024-04-10 21:25:22.041584,complete,Admission NC,positive,J,,,,,,,,,,,,,,,,,,,,,,,,,,,
131,case_18,2024-04-10 16:20:28.041584,complete,CRP,positive,L,,YA,21.0,,50.0,,,,,,,,,,,,,,,,,,,,,,
132,case_18,2024-04-10 17:00:09.041584,complete,CRP,positive,L,,YD,20.0,,1397.0,,,,,,,,,,,,,,,,,,,,,,
133,case_18,2024-04-10 17:50:08.041584,complete,CRP,positive,L,,YA,20.0,,4629.0,,,,,,,,,,,,,,,,,,,,,,
134,case_18,2024-04-10 18:44:29.041584,complete,CRP,positive,K,,YA,21.0,,50.0,,,,,,,,,,,,,,,,,,,,,,
135,case_18,2024-04-10 20:24:55.041584,complete,Admission NC,positive,F,,,,,,,,,,,,,,,,,,,,,,,,,,,
136,case_18,2024-04-10 21:16:21.041584,complete,Admission NC,positive,F,,,,,,,,,,,,,,,,,,,,,,,,,,,
137,case_19,2024-04-10 15:57:36.041584,complete,CRP,positive,L,,YB,21.0,,51.0,,,,,,,,,,,,,,,,,,,,,,
138,case_19,2024-04-10 17:33:29.041584,complete,CRP,positive,L,,YD,20.0,,1397.0,,,,,,,,,,,,,,,,,,,,,,
139,case_19,2024-04-10 18:17:38.041584,complete,CRP,positive,I,,YA,20.0,,50.0,,,,,,,,,,,,,,,,,,,,,,
140,case_19,2024-04-10 18:49:23.041584,complete,CRP,positive,L,,YA,21.0,,622.0,,,,,,,,,,,,,,,,,,,,,,
141,case_19,2024-04-10 20:19:55.041584,complete,Admission NC,positive,F,,,,,,,,,,,,,,,,,,,,,,,,,,,
142,case_19,2024-04-10 21:15:00.041584,complete,Admission NC,positive,L,,,,,,,,,,,,,,,,,,,,,,,,,,,
143,case_20,2024-04-10 15:45:16.041584,complete,Leucocytes,positive,K,,YA,20.0,3079.0,,,,,,,,,,,,,,,,,,,,,,,
144,case_20,2024-04-10 16:42:41.041584,complete,Leucocytes,positive,J,,YA,89.0,674.0,,,,,,,,,,,,,,,,,,,,,,,
145,case_20,2024-04-10 18:33:14.041584,complete,Leucocytes,positive,K,,YA,24.0,14.0,,,,,,,,,,,,,,,,,,,,,,,
146,case_20,2024-04-10 19:15:05.041584,complete,CRP,positive,I,,O,21.0,,50.0,,,,,,,,,,,,,,,,,,,,,,
147,case_20,2024-04-10 20:05:28.041584,complete,Admission NC,positive,F,,,,,,,,,,,,,,,,,,,,,,,,,,,
148,case_20,2024-04-10 21:07:32.041584,complete,Admission NC,positive,F,,,,,,,,,,,,,,,,,,,,,,,,,,,
149,case_21,2024-04-10 15:54:15.041584,complete,CRP,positive,K,,YA,20.0,,52.0,,,,,,,,,,,,,,,,,,,,,,
150,case_21,2024-04-10 17:05:00.041584,complete,CRP,positive,J,,YA,20.0,,1397.0,,,,,,,,,,,,,,,,,,,,,,
151,case_21,2024-04-10 18:30:56.041584,complete,CRP,positive,K,,YC,28.0,,5664.0,,,,,,,,,,,,,,,,,,,,,,
152,case_21,2024-04-10 19:27:21.041584,complete,Leucocytes,positive,I,,YD,21.0,138.0,,,,,,,,,,,,,,,,,,,,,,,
153,case_21,2024-04-10 19:53:38.041584,complete,Admission NC,positive,F,,,,,,,,,,,,,,,,,,,,,,,,,,,
154,case_21,2024-04-10 21:25:26.041584,complete,Admission NC,positive,F,,,,,,,,,,,,,,,,,,,,,,,,,,,
155,case_22,2024-04-10 15:41:10.041584,complete,CRP,positive,E,,YC,20.0,,50.0,,,,,,,,,,,,,,,,,,,,,,
156,case_22,2024-04-10 17:32:50.041584,complete,CRP,positive,J,,YA,20.0,,99.0,,,,,,,,,,,,,,,,,,,,,,
157,case_22,2024-04-10 17:37:46.041584,complete,CRP,positive,I,,YA,20.0,,5664.0,,,,,,,,,,,,,,,,,,,,,,
158,case_22,2024-04-10 19:11:42.041584,complete,CRP,positive,L,,YB,21.0,,51.0,,,,,,,,,,,,,,,,,,,,,,
159,case_22,2024-04-10 20:22:19.041584,complete,Admission NC,positive,F,,,,,,,,,,,,,,,,,,,,,,,,,,,
160,case_22,2024-04-10 21:32:53.041584,complete,Admission NC,positive,F,,,,,,,,,,,,,,,,,,,,,,,,,,,
161,case_23,2024-04-10 16:33:19.041584,complete,CRP,positive,J,,YB,24.0,,4215.0,,,,,,,,,,,,,,,,,,,,,,
162,case_23,2024-04-10 16:41:51.041584,complete,Leucocytes,positive,I,,YA,20.0,863.0,,,,,,,,,,,,,,,,,,,,,,,
163,case_23,2024-04-10 18:25:05.041584,complete,IV Antibiotics,positive,L,,,,,,,,,,,,,,,,,,,,,,,,,,,
164,case_23,2024-04-10 18:38:25.041584,complete,CRP,positive,I,,YA,21.0,,50.0,,,,,,,,,,,,,,,,,,,,,,
165,case_23,2024-04-10 19:35:37.041584,complete,Leucocytes,positive,K,,YC,22.0,2032.0,,,,,,,,,,,,,,,,,,,,,,,
166,case_23,2024-04-10 20:39:44.041584,complete,CRP,positive,?,,YC,20.0,,50.0,,,,,,,,,,,,,,,,,,,,,,
167,case_23,2024-04-10 21:56:02.041584,complete,Admission NC,positive,?,,,,,,,,,,,,,,,,,,,,,,,,,,,
168,case_23,2024-04-10 22:45:35.041584,complete,Leucocytes,positive,K,,HD,20.0,2883.0,,,,,,,,,,,,,,,,,,,,,,,
169,case_23,2024-04-11 00:01:34.041584,complete,Admission NC,positive,J,,,,,,,,,,,,,,,,,,,,,,,,,,,
170,case_24,2024-04-10 16:22:13.041584,complete,CRP,positive,L,,YA,82.0,,3180.0,,,,,,,,,,,,,,,,,,,,,,
171,case_24,2024-04-10 16:57:39.041584,complete,LacticAcid,positive,J,3.0,,,,,,,,,,,,,,,,,,,,,,,,,,
172,case_24,2024-04-10 18:29:02.041584,complete,Leucocytes,positive,L,,YA,23.0,138.0,,,,,,,,,,,,,,,,,,,,,,,
173,case_24,2024-04-10 19:19:09.041584,complete,IV Antibiotics,positive,L,,,,,,,,,,,,,,,,,,,,,,,,,,,
174,case_24,2024-04-10 19:58:15.041584,complete,CRP,positive,I,,YA,20.0,,51.0,,,,,,,,,,,,,,,,,,,,,,
175,case_24,2024-04-10 21:22:44.041584,complete,Admission NC,positive,F,,,,,,,,,,,,,,,,,,,,,,,,,,,
176,case_24,2024-04-10 21:40:11.041584,complete,Admission NC,positive,F,,,,,,,,,,,,,,,,,,,,,,,,,,,
177,case_24,2024-04-10 23:25:55.041584,complete,Leucocytes,positive,I,,YB,21.0,2198.0,,,,,,,,,,,,,,,,,,,,,,,
178,case_24,2024-04-11 00:04:35.041584,complete,CRP,positive,L,,YA,20.0,,2218.0,,,,,,,,,,,,,,,,,,,,,,
179,case_25,2024-04-10 15:53:22.041584,complete,Leucocytes,positive,J,,YC,20.0,2440.0,,,,,,,,,,,,,,,,,,,,,,,
180,case_25,2024-04-10 16:59:14.041584,complete,Leucocytes,positive,L,,YA,23.0,139.0,,,,,,,,,,,,,,,,,,,,,,,
181,case_25,2024-04-10 18:13:23.041584,complete,Admission NC,positive,F,,,,,,,,,,,,,,,,,,,,,,,,,,,
182,case_25,2024-04-10 19:06:13.041584,complete,IV Antibiotics,positive,L,,,,,,,,,,,,,,,,,,,,,,,,,,,
183,case_25,2024-04-10 19:54:38.041584,complete,IV Antibiotics,positive,L,,,,,,,,,,,,,,,,,,,,,,,,,,,
184,case_25,2024-04-10 21:11:20.041584,complete,Admission NC,positive,L,,,,,,,,,,,,,,,,,,,,,,,,,,,
185,case_25,2024-04-10 22:13:31.041584,complete,IV Antibiotics,positive,L,,,,,,,,,,,,,,,,,,,,,,,,,,,
186,case_25,2024-04-10 23:15:19.041584,complete,Leucocytes,positive,E,,YD,86.0,2883.0,,,,,,,,,,,,,,,,,,,,,,,
187,case_25,2024-04-11 00:15:19.041584,complete,CRP,positive,J,,QB,90.0,,50.0,,,,,,,,,,,,,,,,,,,,,,
188,case_26,2024-04-10 16:30:31.041584,complete,IV Antibiotics,positive,L,,,,,,,,,,,,,,,,,,,,,,,,,,,
189,case_26,2024-04-10 17:26:30.041584,complete,ER Sepsis Triage,positive,L,,YA,21.0,,,,,,,,,,,,,,,,,,,,,,,,
190,case_26,2024-04-10 18:14:59.041584,complete,IV Antibiotics,positive,L,,,,,,,,,,,,,,,,,,,,,,,,,,,
191,case_26,2024-04-10 19:27:22.041584,complete,IV Antibiotics,positive,L,,,,,,,,,,,,,,,,,,,,,,,,,,,
192,case_26,2024-04-10 20:07:27.041584,complete,Admission NC,positive,F,,,,,,,,,,,,,,,,,,,,,,,,,,,
193,case_26,2024-04-10 21:24:34.041584,complete,CRP,positive,L,,YB,21.0,,5651.0,,,,,,,,,,,,,,,,,,,,,,
194,case_26,2024-04-10 22:07:57.041584,complete,Admission NC,positive,L,,,,,,,,,,,,,,,,,,,,,,,,,,,
195,case_27,2024-04-10 16:28:33.041584,complete,Admission NC,positive,F,,,,,,,,,,,,,,,,,,,,,,,,,,,
196,case_27,2024-04-10 16:50:52.041584,complete,Leucocytes,positive,L,,YB,24.0,1443.0,,,,,,,,,,,,,,,,,,,,,,,
197,case_27,2024-04-10 17:59:35.041584,complete,CRP,positive,A,,YA,20.0,,51.0,,,,,,,,,,,,,,,,,,,,,,
198,case_27,2024-04-10 18:41:03.041584,complete,CRP,positive,L,,YB,90.0,,50.0,,,,,,,,,,,,,,,,,,,,,,
199,case_27,2024-04-10 19:47:49.041584,complete,Admission NC,positive,F,,,,,,,,,,,,,,,,,,,,,,,,,,,
200,case_27,2024-04-10 21:27:32.041584,complete,Leucocytes,positive,A,,YC,20.0,57.0,,,,,,,,,,,,,,,,,,,,,,,
201,case_27,2024-04-10 22:05:34.041584,complete,CRP,positive,L,,YC,20.0,,2812.0,,,,,,,,,,,,,,,,,,,,,,
202,case_28,2024-04-10 16:09:17.041584,complete,IV Antibiotics,positive,L,,,,,,,,,,,,,,,,,,,,,,,,,,,
203,case_28,2024-04-10 17:25:38.041584,complete,ER Sepsis Triage,positive,L,,YA,21.0,,,,,,,,,,,,,,,,,,,,,,,,
204,case_28,2024-04-10 17:56:28.041584,complete,IV Antibiotics,positive,L,,,,,,,,,,,,,,,,,,,,,,,,,,,
205,case_28,2024-04-10 19:01:24.041584,complete,Leucocytes,positive,I,,YB,75.0,138.0,,,,,,,,,,,,,,,,,,,,,,,
206,case_28,2024-04-10 20:14:10.041584,complete,Admission NC,positive,J,,,,,,,,,,,,,,,,,,,,,,,,,,,
207,case_28,2024-04-10 21:24:17.041584,complete,IV Antibiotics,positive,L,,,,,,,,,,,,,,,,,,,,,,,,,,,
208,case_28,2024-04-10 22:14:56.041584,complete,Admission NC,positive,L,,,,,,,,,,,,,,,,,,,,,,,,,,,
209,case_29,2024-04-10 16:12:47.041584,complete,CRP,positive,K,,YC,24.0,,50.0,,,,,,,,,,,,,,,,,,,,,,
210,case_29,2024-04-10 17:29:52.041584,complete,CRP,positive,L,,YA,20.0,,2662.0,,,,,,,,,,,,,,,,,,,,,,
211,case_29,2024-04-10 18:18:11.041584,complete,CRP,positive,?,,YA,21.0,,50.0,,,,,,,,,,,,,,,,,,,,,,
212,case_29,2024-04-10 19:12:10.041584,complete,CRP,positive,A,,YC,20.0,,50.0,,,,,,,,,,,,,,,,,,,,,,
213,case_29,2024-04-10 20:07:24.041584,complete,Leucocytes,positive,L,,YC,20.0,139.0,,,,,,,,,,,,,,,,,,,,,,,
214,case_29,2024-04-10 21:19:14.041584,complete,Admission NC,positive,F,,,,,,,,,,,,,,,,,,,,,,,,,,,
215,case_29,2024-04-10 22:17:31.041584,complete,Admission NC,positive,L,,,,,,,,,,,,,,,,,,,,,,,,,,,
