,case:concept:name,time:timestamp,lifecycle:transition,concept:name,case:label,org:group,Diagnose,Age,CRP,LacticAcid,Leucocytes,InfectionSuspected,DiagnosticBlood,DisfuncOrg,SIRSCritTachypnea,Hypotensie,SIRSCritHeartRate,Infusion,DiagnosticArtAstrup,DiagnosticIC,DiagnosticSputum,DiagnosticLiquor,DiagnosticOther,SIRSCriteria2OrMore,DiagnosticXthorax,SIRSCritTemperature,DiagnosticUrinaryCulture,SIRSCritLeucos,Oligurie,DiagnosticLacticAcid,Hypoxie,DiagnosticUrinarySediment,DiagnosticECG
0,case_0,2024-04-10 15:50:21.478033,complete,CRP,positive,Y,HE,90.0,5631.0,,,,,,,,,,,,,,,,,,,,,,,,
1,case_0,2024-04-10 16:58:50.478033,complete,Admission NC,positive,Y,,,,,,,,,,,,,,,,,,,,,,,,,,,
2,case_0,2024-04-10 17:50:56.478033,complete,Admission NC,positive,F,,,,,,,,,,,,,,,,,,,,,,,,,,,
3,case_0,2024-04-10 19:19:48.478033,complete,IV Antibiotics,positive,L,,,,,,,,,,,,,,,,,,,,,,,,,,,
4,case_0,2024-04-10 19:51:50.478033,complete,ER Sepsis Triage,positive,L,HE,90.0,,,,,,,,,,,,,,,,,,,,,,,,,
5,case_0,2024-04-10 20:57:28.478033,complete,IV Antibiotics,positive,L,,,,,,,,,,,,,,,,,,,,,,,,,,,
6,case_0,2024-04-10 22:01:58.478033,complete,Return ER,positive,?,,,,,,,,,,,,,,,,,,,,,,,,,,,
7,case_0,2024-04-10 23:25:17.478033,complete,IV Antibiotics,positive,L,,,,,,,,,,,,,,,,,,,,,,,,,,,
8,case_0,2024-04-11 00:32:02.478033,complete,ER Sepsis Triage,positive,L,HE,90.0,,,,,,,,,,,,,,,,,,,,,,,,,
9,case_0,2024-04-11 00:58:13.478033,complete,IV Antibiotics,positive,L,,,,,,,,,,,,,,,,,,,,,,,,,,,
10,case_1,2024-04-10 16:05:55.478033,complete,IV Antibiotics,positive,L,,,,,,,,,,,,,,,,,,,,,,,,,,,
11,case_1,2024-04-10 17:05:24.478033,complete,ER Sepsis Triage,positive,L,HE,84.0,,,,,,,,,,,,,,,,,,,,,,,,,
12,case_1,2024-04-10 17:42:36.478033,complete,IV Antibiotics,positive,L,,,,,,,,,,,,,,,,,,,,,,,,,,,
13,case_1,2024-04-10 19:25:25.478033,complete,IV Antibiotics,positive,L,,,,,,,,,,,,,,,,,,,,,,,,,,,
14,case_1,2024-04-10 20:30:45.478033,complete,Admission NC,positive,Y,,,,,,,,,,,,,,,,,,,,,,,,,,,
15,case_1,2024-04-10 21:33:21.478033,complete,ER Triage,positive,C,HE,90.0,,,,,,,,,,,,,,,,,,,,,,,,,
16,case_1,2024-04-10 22:14:52.478033,complete,Admission NC,positive,J,,,,,,,,,,,,,,,,,,,,,,,,,,,
17,case_1,2024-04-10 22:35:18.478033,complete,CRP,positive,Y,HE,90.0,5659.0,,,,,,,,,,,,,,,,,,,,,,,,
18,case_1,2024-04-11 00:31:44.478033,complete,LacticAcid,positive,Y,,,,7.0,,,,,,,,,,,,,,,,,,,,,,,
19,case_1,2024-04-11 01:25:03.478033,complete,Leucocytes,positive,Y,PA,90.0,,,932.0,,,,,,,,,,,,,,,,,,,,,,
20,case_2,2024-04-10 16:16:57.478033,complete,CRP,positive,Y,HE,90.0,3361.0,,,,,,,,,,,,,,,,,,,,,,,,
21,case_2,2024-04-10 17:02:40.478033,complete,Admission NC,positive,J,,,,,,,,,,,,,,,,,,,,,,,,,,,
22,case_2,2024-04-10 18:20:13.478033,complete,Admission NC,positive,J,,,,,,,,,,,,,,,,,,,,,,,,,,,
23,case_2,2024-04-10 19:21:07.478033,complete,Release A,positive,Y,,,,,,,,,,,,,,,,,,,,,,,,,,,
24,case_2,2024-04-10 20:22:40.478033,complete,IV Antibiotics,positive,L,,,,,,,,,,,,,,,,,,,,,,,,,,,
25,case_2,2024-04-10 21:03:58.478033,complete,Admission NC,positive,J,,,,,,,,,,,,,,,,,,,,,,,,,,,
26,case_2,2024-04-10 22:24:39.478033,complete,Admission IC,positive,J,,,,,,,,,,,,,,,,,,,,,,,,,,,
27,case_2,2024-04-10 23:16:02.478033,complete,Admission NC,positive,J,,,,,,,,,,,,,,,,,,,,,,,,,,,
28,case_2,2024-04-11 00:01:56.478033,complete,Admission IC,positive,J,,,,,,,,,,,,,,,,,,,,,,,,,,,
29,case_2,2024-04-11 00:45:17.478033,complete,Admission NC,positive,J,,,,,,,,,,,,,,,,,,,,,,,,,,,
30,case_3,2024-04-10 15:51:10.478033,complete,CRP,positive,Y,HD,90.0,4761.0,,,,,,,,,,,,,,,,,,,,,,,,
31,case_3,2024-04-10 16:36:58.478033,complete,Release A,positive,Y,,,,,,,,,,,,,,,,,,,,,,,,,,,
32,case_3,2024-04-10 18:26:23.478033,complete,Admission NC,positive,J,,,,,,,,,,,,,,,,,,,,,,,,,,,
33,case_3,2024-04-10 19:19:44.478033,complete,Admission NC,positive,J,,,,,,,,,,,,,,,,,,,,,,,,,,,
34,case_3,2024-04-10 19:57:26.478033,complete,CRP,positive,Y,HE,90.0,2135.0,,,,,,,,,,,,,,,,,,,,,,,,
35,case_3,2024-04-10 20:36:52.478033,complete,CRP,positive,Y,HE,90.0,52.0,,,,,,,,,,,,,,,,,,,,,,,,
36,case_3,2024-04-10 21:47:01.478033,complete,CRP,positive,Y,NA,89.0,5728.0,,,,,,,,,,,,,,,,,,,,,,,,
37,case_3,2024-04-10 23:01:32.478033,complete,CRP,positive,U,HB,90.0,552.0,,,,,,,,,,,,,,,,,,,,,,,,
38,case_3,2024-04-11 00:17:19.478033,complete,Return ER,positive,?,,,,,,,,,,,,,,,,,,,,,,,,,,,
39,case_3,2024-04-11 00:37:58.478033,complete,CRP,positive,Y,HE,90.0,1028.0,,,,,,,,,,,,,,,,,,,,,,,,
40,case_4,2024-04-10 16:05:40.478033,complete,CRP,positive,Y,HE,90.0,5192.0,,,,,,,,,,,,,,,,,,,,,,,,
41,case_4,2024-04-10 16:45:59.478033,complete,Return ER,positive,?,,,,,,,,,,,,,,,,,,,,,,,,,,,
42,case_4,2024-04-10 17:34:02.478033,complete,Release B,positive,E,,,,,,,,,,,,,,,,,,,,,,,,,,,
43,case_4,2024-04-10 19:13:38.478033,complete,CRP,positive,Y,HE,90.0,3486.0,,,,,,,,,,,,,,,,,,,,,,,,
44,case_4,2024-04-10 20:05:37.478033,complete,Release B,positive,E,,,,,,,,,,,,,,,,,,,,,,,,,,,
45,case_4,2024-04-10 21:24:45.478033,complete,Release B,positive,E,,,,,,,,,,,,,,,,,,,,,,,,,,,
46,case_4,2024-04-10 21:37:53.478033,complete,Release B,positive,E,,,,,,,,,,,,,,,,,,,,,,,,,,,
47,case_4,2024-04-10 22:42:58.478033,complete,Admission NC,positive,K,,,,,,,,,,,,,,,,,,,,,,,,,,,
48,case_4,2024-04-11 00:15:04.478033,complete,Release B,positive,E,,,,,,,,,,,,,,,,,,,,,,,,,,,
49,case_4,2024-04-11 01:26:01.478033,complete,Admission NC,positive,F,,,,,,,,,,,,,,,,,,,,,,,,,,,
50,case_5,2024-04-10 16:30:56.478033,complete,CRP,positive,Y,HE,90.0,4638.0,,,,,,,,,,,,,,,,,,,,,,,,
51,case_5,2024-04-10 17:32:27.478033,complete,CRP,positive,Y,HE,90.0,3520.0,,,,,,,,,,,,,,,,,,,,,,,,
52,case_5,2024-04-10 17:44:14.478033,complete,Admission NC,positive,J,,,,,,,,,,,,,,,,,,,,,,,,,,,
53,case_5,2024-04-10 18:35:09.478033,complete,CRP,positive,Y,HC,90.0,4310.0,,,,,,,,,,,,,,,,,,,,,,,,
54,case_5,2024-04-10 20:26:22.478033,complete,CRP,positive,Y,HE,90.0,1430.0,,,,,,,,,,,,,,,,,,,,,,,,
55,case_5,2024-04-10 21:08:30.478033,complete,Admission NC,positive,J,,,,,,,,,,,,,,,,,,,,,,,,,,,
56,case_5,2024-04-10 22:01:35.478033,complete,Admission IC,positive,J,,,,,,,,,,,,,,,,,,,,,,,,,,,
57,case_5,2024-04-10 23:22:24.478033,complete,Admission NC,positive,J,,,,,,,,,,,,,,,,,,,,,,,,,,,
58,case_5,2024-04-10 23:56:05.478033,complete,CRP,positive,Y,HE,87.0,3415.0,,,,,,,,,,,,,,,,,,,,,,,,
59,case_5,2024-04-11 00:48:24.478033,complete,CRP,positive,X,HC,90.0,116.0,,,,,,,,,,,,,,,,,,,,,,,,
60,case_6,2024-04-10 15:45:42.478033,complete,Release B,positive,E,,,,,,,,,,,,,,,,,,,,,,,,,,,
61,case_6,2024-04-10 16:54:13.478033,complete,Admission NC,positive,K,,,,,,,,,,,,,,,,,,,,,,,,,,,
62,case_6,2024-04-10 17:38:42.478033,complete,Release B,positive,E,,,,,,,,,,,,,,,,,,,,,,,,,,,
63,case_6,2024-04-10 19:23:39.478033,complete,Admission NC,positive,K,,,,,,,,,,,,,,,,,,,,,,,,,,,
64,case_6,2024-04-10 19:42:50.478033,complete,Release B,positive,E,,,,,,,,,,,,,,,,,,,,,,,,,,,
65,case_6,2024-04-10 20:39:28.478033,complete,Admission NC,positive,K,,,,,,,,,,,,,,,,,,,,,,,,,,,
66,case_6,2024-04-10 22:32:33.478033,complete,Release B,positive,E,,,,,,,,,,,,,,,,,,,,,,,,,,,
67,case_7,2024-04-10 16:20:29.478033,complete,Release B,positive,E,,,,,,,,,,,,,,,,,,,,,,,,,,,
68,case_7,2024-04-10 16:53:54.478033,complete,Admission NC,positive,K,,,,,,,,,,,,,,,,,,,,,,,,,,,
69,case_7,2024-04-10 17:59:03.478033,complete,Release B,positive,E,,,,,,,,,,,,,,,,,,,,,,,,,,,
70,case_7,2024-04-10 19:30:10.478033,complete,Admission NC,positive,F,,,,,,,,,,,,,,,,,,,,,,,,,,,
71,case_7,2024-04-10 20:31:16.478033,complete,IV Antibiotics,positive,L,,,,,,,,,,,,,,,,,,,,,,,,,,,
72,case_7,2024-04-10 20:50:29.478033,complete,ER Sepsis Triage,positive,L,DA,80.0,,,,,,,,,,,,,,,,,,,,,,,,,
73,case_7,2024-04-10 22:27:27.478033,complete,IV Antibiotics,positive,L,,,,,,,,,,,,,,,,,,,,,,,,,,,
74,case_8,2024-04-10 15:38:56.478033,complete,Release B,positive,E,,,,,,,,,,,,,,,,,,,,,,,,,,,
75,case_8,2024-04-10 17:28:36.478033,complete,Admission NC,positive,K,,,,,,,,,,,,,,,,,,,,,,,,,,,
76,case_8,2024-04-10 18:04:12.478033,complete,Release B,positive,E,,,,,,,,,,,,,,,,,,,,,,,,,,,
77,case_8,2024-04-10 19:05:17.478033,complete,LacticAcid,positive,Y,,,,126.0,,,,,,,,,,,,,,,,,,,,,,,
78,case_8,2024-04-10 20:33:17.478033,complete,Admission NC,positive,F,,,,,,,,,,,,,,,,,,,,,,,,,,,
79,case_8,2024-04-10 21:14:18.478033,complete,IV Antibiotics,positive,P,,,,,,,,,,,,,,,,,,,,,,,,,,,
80,case_8,2024-04-10 21:36:00.478033,complete,Admission IC,positive,X,,,,,,,,,,,,,,,,,,,,,,,,,,,
81,case_9,2024-04-10 16:07:15.478033,complete,Release B,positive,E,,,,,,,,,,,,,,,,,,,,,,,,,,,
82,case_9,2024-04-10 16:53:39.478033,complete,Admission NC,positive,K,,,,,,,,,,,,,,,,,,,,,,,,,,,
83,case_9,2024-04-10 18:31:00.478033,complete,Release B,positive,E,,,,,,,,,,,,,,,,,,,,,,,,,,,
84,case_9,2024-04-10 19:31:12.478033,complete,LacticAcid,positive,Y,,,,149.0,,,,,,,,,,,,,,,,,,,,,,,
85,case_9,2024-04-10 19:55:29.478033,complete,Release A,positive,H,,,,,,,,,,,,,,,,,,,,,,,,,,,
86,case_9,2024-04-10 21:23:59.478033,complete,ER Registration,positive,D,P,20.0,,,,false,false,true,false,true,false,false,true,false,false,true,true,false,true,false,true,true,false,false,false,false,false
87,case_9,2024-04-10 22:19:18.478033,complete,Admission NC,positive,F,,,,,,,,,,,,,,,,,,,,,,,,,,,
88,case_10,2024-04-10 15:46:02.478033,complete,IV Antibiotics,positive,L,,,,,,,,,,,,,,,,,,,,,,,,,,,
89,case_10,2024-04-10 17:03:33.478033,complete,LacticAcid,positive,G,,,,149.0,,,,,,,,,,,,,,,,,,,,,,,
90,case_10,2024-04-10 18:30:58.478033,complete,ER Registration,positive,Y,OD,81.0,,,,false,false,false,false,false,true,false,true,false,false,true,true,false,false,false,false,true,true,false,true,false,false
91,case_10,2024-04-10 18:39:00.478033,complete,Admission NC,positive,J,,,,,,,,,,,,,,,,,,,,,,,,,,,
92,case_10,2024-04-10 19:34:22.478033,complete,Admission NC,positive,J,,,,,,,,,,,,,,,,,,,,,,,,,,,
93,case_10,2024-04-10 21:02:07.478033,complete,Admission NC,positive,J,,,,,,,,,,,,,,,,,,,,,,,,,,,
94,case_10,2024-04-10 21:54:56.478033,complete,Release A,positive,A,,,,,,,,,,,,,,,,,,,,,,,,,,,
95,case_11,2024-04-10 16:25:19.478033,complete,Release B,positive,E,,,,,,,,,,,,,,,,,,,,,,,,,,,
96,case_11,2024-04-10 16:52:41.478033,complete,Admission NC,positive,K,,,,,,,,,,,,,,,,,,,,,,,,,,,
97,case_11,2024-04-10 17:39:37.478033,complete,Release B,positive,E,,,,,,,,,,,,,,,,,,,,,,,,,,,
98,case_11,2024-04-10 19:14:08.478033,complete,ER Registration,positive,Y,JA,75.0,,,,false,false,true,true,true,false,false,true,false,false,true,true,false,true,false,true,true,false,false,true,false,false
99,case_11,2024-04-10 19:36:27.478033,complete,LacticAcid,positive,V,,,,147.0,,,,,,,,,,,,,,,,,,,,,,,
100,case_11,2024-04-10 20:41:50.478033,complete,Release A,positive,A,,,,,,,,,,,,,,,,,,,,,,,,,,,
101,case_11,2024-04-10 22:09:46.478033,complete,Admission NC,positive,J,,,,,,,,,,,,,,,,,,,,,,,,,,,
102,case_12,2024-04-10 16:02:21.478033,complete,Release B,positive,E,,,,,,,,,,,,,,,,,,,,,,,,,,,
103,case_12,2024-04-10 16:58:57.478033,complete,Admission NC,positive,K,,,,,,,,,,,,,,,,,,,,,,,,,,,
104,case_12,2024-04-10 17:53:55.478033,complete,Release B,positive,E,,,,,,,,,,,,,,,,,,,,,,,,,,,
105,case_12,2024-04-10 19:01:49.478033,complete,Admission IC,positive,Y,,,,,,,,,,,,,,,,,,,,,,,,,,,
106,case_12,2024-04-10 19:46:58.478033,complete,ER Registration,positive,Y,XA,90.0,,,,false,false,true,false,true,true,false,false,false,true,true,false,false,false,false,false,true,true,false,true,false,false
107,case_12,2024-04-10 21:03:54.478033,complete,ER Registration,positive,A,J,90.0,,,,false,false,true,false,true,false,false,true,false,false,true,true,false,true,false,true,true,false,false,false,false,false
108,case_12,2024-04-10 22:18:21.478033,complete,Admission NC,positive,F,,,,,,,,,,,,,,,,,,,,,,,,,,,
109,case_13,2024-04-10 15:55:35.478033,complete,Admission NC,positive,J,,,,,,,,,,,,,,,,,,,,,,,,,,,
110,case_13,2024-04-10 17:08:34.478033,complete,Admission NC,positive,J,,,,,,,,,,,,,,,,,,,,,,,,,,,
111,case_13,2024-04-10 18:24:20.478033,complete,Admission IC,positive,J,,,,,,,,,,,,,,,,,,,,,,,,,,,
112,case_13,2024-04-10 19:25:17.478033,complete,Admission NC,positive,J,,,,,,,,,,,,,,,,,,,,,,,,,,,
113,case_13,2024-04-10 20:03:10.478033,complete,Return ER,positive,?,,,,,,,,,,,,,,,,,,,,,,,,,,,
114,case_13,2024-04-10 21:06:21.478033,complete,Admission NC,positive,F,,,,,,,,,,,,,,,,,,,,,,,,,,,
115,case_14,2024-04-10 16:00:16.478033,complete,Admission NC,positive,J,,,,,,,,,,,,,,,,,,,,,,,,,,,
116,case_14,2024-04-10 16:40:10.478033,complete,Admission NC,positive,J,,,,,,,,,,,,,,,,,,,,,,,,,,,
117,case_14,2024-04-10 18:01:15.478033,complete,Admission IC,positive,J,,,,,,,,,,,,,,,,,,,,,,,,,,,
118,case_14,2024-04-10 19:05:50.478033,complete,Admission NC,positive,J,,,,,,,,,,,,,,,,,,,,,,,,,,,
119,case_14,2024-04-10 20:28:20.478033,complete,Admission NC,positive,F,,,,,,,,,,,,,,,,,,,,,,,,,,,
120,case_14,2024-04-10 20:35:37.478033,complete,Release B,positive,E,,,,,,,,,,,,,,,,,,,,,,,,,,,
121,case_15,2024-04-10 15:49:50.478033,complete,Admission NC,positive,J,,,,,,,,,,,,,,,,,,,,,,,,,,,
122,case_15,2024-04-10 17:17:36.478033,complete,Admission NC,positive,J,,,,,,,,,,,,,,,,,,,,,,,,,,,
123,case_15,2024-04-10 17:48:16.478033,complete,Admission IC,positive,J,,,,,,,,,,,,,,,,,,,,,,,,,,,
124,case_15,2024-04-10 19:29:11.478033,complete,Admission NC,positive,J,,,,,,,,,,,,,,,,,,,,,,,,,,,
125,case_15,2024-04-10 19:38:21.478033,complete,Admission IC,positive,J,,,,,,,,,,,,,,,,,,,,,,,,,,,
126,case_15,2024-04-10 21:12:15.478033,complete,Admission NC,positive,J,,,,,,,,,,,,,,,,,,,,,,,,,,,
127,case_16,2024-04-10 16:04:58.478033,complete,Admission NC,positive,J,,,,,,,,,,,,,,,,,,,,,,,,,,,
128,case_16,2024-04-10 16:56:45.478033,complete,Admission NC,positive,F,,,,,,,,,,,,,,,,,,,,,,,,,,,
129,case_16,2024-04-10 17:42:14.478033,complete,CRP,positive,K,GA,56.0,860.0,,,,,,,,,,,,,,,,,,,,,,,,
130,case_16,2024-04-10 18:56:22.478033,complete,CRP,positive,I,PE,20.0,2784.0,,,,,,,,,,,,,,,,,,,,,,,,
131,case_16,2024-04-10 20:29:55.478033,complete,CRP,positive,I,HE,20.0,4646.0,,,,,,,,,,,,,,,,,,,,,,,,
132,case_16,2024-04-10 21:10:30.478033,complete,ER Registration,positive,L,HE,20.0,,,,true,true,false,true,false,true,true,false,true,false,false,false,true,true,true,true,false,false,true,false,true,false
133,case_17,2024-04-10 16:28:01.478033,complete,Admission NC,positive,J,,,,,,,,,,,,,,,,,,,,,,,,,,,
134,case_17,2024-04-10 17:06:51.478033,complete,Release A,positive,I,,,,,,,,,,,,,,,,,,,,,,,,,,,
135,case_17,2024-04-10 17:45:39.478033,complete,Return ER,positive,?,,,,,,,,,,,,,,,,,,,,,,,,,,,
136,case_17,2024-04-10 19:02:11.478033,complete,ER Registration,positive,E,PE,20.0,,,,true,true,false,true,false,true,true,false,true,true,false,false,true,true,true,true,false,false,true,false,true,false
137,case_17,2024-04-10 20:11:49.478033,complete,CRP,positive,E,HE,20.0,4653.0,,,,,,,,,,,,,,,,,,,,,,,,
138,case_17,2024-04-10 21:30:01.478033,complete,Admission NC,positive,J,,,,,,,,,,,,,,,,,,,,,,,,,,,
139,case_18,2024-04-10 16:20:40.478033,complete,CRP,positive,Y,HE,49.0,2854.0,,,,,,,,,,,,,,,,,,,,,,,,
140,case_18,2024-04-10 17:23:44.478033,complete,Admission NC,positive,Y,,,,,,,,,,,,,,,,,,,,,,,,,,,
141,case_18,2024-04-10 17:44:40.478033,complete,Return ER,positive,?,,,,,,,,,,,,,,,,,,,,,,,,,,,
142,case_18,2024-04-10 18:59:24.478033,complete,Return ER,positive,?,,,,,,,,,,,,,,,,,,,,,,,,,,,
143,case_18,2024-04-10 20:18:41.478033,complete,Return ER,positive,?,,,,,,,,,,,,,,,,,,,,,,,,,,,
144,case_18,2024-04-10 20:46:48.478033,complete,Return ER,positive,?,,,,,,,,,,,,,,,,,,,,,,,,,,,
145,case_18,2024-04-10 22:01:05.478033,complete,Admission NC,positive,F,,,,,,,,,,,,,,,,,,,,,,,,,,,
146,case_18,2024-04-10 22:36:45.478033,complete,Return ER,positive,?,,,,,,,,,,,,,,,,,,,,,,,,,,,
147,case_18,2024-04-11 00:30:40.478033,complete,Return ER,positive,?,,,,,,,,,,,,,,,,,,,,,,,,,,,
148,case_19,2024-04-10 15:50:24.478033,complete,CRP,positive,Y,HE,90.0,3867.0,,,,,,,,,,,,,,,,,,,,,,,,
149,case_19,2024-04-10 17:07:00.478033,complete,CRP,positive,Y,HE,90.0,2113.0,,,,,,,,,,,,,,,,,,,,,,,,
150,case_19,2024-04-10 18:01:01.478033,complete,CRP,positive,Y,HE,89.0,3818.0,,,,,,,,,,,,,,,,,,,,,,,,
151,case_19,2024-04-10 18:42:59.478033,complete,CRP,positive,Y,HE,90.0,1559.0,,,,,,,,,,,,,,,,,,,,,,,,
152,case_19,2024-04-10 20:31:52.478033,complete,Return ER,positive,?,,,,,,,,,,,,,,,,,,,,,,,,,,,
153,case_19,2024-04-10 20:36:53.478033,complete,Admission NC,positive,F,,,,,,,,,,,,,,,,,,,,,,,,,,,
154,case_19,2024-04-10 21:49:55.478033,complete,CRP,positive,Y,HE,89.0,5438.0,,,,,,,,,,,,,,,,,,,,,,,,
155,case_19,2024-04-10 23:27:15.478033,complete,Return ER,positive,?,,,,,,,,,,,,,,,,,,,,,,,,,,,
156,case_19,2024-04-10 23:49:53.478033,complete,Admission NC,positive,F,,,,,,,,,,,,,,,,,,,,,,,,,,,
157,case_20,2024-04-10 16:11:33.478033,complete,CRP,positive,Y,HE,90.0,4324.0,,,,,,,,,,,,,,,,,,,,,,,,
158,case_20,2024-04-10 17:14:17.478033,complete,CRP,positive,Y,HE,90.0,2478.0,,,,,,,,,,,,,,,,,,,,,,,,
159,case_20,2024-04-10 17:34:13.478033,complete,CRP,positive,Y,HE,89.0,774.0,,,,,,,,,,,,,,,,,,,,,,,,
160,case_20,2024-04-10 19:03:14.478033,complete,CRP,positive,Y,HE,90.0,1545.0,,,,,,,,,,,,,,,,,,,,,,,,
161,case_20,2024-04-10 19:38:43.478033,complete,Return ER,positive,?,,,,,,,,,,,,,,,,,,,,,,,,,,,
162,case_20,2024-04-10 20:48:50.478033,complete,Admission NC,positive,F,,,,,,,,,,,,,,,,,,,,,,,,,,,
163,case_20,2024-04-10 22:20:05.478033,complete,CRP,positive,Y,HE,89.0,4930.0,,,,,,,,,,,,,,,,,,,,,,,,
164,case_20,2024-04-10 23:20:04.478033,complete,Return ER,positive,?,,,,,,,,,,,,,,,,,,,,,,,,,,,
165,case_20,2024-04-10 23:49:44.478033,complete,Admission NC,positive,F,,,,,,,,,,,,,,,,,,,,,,,,,,,
166,case_21,2024-04-10 15:38:08.478033,complete,CRP,positive,Y,HE,90.0,5713.0,,,,,,,,,,,,,,,,,,,,,,,,
167,case_21,2024-04-10 16:48:08.478033,complete,CRP,positive,Y,HE,90.0,4445.0,,,,,,,,,,,,,,,,,,,,,,,,
168,case_21,2024-04-10 17:54:23.478033,complete,CRP,positive,Y,HE,89.0,3442.0,,,,,,,,,,,,,,,,,,,,,,,,
169,case_21,2024-04-10 19:24:53.478033,complete,Return ER,positive,?,,,,,,,,,,,,,,,,,,,,,,,,,,,
170,case_21,2024-04-10 19:43:30.478033,complete,Return ER,positive,?,,,,,,,,,,,,,,,,,,,,,,,,,,,
171,case_21,2024-04-10 21:03:23.478033,complete,Admission NC,positive,F,,,,,,,,,,,,,,,,,,,,,,,,,,,
172,case_21,2024-04-10 22:02:59.478033,complete,Admission NC,positive,F,,,,,,,,,,,,,,,,,,,,,,,,,,,
173,case_21,2024-04-10 23:25:39.478033,complete,Return ER,positive,?,,,,,,,,,,,,,,,,,,,,,,,,,,,
174,case_21,2024-04-11 00:04:23.478033,complete,Return ER,positive,?,,,,,,,,,,,,,,,,,,,,,,,,,,,
175,case_22,2024-04-10 15:50:53.478033,complete,CRP,positive,Y,HE,90.0,5567.0,,,,,,,,,,,,,,,,,,,,,,,,
176,case_22,2024-04-10 16:43:49.478033,complete,ER Registration,positive,Y,HE,90.0,,,,false,false,true,false,true,false,false,true,false,false,true,true,false,false,false,false,true,true,false,true,false,false
177,case_22,2024-04-10 18:25:49.478033,complete,ER Triage,positive,C,HE,89.0,,,,,,,,,,,,,,,,,,,,,,,,,
178,case_22,2024-04-10 19:02:28.478033,complete,Admission NC,positive,J,,,,,,,,,,,,,,,,,,,,,,,,,,,
179,case_22,2024-04-10 20:09:53.478033,complete,Admission IC,positive,J,,,,,,,,,,,,,,,,,,,,,,,,,,,
180,case_22,2024-04-10 20:50:26.478033,complete,Admission NC,positive,J,,,,,,,,,,,,,,,,,,,,,,,,,,,
181,case_22,2024-04-10 22:13:15.478033,complete,Admission IC,positive,J,,,,,,,,,,,,,,,,,,,,,,,,,,,
182,case_22,2024-04-10 22:47:27.478033,complete,Admission NC,positive,J,,,,,,,,,,,,,,,,,,,,,,,,,,,
183,case_23,2024-04-10 16:02:50.478033,complete,CRP,positive,Y,HE,90.0,5015.0,,,,,,,,,,,,,,,,,,,,,,,,
184,case_23,2024-04-10 16:54:43.478033,complete,Release A,positive,Y,,,,,,,,,,,,,,,,,,,,,,,,,,,
185,case_23,2024-04-10 17:46:39.478033,complete,ER Triage,positive,G,HE,89.0,,,,,,,,,,,,,,,,,,,,,,,,,
186,case_23,2024-04-10 18:38:21.478033,complete,Return ER,positive,?,,,,,,,,,,,,,,,,,,,,,,,,,,,
187,case_23,2024-04-10 20:02:02.478033,complete,Release B,positive,E,,,,,,,,,,,,,,,,,,,,,,,,,,,
188,case_23,2024-04-10 20:48:29.478033,complete,Admission NC,positive,Y,,,,,,,,,,,,,,,,,,,,,,,,,,,
189,case_23,2024-04-10 22:07:13.478033,complete,CRP,positive,Y,HE,89.0,1815.0,,,,,,,,,,,,,,,,,,,,,,,,
190,case_23,2024-04-10 23:11:16.478033,complete,Admission NC,positive,Y,,,,,,,,,,,,,,,,,,,,,,,,,,,
191,case_24,2024-04-10 16:17:20.478033,complete,CRP,positive,Y,HE,90.0,2188.0,,,,,,,,,,,,,,,,,,,,,,,,
192,case_24,2024-04-10 16:50:51.478033,complete,Release A,positive,Y,,,,,,,,,,,,,,,,,,,,,,,,,,,
193,case_24,2024-04-10 18:11:17.478033,complete,Release B,positive,E,,,,,,,,,,,,,,,,,,,,,,,,,,,
194,case_24,2024-04-10 18:43:13.478033,complete,Admission NC,positive,K,,,,,,,,,,,,,,,,,,,,,,,,,,,
195,case_24,2024-04-10 20:03:06.478033,complete,Release B,positive,E,,,,,,,,,,,,,,,,,,,,,,,,,,,
196,case_24,2024-04-10 21:01:14.478033,complete,Release B,positive,E,,,,,,,,,,,,,,,,,,,,,,,,,,,
197,case_24,2024-04-10 22:04:14.478033,complete,Admission NC,positive,K,,,,,,,,,,,,,,,,,,,,,,,,,,,
198,case_24,2024-04-10 23:27:43.478033,complete,Release B,positive,E,,,,,,,,,,,,,,,,,,,,,,,,,,,
199,case_25,2024-04-10 15:41:53.478033,complete,CRP,positive,Y,HE,90.0,2105.0,,,,,,,,,,,,,,,,,,,,,,,,
200,case_25,2024-04-10 16:57:28.478033,complete,Admission NC,positive,Y,,,,,,,,,,,,,,,,,,,,,,,,,,,
201,case_25,2024-04-10 18:25:10.478033,complete,Admission NC,positive,F,,,,,,,,,,,,,,,,,,,,,,,,,,,
202,case_25,2024-04-10 18:58:01.478033,complete,IV Antibiotics,positive,L,,,,,,,,,,,,,,,,,,,,,,,,,,,
203,case_25,2024-04-10 20:16:55.478033,complete,ER Sepsis Triage,positive,L,HE,90.0,,,,,,,,,,,,,,,,,,,,,,,,,
204,case_25,2024-04-10 21:28:17.478033,complete,IV Antibiotics,positive,L,,,,,,,,,,,,,,,,,,,,,,,,,,,
205,case_25,2024-04-10 22:14:45.478033,complete,CRP,positive,Y,GE,89.0,5582.0,,,,,,,,,,,,,,,,,,,,,,,,
206,case_25,2024-04-10 22:55:30.478033,complete,Return ER,positive,?,,,,,,,,,,,,,,,,,,,,,,,,,,,
207,case_26,2024-04-10 16:20:28.478033,complete,ER Registration,positive,Y,HE,90.0,,,,false,false,true,false,true,false,false,true,false,false,true,true,false,false,false,false,true,true,false,true,false,false
208,case_26,2024-04-10 16:45:26.478033,complete,CRP,positive,Y,HE,73.0,2026.0,,,,,,,,,,,,,,,,,,,,,,,,
209,case_26,2024-04-10 18:10:55.478033,complete,Admission NC,positive,F,,,,,,,,,,,,,,,,,,,,,,,,,,,
210,case_26,2024-04-10 19:29:29.478033,complete,ER Registration,positive,V,HE,90.0,,,,false,false,true,false,true,false,false,true,false,false,true,true,false,false,false,false,true,true,false,true,false,false
211,case_26,2024-04-10 20:19:51.478033,complete,CRP,positive,Y,HE,90.0,2519.0,,,,,,,,,,,,,,,,,,,,,,,,
212,case_26,2024-04-10 21:03:07.478033,complete,CRP,positive,Y,NC,90.0,5657.0,,,,,,,,,,,,,,,,,,,,,,,,
213,case_26,2024-04-10 21:45:15.478033,complete,CRP,positive,M,KC,23.0,50.0,,,,,,,,,,,,,,,,,,,,,,,,
214,case_26,2024-04-10 22:41:59.478033,complete,Admission NC,positive,F,,,,,,,,,,,,,,,,,,,,,,,,,,,
215,case_27,2024-04-10 15:47:13.478033,complete,Admission NC,positive,J,,,,,,,,,,,,,,,,,,,,,,,,,,,
216,case_27,2024-04-10 17:14:36.478033,complete,Admission NC,positive,J,,,,,,,,,,,,,,,,,,,,,,,,,,,
217,case_27,2024-04-10 17:46:46.478033,complete,Admission IC,positive,J,,,,,,,,,,,,,,,,,,,,,,,,,,,
218,case_27,2024-04-10 19:10:31.478033,complete,Admission NC,positive,J,,,,,,,,,,,,,,,,,,,,,,,,,,,
219,case_27,2024-04-10 20:32:40.478033,complete,Return ER,positive,?,,,,,,,,,,,,,,,,,,,,,,,,,,,
220,case_28,2024-04-10 15:42:58.478033,complete,Admission NC,positive,F,,,,,,,,,,,,,,,,,,,,,,,,,,,
221,case_28,2024-04-10 17:01:13.478033,complete,Admission NC,positive,J,,,,,,,,,,,,,,,,,,,,,,,,,,,
222,case_28,2024-04-10 18:22:26.478033,complete,Admission IC,positive,J,,,,,,,,,,,,,,,,,,,,,,,,,,,
223,case_28,2024-04-10 19:15:25.478033,complete,Admission NC,positive,J,,,,,,,,,,,,,,,,,,,,,,,,,,,
224,case_28,2024-04-10 19:58:34.479033,complete,Return ER,positive,?,,,,,,,,,,,,,,,,,,,,,,,,,,,
225,case_29,2024-04-10 15:58:35.479033,complete,Admission NC,positive,J,,,,,,,,,,,,,,,,,,,,,,,,,,,
226,case_29,2024-04-10 16:39:56.479033,complete,Admission NC,positive,F,,,,,,,,,,,,,,,,,,,,,,,,,,,
227,case_29,2024-04-10 18:09:32.479033,complete,Release B,positive,E,,,,,,,,,,,,,,,,,,,,,,,,,,,
228,case_29,2024-04-10 18:52:01.479033,complete,Admission NC,positive,K,,,,,,,,,,,,,,,,,,,,,,,,,,,
229,case_29,2024-04-10 20:24:20.479033,complete,Release B,positive,E,,,,,,,,,,,,,,,,,,,,,,,,,,,
