,case:concept:name,time:timestamp,lifecycle:transition,concept:name,case:label,org:group,Diagnose,Age,CRP,InfectionSuspected,DiagnosticBlood,DisfuncOrg,SIRSCritTachypnea,Hypotensie,SIRSCritHeartRate,Infusion,DiagnosticArtAstrup,DiagnosticIC,DiagnosticSputum,DiagnosticLiquor,DiagnosticOther,SIRSCriteria2OrMore,DiagnosticXthorax,SIRSCritTemperature,DiagnosticUrinaryCulture,SIRSCritLeucos,Oligurie,DiagnosticLacticAcid,Hypoxie,DiagnosticUrinarySediment,DiagnosticECG,LacticAcid,Leucocytes
0,case_0,2024-04-10 16:25:32.072109,complete,CRP,positive,Y,HE,20.0,3029.0,,,,,,,,,,,,,,,,,,,,,,,,
1,case_0,2024-04-10 17:21:30.072109,complete,Admission NC,positive,J,,,,,,,,,,,,,,,,,,,,,,,,,,,
2,case_0,2024-04-10 17:52:57.072109,complete,ER Registration,positive,L,HE,87.0,,false,false,true,false,true,false,false,true,false,false,false,true,false,false,false,false,true,true,false,true,false,false,,
3,case_0,2024-04-10 18:46:39.072109,complete,Admission NC,positive,Y,,,,,,,,,,,,,,,,,,,,,,,,,,,
4,case_0,2024-04-10 20:29:19.072109,complete,Release B,positive,E,,,,,,,,,,,,,,,,,,,,,,,,,,,
5,case_0,2024-04-10 21:14:59.072109,complete,Release B,positive,E,,,,,,,,,,,,,,,,,,,,,,,,,,,
6,case_0,2024-04-10 21:56:57.072109,complete,CRP,positive,Y,HE,89.0,5730.0,,,,,,,,,,,,,,,,,,,,,,,,
7,case_0,2024-04-10 22:51:48.072109,complete,ER Registration,positive,Y,HE,33.0,,false,false,true,false,true,false,false,true,false,false,true,true,false,false,false,false,true,true,false,false,false,false,,
8,case_1,2024-04-10 16:12:49.072109,complete,Admission NC,positive,F,,,,,,,,,,,,,,,,,,,,,,,,,,,
9,case_1,2024-04-10 17:28:58.072109,complete,Admission NC,positive,Y,,,,,,,,,,,,,,,,,,,,,,,,,,,
10,case_1,2024-04-10 18:18:25.072109,complete,LacticAcid,positive,L,,,,,,,,,,,,,,,,,,,,,,,,,,8.0,
11,case_1,2024-04-10 19:20:43.072109,complete,Leucocytes,positive,Y,HE,90.0,,,,,,,,,,,,,,,,,,,,,,,,,2626.0
12,case_1,2024-04-10 20:08:33.072109,complete,LacticAcid,positive,Y,,,,,,,,,,,,,,,,,,,,,,,,,,8.0,
13,case_1,2024-04-10 21:28:32.072109,complete,Leucocytes,positive,Y,HE,90.0,,,,,,,,,,,,,,,,,,,,,,,,,3813.0
14,case_1,2024-04-10 21:43:51.072109,complete,LacticAcid,positive,Y,,,,,,,,,,,,,,,,,,,,,,,,,,8.0,
15,case_1,2024-04-10 23:21:21.072109,complete,Leucocytes,positive,Y,HE,33.0,,,,,,,,,,,,,,,,,,,,,,,,,1650.0
16,case_2,2024-04-10 15:50:08.072109,complete,Admission NC,positive,F,,,,,,,,,,,,,,,,,,,,,,,,,,,
17,case_2,2024-04-10 16:39:05.072109,complete,CRP,positive,Y,HE,51.0,3918.0,,,,,,,,,,,,,,,,,,,,,,,,
18,case_2,2024-04-10 17:52:48.072109,complete,IV Antibiotics,positive,L,,,,,,,,,,,,,,,,,,,,,,,,,,,
19,case_2,2024-04-10 18:53:23.072109,complete,CRP,positive,Y,HE,90.0,1500.0,,,,,,,,,,,,,,,,,,,,,,,,
20,case_2,2024-04-10 19:41:22.072109,complete,Admission NC,positive,F,,,,,,,,,,,,,,,,,,,,,,,,,,,
21,case_2,2024-04-10 21:12:47.072109,complete,ER Triage,positive,Y,HE,90.0,,,,,,,,,,,,,,,,,,,,,,,,,
22,case_2,2024-04-10 22:25:52.072109,complete,LacticAcid,positive,Y,,,,,,,,,,,,,,,,,,,,,,,,,,8.0,
23,case_2,2024-04-10 23:12:39.072109,complete,Leucocytes,positive,Y,HE,20.0,,,,,,,,,,,,,,,,,,,,,,,,,3762.0
24,case_3,2024-04-10 16:21:28.072109,complete,ER Registration,positive,Y,HE,90.0,,false,false,true,false,true,false,false,true,false,false,true,true,false,false,false,false,true,true,false,true,false,false,,
25,case_3,2024-04-10 17:18:28.072109,complete,CRP,positive,Y,HE,87.0,3827.0,,,,,,,,,,,,,,,,,,,,,,,,
26,case_3,2024-04-10 18:09:12.072109,complete,Admission IC,positive,Y,,,,,,,,,,,,,,,,,,,,,,,,,,,
27,case_3,2024-04-10 18:41:56.072109,complete,Admission NC,positive,F,,,,,,,,,,,,,,,,,,,,,,,,,,,
28,case_3,2024-04-10 20:22:56.072109,complete,Admission NC,positive,F,,,,,,,,,,,,,,,,,,,,,,,,,,,
29,case_3,2024-04-10 20:41:50.072109,complete,ER Triage,positive,C,HE,90.0,,,,,,,,,,,,,,,,,,,,,,,,,
30,case_3,2024-04-10 22:10:49.072109,complete,LacticAcid,positive,Y,,,,,,,,,,,,,,,,,,,,,,,,,,8.0,
31,case_3,2024-04-10 23:20:49.072109,complete,Leucocytes,positive,Y,HE,20.0,,,,,,,,,,,,,,,,,,,,,,,,,3762.0
32,case_4,2024-04-10 16:32:27.072109,complete,Admission NC,positive,J,,,,,,,,,,,,,,,,,,,,,,,,,,,
33,case_4,2024-04-10 17:13:49.072109,complete,Admission NC,positive,Y,,,,,,,,,,,,,,,,,,,,,,,,,,,
34,case_4,2024-04-10 18:08:44.072109,complete,IV Antibiotics,positive,Y,,,,,,,,,,,,,,,,,,,,,,,,,,,
35,case_4,2024-04-10 19:30:54.072109,complete,CRP,positive,Y,HE,64.0,5728.0,,,,,,,,,,,,,,,,,,,,,,,,
36,case_4,2024-04-10 20:23:43.072109,complete,Admission NC,positive,J,,,,,,,,,,,,,,,,,,,,,,,,,,,
37,case_4,2024-04-10 21:30:30.072109,complete,CRP,positive,Y,HE,90.0,4758.0,,,,,,,,,,,,,,,,,,,,,,,,
38,case_4,2024-04-10 22:03:32.072109,complete,CRP,positive,Y,HE,89.0,54.0,,,,,,,,,,,,,,,,,,,,,,,,
39,case_4,2024-04-10 22:41:42.072109,complete,IV Antibiotics,positive,L,,,,,,,,,,,,,,,,,,,,,,,,,,,
40,case_5,2024-04-10 16:12:13.072109,complete,IV Antibiotics,positive,L,,,,,,,,,,,,,,,,,,,,,,,,,,,
41,case_5,2024-04-10 17:35:08.072109,complete,CRP,positive,Y,HE,90.0,3672.0,,,,,,,,,,,,,,,,,,,,,,,,
42,case_5,2024-04-10 18:21:40.072109,complete,Admission NC,positive,F,,,,,,,,,,,,,,,,,,,,,,,,,,,
43,case_5,2024-04-10 18:37:41.072109,complete,IV Antibiotics,positive,L,,,,,,,,,,,,,,,,,,,,,,,,,,,
44,case_5,2024-04-10 19:45:43.072109,complete,IV Antibiotics,positive,L,,,,,,,,,,,,,,,,,,,,,,,,,,,
45,case_5,2024-04-10 21:23:31.072109,complete,Admission NC,positive,F,,,,,,,,,,,,,,,,,,,,,,,,,,,
46,case_6,2024-04-10 16:18:52.072109,complete,CRP,positive,Y,HE,71.0,5592.0,,,,,,,,,,,,,,,,,,,,,,,,
47,case_6,2024-04-10 16:52:58.072109,complete,CRP,positive,Y,HE,90.0,366.0,,,,,,,,,,,,,,,,,,,,,,,,
48,case_6,2024-04-10 18:21:08.072109,complete,CRP,positive,Y,HE,89.0,2213.0,,,,,,,,,,,,,,,,,,,,,,,,
49,case_6,2024-04-10 19:11:43.072109,complete,Admission NC,positive,Y,,,,,,,,,,,,,,,,,,,,,,,,,,,
50,case_6,2024-04-10 19:58:33.072109,complete,Admission NC,positive,Y,,,,,,,,,,,,,,,,,,,,,,,,,,,
51,case_6,2024-04-10 21:33:00.072109,complete,CRP,positive,Y,HE,90.0,4143.0,,,,,,,,,,,,,,,,,,,,,,,,
52,case_7,2024-04-10 16:02:09.072109,complete,CRP,positive,Y,HE,90.0,5730.0,,,,,,,,,,,,,,,,,,,,,,,,
53,case_7,2024-04-10 16:48:17.072109,complete,CRP,positive,Y,HE,90.0,2404.0,,,,,,,,,,,,,,,,,,,,,,,,
54,case_7,2024-04-10 17:58:43.072109,complete,Leucocytes,positive,Y,HE,89.0,,,,,,,,,,,,,,,,,,,,,,,,,137.0
55,case_7,2024-04-10 18:43:28.072109,complete,IV Antibiotics,positive,L,,,,,,,,,,,,,,,,,,,,,,,,,,,
56,case_7,2024-04-10 20:23:42.072109,complete,Admission NC,positive,F,,,,,,,,,,,,,,,,,,,,,,,,,,,
57,case_7,2024-04-10 20:40:30.072109,complete,Admission NC,positive,F,,,,,,,,,,,,,,,,,,,,,,,,,,,
58,case_8,2024-04-10 15:53:38.072109,complete,CRP,positive,Y,HE,90.0,5176.0,,,,,,,,,,,,,,,,,,,,,,,,
59,case_8,2024-04-10 17:19:55.072109,complete,CRP,positive,Y,HE,90.0,2602.0,,,,,,,,,,,,,,,,,,,,,,,,
60,case_8,2024-04-10 17:39:41.072109,complete,CRP,positive,Y,HE,89.0,3240.0,,,,,,,,,,,,,,,,,,,,,,,,
61,case_8,2024-04-10 19:35:33.072109,complete,IV Antibiotics,positive,L,,,,,,,,,,,,,,,,,,,,,,,,,,,
62,case_8,2024-04-10 20:25:43.072109,complete,Admission NC,positive,F,,,,,,,,,,,,,,,,,,,,,,,,,,,
63,case_8,2024-04-10 20:59:53.072109,complete,Admission NC,positive,F,,,,,,,,,,,,,,,,,,,,,,,,,,,
64,case_9,2024-04-10 16:01:37.072109,complete,Admission NC,positive,J,,,,,,,,,,,,,,,,,,,,,,,,,,,
65,case_9,2024-04-10 17:26:02.072109,complete,Admission NC,positive,Y,,,,,,,,,,,,,,,,,,,,,,,,,,,
66,case_9,2024-04-10 18:07:26.072109,complete,Return ER,positive,Y,,,,,,,,,,,,,,,,,,,,,,,,,,,
67,case_9,2024-04-10 19:12:05.072109,complete,CRP,positive,Y,HE,90.0,5730.0,,,,,,,,,,,,,,,,,,,,,,,,
68,case_9,2024-04-10 20:09:31.072109,complete,Return ER,positive,?,,,,,,,,,,,,,,,,,,,,,,,,,,,
69,case_9,2024-04-10 20:58:21.072109,complete,Return ER,positive,?,,,,,,,,,,,,,,,,,,,,,,,,,,,
70,case_10,2024-04-10 16:10:11.072109,complete,CRP,positive,Y,HE,90.0,5730.0,,,,,,,,,,,,,,,,,,,,,,,,
71,case_10,2024-04-10 16:38:27.072109,complete,CRP,positive,Y,HE,90.0,2328.0,,,,,,,,,,,,,,,,,,,,,,,,
72,case_10,2024-04-10 18:02:14.072109,complete,CRP,positive,Y,HE,89.0,3221.0,,,,,,,,,,,,,,,,,,,,,,,,
73,case_10,2024-04-10 18:59:05.072109,complete,IV Antibiotics,positive,L,,,,,,,,,,,,,,,,,,,,,,,,,,,
74,case_10,2024-04-10 20:02:32.072109,complete,Admission NC,positive,F,,,,,,,,,,,,,,,,,,,,,,,,,,,
75,case_10,2024-04-10 21:09:50.072109,complete,Admission NC,positive,F,,,,,,,,,,,,,,,,,,,,,,,,,,,
76,case_11,2024-04-10 16:26:41.072109,complete,Release B,positive,E,,,,,,,,,,,,,,,,,,,,,,,,,,,
77,case_11,2024-04-10 16:57:04.072109,complete,Admission NC,positive,K,,,,,,,,,,,,,,,,,,,,,,,,,,,
78,case_11,2024-04-10 18:16:05.072109,complete,Release B,positive,E,,,,,,,,,,,,,,,,,,,,,,,,,,,
79,case_11,2024-04-10 18:38:53.072109,complete,Admission NC,positive,K,,,,,,,,,,,,,,,,,,,,,,,,,,,
80,case_11,2024-04-10 19:49:26.072109,complete,Release B,positive,E,,,,,,,,,,,,,,,,,,,,,,,,,,,
81,case_11,2024-04-10 21:17:12.072109,complete,Admission NC,positive,K,,,,,,,,,,,,,,,,,,,,,,,,,,,
82,case_11,2024-04-10 22:06:38.072109,complete,Release B,positive,E,,,,,,,,,,,,,,,,,,,,,,,,,,,
83,case_12,2024-04-10 16:11:52.072109,complete,Release B,positive,E,,,,,,,,,,,,,,,,,,,,,,,,,,,
84,case_12,2024-04-10 16:36:33.072109,complete,Admission NC,positive,K,,,,,,,,,,,,,,,,,,,,,,,,,,,
85,case_12,2024-04-10 18:13:17.072109,complete,Release B,positive,E,,,,,,,,,,,,,,,,,,,,,,,,,,,
86,case_12,2024-04-10 19:10:16.072109,complete,Release B,positive,E,,,,,,,,,,,,,,,,,,,,,,,,,,,
87,case_12,2024-04-10 20:35:53.072109,complete,Release B,positive,E,,,,,,,,,,,,,,,,,,,,,,,,,,,
88,case_12,2024-04-10 21:34:57.072109,complete,Admission NC,positive,K,,,,,,,,,,,,,,,,,,,,,,,,,,,
89,case_12,2024-04-10 21:42:33.072109,complete,Release B,positive,E,,,,,,,,,,,,,,,,,,,,,,,,,,,
90,case_13,2024-04-10 16:03:06.072109,complete,Admission NC,positive,J,,,,,,,,,,,,,,,,,,,,,,,,,,,
91,case_13,2024-04-10 17:10:16.072109,complete,Admission NC,positive,J,,,,,,,,,,,,,,,,,,,,,,,,,,,
92,case_13,2024-04-10 17:49:26.072109,complete,Admission IC,positive,J,,,,,,,,,,,,,,,,,,,,,,,,,,,
93,case_13,2024-04-10 18:36:05.072109,complete,Admission NC,positive,J,,,,,,,,,,,,,,,,,,,,,,,,,,,
94,case_13,2024-04-10 20:12:28.072109,complete,Admission NC,positive,J,,,,,,,,,,,,,,,,,,,,,,,,,,,
95,case_13,2024-04-10 21:00:08.072109,complete,Admission IC,positive,J,,,,,,,,,,,,,,,,,,,,,,,,,,,
96,case_13,2024-04-10 22:26:42.072109,complete,Admission NC,positive,J,,,,,,,,,,,,,,,,,,,,,,,,,,,
97,case_14,2024-04-10 16:34:42.072109,complete,Admission NC,positive,J,,,,,,,,,,,,,,,,,,,,,,,,,,,
98,case_14,2024-04-10 16:50:59.072109,complete,Admission NC,positive,J,,,,,,,,,,,,,,,,,,,,,,,,,,,
99,case_14,2024-04-10 18:04:17.072109,complete,Admission IC,positive,J,,,,,,,,,,,,,,,,,,,,,,,,,,,
100,case_14,2024-04-10 19:23:41.072109,complete,Admission NC,positive,J,,,,,,,,,,,,,,,,,,,,,,,,,,,
101,case_14,2024-04-10 19:45:29.072109,complete,Return ER,positive,?,,,,,,,,,,,,,,,,,,,,,,,,,,,
102,case_15,2024-04-10 16:29:52.072109,complete,Admission NC,positive,J,,,,,,,,,,,,,,,,,,,,,,,,,,,
103,case_15,2024-04-10 16:46:36.072109,complete,Admission NC,positive,J,,,,,,,,,,,,,,,,,,,,,,,,,,,
104,case_15,2024-04-10 18:01:29.072109,complete,Admission IC,positive,J,,,,,,,,,,,,,,,,,,,,,,,,,,,
105,case_15,2024-04-10 19:08:24.072109,complete,Admission NC,positive,J,,,,,,,,,,,,,,,,,,,,,,,,,,,
106,case_15,2024-04-10 19:47:53.072109,complete,IV Antibiotics,positive,L,,,,,,,,,,,,,,,,,,,,,,,,,,,
107,case_16,2024-04-10 16:24:27.072109,complete,Admission NC,positive,J,,,,,,,,,,,,,,,,,,,,,,,,,,,
108,case_16,2024-04-10 17:17:17.072109,complete,Admission NC,positive,J,,,,,,,,,,,,,,,,,,,,,,,,,,,
109,case_16,2024-04-10 18:14:40.072109,complete,Admission NC,positive,J,,,,,,,,,,,,,,,,,,,,,,,,,,,
110,case_16,2024-04-10 19:30:30.072109,complete,Admission NC,positive,J,,,,,,,,,,,,,,,,,,,,,,,,,,,
111,case_16,2024-04-10 20:05:41.072109,complete,Admission NC,positive,J,,,,,,,,,,,,,,,,,,,,,,,,,,,
112,case_17,2024-04-10 16:13:30.072109,complete,Admission NC,positive,J,,,,,,,,,,,,,,,,,,,,,,,,,,,
113,case_17,2024-04-10 16:58:23.072109,complete,Admission NC,positive,J,,,,,,,,,,,,,,,,,,,,,,,,,,,
114,case_17,2024-04-10 17:55:02.072109,complete,Admission IC,positive,J,,,,,,,,,,,,,,,,,,,,,,,,,,,
115,case_17,2024-04-10 19:27:47.072109,complete,Admission NC,positive,J,,,,,,,,,,,,,,,,,,,,,,,,,,,
116,case_17,2024-04-10 20:09:39.072109,complete,IV Liquid,positive,Y,PB,90.0,,,,,,,,,,,,,,,,,,,,,,,,,
117,case_18,2024-04-10 16:21:08.072109,complete,Admission NC,positive,J,,,,,,,,,,,,,,,,,,,,,,,,,,,
118,case_18,2024-04-10 16:45:53.072109,complete,Admission NC,positive,J,,,,,,,,,,,,,,,,,,,,,,,,,,,
119,case_18,2024-04-10 17:54:35.072109,complete,Admission IC,positive,J,,,,,,,,,,,,,,,,,,,,,,,,,,,
120,case_18,2024-04-10 19:33:27.072109,complete,Admission NC,positive,J,,,,,,,,,,,,,,,,,,,,,,,,,,,
121,case_18,2024-04-10 20:24:41.072109,complete,IV Liquid,positive,Y,GB,90.0,,,,,,,,,,,,,,,,,,,,,,,,,
122,case_19,2024-04-10 15:43:35.072109,complete,Admission NC,positive,J,,,,,,,,,,,,,,,,,,,,,,,,,,,
123,case_19,2024-04-10 16:53:31.072109,complete,Admission NC,positive,Y,,,,,,,,,,,,,,,,,,,,,,,,,,,
124,case_19,2024-04-10 18:14:59.072109,complete,Release B,positive,E,,,,,,,,,,,,,,,,,,,,,,,,,,,
125,case_19,2024-04-10 19:24:23.072109,complete,Admission NC,positive,F,,,,,,,,,,,,,,,,,,,,,,,,,,,
126,case_19,2024-04-10 20:35:19.072109,complete,IV Liquid,positive,Y,PE,90.0,,,,,,,,,,,,,,,,,,,,,,,,,
127,case_20,2024-04-10 16:21:20.072109,complete,Admission NC,positive,J,,,,,,,,,,,,,,,,,,,,,,,,,,,
128,case_20,2024-04-10 17:12:20.072109,complete,Admission NC,positive,Y,,,,,,,,,,,,,,,,,,,,,,,,,,,
129,case_20,2024-04-10 18:32:14.072109,complete,Release B,positive,E,,,,,,,,,,,,,,,,,,,,,,,,,,,
130,case_20,2024-04-10 19:20:07.072109,complete,Admission NC,positive,F,,,,,,,,,,,,,,,,,,,,,,,,,,,
131,case_20,2024-04-10 20:06:18.072109,complete,IV Liquid,positive,Y,OB,90.0,,,,,,,,,,,,,,,,,,,,,,,,,
132,case_21,2024-04-10 15:50:07.072109,complete,Admission NC,positive,J,,,,,,,,,,,,,,,,,,,,,,,,,,,
133,case_21,2024-04-10 17:07:20.072109,complete,Admission NC,positive,J,,,,,,,,,,,,,,,,,,,,,,,,,,,
134,case_21,2024-04-10 18:23:26.072109,complete,Admission IC,positive,J,,,,,,,,,,,,,,,,,,,,,,,,,,,
135,case_21,2024-04-10 19:17:56.072109,complete,Admission NC,positive,J,,,,,,,,,,,,,,,,,,,,,,,,,,,
136,case_21,2024-04-10 19:47:54.072109,complete,IV Liquid,positive,Y,OE,90.0,,,,,,,,,,,,,,,,,,,,,,,,,
137,case_22,2024-04-10 16:11:13.072109,complete,Admission NC,positive,J,,,,,,,,,,,,,,,,,,,,,,,,,,,
138,case_22,2024-04-10 17:11:18.072109,complete,IV Antibiotics,positive,L,,,,,,,,,,,,,,,,,,,,,,,,,,,
139,case_22,2024-04-10 17:54:52.072109,complete,ER Sepsis Triage,positive,L,HE,89.0,,,,,,,,,,,,,,,,,,,,,,,,,
140,case_22,2024-04-10 19:24:15.072109,complete,IV Antibiotics,positive,L,,,,,,,,,,,,,,,,,,,,,,,,,,,
141,case_22,2024-04-10 19:54:49.072109,complete,IV Antibiotics,positive,L,,,,,,,,,,,,,,,,,,,,,,,,,,,
142,case_22,2024-04-10 20:50:09.072109,complete,IV Antibiotics,positive,L,,,,,,,,,,,,,,,,,,,,,,,,,,,
143,case_22,2024-04-10 21:57:39.072109,complete,ER Sepsis Triage,positive,L,FA,89.0,,,,,,,,,,,,,,,,,,,,,,,,,
144,case_22,2024-04-10 23:28:32.072109,complete,IV Antibiotics,positive,L,,,,,,,,,,,,,,,,,,,,,,,,,,,
145,case_22,2024-04-11 00:11:47.072109,complete,Admission NC,positive,F,,,,,,,,,,,,,,,,,,,,,,,,,,,
146,case_23,2024-04-10 15:51:57.072109,complete,Release B,positive,E,,,,,,,,,,,,,,,,,,,,,,,,,,,
147,case_23,2024-04-10 17:19:53.072109,complete,Admission NC,positive,K,,,,,,,,,,,,,,,,,,,,,,,,,,,
148,case_23,2024-04-10 18:26:14.072109,complete,Release B,positive,E,,,,,,,,,,,,,,,,,,,,,,,,,,,
149,case_23,2024-04-10 19:26:56.072109,complete,Release B,positive,E,,,,,,,,,,,,,,,,,,,,,,,,,,,
150,case_23,2024-04-10 20:15:21.072109,complete,Admission NC,positive,K,,,,,,,,,,,,,,,,,,,,,,,,,,,
151,case_23,2024-04-10 20:46:41.072109,complete,Release B,positive,E,,,,,,,,,,,,,,,,,,,,,,,,,,,
152,case_23,2024-04-10 21:45:36.072109,complete,Release B,positive,E,,,,,,,,,,,,,,,,,,,,,,,,,,,
153,case_23,2024-04-10 22:50:19.072109,complete,Admission NC,positive,K,,,,,,,,,,,,,,,,,,,,,,,,,,,
154,case_23,2024-04-10 23:51:43.072109,complete,Release B,positive,E,,,,,,,,,,,,,,,,,,,,,,,,,,,
155,case_24,2024-04-10 16:31:19.072109,complete,Release B,positive,E,,,,,,,,,,,,,,,,,,,,,,,,,,,
156,case_24,2024-04-10 16:41:35.072109,complete,Release B,positive,E,,,,,,,,,,,,,,,,,,,,,,,,,,,
157,case_24,2024-04-10 18:11:52.072109,complete,Release B,positive,E,,,,,,,,,,,,,,,,,,,,,,,,,,,
158,case_24,2024-04-10 19:21:29.072109,complete,ER Sepsis Triage,positive,Y,HE,35.0,,,,,,,,,,,,,,,,,,,,,,,,,
159,case_24,2024-04-10 20:04:34.072109,complete,Admission NC,positive,J,,,,,,,,,,,,,,,,,,,,,,,,,,,
160,case_24,2024-04-10 21:34:59.072109,complete,ER Triage,positive,C,HE,90.0,,,,,,,,,,,,,,,,,,,,,,,,,
161,case_24,2024-04-10 21:58:19.072109,complete,ER Triage,positive,C,HE,85.0,,,,,,,,,,,,,,,,,,,,,,,,,
162,case_24,2024-04-10 22:45:56.072109,complete,LacticAcid,positive,Y,,,,,,,,,,,,,,,,,,,,,,,,,,8.0,
163,case_24,2024-04-10 23:54:03.072109,complete,Leucocytes,positive,Y,HE,90.0,,,,,,,,,,,,,,,,,,,,,,,,,3813.0
164,case_24,2024-04-11 01:16:17.072109,complete,Admission NC,positive,Y,,,,,,,,,,,,,,,,,,,,,,,,,,,
165,case_25,2024-04-10 16:23:17.072109,complete,Release B,positive,E,,,,,,,,,,,,,,,,,,,,,,,,,,,
166,case_25,2024-04-10 17:34:14.072109,complete,Admission NC,positive,K,,,,,,,,,,,,,,,,,,,,,,,,,,,
167,case_25,2024-04-10 17:40:07.072109,complete,Release B,positive,E,,,,,,,,,,,,,,,,,,,,,,,,,,,
168,case_25,2024-04-10 19:21:13.072109,complete,Admission NC,positive,K,,,,,,,,,,,,,,,,,,,,,,,,,,,
169,case_25,2024-04-10 20:12:36.072109,complete,Release B,positive,E,,,,,,,,,,,,,,,,,,,,,,,,,,,
170,case_25,2024-04-10 20:43:56.072109,complete,Release B,positive,E,,,,,,,,,,,,,,,,,,,,,,,,,,,
171,case_25,2024-04-10 21:56:03.072109,complete,Admission NC,positive,K,,,,,,,,,,,,,,,,,,,,,,,,,,,
172,case_25,2024-04-10 23:06:54.072109,complete,Release B,positive,E,,,,,,,,,,,,,,,,,,,,,,,,,,,
173,case_25,2024-04-10 23:37:56.072109,complete,LacticAcid,positive,Y,,,,,,,,,,,,,,,,,,,,,,,,,,8.0,
174,case_25,2024-04-11 01:31:15.073109,complete,Leucocytes,positive,Y,HE,90.0,,,,,,,,,,,,,,,,,,,,,,,,,3813.0
175,case_26,2024-04-10 15:53:22.073109,complete,CRP,positive,C,HE,90.0,4976.0,,,,,,,,,,,,,,,,,,,,,,,,
176,case_26,2024-04-10 16:51:33.073109,complete,Admission NC,positive,J,,,,,,,,,,,,,,,,,,,,,,,,,,,
177,case_26,2024-04-10 18:08:22.073109,complete,CRP,positive,J,HE,89.0,5730.0,,,,,,,,,,,,,,,,,,,,,,,,
178,case_26,2024-04-10 18:55:08.073109,complete,Admission NC,positive,J,,,,,,,,,,,,,,,,,,,,,,,,,,,
179,case_26,2024-04-10 19:40:38.073109,complete,Admission NC,positive,J,,,,,,,,,,,,,,,,,,,,,,,,,,,
180,case_26,2024-04-10 21:01:42.073109,complete,CRP,positive,Y,HE,90.0,5564.0,,,,,,,,,,,,,,,,,,,,,,,,
181,case_26,2024-04-10 22:34:44.073109,complete,CRP,positive,I,HE,89.0,5675.0,,,,,,,,,,,,,,,,,,,,,,,,
182,case_26,2024-04-10 23:31:11.073109,complete,IV Antibiotics,positive,Y,,,,,,,,,,,,,,,,,,,,,,,,,,,
183,case_26,2024-04-11 00:09:22.073109,complete,Release A,positive,Y,,,,,,,,,,,,,,,,,,,,,,,,,,,
184,case_26,2024-04-11 00:48:57.073109,complete,CRP,positive,Y,HE,28.0,5580.0,,,,,,,,,,,,,,,,,,,,,,,,
185,case_27,2024-04-10 15:57:21.073109,complete,CRP,positive,Y,HE,90.0,3439.0,,,,,,,,,,,,,,,,,,,,,,,,
186,case_27,2024-04-10 16:37:46.073109,complete,ER Triage,positive,Y,HE,90.0,,,,,,,,,,,,,,,,,,,,,,,,,
187,case_27,2024-04-10 18:30:36.073109,complete,Release A,positive,Y,,,,,,,,,,,,,,,,,,,,,,,,,,,
188,case_27,2024-04-10 18:56:42.073109,complete,IV Antibiotics,positive,O,,,,,,,,,,,,,,,,,,,,,,,,,,,
189,case_27,2024-04-10 19:59:44.073109,complete,CRP,positive,Y,HE,90.0,5649.0,,,,,,,,,,,,,,,,,,,,,,,,
190,case_27,2024-04-10 21:15:31.073109,complete,LacticAcid,positive,Y,,,,,,,,,,,,,,,,,,,,,,,,,,149.0,
191,case_27,2024-04-10 21:54:13.073109,complete,CRP,positive,I,PA,89.0,4384.0,,,,,,,,,,,,,,,,,,,,,,,,
192,case_27,2024-04-10 23:17:19.073109,complete,CRP,positive,S,HE,63.0,208.0,,,,,,,,,,,,,,,,,,,,,,,,
193,case_27,2024-04-11 00:20:55.073109,complete,Admission NC,positive,J,,,,,,,,,,,,,,,,,,,,,,,,,,,
194,case_27,2024-04-11 01:17:16.073109,complete,Admission NC,positive,J,,,,,,,,,,,,,,,,,,,,,,,,,,,
195,case_28,2024-04-10 15:43:52.073109,complete,CRP,positive,Y,HE,90.0,2886.0,,,,,,,,,,,,,,,,,,,,,,,,
196,case_28,2024-04-10 17:34:32.073109,complete,Release A,positive,Y,,,,,,,,,,,,,,,,,,,,,,,,,,,
197,case_28,2024-04-10 18:19:06.073109,complete,Release B,positive,E,,,,,,,,,,,,,,,,,,,,,,,,,,,
198,case_28,2024-04-10 18:45:07.073109,complete,ER Sepsis Triage,positive,Y,HE,90.0,,,,,,,,,,,,,,,,,,,,,,,,,
199,case_28,2024-04-10 19:36:43.073109,complete,Return ER,positive,?,,,,,,,,,,,,,,,,,,,,,,,,,,,
200,case_28,2024-04-10 20:50:47.073109,complete,Return ER,positive,?,,,,,,,,,,,,,,,,,,,,,,,,,,,
201,case_28,2024-04-10 22:17:12.073109,complete,CRP,positive,I,HE,89.0,2503.0,,,,,,,,,,,,,,,,,,,,,,,,
202,case_28,2024-04-10 22:39:52.073109,complete,Return ER,positive,?,,,,,,,,,,,,,,,,,,,,,,,,,,,
203,case_28,2024-04-11 00:35:02.073109,complete,Admission NC,positive,J,,,,,,,,,,,,,,,,,,,,,,,,,,,
204,case_28,2024-04-11 01:22:20.073109,complete,Admission NC,positive,J,,,,,,,,,,,,,,,,,,,,,,,,,,,
205,case_29,2024-04-10 16:08:43.073109,complete,Admission NC,positive,J,,,,,,,,,,,,,,,,,,,,,,,,,,,
206,case_29,2024-04-10 17:22:52.073109,complete,Admission NC,positive,Y,,,,,,,,,,,,,,,,,,,,,,,,,,,
207,case_29,2024-04-10 18:16:22.073109,complete,IV Antibiotics,positive,Y,,,,,,,,,,,,,,,,,,,,,,,,,,,
208,case_29,2024-04-10 18:42:12.073109,complete,Admission NC,positive,F,,,,,,,,,,,,,,,,,,,,,,,,,,,
209,case_29,2024-04-10 20:02:37.073109,complete,IV Antibiotics,positive,Y,,,,,,,,,,,,,,,,,,,,,,,,,,,
210,case_29,2024-04-10 21:01:38.073109,complete,Release A,positive,Y,,,,,,,,,,,,,,,,,,,,,,,,,,,
211,case_29,2024-04-10 22:18:38.073109,complete,CRP,positive,I,HE,89.0,5677.0,,,,,,,,,,,,,,,,,,,,,,,,
212,case_29,2024-04-10 22:39:47.073109,complete,CRP,positive,Y,HE,63.0,973.0,,,,,,,,,,,,,,,,,,,,,,,,
213,case_29,2024-04-11 00:34:50.073109,complete,CRP,positive,X,HC,87.0,3369.0,,,,,,,,,,,,,,,,,,,,,,,,
214,case_29,2024-04-11 00:51:01.073109,complete,CRP,positive,X,HE,28.0,3100.0,,,,,,,,,,,,,,,,,,,,,,,,
