,case:concept:name,time:timestamp,lifecycle:transition,concept:name,case:label,org:group,Diagnose,Age,CRP,Leucocytes,LacticAcid,InfectionSuspected,DiagnosticBlood,DisfuncOrg,SIRSCritTachypnea,Hypotensie,SIRSCritHeartRate,Infusion,DiagnosticArtAstrup,DiagnosticIC,DiagnosticSputum,DiagnosticLiquor,DiagnosticOther,SIRSCriteria2OrMore,DiagnosticXthorax,SIRSCritTemperature,DiagnosticUrinaryCulture,SIRSCritLeucos,Oligurie,DiagnosticLacticAcid,Hypoxie,DiagnosticUrinarySediment,DiagnosticECG
0,case_0,2024-04-10 16:21:46.801388,complete,CRP,positive,E,YA,25.0,3597.0,,,,,,,,,,,,,,,,,,,,,,,,
1,case_0,2024-04-10 17:06:22.801388,complete,Leucocytes,positive,L,QA,21.0,,138.0,,,,,,,,,,,,,,,,,,,,,,,
2,case_0,2024-04-10 17:56:28.801388,complete,Leucocytes,positive,?,YC,20.0,,138.0,,,,,,,,,,,,,,,,,,,,,,,
3,case_0,2024-04-10 19:03:54.801388,complete,Admission NC,positive,?,,,,,,,,,,,,,,,,,,,,,,,,,,,
4,case_0,2024-04-10 19:39:14.801388,complete,Leucocytes,positive,I,YC,21.0,,138.0,,,,,,,,,,,,,,,,,,,,,,,
5,case_0,2024-04-10 21:03:19.801388,complete,CRP,positive,A,YB,20.0,50.0,,,,,,,,,,,,,,,,,,,,,,,,
6,case_0,2024-04-10 22:34:51.801388,complete,CRP,positive,I,YA,22.0,51.0,,,,,,,,,,,,,,,,,,,,,,,,
7,case_0,2024-04-10 22:42:12.801388,complete,Admission NC,positive,F,,,,,,,,,,,,,,,,,,,,,,,,,,,
8,case_1,2024-04-10 16:36:58.801388,complete,CRP,positive,I,QA,25.0,3597.0,,,,,,,,,,,,,,,,,,,,,,,,
9,case_1,2024-04-10 17:26:34.801388,complete,Leucocytes,positive,I,YB,51.0,,3048.0,,,,,,,,,,,,,,,,,,,,,,,
10,case_1,2024-04-10 17:44:50.801388,complete,CRP,positive,?,YC,20.0,50.0,,,,,,,,,,,,,,,,,,,,,,,,
11,case_1,2024-04-10 19:17:18.801388,complete,Admission NC,positive,F,,,,,,,,,,,,,,,,,,,,,,,,,,,
12,case_1,2024-04-10 19:40:58.801388,complete,CRP,positive,I,YC,21.0,51.0,,,,,,,,,,,,,,,,,,,,,,,,
13,case_1,2024-04-10 21:08:30.801388,complete,Leucocytes,positive,A,YB,20.0,,138.0,,,,,,,,,,,,,,,,,,,,,,,
14,case_1,2024-04-10 22:08:07.801388,complete,Admission NC,positive,F,,,,,,,,,,,,,,,,,,,,,,,,,,,
15,case_1,2024-04-10 22:43:10.801388,complete,Leucocytes,positive,L,YA,34.0,,428.0,,,,,,,,,,,,,,,,,,,,,,,
16,case_2,2024-04-10 15:46:39.801388,complete,CRP,positive,K,L,20.0,2777.0,,,,,,,,,,,,,,,,,,,,,,,,
17,case_2,2024-04-10 16:54:46.801388,complete,CRP,positive,K,YC,20.0,51.0,,,,,,,,,,,,,,,,,,,,,,,,
18,case_2,2024-04-10 17:57:35.801388,complete,Leucocytes,positive,K,YA,23.0,,138.0,,,,,,,,,,,,,,,,,,,,,,,
19,case_2,2024-04-10 19:37:14.801388,complete,CRP,positive,J,QA,21.0,4873.0,,,,,,,,,,,,,,,,,,,,,,,,
20,case_2,2024-04-10 20:14:58.801388,complete,CRP,positive,I,YD,22.0,1397.0,,,,,,,,,,,,,,,,,,,,,,,,
21,case_2,2024-04-10 20:50:23.801388,complete,Admission NC,positive,J,,,,,,,,,,,,,,,,,,,,,,,,,,,
22,case_2,2024-04-10 21:54:53.801388,complete,Admission NC,positive,F,,,,,,,,,,,,,,,,,,,,,,,,,,,
23,case_2,2024-04-10 23:16:14.801388,complete,CRP,positive,L,YA,34.0,2515.0,,,,,,,,,,,,,,,,,,,,,,,,
24,case_3,2024-04-10 16:26:37.801388,complete,CRP,positive,K,YA,23.0,2777.0,,,,,,,,,,,,,,,,,,,,,,,,
25,case_3,2024-04-10 16:54:35.801388,complete,Release B,positive,E,,,,,,,,,,,,,,,,,,,,,,,,,,,
26,case_3,2024-04-10 18:15:34.801388,complete,Release B,positive,E,,,,,,,,,,,,,,,,,,,,,,,,,,,
27,case_3,2024-04-10 18:51:21.801388,complete,CRP,positive,L,YB,23.0,4873.0,,,,,,,,,,,,,,,,,,,,,,,,
28,case_3,2024-04-10 20:11:29.801388,complete,CRP,positive,J,YC,20.0,1397.0,,,,,,,,,,,,,,,,,,,,,,,,
29,case_3,2024-04-10 20:38:02.801388,complete,CRP,positive,I,YA,22.0,51.0,,,,,,,,,,,,,,,,,,,,,,,,
30,case_3,2024-04-10 22:01:41.801388,complete,Admission NC,positive,?,,,,,,,,,,,,,,,,,,,,,,,,,,,
31,case_3,2024-04-10 22:58:21.801388,complete,Admission NC,positive,L,,,,,,,,,,,,,,,,,,,,,,,,,,,
32,case_4,2024-04-10 16:31:39.801388,complete,CRP,positive,L,YA,23.0,394.0,,,,,,,,,,,,,,,,,,,,,,,,
33,case_4,2024-04-10 17:18:22.801388,complete,Leucocytes,positive,L,QA,21.0,,138.0,,,,,,,,,,,,,,,,,,,,,,,
34,case_4,2024-04-10 18:25:21.801388,complete,Leucocytes,positive,?,YC,20.0,,138.0,,,,,,,,,,,,,,,,,,,,,,,
35,case_4,2024-04-10 19:07:29.801388,complete,Admission NC,positive,L,,,,,,,,,,,,,,,,,,,,,,,,,,,
36,case_4,2024-04-10 19:55:40.801388,complete,CRP,positive,J,YA,22.0,53.0,,,,,,,,,,,,,,,,,,,,,,,,
37,case_4,2024-04-10 21:08:00.801388,complete,Release B,positive,E,,,,,,,,,,,,,,,,,,,,,,,,,,,
38,case_4,2024-04-10 22:19:45.801388,complete,Admission NC,positive,K,,,,,,,,,,,,,,,,,,,,,,,,,,,
39,case_4,2024-04-10 23:29:08.801388,complete,Release B,positive,E,,,,,,,,,,,,,,,,,,,,,,,,,,,
40,case_5,2024-04-10 16:27:18.801388,complete,LacticAcid,positive,L,,,,,2.0,,,,,,,,,,,,,,,,,,,,,,
41,case_5,2024-04-10 17:27:01.801388,complete,Leucocytes,positive,K,YC,20.0,,139.0,,,,,,,,,,,,,,,,,,,,,,,
42,case_5,2024-04-10 18:28:58.801388,complete,Admission NC,positive,J,,,,,,,,,,,,,,,,,,,,,,,,,,,
43,case_5,2024-04-10 19:08:43.801388,complete,Admission NC,positive,J,,,,,,,,,,,,,,,,,,,,,,,,,,,
44,case_5,2024-04-10 20:18:51.801388,complete,CRP,positive,L,YC,27.0,2227.0,,,,,,,,,,,,,,,,,,,,,,,,
45,case_6,2024-04-10 15:59:47.801388,complete,CRP,positive,L,YA,20.0,2137.0,,,,,,,,,,,,,,,,,,,,,,,,
46,case_6,2024-04-10 17:32:10.801388,complete,Leucocytes,positive,L,YC,28.0,,1763.0,,,,,,,,,,,,,,,,,,,,,,,
47,case_6,2024-04-10 17:50:03.801388,complete,CRP,positive,K,YA,20.0,50.0,,,,,,,,,,,,,,,,,,,,,,,,
48,case_6,2024-04-10 18:53:12.801388,complete,Admission NC,positive,J,,,,,,,,,,,,,,,,,,,,,,,,,,,
49,case_6,2024-04-10 20:31:07.801388,complete,Admission NC,positive,L,,,,,,,,,,,,,,,,,,,,,,,,,,,
50,case_7,2024-04-10 16:05:30.801388,complete,Leucocytes,positive,K,YA,21.0,,188.0,,,,,,,,,,,,,,,,,,,,,,,
51,case_7,2024-04-10 17:25:51.801388,complete,CRP,positive,A,YD,22.0,5326.0,,,,,,,,,,,,,,,,,,,,,,,,
52,case_7,2024-04-10 18:08:29.801388,complete,Admission NC,positive,E,,,,,,,,,,,,,,,,,,,,,,,,,,,
53,case_7,2024-04-10 19:13:16.801388,complete,Admission NC,positive,?,,,,,,,,,,,,,,,,,,,,,,,,,,,
54,case_7,2024-04-10 20:34:47.801388,complete,Leucocytes,positive,A,YA,23.0,,3462.0,,,,,,,,,,,,,,,,,,,,,,,
55,case_8,2024-04-10 16:04:21.801388,complete,Admission NC,positive,F,,,,,,,,,,,,,,,,,,,,,,,,,,,
56,case_8,2024-04-10 17:31:48.801388,complete,Admission NC,positive,F,,,,,,,,,,,,,,,,,,,,,,,,,,,
57,case_8,2024-04-10 17:44:40.801388,complete,CRP,positive,K,YC,28.0,2105.0,,,,,,,,,,,,,,,,,,,,,,,,
58,case_8,2024-04-10 19:15:49.801388,complete,IV Antibiotics,positive,L,,,,,,,,,,,,,,,,,,,,,,,,,,,
59,case_8,2024-04-10 20:11:53.801388,complete,LacticAcid,positive,K,,,,,13.0,,,,,,,,,,,,,,,,,,,,,,
60,case_9,2024-04-10 16:24:51.801388,complete,LacticAcid,positive,J,,,,,2.0,,,,,,,,,,,,,,,,,,,,,,
61,case_9,2024-04-10 17:03:54.801388,complete,Leucocytes,positive,I,YA,24.0,,138.0,,,,,,,,,,,,,,,,,,,,,,,
62,case_9,2024-04-10 18:01:17.801388,complete,CRP,positive,I,YD,22.0,50.0,,,,,,,,,,,,,,,,,,,,,,,,
63,case_9,2024-04-10 18:47:49.801388,complete,Leucocytes,positive,K,YB,88.0,,138.0,,,,,,,,,,,,,,,,,,,,,,,
64,case_9,2024-04-10 19:48:32.801388,complete,CRP,positive,A,YB,22.0,50.0,,,,,,,,,,,,,,,,,,,,,,,,
65,case_9,2024-04-10 20:52:13.801388,complete,Admission NC,positive,J,,,,,,,,,,,,,,,,,,,,,,,,,,,
66,case_9,2024-04-10 22:08:30.801388,complete,Admission NC,positive,F,,,,,,,,,,,,,,,,,,,,,,,,,,,
67,case_9,2024-04-10 23:15:35.801388,complete,Leucocytes,positive,I,YA,20.0,,44.0,,,,,,,,,,,,,,,,,,,,,,,
68,case_9,2024-04-11 00:23:52.801388,complete,CRP,positive,L,YA,22.0,82.0,,,,,,,,,,,,,,,,,,,,,,,,
69,case_10,2024-04-10 15:52:49.801388,complete,CRP,positive,E,YA,24.0,497.0,,,,,,,,,,,,,,,,,,,,,,,,
70,case_10,2024-04-10 16:41:16.801388,complete,Leucocytes,positive,L,YB,23.0,,138.0,,,,,,,,,,,,,,,,,,,,,,,
71,case_10,2024-04-10 18:06:35.801388,complete,Leucocytes,positive,A,YA,21.0,,138.0,,,,,,,,,,,,,,,,,,,,,,,
72,case_10,2024-04-10 18:58:48.801388,complete,CRP,positive,A,YB,22.0,51.0,,,,,,,,,,,,,,,,,,,,,,,,
73,case_10,2024-04-10 19:44:56.801388,complete,Leucocytes,positive,I,YB,20.0,,138.0,,,,,,,,,,,,,,,,,,,,,,,
74,case_10,2024-04-10 21:34:08.801388,complete,Admission NC,positive,F,,,,,,,,,,,,,,,,,,,,,,,,,,,
75,case_10,2024-04-10 21:46:31.801388,complete,Leucocytes,positive,I,YA,22.0,,138.0,,,,,,,,,,,,,,,,,,,,,,,
76,case_10,2024-04-10 23:26:33.801388,complete,Leucocytes,positive,A,YB,20.0,,44.0,,,,,,,,,,,,,,,,,,,,,,,
77,case_10,2024-04-11 00:19:43.801388,complete,Admission NC,positive,F,,,,,,,,,,,,,,,,,,,,,,,,,,,
78,case_11,2024-04-10 16:12:52.801388,complete,Leucocytes,positive,E,YA,24.0,,1234.0,,,,,,,,,,,,,,,,,,,,,,,
79,case_11,2024-04-10 16:59:20.801388,complete,Leucocytes,positive,L,YB,23.0,,111.0,,,,,,,,,,,,,,,,,,,,,,,
80,case_11,2024-04-10 18:06:31.801388,complete,CRP,positive,A,YA,21.0,50.0,,,,,,,,,,,,,,,,,,,,,,,,
81,case_11,2024-04-10 18:51:39.801388,complete,CRP,positive,A,YB,22.0,51.0,,,,,,,,,,,,,,,,,,,,,,,,
82,case_11,2024-04-10 20:35:21.801388,complete,CRP,positive,I,YB,20.0,2009.0,,,,,,,,,,,,,,,,,,,,,,,,
83,case_11,2024-04-10 21:05:25.801388,complete,ER Registration,positive,K,YC,22.0,,,,true,true,false,false,false,false,false,true,true,false,false,true,true,true,false,true,false,false,false,true,false,true
84,case_11,2024-04-10 21:55:41.801388,complete,Admission NC,positive,?,,,,,,,,,,,,,,,,,,,,,,,,,,,
85,case_11,2024-04-10 23:22:07.801388,complete,Leucocytes,positive,K,QB,20.0,,44.0,,,,,,,,,,,,,,,,,,,,,,,
86,case_11,2024-04-10 23:49:12.801388,complete,Admission NC,positive,F,,,,,,,,,,,,,,,,,,,,,,,,,,,
87,case_12,2024-04-10 15:39:08.801388,complete,CRP,positive,?,YB,23.0,497.0,,,,,,,,,,,,,,,,,,,,,,,,
88,case_12,2024-04-10 17:34:50.801388,complete,Leucocytes,positive,L,YC,35.0,,111.0,,,,,,,,,,,,,,,,,,,,,,,
89,case_12,2024-04-10 18:12:31.801388,complete,CRP,positive,K,YB,22.0,50.0,,,,,,,,,,,,,,,,,,,,,,,,
90,case_12,2024-04-10 19:06:20.801388,complete,Leucocytes,positive,I,YC,21.0,,138.0,,,,,,,,,,,,,,,,,,,,,,,
91,case_12,2024-04-10 19:48:04.801388,complete,Admission NC,positive,F,,,,,,,,,,,,,,,,,,,,,,,,,,,
92,case_12,2024-04-10 21:30:48.801388,complete,IV Antibiotics,positive,L,,,,,,,,,,,,,,,,,,,,,,,,,,,
93,case_12,2024-04-10 22:32:39.801388,complete,Leucocytes,positive,I,YA,20.0,,2260.0,,,,,,,,,,,,,,,,,,,,,,,
94,case_12,2024-04-10 23:31:15.801388,complete,Leucocytes,positive,I,YC,22.0,,44.0,,,,,,,,,,,,,,,,,,,,,,,
95,case_12,2024-04-11 00:01:27.801388,complete,Admission NC,positive,J,,,,,,,,,,,,,,,,,,,,,,,,,,,
96,case_13,2024-04-10 15:45:36.801388,complete,CRP,positive,L,YC,24.0,497.0,,,,,,,,,,,,,,,,,,,,,,,,
97,case_13,2024-04-10 16:58:08.801388,complete,Leucocytes,positive,L,YB,23.0,,138.0,,,,,,,,,,,,,,,,,,,,,,,
98,case_13,2024-04-10 17:42:33.801388,complete,Leucocytes,positive,A,YA,21.0,,138.0,,,,,,,,,,,,,,,,,,,,,,,
99,case_13,2024-04-10 18:48:15.801388,complete,Leucocytes,positive,A,YB,22.0,,138.0,,,,,,,,,,,,,,,,,,,,,,,
100,case_13,2024-04-10 20:28:55.801388,complete,CRP,positive,J,YB,20.0,51.0,,,,,,,,,,,,,,,,,,,,,,,,
101,case_13,2024-04-10 21:01:49.801388,complete,IV Antibiotics,positive,L,,,,,,,,,,,,,,,,,,,,,,,,,,,
102,case_13,2024-04-10 22:02:29.801388,complete,Admission NC,positive,L,,,,,,,,,,,,,,,,,,,,,,,,,,,
103,case_13,2024-04-10 23:14:03.801388,complete,Leucocytes,positive,I,YA,22.0,,44.0,,,,,,,,,,,,,,,,,,,,,,,
104,case_13,2024-04-11 00:25:07.801388,complete,Admission NC,positive,F,,,,,,,,,,,,,,,,,,,,,,,,,,,
105,case_14,2024-04-10 16:12:40.801388,complete,Leucocytes,positive,I,YA,20.0,,3213.0,,,,,,,,,,,,,,,,,,,,,,,
106,case_14,2024-04-10 17:01:58.801388,complete,Return ER,positive,?,,,,,,,,,,,,,,,,,,,,,,,,,,,
107,case_14,2024-04-10 17:57:26.801388,complete,Leucocytes,positive,L,YA,23.0,,138.0,,,,,,,,,,,,,,,,,,,,,,,
108,case_14,2024-04-10 19:12:26.801388,complete,CRP,positive,L,YB,23.0,50.0,,,,,,,,,,,,,,,,,,,,,,,,
109,case_14,2024-04-10 19:55:39.801388,complete,CRP,positive,J,YC,20.0,2009.0,,,,,,,,,,,,,,,,,,,,,,,,
110,case_14,2024-04-10 20:42:49.801388,complete,CRP,positive,L,YA,22.0,50.0,,,,,,,,,,,,,,,,,,,,,,,,
111,case_14,2024-04-10 22:29:16.801388,complete,Admission NC,positive,?,,,,,,,,,,,,,,,,,,,,,,,,,,,
112,case_14,2024-04-10 23:15:02.801388,complete,Leucocytes,positive,A,YB,81.0,,2883.0,,,,,,,,,,,,,,,,,,,,,,,
113,case_14,2024-04-11 00:04:25.801388,complete,Admission NC,positive,F,,,,,,,,,,,,,,,,,,,,,,,,,,,
114,case_15,2024-04-10 15:39:19.801388,complete,CRP,positive,K,YA,82.0,4264.0,,,,,,,,,,,,,,,,,,,,,,,,
115,case_15,2024-04-10 17:17:44.801388,complete,CRP,positive,I,YC,20.0,50.0,,,,,,,,,,,,,,,,,,,,,,,,
116,case_15,2024-04-10 17:51:49.801388,complete,Admission NC,positive,J,,,,,,,,,,,,,,,,,,,,,,,,,,,
117,case_15,2024-04-10 18:42:13.801388,complete,Leucocytes,positive,L,YB,20.0,,905.0,,,,,,,,,,,,,,,,,,,,,,,
118,case_15,2024-04-10 19:40:01.801388,complete,Admission NC,positive,F,,,,,,,,,,,,,,,,,,,,,,,,,,,
119,case_15,2024-04-10 20:46:20.801388,complete,CRP,positive,L,YB,20.0,2892.0,,,,,,,,,,,,,,,,,,,,,,,,
120,case_15,2024-04-10 21:47:44.801388,complete,CRP,positive,?,YC,20.0,171.0,,,,,,,,,,,,,,,,,,,,,,,,
121,case_15,2024-04-10 23:33:46.801388,complete,Leucocytes,positive,J,YA,20.0,,44.0,,,,,,,,,,,,,,,,,,,,,,,
122,case_15,2024-04-11 00:37:07.801388,complete,CRP,positive,L,JB,21.0,50.0,,,,,,,,,,,,,,,,,,,,,,,,
123,case_16,2024-04-10 15:38:38.801388,complete,LacticAcid,positive,L,,,,,2.0,,,,,,,,,,,,,,,,,,,,,,
124,case_16,2024-04-10 17:00:55.801388,complete,Leucocytes,positive,K,YC,27.0,,139.0,,,,,,,,,,,,,,,,,,,,,,,
125,case_16,2024-04-10 18:36:15.801388,complete,CRP,positive,K,YA,20.0,52.0,,,,,,,,,,,,,,,,,,,,,,,,
126,case_16,2024-04-10 18:41:33.801388,complete,Admission NC,positive,A,,,,,,,,,,,,,,,,,,,,,,,,,,,
127,case_16,2024-04-10 20:30:55.801388,complete,Admission NC,positive,F,,,,,,,,,,,,,,,,,,,,,,,,,,,
128,case_16,2024-04-10 21:03:31.801388,complete,CRP,positive,L,YA,24.0,1691.0,,,,,,,,,,,,,,,,,,,,,,,,
129,case_17,2024-04-10 16:11:38.801388,complete,Leucocytes,positive,L,RC,21.0,,3406.0,,,,,,,,,,,,,,,,,,,,,,,
130,case_17,2024-04-10 17:36:49.801388,complete,CRP,positive,A,YA,22.0,1397.0,,,,,,,,,,,,,,,,,,,,,,,,
131,case_17,2024-04-10 18:03:58.801388,complete,Leucocytes,positive,K,YA,22.0,,138.0,,,,,,,,,,,,,,,,,,,,,,,
132,case_17,2024-04-10 19:22:08.801388,complete,CRP,positive,K,YA,20.0,2131.0,,,,,,,,,,,,,,,,,,,,,,,,
133,case_17,2024-04-10 20:03:49.801388,complete,Admission NC,positive,L,,,,,,,,,,,,,,,,,,,,,,,,,,,
134,case_17,2024-04-10 20:55:20.801388,complete,Admission NC,positive,?,,,,,,,,,,,,,,,,,,,,,,,,,,,
135,case_18,2024-04-10 15:54:43.801388,complete,CRP,positive,K,YA,20.0,3688.0,,,,,,,,,,,,,,,,,,,,,,,,
136,case_18,2024-04-10 17:17:17.801388,complete,Leucocytes,positive,A,YA,50.0,,138.0,,,,,,,,,,,,,,,,,,,,,,,
137,case_18,2024-04-10 18:27:22.801388,complete,Return ER,positive,?,,,,,,,,,,,,,,,,,,,,,,,,,,,
138,case_18,2024-04-10 19:32:16.801388,complete,CRP,positive,K,YA,20.0,889.0,,,,,,,,,,,,,,,,,,,,,,,,
139,case_18,2024-04-10 19:40:27.801388,complete,Admission NC,positive,J,,,,,,,,,,,,,,,,,,,,,,,,,,,
140,case_18,2024-04-10 21:06:50.801388,complete,Admission NC,positive,F,,,,,,,,,,,,,,,,,,,,,,,,,,,
141,case_19,2024-04-10 16:12:12.801388,complete,Leucocytes,positive,K,YA,20.0,,794.0,,,,,,,,,,,,,,,,,,,,,,,
142,case_19,2024-04-10 17:31:15.801388,complete,Leucocytes,positive,J,YA,22.0,,1299.0,,,,,,,,,,,,,,,,,,,,,,,
143,case_19,2024-04-10 17:50:51.801388,complete,IV Antibiotics,positive,L,,,,,,,,,,,,,,,,,,,,,,,,,,,
144,case_19,2024-04-10 18:49:19.801388,complete,CRP,positive,L,YA,88.0,51.0,,,,,,,,,,,,,,,,,,,,,,,,
145,case_19,2024-04-10 20:09:35.801388,complete,Admission NC,positive,F,,,,,,,,,,,,,,,,,,,,,,,,,,,
146,case_19,2024-04-10 21:22:26.801388,complete,Admission NC,positive,F,,,,,,,,,,,,,,,,,,,,,,,,,,,
147,case_20,2024-04-10 16:29:55.801388,complete,Leucocytes,positive,K,YA,20.0,,2108.0,,,,,,,,,,,,,,,,,,,,,,,
148,case_20,2024-04-10 17:25:12.801388,complete,Leucocytes,positive,J,YA,21.0,,138.0,,,,,,,,,,,,,,,,,,,,,,,
149,case_20,2024-04-10 18:15:46.801388,complete,Leucocytes,positive,I,YC,22.0,,138.0,,,,,,,,,,,,,,,,,,,,,,,
150,case_20,2024-04-10 19:14:48.801388,complete,Admission NC,positive,F,,,,,,,,,,,,,,,,,,,,,,,,,,,
151,case_20,2024-04-10 20:16:09.801388,complete,CRP,positive,I,YA,20.0,50.0,,,,,,,,,,,,,,,,,,,,,,,,
152,case_20,2024-04-10 20:56:11.801388,complete,Admission NC,positive,F,,,,,,,,,,,,,,,,,,,,,,,,,,,
153,case_21,2024-04-10 15:45:56.801388,complete,Admission NC,positive,J,,,,,,,,,,,,,,,,,,,,,,,,,,,
154,case_21,2024-04-10 17:01:12.801388,complete,CRP,positive,K,YA,20.0,656.0,,,,,,,,,,,,,,,,,,,,,,,,
155,case_21,2024-04-10 17:39:33.801388,complete,CRP,positive,E,YA,20.0,550.0,,,,,,,,,,,,,,,,,,,,,,,,
156,case_21,2024-04-10 19:15:05.801388,complete,CRP,positive,I,YA,22.0,50.0,,,,,,,,,,,,,,,,,,,,,,,,
157,case_21,2024-04-10 20:21:39.801388,complete,CRP,positive,I,YA,20.0,50.0,,,,,,,,,,,,,,,,,,,,,,,,
158,case_21,2024-04-10 21:02:02.801388,complete,Admission NC,positive,F,,,,,,,,,,,,,,,,,,,,,,,,,,,
159,case_22,2024-04-10 16:16:29.801388,complete,CRP,positive,L,RC,20.0,52.0,,,,,,,,,,,,,,,,,,,,,,,,
160,case_22,2024-04-10 16:39:27.801388,complete,CRP,positive,L,YA,20.0,1397.0,,,,,,,,,,,,,,,,,,,,,,,,
161,case_22,2024-04-10 18:19:03.801388,complete,Admission NC,positive,F,,,,,,,,,,,,,,,,,,,,,,,,,,,
162,case_22,2024-04-10 19:21:37.801388,complete,CRP,positive,K,QA,21.0,622.0,,,,,,,,,,,,,,,,,,,,,,,,
163,case_22,2024-04-10 19:53:25.801388,complete,CRP,positive,A,YA,23.0,50.0,,,,,,,,,,,,,,,,,,,,,,,,
164,case_22,2024-04-10 21:22:57.801388,complete,Admission NC,positive,F,,,,,,,,,,,,,,,,,,,,,,,,,,,
165,case_23,2024-04-10 15:58:34.801388,complete,IV Antibiotics,positive,L,,,,,,,,,,,,,,,,,,,,,,,,,,,
166,case_23,2024-04-10 17:26:48.801388,complete,ER Sepsis Triage,positive,L,YD,28.0,,,,,,,,,,,,,,,,,,,,,,,,,
167,case_23,2024-04-10 18:34:44.801388,complete,IV Antibiotics,positive,L,,,,,,,,,,,,,,,,,,,,,,,,,,,
168,case_23,2024-04-10 19:27:40.801388,complete,CRP,positive,K,YA,20.0,2057.0,,,,,,,,,,,,,,,,,,,,,,,,
169,case_23,2024-04-10 20:00:05.801388,complete,CRP,positive,L,YA,90.0,50.0,,,,,,,,,,,,,,,,,,,,,,,,
170,case_23,2024-04-10 21:09:21.801388,complete,Admission NC,positive,F,,,,,,,,,,,,,,,,,,,,,,,,,,,
171,case_23,2024-04-10 22:01:22.801388,complete,Admission NC,positive,A,,,,,,,,,,,,,,,,,,,,,,,,,,,
172,case_24,2024-04-10 16:14:39.801388,complete,IV Antibiotics,positive,L,,,,,,,,,,,,,,,,,,,,,,,,,,,
173,case_24,2024-04-10 17:37:32.801388,complete,ER Sepsis Triage,positive,L,YB,20.0,,,,,,,,,,,,,,,,,,,,,,,,,
174,case_24,2024-04-10 17:45:29.801388,complete,IV Antibiotics,positive,L,,,,,,,,,,,,,,,,,,,,,,,,,,,
175,case_24,2024-04-10 18:44:15.801388,complete,CRP,positive,A,QE,20.0,2057.0,,,,,,,,,,,,,,,,,,,,,,,,
176,case_24,2024-04-10 19:52:32.801388,complete,Admission NC,positive,F,,,,,,,,,,,,,,,,,,,,,,,,,,,
177,case_24,2024-04-10 20:44:55.801388,complete,Admission NC,positive,L,,,,,,,,,,,,,,,,,,,,,,,,,,,
178,case_24,2024-04-10 22:10:49.801388,complete,IV Antibiotics,positive,L,,,,,,,,,,,,,,,,,,,,,,,,,,,
179,case_25,2024-04-10 15:59:49.801388,complete,CRP,positive,?,B,21.0,50.0,,,,,,,,,,,,,,,,,,,,,,,,
180,case_25,2024-04-10 16:45:22.801388,complete,CRP,positive,A,YA,22.0,2662.0,,,,,,,,,,,,,,,,,,,,,,,,
181,case_25,2024-04-10 17:58:39.801388,complete,Leucocytes,positive,K,YA,22.0,,138.0,,,,,,,,,,,,,,,,,,,,,,,
182,case_25,2024-04-10 19:30:24.801388,complete,CRP,positive,K,YA,20.0,5435.0,,,,,,,,,,,,,,,,,,,,,,,,
183,case_25,2024-04-10 19:49:12.801388,complete,Leucocytes,positive,L,YD,22.0,,875.0,,,,,,,,,,,,,,,,,,,,,,,
184,case_25,2024-04-10 21:22:36.801388,complete,Admission NC,positive,L,,,,,,,,,,,,,,,,,,,,,,,,,,,
185,case_25,2024-04-10 22:36:41.801388,complete,Admission NC,positive,J,,,,,,,,,,,,,,,,,,,,,,,,,,,
186,case_26,2024-04-10 15:43:31.801388,complete,CRP,positive,?,B,21.0,50.0,,,,,,,,,,,,,,,,,,,,,,,,
187,case_26,2024-04-10 17:22:56.801388,complete,Leucocytes,positive,A,YA,22.0,,181.0,,,,,,,,,,,,,,,,,,,,,,,
188,case_26,2024-04-10 17:38:52.801388,complete,CRP,positive,K,YA,22.0,4280.0,,,,,,,,,,,,,,,,,,,,,,,,
189,case_26,2024-04-10 19:15:18.801388,complete,CRP,positive,K,YA,20.0,5435.0,,,,,,,,,,,,,,,,,,,,,,,,
190,case_26,2024-04-10 20:23:36.801388,complete,Leucocytes,positive,L,YD,22.0,,875.0,,,,,,,,,,,,,,,,,,,,,,,
191,case_26,2024-04-10 21:15:00.801388,complete,Admission NC,positive,?,,,,,,,,,,,,,,,,,,,,,,,,,,,
192,case_26,2024-04-10 22:15:44.801388,complete,Admission NC,positive,J,,,,,,,,,,,,,,,,,,,,,,,,,,,
193,case_27,2024-04-10 15:52:18.801388,complete,CRP,positive,K,YA,20.0,4381.0,,,,,,,,,,,,,,,,,,,,,,,,
194,case_27,2024-04-10 16:47:22.801388,complete,Leucocytes,positive,A,YA,90.0,,1443.0,,,,,,,,,,,,,,,,,,,,,,,
195,case_27,2024-04-10 18:16:31.801388,complete,Admission NC,positive,F,,,,,,,,,,,,,,,,,,,,,,,,,,,
196,case_27,2024-04-10 19:10:49.801388,complete,CRP,positive,K,YA,23.0,3983.0,,,,,,,,,,,,,,,,,,,,,,,,
197,case_27,2024-04-10 20:06:32.801388,complete,Leucocytes,positive,I,QA,21.0,,138.0,,,,,,,,,,,,,,,,,,,,,,,
198,case_27,2024-04-10 20:42:47.801388,complete,Leucocytes,positive,I,YD,23.0,,138.0,,,,,,,,,,,,,,,,,,,,,,,
199,case_27,2024-04-10 21:54:12.801388,complete,Admission NC,positive,J,,,,,,,,,,,,,,,,,,,,,,,,,,,
200,case_28,2024-04-10 15:39:50.801388,complete,Admission NC,positive,J,,,,,,,,,,,,,,,,,,,,,,,,,,,
201,case_28,2024-04-10 17:12:31.801388,complete,Leucocytes,positive,I,YD,22.0,,138.0,,,,,,,,,,,,,,,,,,,,,,,
202,case_28,2024-04-10 17:52:43.801388,complete,CRP,positive,?,YB,22.0,50.0,,,,,,,,,,,,,,,,,,,,,,,,
203,case_28,2024-04-10 18:55:01.801388,complete,Admission NC,positive,J,,,,,,,,,,,,,,,,,,,,,,,,,,,
204,case_28,2024-04-10 19:59:39.801388,complete,CRP,positive,K,YC,20.0,4035.0,,,,,,,,,,,,,,,,,,,,,,,,
205,case_28,2024-04-10 21:13:31.801388,complete,CRP,positive,K,YC,20.0,2542.0,,,,,,,,,,,,,,,,,,,,,,,,
206,case_28,2024-04-10 21:49:46.801388,complete,Leucocytes,positive,I,YA,20.0,,3456.0,,,,,,,,,,,,,,,,,,,,,,,
207,case_29,2024-04-10 15:54:58.801388,complete,Leucocytes,positive,?,YC,20.0,,1381.0,,,,,,,,,,,,,,,,,,,,,,,
208,case_29,2024-04-10 16:43:12.801388,complete,CRP,positive,L,YA,22.0,51.0,,,,,,,,,,,,,,,,,,,,,,,,
209,case_29,2024-04-10 18:26:01.801388,complete,Admission NC,positive,F,,,,,,,,,,,,,,,,,,,,,,,,,,,
210,case_29,2024-04-10 19:16:02.801388,complete,IV Antibiotics,positive,L,,,,,,,,,,,,,,,,,,,,,,,,,,,
211,case_29,2024-04-10 19:41:12.801388,complete,ER Sepsis Triage,positive,L,YB,22.0,,,,,,,,,,,,,,,,,,,,,,,,,
212,case_29,2024-04-10 21:31:51.801388,complete,IV Antibiotics,positive,L,,,,,,,,,,,,,,,,,,,,,,,,,,,
213,case_29,2024-04-10 22:21:07.801388,complete,Release B,positive,E,,,,,,,,,,,,,,,,,,,,,,,,,,,
214,case_29,2024-04-10 23:34:17.801388,complete,Admission NC,positive,K,,,,,,,,,,,,,,,,,,,,,,,,,,,
215,case_29,2024-04-11 00:29:27.801388,complete,Release B,positive,E,,,,,,,,,,,,,,,,,,,,,,,,,,,
216,case_29,2024-04-11 01:06:19.801388,complete,IV Antibiotics,positive,L,,,,,,,,,,,,,,,,,,,,,,,,,,,
