,case:concept:name,time:timestamp,lifecycle:transition,concept:name,case:label,org:group,Diagnose,Age,InfectionSuspected,DiagnosticBlood,DisfuncOrg,SIRSCritTachypnea,Hypotensie,SIRSCritHeartRate,Infusion,DiagnosticArtAstrup,DiagnosticIC,DiagnosticSputum,DiagnosticLiquor,DiagnosticOther,SIRSCriteria2OrMore,DiagnosticXthorax,SIRSCritTemperature,DiagnosticUrinaryCulture,SIRSCritLeucos,Oligurie,DiagnosticLacticAcid,Hypoxie,DiagnosticUrinarySediment,DiagnosticECG,CRP,Leucocytes,LacticAcid
0,case_0,2024-04-10 16:17:08.323772,complete,Admission NC,positive,J,,,,,,,,,,,,,,,,,,,,,,,,,,,
1,case_0,2024-04-10 16:34:49.323772,complete,Admission NC,positive,Y,,,,,,,,,,,,,,,,,,,,,,,,,,,
2,case_0,2024-04-10 18:06:28.323772,complete,ER Triage,positive,C,HE,90.0,,,,,,,,,,,,,,,,,,,,,,,,,
3,case_0,2024-04-10 18:57:57.323772,complete,Admission NC,positive,J,,,,,,,,,,,,,,,,,,,,,,,,,,,
4,case_0,2024-04-10 20:27:18.323772,complete,Release B,positive,E,,,,,,,,,,,,,,,,,,,,,,,,,,,
5,case_0,2024-04-10 21:08:27.323772,complete,Admission NC,positive,J,,,,,,,,,,,,,,,,,,,,,,,,,,,
6,case_0,2024-04-10 21:50:30.323772,complete,Admission IC,positive,J,,,,,,,,,,,,,,,,,,,,,,,,,,,
7,case_0,2024-04-10 23:24:45.323772,complete,Admission NC,positive,J,,,,,,,,,,,,,,,,,,,,,,,,,,,
8,case_1,2024-04-10 16:18:32.323772,complete,IV Antibiotics,positive,L,,,,,,,,,,,,,,,,,,,,,,,,,,,
9,case_1,2024-04-10 16:42:20.323772,complete,ER Triage,positive,C,HE,90.0,,,,,,,,,,,,,,,,,,,,,,,,,
10,case_1,2024-04-10 17:43:13.323772,complete,IV Antibiotics,positive,L,,,,,,,,,,,,,,,,,,,,,,,,,,,
11,case_1,2024-04-10 19:21:34.323772,complete,ER Registration,positive,Y,HE,90.0,false,false,true,false,true,false,false,true,false,false,true,true,false,false,false,false,true,true,false,true,false,false,,,
12,case_1,2024-04-10 20:15:44.323772,complete,Admission NC,positive,F,,,,,,,,,,,,,,,,,,,,,,,,,,,
13,case_1,2024-04-10 21:17:42.323772,complete,IV Antibiotics,positive,L,,,,,,,,,,,,,,,,,,,,,,,,,,,
14,case_1,2024-04-10 22:29:46.323772,complete,IV Antibiotics,positive,L,,,,,,,,,,,,,,,,,,,,,,,,,,,
15,case_1,2024-04-10 22:59:13.323772,complete,Admission NC,positive,L,,,,,,,,,,,,,,,,,,,,,,,,,,,
16,case_2,2024-04-10 15:41:14.323772,complete,CRP,positive,Y,HE,90.0,,,,,,,,,,,,,,,,,,,,,,,5730.0,,
17,case_2,2024-04-10 17:25:23.323772,complete,CRP,positive,Y,HE,88.0,,,,,,,,,,,,,,,,,,,,,,,5712.0,,
18,case_2,2024-04-10 18:33:35.323772,complete,IV Antibiotics,positive,L,,,,,,,,,,,,,,,,,,,,,,,,,,,
19,case_2,2024-04-10 18:57:28.323772,complete,CRP,positive,Y,NA,44.0,,,,,,,,,,,,,,,,,,,,,,,276.0,,
20,case_2,2024-04-10 20:08:31.323772,complete,Leucocytes,positive,Y,EB,90.0,,,,,,,,,,,,,,,,,,,,,,,,129.0,
21,case_2,2024-04-10 21:13:45.323772,complete,Admission NC,positive,J,,,,,,,,,,,,,,,,,,,,,,,,,,,
22,case_2,2024-04-10 21:52:21.323772,complete,CRP,positive,Y,HE,89.0,,,,,,,,,,,,,,,,,,,,,,,4232.0,,
23,case_2,2024-04-10 23:19:46.323772,complete,Admission NC,positive,F,,,,,,,,,,,,,,,,,,,,,,,,,,,
24,case_3,2024-04-10 15:46:59.323772,complete,Admission NC,positive,J,,,,,,,,,,,,,,,,,,,,,,,,,,,
25,case_3,2024-04-10 16:43:14.323772,complete,CRP,positive,Y,HE,90.0,,,,,,,,,,,,,,,,,,,,,,,1220.0,,
26,case_3,2024-04-10 17:43:19.323772,complete,ER Triage,positive,C,HE,90.0,,,,,,,,,,,,,,,,,,,,,,,,,
27,case_3,2024-04-10 18:40:46.323772,complete,Admission NC,positive,F,,,,,,,,,,,,,,,,,,,,,,,,,,,
28,case_3,2024-04-10 19:58:22.323772,complete,Release B,positive,E,,,,,,,,,,,,,,,,,,,,,,,,,,,
29,case_3,2024-04-10 21:22:29.323772,complete,Release B,positive,E,,,,,,,,,,,,,,,,,,,,,,,,,,,
30,case_3,2024-04-10 22:16:01.323772,complete,Return ER,positive,?,,,,,,,,,,,,,,,,,,,,,,,,,,,
31,case_3,2024-04-10 23:28:02.323772,complete,Return ER,positive,?,,,,,,,,,,,,,,,,,,,,,,,,,,,
32,case_4,2024-04-10 15:49:23.323772,complete,IV Antibiotics,positive,L,,,,,,,,,,,,,,,,,,,,,,,,,,,
33,case_4,2024-04-10 16:44:04.323772,complete,Release B,positive,E,,,,,,,,,,,,,,,,,,,,,,,,,,,
34,case_4,2024-04-10 18:33:23.323772,complete,Admission NC,positive,K,,,,,,,,,,,,,,,,,,,,,,,,,,,
35,case_4,2024-04-10 19:32:52.323772,complete,Release B,positive,E,,,,,,,,,,,,,,,,,,,,,,,,,,,
36,case_4,2024-04-10 20:31:32.323772,complete,Admission NC,positive,K,,,,,,,,,,,,,,,,,,,,,,,,,,,
37,case_4,2024-04-10 21:11:26.323772,complete,Release B,positive,E,,,,,,,,,,,,,,,,,,,,,,,,,,,
38,case_4,2024-04-10 22:33:23.323772,complete,Release B,positive,E,,,,,,,,,,,,,,,,,,,,,,,,,,,
39,case_4,2024-04-10 23:07:58.323772,complete,Admission NC,positive,K,,,,,,,,,,,,,,,,,,,,,,,,,,,
40,case_4,2024-04-11 00:02:45.323772,complete,Release B,positive,E,,,,,,,,,,,,,,,,,,,,,,,,,,,
41,case_5,2024-04-10 16:17:29.323772,complete,CRP,positive,J,CA,20.0,,,,,,,,,,,,,,,,,,,,,,,5730.0,,
42,case_5,2024-04-10 17:30:39.323772,complete,ER Triage,positive,C,X,20.0,,,,,,,,,,,,,,,,,,,,,,,,,
43,case_5,2024-04-10 18:19:54.323772,complete,LacticAcid,positive,I,,,,,,,,,,,,,,,,,,,,,,,,,,,8.0
44,case_5,2024-04-10 19:27:28.323772,complete,Leucocytes,positive,I,MC,20.0,,,,,,,,,,,,,,,,,,,,,,,,2324.0,
45,case_5,2024-04-10 20:06:36.323772,complete,Admission NC,positive,F,,,,,,,,,,,,,,,,,,,,,,,,,,,
46,case_5,2024-04-10 20:37:56.323772,complete,LacticAcid,positive,J,,,,,,,,,,,,,,,,,,,,,,,,,,,8.0
47,case_5,2024-04-10 22:28:32.323772,complete,Leucocytes,positive,I,HE,68.0,,,,,,,,,,,,,,,,,,,,,,,,169.0,
48,case_5,2024-04-10 22:53:06.323772,complete,Admission NC,positive,F,,,,,,,,,,,,,,,,,,,,,,,,,,,
49,case_5,2024-04-11 00:32:11.323772,complete,CRP,positive,J,HE,20.0,,,,,,,,,,,,,,,,,,,,,,,3139.0,,
50,case_6,2024-04-10 16:30:11.323772,complete,Admission NC,positive,F,,,,,,,,,,,,,,,,,,,,,,,,,,,
51,case_6,2024-04-10 16:46:33.323772,complete,Admission NC,positive,J,,,,,,,,,,,,,,,,,,,,,,,,,,,
52,case_6,2024-04-10 18:33:24.323772,complete,IV Antibiotics,positive,L,,,,,,,,,,,,,,,,,,,,,,,,,,,
53,case_6,2024-04-10 18:54:58.323772,complete,IV Antibiotics,positive,L,,,,,,,,,,,,,,,,,,,,,,,,,,,
54,case_6,2024-04-10 20:07:18.323772,complete,Admission NC,positive,F,,,,,,,,,,,,,,,,,,,,,,,,,,,
55,case_6,2024-04-10 21:23:58.323772,complete,CRP,positive,J,HD,20.0,,,,,,,,,,,,,,,,,,,,,,,5027.0,,
56,case_6,2024-04-10 21:45:53.323772,complete,Admission NC,positive,J,,,,,,,,,,,,,,,,,,,,,,,,,,,
57,case_6,2024-04-10 22:39:22.323772,complete,Admission IC,positive,J,,,,,,,,,,,,,,,,,,,,,,,,,,,
58,case_6,2024-04-11 00:20:30.323772,complete,Admission NC,positive,J,,,,,,,,,,,,,,,,,,,,,,,,,,,
59,case_7,2024-04-10 15:45:50.323772,complete,Admission NC,positive,F,,,,,,,,,,,,,,,,,,,,,,,,,,,
60,case_7,2024-04-10 17:22:10.323772,complete,IV Antibiotics,positive,L,,,,,,,,,,,,,,,,,,,,,,,,,,,
61,case_7,2024-04-10 18:05:29.323772,complete,IV Antibiotics,positive,L,,,,,,,,,,,,,,,,,,,,,,,,,,,
62,case_7,2024-04-10 19:13:16.323772,complete,ER Registration,positive,L,UB,20.0,true,true,false,true,false,true,true,false,true,true,false,false,true,true,true,true,false,false,true,false,true,false,,,
63,case_7,2024-04-10 20:21:53.323772,complete,Leucocytes,positive,I,HE,20.0,,,,,,,,,,,,,,,,,,,,,,,,137.0,
64,case_7,2024-04-10 21:16:19.323772,complete,IV Antibiotics,positive,L,,,,,,,,,,,,,,,,,,,,,,,,,,,
65,case_7,2024-04-10 22:07:51.323772,complete,Admission NC,positive,F,,,,,,,,,,,,,,,,,,,,,,,,,,,
66,case_7,2024-04-10 23:13:04.323772,complete,IV Antibiotics,positive,L,,,,,,,,,,,,,,,,,,,,,,,,,,,
67,case_7,2024-04-10 23:41:26.323772,complete,CRP,positive,J,HE,20.0,,,,,,,,,,,,,,,,,,,,,,,3329.0,,
68,case_8,2024-04-10 16:07:11.323772,complete,CRP,positive,J,HE,41.0,,,,,,,,,,,,,,,,,,,,,,,5730.0,,
69,case_8,2024-04-10 17:22:08.323772,complete,Admission NC,positive,J,,,,,,,,,,,,,,,,,,,,,,,,,,,
70,case_8,2024-04-10 18:13:16.323772,complete,Admission IC,positive,J,,,,,,,,,,,,,,,,,,,,,,,,,,,
71,case_8,2024-04-10 18:55:28.323772,complete,Admission NC,positive,J,,,,,,,,,,,,,,,,,,,,,,,,,,,
72,case_8,2024-04-10 20:26:09.323772,complete,Admission IC,positive,J,,,,,,,,,,,,,,,,,,,,,,,,,,,
73,case_8,2024-04-10 20:43:45.323772,complete,Admission NC,positive,J,,,,,,,,,,,,,,,,,,,,,,,,,,,
74,case_8,2024-04-10 22:28:39.323772,complete,Admission NC,positive,J,,,,,,,,,,,,,,,,,,,,,,,,,,,
75,case_8,2024-04-10 23:32:15.323772,complete,Admission NC,positive,J,,,,,,,,,,,,,,,,,,,,,,,,,,,
76,case_8,2024-04-10 23:43:01.323772,complete,ER Registration,positive,L,HE,20.0,true,true,false,true,false,true,false,false,true,true,false,false,true,true,true,true,false,false,false,true,false,true,,,
77,case_9,2024-04-10 16:25:57.323772,complete,IV Antibiotics,positive,L,,,,,,,,,,,,,,,,,,,,,,,,,,,
78,case_9,2024-04-10 16:55:34.323772,complete,Admission NC,positive,Y,,,,,,,,,,,,,,,,,,,,,,,,,,,
79,case_9,2024-04-10 17:56:08.323772,complete,IV Antibiotics,positive,L,,,,,,,,,,,,,,,,,,,,,,,,,,,
80,case_9,2024-04-10 18:36:17.323772,complete,IV Antibiotics,positive,L,,,,,,,,,,,,,,,,,,,,,,,,,,,
81,case_9,2024-04-10 19:43:49.323772,complete,Release B,positive,E,,,,,,,,,,,,,,,,,,,,,,,,,,,
82,case_9,2024-04-10 21:28:11.323772,complete,ER Registration,positive,Y,HE,20.0,true,true,false,true,true,true,true,false,true,true,false,false,true,true,true,true,true,false,true,false,true,false,,,
83,case_9,2024-04-10 22:23:06.323772,complete,LacticAcid,positive,I,,,,,,,,,,,,,,,,,,,,,,,,,,,8.0
84,case_9,2024-04-10 23:22:35.323772,complete,Leucocytes,positive,I,HD,65.0,,,,,,,,,,,,,,,,,,,,,,,,3460.0,
85,case_9,2024-04-10 23:49:44.323772,complete,Admission NC,positive,F,,,,,,,,,,,,,,,,,,,,,,,,,,,
86,case_10,2024-04-10 15:45:28.323772,complete,IV Antibiotics,positive,L,,,,,,,,,,,,,,,,,,,,,,,,,,,
87,case_10,2024-04-10 16:57:59.323772,complete,CRP,positive,Y,X,20.0,,,,,,,,,,,,,,,,,,,,,,,2067.0,,
88,case_10,2024-04-10 18:32:32.323772,complete,Admission NC,positive,E,,,,,,,,,,,,,,,,,,,,,,,,,,,
89,case_10,2024-04-10 19:13:03.323772,complete,ER Sepsis Triage,positive,K,UB,20.0,,,,,,,,,,,,,,,,,,,,,,,,,
90,case_10,2024-04-10 19:57:28.323772,complete,Admission NC,positive,F,,,,,,,,,,,,,,,,,,,,,,,,,,,
91,case_10,2024-04-10 21:09:34.323772,complete,Return ER,positive,?,,,,,,,,,,,,,,,,,,,,,,,,,,,
92,case_10,2024-04-10 22:02:21.323772,complete,Return ER,positive,F,,,,,,,,,,,,,,,,,,,,,,,,,,,
93,case_10,2024-04-10 22:59:37.323772,complete,Return ER,positive,?,,,,,,,,,,,,,,,,,,,,,,,,,,,
94,case_10,2024-04-10 23:59:57.323772,complete,IV Liquid,positive,Y,HE,20.0,,,,,,,,,,,,,,,,,,,,,,,,,
95,case_11,2024-04-10 16:32:00.323772,complete,IV Antibiotics,positive,L,,,,,,,,,,,,,,,,,,,,,,,,,,,
96,case_11,2024-04-10 17:05:52.323772,complete,IV Antibiotics,positive,L,,,,,,,,,,,,,,,,,,,,,,,,,,,
97,case_11,2024-04-10 17:50:37.323772,complete,IV Antibiotics,positive,L,,,,,,,,,,,,,,,,,,,,,,,,,,,
98,case_11,2024-04-10 18:45:30.323772,complete,Admission NC,positive,J,,,,,,,,,,,,,,,,,,,,,,,,,,,
99,case_11,2024-04-10 19:36:07.323772,complete,Admission IC,positive,J,,,,,,,,,,,,,,,,,,,,,,,,,,,
100,case_11,2024-04-10 20:54:50.323772,complete,Admission NC,positive,J,,,,,,,,,,,,,,,,,,,,,,,,,,,
101,case_11,2024-04-10 22:29:20.323772,complete,Return ER,positive,?,,,,,,,,,,,,,,,,,,,,,,,,,,,
102,case_12,2024-04-10 16:09:44.323772,complete,Admission NC,positive,J,,,,,,,,,,,,,,,,,,,,,,,,,,,
103,case_12,2024-04-10 16:47:31.323772,complete,CRP,positive,Y,PB,37.0,,,,,,,,,,,,,,,,,,,,,,,5730.0,,
104,case_12,2024-04-10 17:42:36.323772,complete,Admission NC,positive,F,,,,,,,,,,,,,,,,,,,,,,,,,,,
105,case_12,2024-04-10 18:37:01.323772,complete,CRP,positive,V,OC,80.0,,,,,,,,,,,,,,,,,,,,,,,946.0,,
106,case_12,2024-04-10 20:34:34.323772,complete,Release A,positive,Y,,,,,,,,,,,,,,,,,,,,,,,,,,,
107,case_12,2024-04-10 20:51:30.323772,complete,Admission NC,positive,Y,,,,,,,,,,,,,,,,,,,,,,,,,,,
108,case_12,2024-04-10 21:41:32.323772,complete,Admission NC,positive,F,,,,,,,,,,,,,,,,,,,,,,,,,,,
109,case_13,2024-04-10 15:41:52.323772,complete,CRP,positive,Y,HE,59.0,,,,,,,,,,,,,,,,,,,,,,,3782.0,,
110,case_13,2024-04-10 17:13:39.323772,complete,IV Antibiotics,positive,L,,,,,,,,,,,,,,,,,,,,,,,,,,,
111,case_13,2024-04-10 18:17:10.323772,complete,IV Antibiotics,positive,L,,,,,,,,,,,,,,,,,,,,,,,,,,,
112,case_13,2024-04-10 18:42:13.323772,complete,IV Antibiotics,positive,L,,,,,,,,,,,,,,,,,,,,,,,,,,,
113,case_13,2024-04-10 19:56:32.323772,complete,ER Registration,positive,Y,HE,20.0,false,false,false,false,true,false,false,true,false,false,true,true,false,true,false,false,true,true,false,true,false,false,,,
114,case_13,2024-04-10 21:04:21.323772,complete,Admission NC,positive,F,,,,,,,,,,,,,,,,,,,,,,,,,,,
115,case_13,2024-04-10 21:57:58.323772,complete,Admission NC,positive,J,,,,,,,,,,,,,,,,,,,,,,,,,,,
116,case_14,2024-04-10 15:44:31.323772,complete,Admission IC,positive,Y,,,,,,,,,,,,,,,,,,,,,,,,,,,
117,case_14,2024-04-10 17:29:22.323772,complete,ER Sepsis Triage,positive,Y,HE,90.0,,,,,,,,,,,,,,,,,,,,,,,,,
118,case_14,2024-04-10 17:46:38.323772,complete,Admission NC,positive,F,,,,,,,,,,,,,,,,,,,,,,,,,,,
119,case_14,2024-04-10 19:13:53.323772,complete,Leucocytes,positive,Y,OC,53.0,,,,,,,,,,,,,,,,,,,,,,,,137.0,
120,case_14,2024-04-10 20:11:44.323772,complete,LacticAcid,positive,Y,,,,,,,,,,,,,,,,,,,,,,,,,,,8.0
121,case_14,2024-04-10 20:48:57.323772,complete,Leucocytes,positive,Y,HE,20.0,,,,,,,,,,,,,,,,,,,,,,,,173.0,
122,case_14,2024-04-10 22:05:07.323772,complete,Admission NC,positive,F,,,,,,,,,,,,,,,,,,,,,,,,,,,
123,case_15,2024-04-10 15:50:59.323772,complete,CRP,positive,Y,HE,90.0,,,,,,,,,,,,,,,,,,,,,,,4199.0,,
124,case_15,2024-04-10 16:38:17.323772,complete,CRP,positive,Y,MD,51.0,,,,,,,,,,,,,,,,,,,,,,,415.0,,
125,case_15,2024-04-10 18:25:19.323772,complete,Release B,positive,E,,,,,,,,,,,,,,,,,,,,,,,,,,,
126,case_15,2024-04-10 18:42:53.323772,complete,Admission NC,positive,K,,,,,,,,,,,,,,,,,,,,,,,,,,,
127,case_15,2024-04-10 19:45:23.323772,complete,Release B,positive,E,,,,,,,,,,,,,,,,,,,,,,,,,,,
128,case_15,2024-04-10 20:47:17.323772,complete,CRP,positive,Y,HE,22.0,,,,,,,,,,,,,,,,,,,,,,,5415.0,,
129,case_15,2024-04-10 22:03:40.323772,complete,Admission NC,positive,F,,,,,,,,,,,,,,,,,,,,,,,,,,,
130,case_16,2024-04-10 15:35:49.323772,complete,Admission NC,positive,J,,,,,,,,,,,,,,,,,,,,,,,,,,,
131,case_16,2024-04-10 17:05:05.323772,complete,Admission NC,positive,Y,,,,,,,,,,,,,,,,,,,,,,,,,,,
132,case_16,2024-04-10 17:43:18.323772,complete,Release B,positive,E,,,,,,,,,,,,,,,,,,,,,,,,,,,
133,case_16,2024-04-10 19:05:13.323772,complete,Admission NC,positive,K,,,,,,,,,,,,,,,,,,,,,,,,,,,
134,case_16,2024-04-10 19:36:42.323772,complete,Release B,positive,E,,,,,,,,,,,,,,,,,,,,,,,,,,,
135,case_16,2024-04-10 20:54:31.323772,complete,Admission NC,positive,K,,,,,,,,,,,,,,,,,,,,,,,,,,,
136,case_16,2024-04-10 22:33:24.323772,complete,Release B,positive,E,,,,,,,,,,,,,,,,,,,,,,,,,,,
137,case_16,2024-04-10 23:02:05.323772,complete,Release B,positive,E,,,,,,,,,,,,,,,,,,,,,,,,,,,
138,case_16,2024-04-11 00:05:14.323772,complete,Admission NC,positive,K,,,,,,,,,,,,,,,,,,,,,,,,,,,
139,case_16,2024-04-11 00:53:07.323772,complete,Release B,positive,E,,,,,,,,,,,,,,,,,,,,,,,,,,,
140,case_17,2024-04-10 15:59:26.323772,complete,Release B,positive,E,,,,,,,,,,,,,,,,,,,,,,,,,,,
141,case_17,2024-04-10 16:37:36.323772,complete,Admission NC,positive,K,,,,,,,,,,,,,,,,,,,,,,,,,,,
142,case_17,2024-04-10 17:56:31.323772,complete,Release B,positive,E,,,,,,,,,,,,,,,,,,,,,,,,,,,
143,case_17,2024-04-10 19:18:56.323772,complete,Admission NC,positive,K,,,,,,,,,,,,,,,,,,,,,,,,,,,
144,case_17,2024-04-10 20:28:18.323772,complete,Release B,positive,E,,,,,,,,,,,,,,,,,,,,,,,,,,,
145,case_17,2024-04-10 20:44:12.323772,complete,IV Antibiotics,positive,L,,,,,,,,,,,,,,,,,,,,,,,,,,,
146,case_17,2024-04-10 21:40:15.323772,complete,LacticAcid,positive,Y,,,,,,,,,,,,,,,,,,,,,,,,,,,8.0
147,case_17,2024-04-10 22:43:31.323772,complete,Leucocytes,positive,Y,HE,90.0,,,,,,,,,,,,,,,,,,,,,,,,3275.0,
148,case_17,2024-04-10 23:43:42.323772,complete,Leucocytes,positive,Y,HE,90.0,,,,,,,,,,,,,,,,,,,,,,,,137.0,
149,case_17,2024-04-11 01:23:37.323772,complete,ER Registration,positive,Y,HE,90.0,false,false,true,false,true,false,false,true,false,false,true,false,false,false,false,false,true,true,false,false,false,false,,,
150,case_18,2024-04-10 16:06:56.323772,complete,CRP,positive,Y,HE,90.0,,,,,,,,,,,,,,,,,,,,,,,5730.0,,
151,case_18,2024-04-10 17:05:46.323772,complete,Release B,positive,E,,,,,,,,,,,,,,,,,,,,,,,,,,,
152,case_18,2024-04-10 17:35:57.323772,complete,CRP,positive,Y,HE,90.0,,,,,,,,,,,,,,,,,,,,,,,5730.0,,
153,case_18,2024-04-10 19:18:58.323772,complete,CRP,positive,Y,HE,90.0,,,,,,,,,,,,,,,,,,,,,,,3290.0,,
154,case_18,2024-04-10 20:21:36.323772,complete,Admission NC,positive,J,,,,,,,,,,,,,,,,,,,,,,,,,,,
155,case_18,2024-04-10 20:53:53.323772,complete,Admission IC,positive,J,,,,,,,,,,,,,,,,,,,,,,,,,,,
156,case_18,2024-04-10 22:19:21.323772,complete,Admission NC,positive,J,,,,,,,,,,,,,,,,,,,,,,,,,,,
157,case_18,2024-04-10 22:55:58.323772,complete,Admission NC,positive,J,,,,,,,,,,,,,,,,,,,,,,,,,,,
158,case_18,2024-04-11 00:04:05.323772,complete,Admission IC,positive,J,,,,,,,,,,,,,,,,,,,,,,,,,,,
159,case_18,2024-04-11 01:14:17.323772,complete,Admission NC,positive,J,,,,,,,,,,,,,,,,,,,,,,,,,,,
160,case_19,2024-04-10 15:50:44.323772,complete,CRP,positive,Y,HE,90.0,,,,,,,,,,,,,,,,,,,,,,,5730.0,,
161,case_19,2024-04-10 17:25:51.323772,complete,Leucocytes,positive,Y,HE,20.0,,,,,,,,,,,,,,,,,,,,,,,,126.0,
162,case_19,2024-04-10 18:33:34.323772,complete,Release B,positive,E,,,,,,,,,,,,,,,,,,,,,,,,,,,
163,case_19,2024-04-10 19:33:43.323772,complete,Leucocytes,positive,Y,CE,56.0,,,,,,,,,,,,,,,,,,,,,,,,137.0,
164,case_19,2024-04-10 19:50:30.323772,complete,Leucocytes,positive,V,UA,20.0,,,,,,,,,,,,,,,,,,,,,,,,137.0,
165,case_19,2024-04-10 20:43:06.323772,complete,CRP,positive,Y,HA,20.0,,,,,,,,,,,,,,,,,,,,,,,4448.0,,
166,case_19,2024-04-10 22:03:16.323772,complete,Admission NC,positive,J,,,,,,,,,,,,,,,,,,,,,,,,,,,
167,case_19,2024-04-10 23:16:04.323772,complete,Admission IC,positive,J,,,,,,,,,,,,,,,,,,,,,,,,,,,
168,case_19,2024-04-10 23:49:10.323772,complete,Admission NC,positive,J,,,,,,,,,,,,,,,,,,,,,,,,,,,
169,case_19,2024-04-11 01:10:37.323772,complete,Release B,positive,E,,,,,,,,,,,,,,,,,,,,,,,,,,,
170,case_20,2024-04-10 15:44:49.323772,complete,CRP,positive,Y,HE,90.0,,,,,,,,,,,,,,,,,,,,,,,5730.0,,
171,case_20,2024-04-10 17:21:07.323772,complete,Admission NC,positive,Y,,,,,,,,,,,,,,,,,,,,,,,,,,,
172,case_20,2024-04-10 18:27:31.323772,complete,Release B,positive,E,,,,,,,,,,,,,,,,,,,,,,,,,,,
173,case_20,2024-04-10 19:12:15.323772,complete,Release B,positive,E,,,,,,,,,,,,,,,,,,,,,,,,,,,
174,case_20,2024-04-10 20:11:32.323772,complete,Release B,positive,E,,,,,,,,,,,,,,,,,,,,,,,,,,,
175,case_20,2024-04-10 21:34:04.323772,complete,Release B,positive,E,,,,,,,,,,,,,,,,,,,,,,,,,,,
176,case_20,2024-04-10 22:33:09.323772,complete,Admission NC,positive,F,,,,,,,,,,,,,,,,,,,,,,,,,,,
177,case_20,2024-04-10 22:53:06.323772,complete,ER Registration,positive,Y,HE,90.0,false,false,true,false,true,false,false,true,false,false,true,true,false,false,false,true,true,true,false,true,false,false,,,
178,case_20,2024-04-11 00:28:47.323772,complete,LacticAcid,positive,Y,,,,,,,,,,,,,,,,,,,,,,,,,,,8.0
179,case_20,2024-04-11 00:36:51.323772,complete,Leucocytes,positive,Y,HE,90.0,,,,,,,,,,,,,,,,,,,,,,,,616.0,
180,case_21,2024-04-10 16:05:44.323772,complete,Admission IC,positive,Y,,,,,,,,,,,,,,,,,,,,,,,,,,,
181,case_21,2024-04-10 16:44:59.323772,complete,CRP,positive,Y,HE,64.0,,,,,,,,,,,,,,,,,,,,,,,5729.0,,
182,case_21,2024-04-10 17:55:23.323772,complete,Admission NC,positive,F,,,,,,,,,,,,,,,,,,,,,,,,,,,
183,case_21,2024-04-10 18:55:09.323772,complete,Release B,positive,E,,,,,,,,,,,,,,,,,,,,,,,,,,,
184,case_21,2024-04-10 19:42:02.323772,complete,IV Antibiotics,positive,L,,,,,,,,,,,,,,,,,,,,,,,,,,,
185,case_21,2024-04-10 20:52:24.323772,complete,IV Antibiotics,positive,L,,,,,,,,,,,,,,,,,,,,,,,,,,,
186,case_21,2024-04-10 21:57:24.323772,complete,LacticAcid,positive,Y,,,,,,,,,,,,,,,,,,,,,,,,,,,8.0
187,case_21,2024-04-10 22:47:20.323772,complete,Leucocytes,positive,Y,GB,82.0,,,,,,,,,,,,,,,,,,,,,,,,3263.0,
188,case_21,2024-04-10 23:38:00.323772,complete,CRP,positive,Y,HE,20.0,,,,,,,,,,,,,,,,,,,,,,,3431.0,,
189,case_21,2024-04-11 00:36:19.323772,complete,Admission NC,positive,F,,,,,,,,,,,,,,,,,,,,,,,,,,,
190,case_22,2024-04-10 15:56:49.323772,complete,Admission NC,positive,F,,,,,,,,,,,,,,,,,,,,,,,,,,,
191,case_22,2024-04-10 17:22:17.323772,complete,Release B,positive,E,,,,,,,,,,,,,,,,,,,,,,,,,,,
192,case_22,2024-04-10 17:47:31.323772,complete,LacticAcid,positive,Y,,,,,,,,,,,,,,,,,,,,,,,,,,,8.0
193,case_22,2024-04-10 19:29:37.323772,complete,Leucocytes,positive,Y,HE,90.0,,,,,,,,,,,,,,,,,,,,,,,,3535.0,
194,case_22,2024-04-10 20:15:10.323772,complete,Admission NC,positive,J,,,,,,,,,,,,,,,,,,,,,,,,,,,
195,case_23,2024-04-10 16:14:02.323772,complete,CRP,positive,Y,HE,90.0,,,,,,,,,,,,,,,,,,,,,,,5042.0,,
196,case_23,2024-04-10 17:32:39.323772,complete,ER Sepsis Triage,positive,Y,HE,90.0,,,,,,,,,,,,,,,,,,,,,,,,,
197,case_23,2024-04-10 17:46:55.323772,complete,CRP,positive,Y,HE,90.0,,,,,,,,,,,,,,,,,,,,,,,1414.0,,
198,case_23,2024-04-10 19:26:05.323772,complete,Admission NC,positive,F,,,,,,,,,,,,,,,,,,,,,,,,,,,
199,case_23,2024-04-10 20:34:34.323772,complete,Admission NC,positive,F,,,,,,,,,,,,,,,,,,,,,,,,,,,
200,case_24,2024-04-10 16:21:40.323772,complete,LacticAcid,positive,Y,,,,,,,,,,,,,,,,,,,,,,,,,,,149.0
201,case_24,2024-04-10 16:37:15.323772,complete,CRP,positive,Y,HE,72.0,,,,,,,,,,,,,,,,,,,,,,,5730.0,,
202,case_24,2024-04-10 18:28:06.323772,complete,Admission NC,positive,J,,,,,,,,,,,,,,,,,,,,,,,,,,,
203,case_24,2024-04-10 18:50:33.323772,complete,CRP,positive,Y,HE,29.0,,,,,,,,,,,,,,,,,,,,,,,1393.0,,
204,case_24,2024-04-10 20:31:28.323772,complete,Admission NC,positive,Y,,,,,,,,,,,,,,,,,,,,,,,,,,,
205,case_25,2024-04-10 15:50:59.323772,complete,Admission IC,positive,Y,,,,,,,,,,,,,,,,,,,,,,,,,,,
206,case_25,2024-04-10 17:15:56.323772,complete,ER Registration,positive,Y,HE,90.0,false,false,true,false,true,false,false,true,false,false,true,true,false,false,false,false,true,true,false,true,true,false,,,
207,case_25,2024-04-10 17:56:13.323772,complete,Admission NC,positive,J,,,,,,,,,,,,,,,,,,,,,,,,,,,
208,case_25,2024-04-10 18:35:36.323772,complete,Admission IC,positive,J,,,,,,,,,,,,,,,,,,,,,,,,,,,
209,case_25,2024-04-10 19:56:10.323772,complete,Admission NC,positive,J,,,,,,,,,,,,,,,,,,,,,,,,,,,
210,case_25,2024-04-10 20:48:51.323772,complete,Return ER,positive,?,,,,,,,,,,,,,,,,,,,,,,,,,,,
211,case_26,2024-04-10 16:09:37.323772,complete,Admission NC,positive,J,,,,,,,,,,,,,,,,,,,,,,,,,,,
212,case_26,2024-04-10 16:57:45.323772,complete,ER Registration,positive,Y,HE,88.0,false,false,true,false,true,false,false,true,false,false,true,true,false,false,false,false,true,true,false,true,true,false,,,
213,case_26,2024-04-10 17:35:56.323772,complete,Admission NC,positive,F,,,,,,,,,,,,,,,,,,,,,,,,,,,
214,case_26,2024-04-10 19:23:51.323772,complete,IV Antibiotics,positive,L,,,,,,,,,,,,,,,,,,,,,,,,,,,
215,case_26,2024-04-10 20:01:09.323772,complete,ER Registration,positive,Y,HE,90.0,false,false,true,false,true,false,false,true,false,false,true,true,false,false,false,false,true,true,false,true,false,false,,,
216,case_26,2024-04-10 20:48:13.323772,complete,Release A,positive,Y,,,,,,,,,,,,,,,,,,,,,,,,,,,
217,case_27,2024-04-10 16:33:54.323772,complete,Leucocytes,positive,Y,HE,90.0,,,,,,,,,,,,,,,,,,,,,,,,137.0,
218,case_27,2024-04-10 17:14:25.323772,complete,IV Antibiotics,positive,L,,,,,,,,,,,,,,,,,,,,,,,,,,,
219,case_27,2024-04-10 17:45:56.323772,complete,Admission NC,positive,F,,,,,,,,,,,,,,,,,,,,,,,,,,,
220,case_27,2024-04-10 19:08:52.323772,complete,Admission NC,positive,F,,,,,,,,,,,,,,,,,,,,,,,,,,,
221,case_27,2024-04-10 20:23:47.323772,complete,LacticAcid,positive,Y,,,,,,,,,,,,,,,,,,,,,,,,,,,8.0
222,case_27,2024-04-10 21:30:34.323772,complete,Leucocytes,positive,Y,HE,90.0,,,,,,,,,,,,,,,,,,,,,,,,588.0,
223,case_28,2024-04-10 15:53:29.323772,complete,CRP,positive,Y,HE,90.0,,,,,,,,,,,,,,,,,,,,,,,5696.0,,
224,case_28,2024-04-10 16:47:20.323772,complete,IV Antibiotics,positive,L,,,,,,,,,,,,,,,,,,,,,,,,,,,
225,case_28,2024-04-10 17:58:22.323772,complete,Admission NC,positive,F,,,,,,,,,,,,,,,,,,,,,,,,,,,
226,case_28,2024-04-10 18:53:14.323772,complete,ER Triage,positive,C,HE,86.0,,,,,,,,,,,,,,,,,,,,,,,,,
227,case_28,2024-04-10 19:57:23.323772,complete,Admission NC,positive,F,,,,,,,,,,,,,,,,,,,,,,,,,,,
228,case_28,2024-04-10 21:13:27.323772,complete,Leucocytes,positive,Y,HE,90.0,,,,,,,,,,,,,,,,,,,,,,,,137.0,
229,case_29,2024-04-10 15:35:32.323772,complete,CRP,positive,Y,HE,90.0,,,,,,,,,,,,,,,,,,,,,,,5312.0,,
230,case_29,2024-04-10 16:58:25.323772,complete,Admission NC,positive,F,,,,,,,,,,,,,,,,,,,,,,,,,,,
231,case_29,2024-04-10 18:23:00.323772,complete,CRP,positive,Y,HE,23.0,,,,,,,,,,,,,,,,,,,,,,,675.0,,
232,case_29,2024-04-10 19:02:16.323772,complete,Release A,positive,Y,,,,,,,,,,,,,,,,,,,,,,,,,,,
233,case_29,2024-04-10 20:20:15.323772,complete,Admission NC,positive,F,,,,,,,,,,,,,,,,,,,,,,,,,,,
234,case_29,2024-04-10 20:54:14.323772,complete,LacticAcid,positive,Y,,,,,,,,,,,,,,,,,,,,,,,,,,,114.0
