,case:concept:name,time:timestamp,lifecycle:transition,concept:name,case:label,org:group,Diagnose,Age,CRP,LacticAcid,Leucocytes,InfectionSuspected,DiagnosticBlood,DisfuncOrg,SIRSCritTachypnea,Hypotensie,SIRSCritHeartRate,Infusion,DiagnosticArtAstrup,DiagnosticIC,DiagnosticSputum,DiagnosticLiquor,DiagnosticOther,SIRSCriteria2OrMore,DiagnosticXthorax,SIRSCritTemperature,DiagnosticUrinaryCulture,SIRSCritLeucos,Oligurie,DiagnosticLacticAcid,Hypoxie,DiagnosticUrinarySediment,DiagnosticECG
0,case_0,2024-04-10 16:26:33.509405,complete,Admission NC,positive,F,,,,,,,,,,,,,,,,,,,,,,,,,,,
1,case_0,2024-04-10 17:28:07.509405,complete,Admission NC,positive,J,,,,,,,,,,,,,,,,,,,,,,,,,,,
2,case_0,2024-04-10 18:26:57.509405,complete,Admission IC,positive,J,,,,,,,,,,,,,,,,,,,,,,,,,,,
3,case_0,2024-04-10 18:58:13.509405,complete,Admission NC,positive,J,,,,,,,,,,,,,,,,,,,,,,,,,,,
4,case_0,2024-04-10 20:30:42.509405,complete,Return ER,positive,?,,,,,,,,,,,,,,,,,,,,,,,,,,,
5,case_1,2024-04-10 16:21:21.509405,complete,Admission NC,positive,J,,,,,,,,,,,,,,,,,,,,,,,,,,,
6,case_1,2024-04-10 17:34:40.509405,complete,Admission NC,positive,F,,,,,,,,,,,,,,,,,,,,,,,,,,,
7,case_1,2024-04-10 18:28:17.509405,complete,Admission NC,positive,J,,,,,,,,,,,,,,,,,,,,,,,,,,,
8,case_1,2024-04-10 19:03:54.509405,complete,Admission NC,positive,J,,,,,,,,,,,,,,,,,,,,,,,,,,,
9,case_1,2024-04-10 19:59:58.509405,complete,Admission NC,positive,J,,,,,,,,,,,,,,,,,,,,,,,,,,,
10,case_2,2024-04-10 16:24:26.509405,complete,Admission NC,positive,J,,,,,,,,,,,,,,,,,,,,,,,,,,,
11,case_2,2024-04-10 17:13:20.509405,complete,Admission NC,positive,J,,,,,,,,,,,,,,,,,,,,,,,,,,,
12,case_2,2024-04-10 18:07:54.509405,complete,Admission IC,positive,J,,,,,,,,,,,,,,,,,,,,,,,,,,,
13,case_2,2024-04-10 18:58:21.509405,complete,Admission NC,positive,J,,,,,,,,,,,,,,,,,,,,,,,,,,,
14,case_2,2024-04-10 19:43:28.509405,complete,Return ER,positive,?,,,,,,,,,,,,,,,,,,,,,,,,,,,
15,case_3,2024-04-10 16:25:59.509405,complete,Admission NC,positive,J,,,,,,,,,,,,,,,,,,,,,,,,,,,
16,case_3,2024-04-10 16:55:59.509405,complete,Admission NC,positive,O,,,,,,,,,,,,,,,,,,,,,,,,,,,
17,case_3,2024-04-10 18:13:56.509405,complete,Release B,positive,E,,,,,,,,,,,,,,,,,,,,,,,,,,,
18,case_3,2024-04-10 18:45:32.509405,complete,IV Antibiotics,positive,L,,,,,,,,,,,,,,,,,,,,,,,,,,,
19,case_3,2024-04-10 19:50:19.509405,complete,Return ER,positive,?,,,,,,,,,,,,,,,,,,,,,,,,,,,
20,case_4,2024-04-10 16:31:06.509405,complete,Admission NC,positive,J,,,,,,,,,,,,,,,,,,,,,,,,,,,
21,case_4,2024-04-10 17:30:57.509405,complete,Admission NC,positive,M,,,,,,,,,,,,,,,,,,,,,,,,,,,
22,case_4,2024-04-10 18:26:48.509405,complete,Release B,positive,E,,,,,,,,,,,,,,,,,,,,,,,,,,,
23,case_4,2024-04-10 19:20:10.509405,complete,Admission NC,positive,K,,,,,,,,,,,,,,,,,,,,,,,,,,,
24,case_4,2024-04-10 20:06:38.509405,complete,Release B,positive,E,,,,,,,,,,,,,,,,,,,,,,,,,,,
25,case_5,2024-04-10 15:54:02.509405,complete,Admission NC,positive,J,,,,,,,,,,,,,,,,,,,,,,,,,,,
26,case_5,2024-04-10 17:12:33.509405,complete,Admission NC,positive,J,,,,,,,,,,,,,,,,,,,,,,,,,,,
27,case_5,2024-04-10 17:55:35.509405,complete,Admission IC,positive,J,,,,,,,,,,,,,,,,,,,,,,,,,,,
28,case_5,2024-04-10 19:01:40.509405,complete,Admission NC,positive,J,,,,,,,,,,,,,,,,,,,,,,,,,,,
29,case_5,2024-04-10 19:52:03.509405,complete,Return ER,positive,O,,,,,,,,,,,,,,,,,,,,,,,,,,,
30,case_6,2024-04-10 15:52:35.509405,complete,Admission NC,positive,J,,,,,,,,,,,,,,,,,,,,,,,,,,,
31,case_6,2024-04-10 17:16:40.509405,complete,CRP,positive,Y,HE,90.0,2631.0,,,,,,,,,,,,,,,,,,,,,,,,
32,case_6,2024-04-10 18:26:08.509405,complete,IV Antibiotics,positive,L,,,,,,,,,,,,,,,,,,,,,,,,,,,
33,case_6,2024-04-10 19:10:23.509405,complete,ER Sepsis Triage,positive,L,HE,90.0,,,,,,,,,,,,,,,,,,,,,,,,,
34,case_6,2024-04-10 20:24:08.509405,complete,IV Antibiotics,positive,L,,,,,,,,,,,,,,,,,,,,,,,,,,,
35,case_6,2024-04-10 21:12:11.509405,complete,IV Antibiotics,positive,L,,,,,,,,,,,,,,,,,,,,,,,,,,,
36,case_6,2024-04-10 21:46:25.509405,complete,ER Sepsis Triage,positive,L,HE,89.0,,,,,,,,,,,,,,,,,,,,,,,,,
37,case_6,2024-04-10 23:31:04.509405,complete,IV Antibiotics,positive,L,,,,,,,,,,,,,,,,,,,,,,,,,,,
38,case_6,2024-04-11 00:22:37.509405,complete,Admission NC,positive,F,,,,,,,,,,,,,,,,,,,,,,,,,,,
39,case_7,2024-04-10 16:24:43.509405,complete,CRP,positive,Y,HE,90.0,5730.0,,,,,,,,,,,,,,,,,,,,,,,,
40,case_7,2024-04-10 17:18:40.509405,complete,CRP,positive,Y,HE,90.0,4386.0,,,,,,,,,,,,,,,,,,,,,,,,
41,case_7,2024-04-10 17:54:17.509405,complete,CRP,positive,Y,HE,89.0,3436.0,,,,,,,,,,,,,,,,,,,,,,,,
42,case_7,2024-04-10 18:36:28.509405,complete,ER Triage,positive,Y,HE,90.0,,,,,,,,,,,,,,,,,,,,,,,,,
43,case_7,2024-04-10 19:58:38.509405,complete,Release A,positive,Y,,,,,,,,,,,,,,,,,,,,,,,,,,,
44,case_7,2024-04-10 21:25:41.509405,complete,Admission NC,positive,F,,,,,,,,,,,,,,,,,,,,,,,,,,,
45,case_7,2024-04-10 22:15:26.509405,complete,Return ER,positive,?,,,,,,,,,,,,,,,,,,,,,,,,,,,
46,case_7,2024-04-10 23:19:03.509405,complete,Admission NC,positive,F,,,,,,,,,,,,,,,,,,,,,,,,,,,
47,case_7,2024-04-10 23:52:17.509405,complete,ER Sepsis Triage,positive,Y,HE,87.0,,,,,,,,,,,,,,,,,,,,,,,,,
48,case_8,2024-04-10 15:54:13.509405,complete,CRP,positive,Y,HE,82.0,3036.0,,,,,,,,,,,,,,,,,,,,,,,,
49,case_8,2024-04-10 17:07:53.509405,complete,CRP,positive,Y,HE,84.0,2121.0,,,,,,,,,,,,,,,,,,,,,,,,
50,case_8,2024-04-10 18:20:26.509405,complete,CRP,positive,Y,HE,89.0,2478.0,,,,,,,,,,,,,,,,,,,,,,,,
51,case_8,2024-04-10 19:00:02.509405,complete,Admission NC,positive,Y,,,,,,,,,,,,,,,,,,,,,,,,,,,
52,case_8,2024-04-10 19:49:40.509405,complete,Admission NC,positive,Y,,,,,,,,,,,,,,,,,,,,,,,,,,,
53,case_8,2024-04-10 20:40:48.509405,complete,ER Triage,positive,Y,YA,90.0,,,,,,,,,,,,,,,,,,,,,,,,,
54,case_8,2024-04-10 22:19:37.509405,complete,ER Triage,positive,Y,HD,89.0,,,,,,,,,,,,,,,,,,,,,,,,,
55,case_8,2024-04-10 22:39:35.509405,complete,CRP,positive,Y,HC,90.0,3181.0,,,,,,,,,,,,,,,,,,,,,,,,
56,case_8,2024-04-11 00:06:23.509405,complete,CRP,positive,Y,HE,87.0,55.0,,,,,,,,,,,,,,,,,,,,,,,,
57,case_9,2024-04-10 15:50:31.509405,complete,CRP,positive,Y,HE,44.0,5730.0,,,,,,,,,,,,,,,,,,,,,,,,
58,case_9,2024-04-10 17:11:39.509405,complete,CRP,positive,Y,HE,90.0,5730.0,,,,,,,,,,,,,,,,,,,,,,,,
59,case_9,2024-04-10 18:19:14.509405,complete,CRP,positive,Y,HE,89.0,283.0,,,,,,,,,,,,,,,,,,,,,,,,
60,case_9,2024-04-10 18:52:44.509405,complete,Release A,positive,Y,,,,,,,,,,,,,,,,,,,,,,,,,,,
61,case_9,2024-04-10 20:06:34.509405,complete,Release A,positive,Y,,,,,,,,,,,,,,,,,,,,,,,,,,,
62,case_9,2024-04-10 21:27:00.509405,complete,Release A,positive,Y,,,,,,,,,,,,,,,,,,,,,,,,,,,
63,case_9,2024-04-10 21:40:59.509405,complete,Return ER,positive,?,,,,,,,,,,,,,,,,,,,,,,,,,,,
64,case_9,2024-04-10 23:33:44.509405,complete,Admission NC,positive,F,,,,,,,,,,,,,,,,,,,,,,,,,,,
65,case_9,2024-04-11 00:22:58.509405,complete,Admission NC,positive,F,,,,,,,,,,,,,,,,,,,,,,,,,,,
66,case_10,2024-04-10 15:41:03.509405,complete,CRP,positive,Y,HE,90.0,5730.0,,,,,,,,,,,,,,,,,,,,,,,,
67,case_10,2024-04-10 17:12:32.509405,complete,CRP,positive,Y,HE,90.0,5730.0,,,,,,,,,,,,,,,,,,,,,,,,
68,case_10,2024-04-10 17:52:16.509405,complete,CRP,positive,Y,HE,89.0,2588.0,,,,,,,,,,,,,,,,,,,,,,,,
69,case_10,2024-04-10 18:48:15.509405,complete,LacticAcid,positive,Y,,,,8.0,,,,,,,,,,,,,,,,,,,,,,,
70,case_10,2024-04-10 20:15:41.509405,complete,Leucocytes,positive,Y,HE,88.0,,,3813.0,,,,,,,,,,,,,,,,,,,,,,
71,case_10,2024-04-10 20:39:37.509405,complete,Release A,positive,Y,,,,,,,,,,,,,,,,,,,,,,,,,,,
72,case_10,2024-04-10 21:56:51.509405,complete,Return ER,positive,?,,,,,,,,,,,,,,,,,,,,,,,,,,,
73,case_10,2024-04-10 23:03:05.509405,complete,Admission NC,positive,Y,,,,,,,,,,,,,,,,,,,,,,,,,,,
74,case_10,2024-04-11 00:23:11.509405,complete,Admission NC,positive,Y,,,,,,,,,,,,,,,,,,,,,,,,,,,
75,case_11,2024-04-10 16:11:23.509405,complete,CRP,positive,Y,HE,90.0,5730.0,,,,,,,,,,,,,,,,,,,,,,,,
76,case_11,2024-04-10 17:17:22.509405,complete,CRP,positive,Y,HE,90.0,4012.0,,,,,,,,,,,,,,,,,,,,,,,,
77,case_11,2024-04-10 18:28:04.509405,complete,CRP,positive,Y,HE,89.0,2308.0,,,,,,,,,,,,,,,,,,,,,,,,
78,case_11,2024-04-10 19:26:38.509405,complete,Release A,positive,Y,,,,,,,,,,,,,,,,,,,,,,,,,,,
79,case_11,2024-04-10 19:37:16.509405,complete,Release A,positive,Y,,,,,,,,,,,,,,,,,,,,,,,,,,,
80,case_11,2024-04-10 20:46:34.509405,complete,Admission NC,positive,J,,,,,,,,,,,,,,,,,,,,,,,,,,,
81,case_11,2024-04-10 22:10:58.509405,complete,Return ER,positive,?,,,,,,,,,,,,,,,,,,,,,,,,,,,
82,case_11,2024-04-10 23:04:14.509405,complete,Admission NC,positive,J,,,,,,,,,,,,,,,,,,,,,,,,,,,
83,case_11,2024-04-10 23:45:05.509405,complete,ER Sepsis Triage,positive,Y,HE,89.0,,,,,,,,,,,,,,,,,,,,,,,,,
84,case_12,2024-04-10 16:22:10.509405,complete,Return ER,positive,?,,,,,,,,,,,,,,,,,,,,,,,,,,,
85,case_12,2024-04-10 16:59:55.509405,complete,Release A,positive,Y,,,,,,,,,,,,,,,,,,,,,,,,,,,
86,case_12,2024-04-10 18:01:39.509405,complete,Admission NC,positive,F,,,,,,,,,,,,,,,,,,,,,,,,,,,
87,case_12,2024-04-10 18:44:50.509405,complete,Release A,positive,X,,,,,,,,,,,,,,,,,,,,,,,,,,,
88,case_12,2024-04-10 19:48:51.509405,complete,ER Triage,positive,A,HE,45.0,,,,,,,,,,,,,,,,,,,,,,,,,
89,case_12,2024-04-10 20:36:38.509405,complete,ER Triage,positive,C,HA,80.0,,,,,,,,,,,,,,,,,,,,,,,,,
90,case_12,2024-04-10 21:55:26.509405,complete,Release A,positive,X,,,,,,,,,,,,,,,,,,,,,,,,,,,
91,case_12,2024-04-10 22:52:54.509405,complete,Admission NC,positive,A,,,,,,,,,,,,,,,,,,,,,,,,,,,
92,case_13,2024-04-10 15:55:15.509405,complete,Admission NC,positive,F,,,,,,,,,,,,,,,,,,,,,,,,,,,
93,case_13,2024-04-10 17:21:32.509405,complete,Release A,positive,F,,,,,,,,,,,,,,,,,,,,,,,,,,,
94,case_13,2024-04-10 18:34:23.509405,complete,Admission NC,positive,F,,,,,,,,,,,,,,,,,,,,,,,,,,,
95,case_13,2024-04-10 19:24:35.509405,complete,Release A,positive,R,,,,,,,,,,,,,,,,,,,,,,,,,,,
96,case_13,2024-04-10 20:09:44.509405,complete,LacticAcid,positive,A,,,,132.0,,,,,,,,,,,,,,,,,,,,,,,
97,case_13,2024-04-10 20:52:45.509405,complete,Release A,positive,Q,,,,,,,,,,,,,,,,,,,,,,,,,,,
98,case_13,2024-04-10 22:23:12.509405,complete,Admission NC,positive,F,,,,,,,,,,,,,,,,,,,,,,,,,,,
99,case_13,2024-04-10 23:19:42.509405,complete,Return ER,positive,A,,,,,,,,,,,,,,,,,,,,,,,,,,,
100,case_14,2024-04-10 16:22:40.509405,complete,Admission NC,positive,F,,,,,,,,,,,,,,,,,,,,,,,,,,,
101,case_14,2024-04-10 17:34:43.509405,complete,Release A,positive,F,,,,,,,,,,,,,,,,,,,,,,,,,,,
102,case_14,2024-04-10 17:44:55.509405,complete,Admission NC,positive,F,,,,,,,,,,,,,,,,,,,,,,,,,,,
103,case_14,2024-04-10 19:23:40.509405,complete,Release A,positive,T,,,,,,,,,,,,,,,,,,,,,,,,,,,
104,case_14,2024-04-10 19:51:45.509405,complete,LacticAcid,positive,U,,,,145.0,,,,,,,,,,,,,,,,,,,,,,,
105,case_14,2024-04-10 20:52:29.509405,complete,ER Triage,positive,C,DE,49.0,,,,,,,,,,,,,,,,,,,,,,,,,
106,case_14,2024-04-10 21:44:42.509405,complete,Admission NC,positive,F,,,,,,,,,,,,,,,,,,,,,,,,,,,
107,case_14,2024-04-10 23:29:09.509405,complete,Return ER,positive,N,,,,,,,,,,,,,,,,,,,,,,,,,,,
108,case_15,2024-04-10 16:12:08.509405,complete,Admission NC,positive,J,,,,,,,,,,,,,,,,,,,,,,,,,,,
109,case_15,2024-04-10 17:04:25.509405,complete,Admission NC,positive,Y,,,,,,,,,,,,,,,,,,,,,,,,,,,
110,case_15,2024-04-10 17:44:23.509405,complete,Admission NC,positive,F,,,,,,,,,,,,,,,,,,,,,,,,,,,
111,case_15,2024-04-10 19:35:32.509405,complete,Release A,positive,Y,,,,,,,,,,,,,,,,,,,,,,,,,,,
112,case_15,2024-04-10 20:12:34.509405,complete,Release A,positive,Y,,,,,,,,,,,,,,,,,,,,,,,,,,,
113,case_15,2024-04-10 21:05:52.509405,complete,ER Triage,positive,C,XC,90.0,,,,,,,,,,,,,,,,,,,,,,,,,
114,case_15,2024-04-10 22:23:29.509405,complete,Return ER,positive,?,,,,,,,,,,,,,,,,,,,,,,,,,,,
115,case_15,2024-04-10 23:33:09.509405,complete,Release A,positive,R,,,,,,,,,,,,,,,,,,,,,,,,,,,
116,case_15,2024-04-10 23:35:53.509405,complete,Release A,positive,D,,,,,,,,,,,,,,,,,,,,,,,,,,,
117,case_15,2024-04-11 01:25:00.509405,complete,Admission IC,positive,A,,,,,,,,,,,,,,,,,,,,,,,,,,,
118,case_16,2024-04-10 16:08:57.509405,complete,Admission NC,positive,J,,,,,,,,,,,,,,,,,,,,,,,,,,,
119,case_16,2024-04-10 17:33:21.509405,complete,Admission NC,positive,Y,,,,,,,,,,,,,,,,,,,,,,,,,,,
120,case_16,2024-04-10 17:40:38.509405,complete,Admission NC,positive,F,,,,,,,,,,,,,,,,,,,,,,,,,,,
121,case_16,2024-04-10 19:26:56.509405,complete,Admission NC,positive,J,,,,,,,,,,,,,,,,,,,,,,,,,,,
122,case_16,2024-04-10 20:02:19.509405,complete,Release A,positive,Y,,,,,,,,,,,,,,,,,,,,,,,,,,,
123,case_16,2024-04-10 21:02:00.509405,complete,ER Triage,positive,C,PA,90.0,,,,,,,,,,,,,,,,,,,,,,,,,
124,case_16,2024-04-10 22:14:43.509405,complete,Return ER,positive,?,,,,,,,,,,,,,,,,,,,,,,,,,,,
125,case_16,2024-04-10 23:31:39.509405,complete,Release A,positive,Q,,,,,,,,,,,,,,,,,,,,,,,,,,,
126,case_16,2024-04-11 00:06:12.509405,complete,Release A,positive,Q,,,,,,,,,,,,,,,,,,,,,,,,,,,
127,case_16,2024-04-11 00:43:27.509405,complete,ER Triage,positive,C,JA,90.0,,,,,,,,,,,,,,,,,,,,,,,,,
128,case_17,2024-04-10 16:02:22.509405,complete,Admission NC,positive,J,,,,,,,,,,,,,,,,,,,,,,,,,,,
129,case_17,2024-04-10 17:03:49.509405,complete,IV Antibiotics,positive,L,,,,,,,,,,,,,,,,,,,,,,,,,,,
130,case_17,2024-04-10 18:26:54.509405,complete,LacticAcid,positive,O,,,,139.0,,,,,,,,,,,,,,,,,,,,,,,
131,case_17,2024-04-10 19:27:52.509405,complete,IV Antibiotics,positive,L,,,,,,,,,,,,,,,,,,,,,,,,,,,
132,case_17,2024-04-10 20:32:04.509405,complete,ER Triage,positive,X,AA,90.0,,,,,,,,,,,,,,,,,,,,,,,,,
133,case_17,2024-04-10 20:35:48.509405,complete,Release A,positive,A,,,,,,,,,,,,,,,,,,,,,,,,,,,
134,case_17,2024-04-10 22:05:08.509405,complete,LacticAcid,positive,M,,,,119.0,,,,,,,,,,,,,,,,,,,,,,,
135,case_17,2024-04-10 23:11:45.509405,complete,ER Sepsis Triage,positive,Y,XB,90.0,,,,,,,,,,,,,,,,,,,,,,,,,
136,case_17,2024-04-11 00:12:28.509405,complete,LacticAcid,positive,R,,,,142.0,,,,,,,,,,,,,,,,,,,,,,,
137,case_17,2024-04-11 01:20:22.509405,complete,Admission NC,positive,F,,,,,,,,,,,,,,,,,,,,,,,,,,,
138,case_18,2024-04-10 16:22:16.509405,complete,IV Antibiotics,positive,L,,,,,,,,,,,,,,,,,,,,,,,,,,,
139,case_18,2024-04-10 16:39:28.509405,complete,Release A,positive,X,,,,,,,,,,,,,,,,,,,,,,,,,,,
140,case_18,2024-04-10 18:13:15.509405,complete,LacticAcid,positive,X,,,,104.0,,,,,,,,,,,,,,,,,,,,,,,
141,case_18,2024-04-10 18:37:40.509405,complete,ER Triage,positive,X,HE,86.0,,,,,,,,,,,,,,,,,,,,,,,,,
142,case_18,2024-04-10 20:12:00.509405,complete,ER Triage,positive,X,UA,90.0,,,,,,,,,,,,,,,,,,,,,,,,,
143,case_18,2024-04-10 20:57:19.509405,complete,Release A,positive,Y,,,,,,,,,,,,,,,,,,,,,,,,,,,
144,case_18,2024-04-10 21:44:27.509405,complete,Release B,positive,E,,,,,,,,,,,,,,,,,,,,,,,,,,,
145,case_18,2024-04-10 22:41:52.509405,complete,ER Triage,positive,C,XD,81.0,,,,,,,,,,,,,,,,,,,,,,,,,
146,case_18,2024-04-11 00:29:27.509405,complete,Admission NC,positive,Y,,,,,,,,,,,,,,,,,,,,,,,,,,,
147,case_18,2024-04-11 01:31:28.509405,complete,Admission NC,positive,F,,,,,,,,,,,,,,,,,,,,,,,,,,,
148,case_19,2024-04-10 16:14:56.509405,complete,Return ER,positive,?,,,,,,,,,,,,,,,,,,,,,,,,,,,
149,case_19,2024-04-10 17:04:38.509405,complete,Release A,positive,Y,,,,,,,,,,,,,,,,,,,,,,,,,,,
150,case_19,2024-04-10 17:50:28.509405,complete,Admission NC,positive,J,,,,,,,,,,,,,,,,,,,,,,,,,,,
151,case_19,2024-04-10 18:52:13.509405,complete,Release B,positive,E,,,,,,,,,,,,,,,,,,,,,,,,,,,
152,case_19,2024-04-10 19:47:21.509405,complete,Leucocytes,positive,Y,UA,20.0,,,137.0,,,,,,,,,,,,,,,,,,,,,,
153,case_19,2024-04-10 21:03:18.509405,complete,Admission NC,positive,J,,,,,,,,,,,,,,,,,,,,,,,,,,,
154,case_19,2024-04-10 22:29:37.509405,complete,Admission NC,positive,J,,,,,,,,,,,,,,,,,,,,,,,,,,,
155,case_19,2024-04-10 23:26:00.509405,complete,Admission NC,positive,J,,,,,,,,,,,,,,,,,,,,,,,,,,,
156,case_19,2024-04-11 00:22:33.509405,complete,ER Sepsis Triage,positive,Y,HE,28.0,,,,,,,,,,,,,,,,,,,,,,,,,
157,case_19,2024-04-11 01:31:42.509405,complete,ER Registration,positive,Y,HE,46.0,,,,false,false,true,false,true,false,false,true,false,false,true,true,false,false,false,false,true,true,false,true,false,false
158,case_20,2024-04-10 15:38:25.509405,complete,CRP,positive,Y,Q,90.0,5730.0,,,,,,,,,,,,,,,,,,,,,,,,
159,case_20,2024-04-10 17:19:53.509405,complete,CRP,positive,X,SA,90.0,2980.0,,,,,,,,,,,,,,,,,,,,,,,,
160,case_20,2024-04-10 18:12:13.509405,complete,Admission NC,positive,J,,,,,,,,,,,,,,,,,,,,,,,,,,,
161,case_20,2024-04-10 19:00:06.509405,complete,CRP,positive,X,TA,90.0,2951.0,,,,,,,,,,,,,,,,,,,,,,,,
162,case_20,2024-04-10 19:57:51.509405,complete,Leucocytes,positive,X,UA,90.0,,,137.0,,,,,,,,,,,,,,,,,,,,,,
163,case_20,2024-04-10 21:24:51.509405,complete,CRP,positive,Y,OB,90.0,5470.0,,,,,,,,,,,,,,,,,,,,,,,,
164,case_20,2024-04-10 22:14:37.509405,complete,CRP,positive,Y,HE,89.0,233.0,,,,,,,,,,,,,,,,,,,,,,,,
165,case_20,2024-04-10 22:36:07.509405,complete,Release A,positive,Y,,,,,,,,,,,,,,,,,,,,,,,,,,,
166,case_20,2024-04-10 23:50:44.509405,complete,Admission NC,positive,F,,,,,,,,,,,,,,,,,,,,,,,,,,,
167,case_20,2024-04-11 01:17:48.509405,complete,CRP,positive,Y,HE,90.0,5724.0,,,,,,,,,,,,,,,,,,,,,,,,
168,case_21,2024-04-10 15:40:42.509405,complete,IV Antibiotics,positive,L,,,,,,,,,,,,,,,,,,,,,,,,,,,
169,case_21,2024-04-10 17:23:06.509405,complete,IV Antibiotics,positive,L,,,,,,,,,,,,,,,,,,,,,,,,,,,
170,case_21,2024-04-10 18:13:18.509405,complete,Release B,positive,E,,,,,,,,,,,,,,,,,,,,,,,,,,,
171,case_21,2024-04-10 18:39:44.509405,complete,Return ER,positive,?,,,,,,,,,,,,,,,,,,,,,,,,,,,
172,case_21,2024-04-10 19:53:23.509405,complete,Admission NC,positive,F,,,,,,,,,,,,,,,,,,,,,,,,,,,
173,case_21,2024-04-10 20:38:21.509405,complete,Admission NC,positive,J,,,,,,,,,,,,,,,,,,,,,,,,,,,
174,case_22,2024-04-10 15:49:08.509405,complete,Admission NC,positive,J,,,,,,,,,,,,,,,,,,,,,,,,,,,
175,case_22,2024-04-10 16:40:43.509405,complete,Admission NC,positive,J,,,,,,,,,,,,,,,,,,,,,,,,,,,
176,case_22,2024-04-10 18:22:48.509405,complete,Admission IC,positive,J,,,,,,,,,,,,,,,,,,,,,,,,,,,
177,case_22,2024-04-10 19:29:11.509405,complete,Admission NC,positive,J,,,,,,,,,,,,,,,,,,,,,,,,,,,
178,case_22,2024-04-10 20:10:03.509405,complete,IV Antibiotics,positive,L,,,,,,,,,,,,,,,,,,,,,,,,,,,
179,case_22,2024-04-10 20:57:59.509405,complete,IV Antibiotics,positive,O,,,,,,,,,,,,,,,,,,,,,,,,,,,
180,case_23,2024-04-10 15:59:30.509405,complete,Admission NC,positive,J,,,,,,,,,,,,,,,,,,,,,,,,,,,
181,case_23,2024-04-10 17:29:23.509405,complete,Admission NC,positive,P,,,,,,,,,,,,,,,,,,,,,,,,,,,
182,case_23,2024-04-10 17:40:11.509405,complete,Release B,positive,E,,,,,,,,,,,,,,,,,,,,,,,,,,,
183,case_23,2024-04-10 18:56:38.509405,complete,Release B,positive,E,,,,,,,,,,,,,,,,,,,,,,,,,,,
184,case_23,2024-04-10 20:10:49.509405,complete,Admission NC,positive,K,,,,,,,,,,,,,,,,,,,,,,,,,,,
185,case_23,2024-04-10 20:48:09.509405,complete,Release B,positive,E,,,,,,,,,,,,,,,,,,,,,,,,,,,
186,case_24,2024-04-10 16:26:42.509405,complete,Admission NC,positive,J,,,,,,,,,,,,,,,,,,,,,,,,,,,
187,case_24,2024-04-10 17:25:01.509405,complete,Admission NC,positive,F,,,,,,,,,,,,,,,,,,,,,,,,,,,
188,case_24,2024-04-10 17:42:39.509405,complete,Admission NC,positive,J,,,,,,,,,,,,,,,,,,,,,,,,,,,
189,case_24,2024-04-10 19:05:22.509405,complete,Admission IC,positive,J,,,,,,,,,,,,,,,,,,,,,,,,,,,
190,case_24,2024-04-10 20:08:02.509405,complete,Admission NC,positive,J,,,,,,,,,,,,,,,,,,,,,,,,,,,
191,case_24,2024-04-10 21:16:37.509405,complete,Release A,positive,H,,,,,,,,,,,,,,,,,,,,,,,,,,,
192,case_25,2024-04-10 15:42:50.509405,complete,Admission NC,positive,J,,,,,,,,,,,,,,,,,,,,,,,,,,,
193,case_25,2024-04-10 16:41:46.509405,complete,Admission NC,positive,F,,,,,,,,,,,,,,,,,,,,,,,,,,,
194,case_25,2024-04-10 17:47:11.509405,complete,Admission NC,positive,J,,,,,,,,,,,,,,,,,,,,,,,,,,,
195,case_25,2024-04-10 19:18:36.509405,complete,Admission IC,positive,J,,,,,,,,,,,,,,,,,,,,,,,,,,,
196,case_25,2024-04-10 19:51:05.509405,complete,Admission NC,positive,J,,,,,,,,,,,,,,,,,,,,,,,,,,,
197,case_25,2024-04-10 21:11:03.509405,complete,Release A,positive,N,,,,,,,,,,,,,,,,,,,,,,,,,,,
198,case_26,2024-04-10 16:32:12.509405,complete,Admission NC,positive,J,,,,,,,,,,,,,,,,,,,,,,,,,,,
199,case_26,2024-04-10 16:51:44.509405,complete,Admission NC,positive,J,,,,,,,,,,,,,,,,,,,,,,,,,,,
200,case_26,2024-04-10 18:13:56.509405,complete,Admission IC,positive,J,,,,,,,,,,,,,,,,,,,,,,,,,,,
201,case_26,2024-04-10 19:17:11.509405,complete,Admission NC,positive,J,,,,,,,,,,,,,,,,,,,,,,,,,,,
202,case_26,2024-04-10 20:08:36.509405,complete,Admission NC,positive,F,,,,,,,,,,,,,,,,,,,,,,,,,,,
203,case_26,2024-04-10 21:32:16.509405,complete,Admission IC,positive,N,,,,,,,,,,,,,,,,,,,,,,,,,,,
204,case_27,2024-04-10 15:57:45.509405,complete,Admission NC,positive,J,,,,,,,,,,,,,,,,,,,,,,,,,,,
205,case_27,2024-04-10 17:09:16.509405,complete,Admission NC,positive,T,,,,,,,,,,,,,,,,,,,,,,,,,,,
206,case_27,2024-04-10 17:55:21.509405,complete,Release B,positive,E,,,,,,,,,,,,,,,,,,,,,,,,,,,
207,case_27,2024-04-10 19:03:53.509405,complete,Admission NC,positive,K,,,,,,,,,,,,,,,,,,,,,,,,,,,
208,case_27,2024-04-10 20:05:40.509405,complete,Release B,positive,E,,,,,,,,,,,,,,,,,,,,,,,,,,,
209,case_27,2024-04-10 21:27:32.509405,complete,Release A,positive,A,,,,,,,,,,,,,,,,,,,,,,,,,,,
210,case_28,2024-04-10 16:00:11.509405,complete,Release B,positive,E,,,,,,,,,,,,,,,,,,,,,,,,,,,
211,case_28,2024-04-10 16:38:23.509405,complete,Admission NC,positive,K,,,,,,,,,,,,,,,,,,,,,,,,,,,
212,case_28,2024-04-10 18:23:58.509405,complete,Release B,positive,E,,,,,,,,,,,,,,,,,,,,,,,,,,,
213,case_28,2024-04-10 19:08:34.509405,complete,Admission NC,positive,K,,,,,,,,,,,,,,,,,,,,,,,,,,,
214,case_28,2024-04-10 20:25:18.509405,complete,Release B,positive,E,,,,,,,,,,,,,,,,,,,,,,,,,,,
215,case_28,2024-04-10 20:46:13.509405,complete,Admission NC,positive,K,,,,,,,,,,,,,,,,,,,,,,,,,,,
216,case_28,2024-04-10 21:57:36.509405,complete,Release B,positive,E,,,,,,,,,,,,,,,,,,,,,,,,,,,
217,case_29,2024-04-10 15:59:38.509405,complete,Admission NC,positive,J,,,,,,,,,,,,,,,,,,,,,,,,,,,
218,case_29,2024-04-10 17:13:56.509405,complete,Admission NC,positive,F,,,,,,,,,,,,,,,,,,,,,,,,,,,
219,case_29,2024-04-10 18:19:59.509405,complete,Admission NC,positive,J,,,,,,,,,,,,,,,,,,,,,,,,,,,
220,case_29,2024-04-10 19:29:35.509405,complete,Admission NC,positive,J,,,,,,,,,,,,,,,,,,,,,,,,,,,
221,case_29,2024-04-10 20:04:50.509405,complete,Admission NC,positive,J,,,,,,,,,,,,,,,,,,,,,,,,,,,
222,case_29,2024-04-10 21:35:27.509405,complete,Admission NC,positive,J,,,,,,,,,,,,,,,,,,,,,,,,,,,
223,case_29,2024-04-10 21:47:20.509405,complete,Return ER,positive,?,,,,,,,,,,,,,,,,,,,,,,,,,,,
