,case:concept:name,time:timestamp,lifecycle:transition,concept:name,case:label,org:group,Diagnose,Age,CRP,Leucocytes,InfectionSuspected,DiagnosticBlood,DisfuncOrg,SIRSCritTachypnea,Hypotensie,SIRSCritHeartRate,Infusion,DiagnosticArtAstrup,DiagnosticIC,DiagnosticSputum,DiagnosticLiquor,DiagnosticOther,SIRSCriteria2OrMore,DiagnosticXthorax,SIRSCritTemperature,DiagnosticUrinaryCulture,SIRSCritLeucos,Oligurie,DiagnosticLacticAcid,Hypoxie,DiagnosticUrinarySediment,DiagnosticECG,LacticAcid
0,case_0,2024-04-10 15:56:08.504535,complete,Admission NC,positive,?,,,,,,,,,,,,,,,,,,,,,,,,,,,
1,case_0,2024-04-10 17:13:25.504535,complete,CRP,positive,I,YD,22.0,780.0,,,,,,,,,,,,,,,,,,,,,,,,
2,case_0,2024-04-10 17:50:01.504535,complete,Leucocytes,positive,K,YB,22.0,,138.0,,,,,,,,,,,,,,,,,,,,,,,
3,case_0,2024-04-10 19:22:57.504535,complete,Leucocytes,positive,I,YC,21.0,,138.0,,,,,,,,,,,,,,,,,,,,,,,
4,case_0,2024-04-10 19:59:16.504535,complete,Release B,positive,E,,,,,,,,,,,,,,,,,,,,,,,,,,,
5,case_0,2024-04-10 21:37:03.504535,complete,Release B,positive,E,,,,,,,,,,,,,,,,,,,,,,,,,,,
6,case_0,2024-04-10 21:53:58.504535,complete,Release B,positive,E,,,,,,,,,,,,,,,,,,,,,,,,,,,
7,case_0,2024-04-10 22:50:19.504535,complete,Release B,positive,E,,,,,,,,,,,,,,,,,,,,,,,,,,,
8,case_0,2024-04-11 00:28:40.504535,complete,Admission NC,positive,F,,,,,,,,,,,,,,,,,,,,,,,,,,,
9,case_0,2024-04-11 01:20:30.504535,complete,CRP,positive,L,YA,20.0,1921.0,,,,,,,,,,,,,,,,,,,,,,,,
10,case_1,2024-04-10 16:11:17.504535,complete,CRP,positive,K,YA,25.0,2955.0,,,,,,,,,,,,,,,,,,,,,,,,
11,case_1,2024-04-10 17:36:46.504535,complete,Admission NC,positive,F,,,,,,,,,,,,,,,,,,,,,,,,,,,
12,case_1,2024-04-10 17:43:45.504535,complete,CRP,positive,K,YA,21.0,55.0,,,,,,,,,,,,,,,,,,,,,,,,
13,case_1,2024-04-10 19:23:52.504535,complete,Admission NC,positive,F,,,,,,,,,,,,,,,,,,,,,,,,,,,
14,case_1,2024-04-10 20:25:52.504535,complete,CRP,positive,L,YB,21.0,4236.0,,,,,,,,,,,,,,,,,,,,,,,,
15,case_1,2024-04-10 21:34:51.504535,complete,CRP,positive,K,YA,23.0,1905.0,,,,,,,,,,,,,,,,,,,,,,,,
16,case_1,2024-04-10 22:07:15.504535,complete,CRP,positive,K,YA,20.0,50.0,,,,,,,,,,,,,,,,,,,,,,,,
17,case_1,2024-04-10 23:28:05.504535,complete,Leucocytes,positive,K,YA,20.0,,138.0,,,,,,,,,,,,,,,,,,,,,,,
18,case_1,2024-04-11 00:36:22.504535,complete,Leucocytes,positive,?,YA,21.0,,1337.0,,,,,,,,,,,,,,,,,,,,,,,
19,case_1,2024-04-11 00:54:55.504535,complete,CRP,positive,L,YA,21.0,52.0,,,,,,,,,,,,,,,,,,,,,,,,
20,case_2,2024-04-10 16:14:03.504535,complete,Admission NC,positive,F,,,,,,,,,,,,,,,,,,,,,,,,,,,
21,case_2,2024-04-10 17:32:05.504535,complete,CRP,positive,L,YC,22.0,780.0,,,,,,,,,,,,,,,,,,,,,,,,
22,case_2,2024-04-10 18:15:03.504535,complete,Leucocytes,positive,I,YA,25.0,,1086.0,,,,,,,,,,,,,,,,,,,,,,,
23,case_2,2024-04-10 19:18:23.504535,complete,CRP,positive,K,YA,21.0,51.0,,,,,,,,,,,,,,,,,,,,,,,,
24,case_2,2024-04-10 20:06:50.504535,complete,CRP,positive,L,YA,21.0,4119.0,,,,,,,,,,,,,,,,,,,,,,,,
25,case_2,2024-04-10 20:39:17.504535,complete,Admission NC,positive,?,,,,,,,,,,,,,,,,,,,,,,,,,,,
26,case_2,2024-04-10 22:06:28.504535,complete,CRP,positive,K,YA,23.0,763.0,,,,,,,,,,,,,,,,,,,,,,,,
27,case_2,2024-04-10 23:28:52.504535,complete,CRP,positive,K,YA,20.0,51.0,,,,,,,,,,,,,,,,,,,,,,,,
28,case_2,2024-04-11 00:11:13.504535,complete,Leucocytes,positive,I,YA,20.0,,3472.0,,,,,,,,,,,,,,,,,,,,,,,
29,case_2,2024-04-11 01:21:34.504535,complete,Leucocytes,positive,L,YA,24.0,,138.0,,,,,,,,,,,,,,,,,,,,,,,
30,case_3,2024-04-10 15:57:15.504535,complete,Leucocytes,positive,?,YB,21.0,,1381.0,,,,,,,,,,,,,,,,,,,,,,,
31,case_3,2024-04-10 17:23:35.504535,complete,ER Registration,positive,K,YA,23.0,,,false,true,true,false,true,false,true,true,true,true,true,false,true,true,true,true,false,true,false,false,true,false,
32,case_3,2024-04-10 18:28:04.504535,complete,CRP,positive,K,YA,20.0,50.0,,,,,,,,,,,,,,,,,,,,,,,,
33,case_3,2024-04-10 18:39:12.504535,complete,Leucocytes,positive,K,YA,89.0,,138.0,,,,,,,,,,,,,,,,,,,,,,,
34,case_3,2024-04-10 20:34:12.504535,complete,CRP,positive,K,YD,20.0,50.0,,,,,,,,,,,,,,,,,,,,,,,,
35,case_3,2024-04-10 21:16:38.504535,complete,Leucocytes,positive,I,YA,90.0,,139.0,,,,,,,,,,,,,,,,,,,,,,,
36,case_3,2024-04-10 22:24:21.504535,complete,Admission NC,positive,J,,,,,,,,,,,,,,,,,,,,,,,,,,,
37,case_3,2024-04-10 23:29:55.504535,complete,CRP,positive,I,QC,20.0,4419.0,,,,,,,,,,,,,,,,,,,,,,,,
38,case_3,2024-04-11 00:03:37.504535,complete,Leucocytes,positive,J,YD,20.0,,139.0,,,,,,,,,,,,,,,,,,,,,,,
39,case_3,2024-04-11 01:07:00.504535,complete,Admission NC,positive,J,,,,,,,,,,,,,,,,,,,,,,,,,,,
40,case_4,2024-04-10 15:48:50.504535,complete,CRP,positive,K,YB,20.0,50.0,,,,,,,,,,,,,,,,,,,,,,,,
41,case_4,2024-04-10 17:29:37.504535,complete,CRP,positive,L,YB,20.0,50.0,,,,,,,,,,,,,,,,,,,,,,,,
42,case_4,2024-04-10 17:46:22.504535,complete,Admission NC,positive,F,,,,,,,,,,,,,,,,,,,,,,,,,,,
43,case_4,2024-04-10 18:41:55.504535,complete,CRP,positive,?,YC,20.0,50.0,,,,,,,,,,,,,,,,,,,,,,,,
44,case_4,2024-04-10 20:35:14.504535,complete,Admission NC,positive,F,,,,,,,,,,,,,,,,,,,,,,,,,,,
45,case_4,2024-04-10 21:19:20.504535,complete,CRP,positive,J,YA,20.0,388.0,,,,,,,,,,,,,,,,,,,,,,,,
46,case_4,2024-04-10 21:53:21.504535,complete,CRP,positive,I,QA,21.0,2914.0,,,,,,,,,,,,,,,,,,,,,,,,
47,case_4,2024-04-10 23:26:45.504535,complete,CRP,positive,I,YA,20.0,51.0,,,,,,,,,,,,,,,,,,,,,,,,
48,case_4,2024-04-10 23:59:21.504535,complete,Leucocytes,positive,?,YA,20.0,,546.0,,,,,,,,,,,,,,,,,,,,,,,
49,case_4,2024-04-11 01:10:29.504535,complete,CRP,positive,L,YA,20.0,53.0,,,,,,,,,,,,,,,,,,,,,,,,
50,case_5,2024-04-10 16:14:45.504535,complete,Leucocytes,positive,A,QA,26.0,,404.0,,,,,,,,,,,,,,,,,,,,,,,
51,case_5,2024-04-10 16:40:50.504535,complete,LacticAcid,positive,I,,,,,,,,,,,,,,,,,,,,,,,,,,,2.0
52,case_5,2024-04-10 18:35:01.504535,complete,Leucocytes,positive,?,YC,20.0,,138.0,,,,,,,,,,,,,,,,,,,,,,,
53,case_5,2024-04-10 18:51:57.504535,complete,Leucocytes,positive,I,YC,88.0,,138.0,,,,,,,,,,,,,,,,,,,,,,,
54,case_5,2024-04-10 20:07:17.504535,complete,CRP,positive,I,YB,22.0,4491.0,,,,,,,,,,,,,,,,,,,,,,,,
55,case_5,2024-04-10 20:43:41.504535,complete,IV Antibiotics,positive,L,,,,,,,,,,,,,,,,,,,,,,,,,,,
56,case_5,2024-04-10 22:12:49.504535,complete,CRP,positive,I,YA,90.0,51.0,,,,,,,,,,,,,,,,,,,,,,,,
57,case_5,2024-04-10 23:01:17.504535,complete,Admission NC,positive,L,,,,,,,,,,,,,,,,,,,,,,,,,,,
58,case_5,2024-04-11 00:23:35.504535,complete,Admission NC,positive,F,,,,,,,,,,,,,,,,,,,,,,,,,,,
59,case_6,2024-04-10 15:44:33.504535,complete,Leucocytes,positive,L,YB,24.0,,1234.0,,,,,,,,,,,,,,,,,,,,,,,
60,case_6,2024-04-10 17:19:07.504535,complete,Leucocytes,positive,L,YB,23.0,,111.0,,,,,,,,,,,,,,,,,,,,,,,
61,case_6,2024-04-10 18:04:15.504535,complete,CRP,positive,A,YA,21.0,50.0,,,,,,,,,,,,,,,,,,,,,,,,
62,case_6,2024-04-10 18:46:17.504535,complete,CRP,positive,I,YC,21.0,51.0,,,,,,,,,,,,,,,,,,,,,,,,
63,case_6,2024-04-10 19:42:03.504535,complete,IV Antibiotics,positive,L,,,,,,,,,,,,,,,,,,,,,,,,,,,
64,case_6,2024-04-10 21:32:25.504535,complete,Admission NC,positive,F,,,,,,,,,,,,,,,,,,,,,,,,,,,
65,case_6,2024-04-10 21:40:17.504535,complete,Admission NC,positive,F,,,,,,,,,,,,,,,,,,,,,,,,,,,
66,case_6,2024-04-10 23:27:00.504535,complete,Leucocytes,positive,A,YB,20.0,,44.0,,,,,,,,,,,,,,,,,,,,,,,
67,case_6,2024-04-11 00:23:17.504535,complete,Leucocytes,positive,E,YA,20.0,,3450.0,,,,,,,,,,,,,,,,,,,,,,,
68,case_7,2024-04-10 15:39:23.504535,complete,Leucocytes,positive,K,YA,20.0,,404.0,,,,,,,,,,,,,,,,,,,,,,,
69,case_7,2024-04-10 16:54:08.504535,complete,Leucocytes,positive,I,YA,47.0,,2335.0,,,,,,,,,,,,,,,,,,,,,,,
70,case_7,2024-04-10 18:27:32.504535,complete,Leucocytes,positive,A,QA,21.0,,138.0,,,,,,,,,,,,,,,,,,,,,,,
71,case_7,2024-04-10 19:22:46.504535,complete,Admission NC,positive,F,,,,,,,,,,,,,,,,,,,,,,,,,,,
72,case_7,2024-04-10 20:03:36.504535,complete,CRP,positive,I,YD,90.0,3128.0,,,,,,,,,,,,,,,,,,,,,,,,
73,case_7,2024-04-10 20:53:30.504535,complete,IV Antibiotics,positive,L,,,,,,,,,,,,,,,,,,,,,,,,,,,
74,case_7,2024-04-10 22:12:11.504535,complete,CRP,positive,A,YA,21.0,50.0,,,,,,,,,,,,,,,,,,,,,,,,
75,case_7,2024-04-10 23:21:35.504535,complete,Leucocytes,positive,I,YC,21.0,,139.0,,,,,,,,,,,,,,,,,,,,,,,
76,case_7,2024-04-11 00:33:56.504535,complete,Admission NC,positive,F,,,,,,,,,,,,,,,,,,,,,,,,,,,
77,case_8,2024-04-10 16:22:02.504535,complete,Leucocytes,positive,K,YA,20.0,,3213.0,,,,,,,,,,,,,,,,,,,,,,,
78,case_8,2024-04-10 16:51:50.504535,complete,CRP,positive,L,YA,23.0,87.0,,,,,,,,,,,,,,,,,,,,,,,,
79,case_8,2024-04-10 17:47:41.504535,complete,ER Triage,positive,C,QA,21.0,,,,,,,,,,,,,,,,,,,,,,,,,
80,case_8,2024-04-10 18:50:16.504535,complete,Leucocytes,positive,?,YC,20.0,,138.0,,,,,,,,,,,,,,,,,,,,,,,
81,case_8,2024-04-10 19:54:14.504535,complete,CRP,positive,J,YB,22.0,4491.0,,,,,,,,,,,,,,,,,,,,,,,,
82,case_8,2024-04-10 20:56:36.504535,complete,CRP,positive,L,YB,22.0,50.0,,,,,,,,,,,,,,,,,,,,,,,,
83,case_8,2024-04-10 21:48:26.504535,complete,Admission NC,positive,J,,,,,,,,,,,,,,,,,,,,,,,,,,,
84,case_8,2024-04-10 23:22:27.504535,complete,Admission NC,positive,F,,,,,,,,,,,,,,,,,,,,,,,,,,,
85,case_8,2024-04-11 00:32:14.504535,complete,CRP,positive,L,YB,20.0,2218.0,,,,,,,,,,,,,,,,,,,,,,,,
86,case_9,2024-04-10 16:08:05.504535,complete,CRP,positive,K,IE,20.0,1458.0,,,,,,,,,,,,,,,,,,,,,,,,
87,case_9,2024-04-10 17:03:57.504535,complete,CRP,positive,K,YA,20.0,133.0,,,,,,,,,,,,,,,,,,,,,,,,
88,case_9,2024-04-10 18:24:01.504535,complete,Admission NC,positive,F,,,,,,,,,,,,,,,,,,,,,,,,,,,
89,case_9,2024-04-10 18:47:02.504535,complete,CRP,positive,K,YA,24.0,50.0,,,,,,,,,,,,,,,,,,,,,,,,
90,case_9,2024-04-10 20:20:39.504535,complete,Admission NC,positive,F,,,,,,,,,,,,,,,,,,,,,,,,,,,
91,case_10,2024-04-10 16:25:05.504535,complete,CRP,positive,K,IE,20.0,5312.0,,,,,,,,,,,,,,,,,,,,,,,,
92,case_10,2024-04-10 16:59:22.504535,complete,Return ER,positive,?,,,,,,,,,,,,,,,,,,,,,,,,,,,
93,case_10,2024-04-10 18:25:46.504535,complete,CRP,positive,K,YA,20.0,3254.0,,,,,,,,,,,,,,,,,,,,,,,,
94,case_10,2024-04-10 19:22:39.504535,complete,Admission NC,positive,J,,,,,,,,,,,,,,,,,,,,,,,,,,,
95,case_10,2024-04-10 20:19:51.504535,complete,Admission NC,positive,F,,,,,,,,,,,,,,,,,,,,,,,,,,,
96,case_11,2024-04-10 15:53:45.504535,complete,CRP,positive,J,IE,20.0,53.0,,,,,,,,,,,,,,,,,,,,,,,,
97,case_11,2024-04-10 16:38:12.504535,complete,Return ER,positive,?,,,,,,,,,,,,,,,,,,,,,,,,,,,
98,case_11,2024-04-10 17:38:56.504535,complete,CRP,positive,K,YA,20.0,3254.0,,,,,,,,,,,,,,,,,,,,,,,,
99,case_11,2024-04-10 19:14:10.504535,complete,Admission NC,positive,J,,,,,,,,,,,,,,,,,,,,,,,,,,,
100,case_11,2024-04-10 20:04:44.504535,complete,Admission NC,positive,J,,,,,,,,,,,,,,,,,,,,,,,,,,,
101,case_12,2024-04-10 15:50:22.504535,complete,CRP,positive,K,YA,22.0,5312.0,,,,,,,,,,,,,,,,,,,,,,,,
102,case_12,2024-04-10 17:14:12.504535,complete,CRP,positive,C,YA,20.0,905.0,,,,,,,,,,,,,,,,,,,,,,,,
103,case_12,2024-04-10 18:23:31.504535,complete,Admission NC,positive,F,,,,,,,,,,,,,,,,,,,,,,,,,,,
104,case_12,2024-04-10 19:14:28.504535,complete,Admission NC,positive,J,,,,,,,,,,,,,,,,,,,,,,,,,,,
105,case_12,2024-04-10 20:00:39.504535,complete,LacticAcid,positive,K,,,,,,,,,,,,,,,,,,,,,,,,,,,13.0
106,case_13,2024-04-10 15:52:49.504535,complete,Admission NC,positive,J,,,,,,,,,,,,,,,,,,,,,,,,,,,
107,case_13,2024-04-10 17:08:55.504535,complete,CRP,positive,I,YC,24.0,633.0,,,,,,,,,,,,,,,,,,,,,,,,
108,case_13,2024-04-10 17:58:15.504535,complete,CRP,positive,I,YB,21.0,3979.0,,,,,,,,,,,,,,,,,,,,,,,,
109,case_13,2024-04-10 19:18:08.504535,complete,CRP,positive,K,YA,61.0,2953.0,,,,,,,,,,,,,,,,,,,,,,,,
110,case_13,2024-04-10 20:34:57.504535,complete,Admission NC,positive,J,,,,,,,,,,,,,,,,,,,,,,,,,,,
111,case_14,2024-04-10 16:09:41.504535,complete,CRP,positive,J,IE,20.0,53.0,,,,,,,,,,,,,,,,,,,,,,,,
112,case_14,2024-04-10 16:50:35.504535,complete,CRP,positive,K,YA,20.0,133.0,,,,,,,,,,,,,,,,,,,,,,,,
113,case_14,2024-04-10 18:13:05.504535,complete,CRP,positive,L,YB,22.0,3254.0,,,,,,,,,,,,,,,,,,,,,,,,
114,case_14,2024-04-10 18:43:31.504535,complete,Admission NC,positive,F,,,,,,,,,,,,,,,,,,,,,,,,,,,
115,case_14,2024-04-10 20:24:54.504535,complete,Admission NC,positive,J,,,,,,,,,,,,,,,,,,,,,,,,,,,
116,case_15,2024-04-10 16:07:57.504535,complete,CRP,positive,A,L,21.0,3695.0,,,,,,,,,,,,,,,,,,,,,,,,
117,case_15,2024-04-10 17:07:57.504535,complete,LacticAcid,positive,A,,,,,,,,,,,,,,,,,,,,,,,,,,,2.0
118,case_15,2024-04-10 17:58:24.504535,complete,Leucocytes,positive,K,YC,20.0,,139.0,,,,,,,,,,,,,,,,,,,,,,,
119,case_15,2024-04-10 19:16:28.504535,complete,Leucocytes,positive,K,YC,20.0,,138.0,,,,,,,,,,,,,,,,,,,,,,,
120,case_15,2024-04-10 19:57:00.504535,complete,CRP,positive,K,YA,25.0,3058.0,,,,,,,,,,,,,,,,,,,,,,,,
121,case_15,2024-04-10 21:00:35.504535,complete,Admission NC,positive,F,,,,,,,,,,,,,,,,,,,,,,,,,,,
122,case_15,2024-04-10 21:48:00.504535,complete,Admission NC,positive,F,,,,,,,,,,,,,,,,,,,,,,,,,,,
123,case_15,2024-04-10 23:26:04.504535,complete,CRP,positive,L,YA,34.0,619.0,,,,,,,,,,,,,,,,,,,,,,,,
124,case_16,2024-04-10 15:56:45.504535,complete,LacticAcid,positive,K,,,,,,,,,,,,,,,,,,,,,,,,,,,2.0
125,case_16,2024-04-10 17:30:04.504535,complete,Leucocytes,positive,I,YB,20.0,,3747.0,,,,,,,,,,,,,,,,,,,,,,,
126,case_16,2024-04-10 18:29:53.504535,complete,CRP,positive,I,YA,25.0,50.0,,,,,,,,,,,,,,,,,,,,,,,,
127,case_16,2024-04-10 18:45:12.504535,complete,Admission NC,positive,F,,,,,,,,,,,,,,,,,,,,,,,,,,,
128,case_16,2024-04-10 20:18:22.504535,complete,Admission NC,positive,J,,,,,,,,,,,,,,,,,,,,,,,,,,,
129,case_16,2024-04-10 21:32:28.504535,complete,CRP,positive,J,YA,20.0,4234.0,,,,,,,,,,,,,,,,,,,,,,,,
130,case_16,2024-04-10 21:46:08.504535,complete,Leucocytes,positive,K,YA,20.0,,1342.0,,,,,,,,,,,,,,,,,,,,,,,
131,case_16,2024-04-10 23:12:50.504535,complete,Leucocytes,positive,E,YA,20.0,,138.0,,,,,,,,,,,,,,,,,,,,,,,
132,case_17,2024-04-10 15:51:26.504535,complete,Leucocytes,positive,A,YA,20.0,,2844.0,,,,,,,,,,,,,,,,,,,,,,,
133,case_17,2024-04-10 17:00:40.504535,complete,Admission NC,positive,F,,,,,,,,,,,,,,,,,,,,,,,,,,,
134,case_17,2024-04-10 17:51:39.504535,complete,Leucocytes,positive,I,YA,23.0,,138.0,,,,,,,,,,,,,,,,,,,,,,,
135,case_17,2024-04-10 18:50:53.504535,complete,CRP,positive,J,QA,21.0,4873.0,,,,,,,,,,,,,,,,,,,,,,,,
136,case_17,2024-04-10 19:52:34.504535,complete,Leucocytes,positive,I,YD,22.0,,138.0,,,,,,,,,,,,,,,,,,,,,,,
137,case_17,2024-04-10 20:42:15.504535,complete,Release B,positive,E,,,,,,,,,,,,,,,,,,,,,,,,,,,
138,case_17,2024-04-10 22:04:01.504535,complete,Admission NC,positive,K,,,,,,,,,,,,,,,,,,,,,,,,,,,
139,case_17,2024-04-10 23:20:05.504535,complete,Release B,positive,E,,,,,,,,,,,,,,,,,,,,,,,,,,,
140,case_18,2024-04-10 16:35:02.504535,complete,LacticAcid,positive,L,,,,,,,,,,,,,,,,,,,,,,,,,,,2.0
141,case_18,2024-04-10 16:56:22.504535,complete,Leucocytes,positive,K,YC,27.0,,139.0,,,,,,,,,,,,,,,,,,,,,,,
142,case_18,2024-04-10 17:59:54.504535,complete,CRP,positive,K,YA,20.0,52.0,,,,,,,,,,,,,,,,,,,,,,,,
143,case_18,2024-04-10 19:25:38.504535,complete,Admission NC,positive,A,,,,,,,,,,,,,,,,,,,,,,,,,,,
144,case_18,2024-04-10 20:35:48.504535,complete,Admission NC,positive,F,,,,,,,,,,,,,,,,,,,,,,,,,,,
145,case_18,2024-04-10 20:57:34.504535,complete,CRP,positive,L,YA,24.0,1691.0,,,,,,,,,,,,,,,,,,,,,,,,
146,case_19,2024-04-10 15:52:55.504535,complete,CRP,positive,L,YA,87.0,2657.0,,,,,,,,,,,,,,,,,,,,,,,,
147,case_19,2024-04-10 17:26:43.504535,complete,LacticAcid,positive,L,,,,,,,,,,,,,,,,,,,,,,,,,,,2.0
148,case_19,2024-04-10 18:19:55.504535,complete,Leucocytes,positive,K,YB,27.0,,139.0,,,,,,,,,,,,,,,,,,,,,,,
149,case_19,2024-04-10 19:01:09.504535,complete,Admission NC,positive,F,,,,,,,,,,,,,,,,,,,,,,,,,,,
150,case_19,2024-04-10 20:07:26.504535,complete,Admission NC,positive,J,,,,,,,,,,,,,,,,,,,,,,,,,,,
151,case_19,2024-04-10 21:20:16.504535,complete,CRP,positive,L,YA,20.0,1691.0,,,,,,,,,,,,,,,,,,,,,,,,
152,case_20,2024-04-10 15:41:52.504535,complete,CRP,positive,F,RC,20.0,1840.0,,,,,,,,,,,,,,,,,,,,,,,,
153,case_20,2024-04-10 16:44:23.504535,complete,Leucocytes,positive,K,YA,20.0,,674.0,,,,,,,,,,,,,,,,,,,,,,,
154,case_20,2024-04-10 17:43:04.504535,complete,Leucocytes,positive,L,YB,22.0,,139.0,,,,,,,,,,,,,,,,,,,,,,,
155,case_20,2024-04-10 19:27:05.504535,complete,Leucocytes,positive,K,YC,89.0,,140.0,,,,,,,,,,,,,,,,,,,,,,,
156,case_20,2024-04-10 19:51:59.505535,complete,Admission NC,positive,F,,,,,,,,,,,,,,,,,,,,,,,,,,,
157,case_20,2024-04-10 21:08:54.505535,complete,Admission NC,positive,J,,,,,,,,,,,,,,,,,,,,,,,,,,,
158,case_21,2024-04-10 15:39:27.505535,complete,CRP,positive,L,YA,27.0,1840.0,,,,,,,,,,,,,,,,,,,,,,,,
159,case_21,2024-04-10 16:45:12.505535,complete,Leucocytes,positive,L,YA,20.0,,674.0,,,,,,,,,,,,,,,,,,,,,,,
160,case_21,2024-04-10 17:56:32.505535,complete,Leucocytes,positive,K,YA,20.0,,139.0,,,,,,,,,,,,,,,,,,,,,,,
161,case_21,2024-04-10 18:51:03.505535,complete,Leucocytes,positive,L,YB,22.0,,4.0,,,,,,,,,,,,,,,,,,,,,,,
162,case_21,2024-04-10 19:41:18.505535,complete,Admission NC,positive,A,,,,,,,,,,,,,,,,,,,,,,,,,,,
163,case_21,2024-04-10 21:30:54.505535,complete,Admission NC,positive,F,,,,,,,,,,,,,,,,,,,,,,,,,,,
164,case_22,2024-04-10 15:55:23.505535,complete,CRP,positive,K,YB,23.0,50.0,,,,,,,,,,,,,,,,,,,,,,,,
165,case_22,2024-04-10 16:44:20.505535,complete,Leucocytes,positive,?,YD,21.0,,138.0,,,,,,,,,,,,,,,,,,,,,,,
166,case_22,2024-04-10 17:47:24.505535,complete,CRP,positive,A,YA,22.0,4921.0,,,,,,,,,,,,,,,,,,,,,,,,
167,case_22,2024-04-10 19:05:44.505535,complete,Admission NC,positive,A,,,,,,,,,,,,,,,,,,,,,,,,,,,
168,case_22,2024-04-10 19:48:52.505535,complete,Admission NC,positive,J,,,,,,,,,,,,,,,,,,,,,,,,,,,
169,case_22,2024-04-10 21:15:53.505535,complete,Leucocytes,positive,K,YC,20.0,,3459.0,,,,,,,,,,,,,,,,,,,,,,,
170,case_23,2024-04-10 16:19:29.505535,complete,IV Antibiotics,positive,L,,,,,,,,,,,,,,,,,,,,,,,,,,,
171,case_23,2024-04-10 16:45:51.505535,complete,ER Sepsis Triage,positive,L,QA,20.0,,,,,,,,,,,,,,,,,,,,,,,,,
172,case_23,2024-04-10 18:09:49.505535,complete,IV Antibiotics,positive,L,,,,,,,,,,,,,,,,,,,,,,,,,,,
173,case_23,2024-04-10 19:21:30.505535,complete,CRP,positive,K,YA,20.0,2057.0,,,,,,,,,,,,,,,,,,,,,,,,
174,case_23,2024-04-10 20:18:39.505535,complete,CRP,positive,K,YA,24.0,50.0,,,,,,,,,,,,,,,,,,,,,,,,
175,case_23,2024-04-10 20:55:25.505535,complete,Admission NC,positive,F,,,,,,,,,,,,,,,,,,,,,,,,,,,
176,case_23,2024-04-10 22:25:45.505535,complete,Admission NC,positive,F,,,,,,,,,,,,,,,,,,,,,,,,,,,
177,case_24,2024-04-10 16:10:51.505535,complete,IV Antibiotics,positive,L,,,,,,,,,,,,,,,,,,,,,,,,,,,
178,case_24,2024-04-10 16:48:46.505535,complete,ER Sepsis Triage,positive,L,QD,20.0,,,,,,,,,,,,,,,,,,,,,,,,,
179,case_24,2024-04-10 17:56:13.505535,complete,IV Antibiotics,positive,L,,,,,,,,,,,,,,,,,,,,,,,,,,,
180,case_24,2024-04-10 19:35:44.505535,complete,CRP,positive,K,YA,20.0,2057.0,,,,,,,,,,,,,,,,,,,,,,,,
181,case_24,2024-04-10 19:46:37.505535,complete,CRP,positive,K,YA,24.0,50.0,,,,,,,,,,,,,,,,,,,,,,,,
182,case_24,2024-04-10 20:42:41.505535,complete,Admission NC,positive,F,,,,,,,,,,,,,,,,,,,,,,,,,,,
183,case_24,2024-04-10 22:29:56.505535,complete,Admission NC,positive,J,,,,,,,,,,,,,,,,,,,,,,,,,,,
184,case_25,2024-04-10 16:10:29.505535,complete,CRP,positive,?,B,21.0,50.0,,,,,,,,,,,,,,,,,,,,,,,,
185,case_25,2024-04-10 17:03:03.505535,complete,CRP,positive,A,YA,22.0,2662.0,,,,,,,,,,,,,,,,,,,,,,,,
186,case_25,2024-04-10 18:11:12.505535,complete,Admission NC,positive,A,,,,,,,,,,,,,,,,,,,,,,,,,,,
187,case_25,2024-04-10 19:27:50.505535,complete,CRP,positive,K,YC,20.0,3671.0,,,,,,,,,,,,,,,,,,,,,,,,
188,case_25,2024-04-10 19:57:27.505535,complete,CRP,positive,J,YA,20.0,50.0,,,,,,,,,,,,,,,,,,,,,,,,
189,case_25,2024-04-10 21:07:02.505535,complete,Leucocytes,positive,I,YD,22.0,,139.0,,,,,,,,,,,,,,,,,,,,,,,
190,case_25,2024-04-10 21:38:05.505535,complete,Admission NC,positive,J,,,,,,,,,,,,,,,,,,,,,,,,,,,
191,case_26,2024-04-10 16:35:45.505535,complete,CRP,positive,A,B,22.0,4381.0,,,,,,,,,,,,,,,,,,,,,,,,
192,case_26,2024-04-10 17:29:48.505535,complete,Leucocytes,positive,K,YC,90.0,,1443.0,,,,,,,,,,,,,,,,,,,,,,,
193,case_26,2024-04-10 18:10:45.505535,complete,Admission NC,positive,F,,,,,,,,,,,,,,,,,,,,,,,,,,,
194,case_26,2024-04-10 19:01:33.505535,complete,CRP,positive,K,YA,22.0,3671.0,,,,,,,,,,,,,,,,,,,,,,,,
195,case_26,2024-04-10 19:58:02.505535,complete,Leucocytes,positive,K,YA,20.0,,139.0,,,,,,,,,,,,,,,,,,,,,,,
196,case_26,2024-04-10 20:45:18.505535,complete,CRP,positive,I,HC,22.0,50.0,,,,,,,,,,,,,,,,,,,,,,,,
197,case_26,2024-04-10 22:33:21.505535,complete,Admission NC,positive,J,,,,,,,,,,,,,,,,,,,,,,,,,,,
198,case_27,2024-04-10 16:09:39.505535,complete,CRP,positive,A,B,22.0,4381.0,,,,,,,,,,,,,,,,,,,,,,,,
199,case_27,2024-04-10 17:36:14.505535,complete,Leucocytes,positive,K,YC,90.0,,1443.0,,,,,,,,,,,,,,,,,,,,,,,
200,case_27,2024-04-10 18:17:33.505535,complete,Admission NC,positive,F,,,,,,,,,,,,,,,,,,,,,,,,,,,
201,case_27,2024-04-10 19:32:01.505535,complete,CRP,positive,K,YA,22.0,3671.0,,,,,,,,,,,,,,,,,,,,,,,,
202,case_27,2024-04-10 20:27:37.505535,complete,Leucocytes,positive,K,YA,20.0,,139.0,,,,,,,,,,,,,,,,,,,,,,,
203,case_27,2024-04-10 20:45:57.505535,complete,CRP,positive,I,YA,25.0,50.0,,,,,,,,,,,,,,,,,,,,,,,,
204,case_27,2024-04-10 22:15:37.505535,complete,Admission NC,positive,F,,,,,,,,,,,,,,,,,,,,,,,,,,,
205,case_28,2024-04-10 16:19:23.505535,complete,CRP,positive,K,B,23.0,51.0,,,,,,,,,,,,,,,,,,,,,,,,
206,case_28,2024-04-10 17:37:38.505535,complete,Leucocytes,positive,L,YD,22.0,,1443.0,,,,,,,,,,,,,,,,,,,,,,,
207,case_28,2024-04-10 17:57:33.505535,complete,Admission NC,positive,F,,,,,,,,,,,,,,,,,,,,,,,,,,,
208,case_28,2024-04-10 19:01:34.505535,complete,CRP,positive,K,YB,22.0,3671.0,,,,,,,,,,,,,,,,,,,,,,,,
209,case_28,2024-04-10 20:34:48.505535,complete,CRP,positive,I,YB,22.0,50.0,,,,,,,,,,,,,,,,,,,,,,,,
210,case_28,2024-04-10 21:28:09.505535,complete,Leucocytes,positive,I,YA,21.0,,139.0,,,,,,,,,,,,,,,,,,,,,,,
211,case_28,2024-04-10 21:46:45.505535,complete,Admission NC,positive,F,,,,,,,,,,,,,,,,,,,,,,,,,,,
212,case_29,2024-04-10 16:32:14.505535,complete,CRP,positive,L,B,21.0,3176.0,,,,,,,,,,,,,,,,,,,,,,,,
213,case_29,2024-04-10 17:27:17.505535,complete,CRP,positive,A,YA,22.0,2662.0,,,,,,,,,,,,,,,,,,,,,,,,
214,case_29,2024-04-10 18:28:41.505535,complete,Leucocytes,positive,K,YA,22.0,,139.0,,,,,,,,,,,,,,,,,,,,,,,
215,case_29,2024-04-10 19:13:27.505535,complete,CRP,positive,K,YA,20.0,5435.0,,,,,,,,,,,,,,,,,,,,,,,,
216,case_29,2024-04-10 20:00:01.505535,complete,Admission NC,positive,L,,,,,,,,,,,,,,,,,,,,,,,,,,,
217,case_29,2024-04-10 21:22:01.505535,complete,Admission NC,positive,B,,,,,,,,,,,,,,,,,,,,,,,,,,,
218,case_29,2024-04-10 21:55:53.505535,complete,CRP,positive,E,QA,20.0,2934.0,,,,,,,,,,,,,,,,,,,,,,,,
