,case:concept:name,time:timestamp,lifecycle:transition,concept:name,case:label,org:group,Diagnose,Age,Leucocytes,CRP,LacticAcid,InfectionSuspected,DiagnosticBlood,DisfuncOrg,SIRSCritTachypnea,Hypotensie,SIRSCritHeartRate,Infusion,DiagnosticArtAstrup,DiagnosticIC,DiagnosticSputum,DiagnosticLiquor,DiagnosticOther,SIRSCriteria2OrMore,DiagnosticXthorax,SIRSCritTemperature,DiagnosticUrinaryCulture,SIRSCritLeucos,Oligurie,DiagnosticLacticAcid,Hypoxie,DiagnosticUrinarySediment,DiagnosticECG
0,case_0,2024-04-10 16:18:34.996312,complete,IV Antibiotics,positive,L,,,,,,,,,,,,,,,,,,,,,,,,,,,
1,case_0,2024-04-10 17:15:50.996312,complete,ER Sepsis Triage,positive,L,YB,20.0,,,,,,,,,,,,,,,,,,,,,,,,,
2,case_0,2024-04-10 18:23:49.996312,complete,IV Antibiotics,positive,L,,,,,,,,,,,,,,,,,,,,,,,,,,,
3,case_0,2024-04-10 19:00:24.996312,complete,Leucocytes,positive,I,QA,20.0,138.0,,,,,,,,,,,,,,,,,,,,,,,,
4,case_0,2024-04-10 20:34:22.996312,complete,Admission NC,positive,J,,,,,,,,,,,,,,,,,,,,,,,,,,,
5,case_0,2024-04-10 20:52:38.996312,complete,Admission NC,positive,F,,,,,,,,,,,,,,,,,,,,,,,,,,,
6,case_0,2024-04-10 22:24:03.996312,complete,Leucocytes,positive,A,YA,22.0,3233.0,,,,,,,,,,,,,,,,,,,,,,,,
7,case_0,2024-04-10 23:36:37.996312,complete,Leucocytes,positive,K,YA,22.0,139.0,,,,,,,,,,,,,,,,,,,,,,,,
8,case_0,2024-04-11 00:28:57.996312,complete,CRP,positive,K,YB,20.0,,4645.0,,,,,,,,,,,,,,,,,,,,,,,
9,case_1,2024-04-10 16:04:15.996312,complete,Leucocytes,positive,I,YA,20.0,404.0,,,,,,,,,,,,,,,,,,,,,,,,
10,case_1,2024-04-10 17:27:28.996312,complete,Leucocytes,positive,I,YA,22.0,138.0,,,,,,,,,,,,,,,,,,,,,,,,
11,case_1,2024-04-10 18:15:32.996312,complete,Leucocytes,positive,K,YA,20.0,138.0,,,,,,,,,,,,,,,,,,,,,,,,
12,case_1,2024-04-10 18:42:01.996312,complete,Leucocytes,positive,L,YB,23.0,1861.0,,,,,,,,,,,,,,,,,,,,,,,,
13,case_1,2024-04-10 20:38:43.996312,complete,CRP,positive,A,YA,21.0,,50.0,,,,,,,,,,,,,,,,,,,,,,,
14,case_1,2024-04-10 21:14:55.996312,complete,Leucocytes,positive,I,YB,24.0,2413.0,,,,,,,,,,,,,,,,,,,,,,,,
15,case_1,2024-04-10 22:09:44.996312,complete,Leucocytes,positive,I,YA,21.0,138.0,,,,,,,,,,,,,,,,,,,,,,,,
16,case_1,2024-04-10 23:39:11.996312,complete,Admission NC,positive,J,,,,,,,,,,,,,,,,,,,,,,,,,,,
17,case_1,2024-04-11 00:39:30.996312,complete,Admission NC,positive,F,,,,,,,,,,,,,,,,,,,,,,,,,,,
18,case_2,2024-04-10 16:07:55.996312,complete,Leucocytes,positive,I,YA,20.0,404.0,,,,,,,,,,,,,,,,,,,,,,,,
19,case_2,2024-04-10 17:22:48.996312,complete,Leucocytes,positive,I,YA,22.0,138.0,,,,,,,,,,,,,,,,,,,,,,,,
20,case_2,2024-04-10 18:17:38.996312,complete,Leucocytes,positive,K,YA,20.0,138.0,,,,,,,,,,,,,,,,,,,,,,,,
21,case_2,2024-04-10 19:28:32.996312,complete,Leucocytes,positive,L,YB,23.0,1861.0,,,,,,,,,,,,,,,,,,,,,,,,
22,case_2,2024-04-10 19:45:07.996312,complete,CRP,positive,A,YA,21.0,,50.0,,,,,,,,,,,,,,,,,,,,,,,
23,case_2,2024-04-10 21:23:26.996312,complete,Leucocytes,positive,I,YB,24.0,3572.0,,,,,,,,,,,,,,,,,,,,,,,,
24,case_2,2024-04-10 22:07:15.996312,complete,Leucocytes,positive,I,YA,21.0,138.0,,,,,,,,,,,,,,,,,,,,,,,,
25,case_2,2024-04-10 23:31:06.996312,complete,Admission NC,positive,F,,,,,,,,,,,,,,,,,,,,,,,,,,,
26,case_2,2024-04-10 23:52:59.996312,complete,Admission NC,positive,F,,,,,,,,,,,,,,,,,,,,,,,,,,,
27,case_3,2024-04-10 16:15:30.996312,complete,Leucocytes,positive,I,YA,82.0,3213.0,,,,,,,,,,,,,,,,,,,,,,,,
28,case_3,2024-04-10 17:23:34.996312,complete,CRP,positive,I,YA,20.0,,4282.0,,,,,,,,,,,,,,,,,,,,,,,
29,case_3,2024-04-10 18:38:02.996312,complete,Admission NC,positive,F,,,,,,,,,,,,,,,,,,,,,,,,,,,
30,case_3,2024-04-10 19:34:10.996312,complete,Leucocytes,positive,A,YA,20.0,1663.0,,,,,,,,,,,,,,,,,,,,,,,,
31,case_3,2024-04-10 20:29:49.996312,complete,Admission NC,positive,L,,,,,,,,,,,,,,,,,,,,,,,,,,,
32,case_3,2024-04-10 20:58:39.996312,complete,Leucocytes,positive,A,YA,20.0,1232.0,,,,,,,,,,,,,,,,,,,,,,,,
33,case_3,2024-04-10 21:58:01.996312,complete,Leucocytes,positive,A,YC,21.0,139.0,,,,,,,,,,,,,,,,,,,,,,,,
34,case_3,2024-04-10 23:02:01.996312,complete,CRP,positive,K,YA,21.0,,178.0,,,,,,,,,,,,,,,,,,,,,,,
35,case_3,2024-04-11 00:13:39.996312,complete,CRP,positive,I,JB,20.0,,50.0,,,,,,,,,,,,,,,,,,,,,,,
36,case_4,2024-04-10 16:22:51.996312,complete,LacticAcid,positive,K,,,,,2.0,,,,,,,,,,,,,,,,,,,,,,
37,case_4,2024-04-10 17:19:46.996312,complete,Leucocytes,positive,K,YB,20.0,139.0,,,,,,,,,,,,,,,,,,,,,,,,
38,case_4,2024-04-10 17:49:38.996312,complete,CRP,positive,K,YA,22.0,,50.0,,,,,,,,,,,,,,,,,,,,,,,
39,case_4,2024-04-10 19:30:52.996312,complete,Leucocytes,positive,I,YC,20.0,905.0,,,,,,,,,,,,,,,,,,,,,,,,
40,case_4,2024-04-10 19:43:45.996312,complete,Admission NC,positive,F,,,,,,,,,,,,,,,,,,,,,,,,,,,
41,case_4,2024-04-10 20:46:34.996312,complete,CRP,positive,K,YB,21.0,,2892.0,,,,,,,,,,,,,,,,,,,,,,,
42,case_4,2024-04-10 22:26:05.996312,complete,CRP,positive,J,YA,23.0,,171.0,,,,,,,,,,,,,,,,,,,,,,,
43,case_4,2024-04-10 23:10:57.996312,complete,Admission NC,positive,F,,,,,,,,,,,,,,,,,,,,,,,,,,,
44,case_4,2024-04-11 00:02:04.996312,complete,CRP,positive,I,YA,20.0,,1166.0,,,,,,,,,,,,,,,,,,,,,,,
45,case_5,2024-04-10 16:02:22.996312,complete,CRP,positive,K,YB,82.0,,51.0,,,,,,,,,,,,,,,,,,,,,,,
46,case_5,2024-04-10 17:13:35.996312,complete,LacticAcid,positive,I,,,,,100.0,,,,,,,,,,,,,,,,,,,,,,
47,case_5,2024-04-10 18:08:58.996312,complete,Leucocytes,positive,K,YA,20.0,138.0,,,,,,,,,,,,,,,,,,,,,,,,
48,case_5,2024-04-10 18:42:47.996312,complete,Admission NC,positive,J,,,,,,,,,,,,,,,,,,,,,,,,,,,
49,case_5,2024-04-10 19:51:14.996312,complete,Leucocytes,positive,K,YC,20.0,138.0,,,,,,,,,,,,,,,,,,,,,,,,
50,case_5,2024-04-10 21:34:31.996312,complete,CRP,positive,K,YC,23.0,,5375.0,,,,,,,,,,,,,,,,,,,,,,,
51,case_5,2024-04-10 21:55:18.996312,complete,Leucocytes,positive,K,YA,22.0,138.0,,,,,,,,,,,,,,,,,,,,,,,,
52,case_5,2024-04-10 23:25:09.996312,complete,Leucocytes,positive,A,YB,20.0,1225.0,,,,,,,,,,,,,,,,,,,,,,,,
53,case_5,2024-04-11 00:11:02.996312,complete,Admission NC,positive,A,,,,,,,,,,,,,,,,,,,,,,,,,,,
54,case_6,2024-04-10 15:49:08.996312,complete,Admission NC,positive,F,,,,,,,,,,,,,,,,,,,,,,,,,,,
55,case_6,2024-04-10 16:54:41.996312,complete,IV Antibiotics,positive,L,,,,,,,,,,,,,,,,,,,,,,,,,,,
56,case_6,2024-04-10 17:42:49.996312,complete,ER Sepsis Triage,positive,L,YD,20.0,,,,,,,,,,,,,,,,,,,,,,,,,
57,case_6,2024-04-10 18:40:43.996312,complete,IV Antibiotics,positive,L,,,,,,,,,,,,,,,,,,,,,,,,,,,
58,case_6,2024-04-10 20:25:22.996312,complete,ER Registration,positive,I,YA,21.0,,,,false,true,false,true,true,false,false,true,false,false,true,false,true,false,true,false,true,false,true,false,true,true
59,case_6,2024-04-10 21:38:29.996312,complete,CRP,positive,I,YA,20.0,,689.0,,,,,,,,,,,,,,,,,,,,,,,
60,case_6,2024-04-10 22:13:04.996312,complete,CRP,positive,K,YA,22.0,,50.0,,,,,,,,,,,,,,,,,,,,,,,
61,case_6,2024-04-10 23:04:32.996312,complete,Leucocytes,positive,I,YB,21.0,1158.0,,,,,,,,,,,,,,,,,,,,,,,,
62,case_6,2024-04-10 23:47:49.996312,complete,Admission NC,positive,F,,,,,,,,,,,,,,,,,,,,,,,,,,,
63,case_7,2024-04-10 15:53:47.996312,complete,CRP,positive,I,YB,21.0,,4611.0,,,,,,,,,,,,,,,,,,,,,,,
64,case_7,2024-04-10 17:24:44.996312,complete,Leucocytes,positive,L,YB,20.0,138.0,,,,,,,,,,,,,,,,,,,,,,,,
65,case_7,2024-04-10 18:21:06.996312,complete,Leucocytes,positive,I,YA,23.0,370.0,,,,,,,,,,,,,,,,,,,,,,,,
66,case_7,2024-04-10 19:28:54.996312,complete,Leucocytes,positive,A,YA,25.0,3358.0,,,,,,,,,,,,,,,,,,,,,,,,
67,case_7,2024-04-10 19:42:51.996312,complete,Leucocytes,positive,K,YA,21.0,139.0,,,,,,,,,,,,,,,,,,,,,,,,
68,case_7,2024-04-10 20:51:52.996312,complete,Leucocytes,positive,F,YA,22.0,3549.0,,,,,,,,,,,,,,,,,,,,,,,,
69,case_7,2024-04-10 22:23:47.996312,complete,CRP,positive,K,YA,20.0,,2133.0,,,,,,,,,,,,,,,,,,,,,,,
70,case_7,2024-04-10 23:14:44.996312,complete,CRP,positive,K,YC,22.0,,50.0,,,,,,,,,,,,,,,,,,,,,,,
71,case_7,2024-04-11 00:16:08.996312,complete,Admission NC,positive,F,,,,,,,,,,,,,,,,,,,,,,,,,,,
72,case_7,2024-04-11 01:30:42.996312,complete,Admission NC,positive,A,,,,,,,,,,,,,,,,,,,,,,,,,,,
73,case_8,2024-04-10 16:17:46.996312,complete,Admission NC,positive,J,,,,,,,,,,,,,,,,,,,,,,,,,,,
74,case_8,2024-04-10 16:40:52.996312,complete,Admission NC,positive,J,,,,,,,,,,,,,,,,,,,,,,,,,,,
75,case_8,2024-04-10 17:46:44.996312,complete,CRP,positive,A,YA,20.0,,1953.0,,,,,,,,,,,,,,,,,,,,,,,
76,case_8,2024-04-10 19:06:24.996312,complete,Leucocytes,positive,K,YA,20.0,138.0,,,,,,,,,,,,,,,,,,,,,,,,
77,case_8,2024-04-10 19:46:40.996312,complete,CRP,positive,A,YB,20.0,,4131.0,,,,,,,,,,,,,,,,,,,,,,,
78,case_8,2024-04-10 21:31:14.996312,complete,CRP,positive,K,YA,20.0,,3746.0,,,,,,,,,,,,,,,,,,,,,,,
79,case_9,2024-04-10 16:28:39.996312,complete,Leucocytes,positive,A,RC,21.0,3406.0,,,,,,,,,,,,,,,,,,,,,,,,
80,case_9,2024-04-10 17:36:12.996312,complete,CRP,positive,A,YA,22.0,,1397.0,,,,,,,,,,,,,,,,,,,,,,,
81,case_9,2024-04-10 18:08:28.996312,complete,Leucocytes,positive,K,YC,23.0,138.0,,,,,,,,,,,,,,,,,,,,,,,,
82,case_9,2024-04-10 18:48:33.996312,complete,CRP,positive,K,YC,20.0,,2131.0,,,,,,,,,,,,,,,,,,,,,,,
83,case_9,2024-04-10 20:29:05.996312,complete,Admission NC,positive,J,,,,,,,,,,,,,,,,,,,,,,,,,,,
84,case_9,2024-04-10 21:28:26.996312,complete,Admission NC,positive,F,,,,,,,,,,,,,,,,,,,,,,,,,,,
85,case_10,2024-04-10 15:52:50.996312,complete,Leucocytes,positive,K,YA,22.0,2332.0,,,,,,,,,,,,,,,,,,,,,,,,
86,case_10,2024-04-10 17:34:39.996312,complete,Leucocytes,positive,A,YA,22.0,1225.0,,,,,,,,,,,,,,,,,,,,,,,,
87,case_10,2024-04-10 17:54:29.996312,complete,Leucocytes,positive,K,YB,24.0,138.0,,,,,,,,,,,,,,,,,,,,,,,,
88,case_10,2024-04-10 19:14:24.996312,complete,Admission NC,positive,J,,,,,,,,,,,,,,,,,,,,,,,,,,,
89,case_10,2024-04-10 20:34:17.996312,complete,Admission NC,positive,F,,,,,,,,,,,,,,,,,,,,,,,,,,,
90,case_10,2024-04-10 20:57:05.996312,complete,CRP,positive,K,YC,20.0,,1139.0,,,,,,,,,,,,,,,,,,,,,,,
91,case_11,2024-04-10 15:45:54.996312,complete,Leucocytes,positive,I,YA,20.0,3079.0,,,,,,,,,,,,,,,,,,,,,,,,
92,case_11,2024-04-10 17:05:44.996312,complete,Admission NC,positive,F,,,,,,,,,,,,,,,,,,,,,,,,,,,
93,case_11,2024-04-10 18:10:01.996312,complete,CRP,positive,I,YA,21.0,,3567.0,,,,,,,,,,,,,,,,,,,,,,,
94,case_11,2024-04-10 19:31:08.996312,complete,Leucocytes,positive,A,YA,21.0,138.0,,,,,,,,,,,,,,,,,,,,,,,,
95,case_11,2024-04-10 20:29:13.996312,complete,Admission NC,positive,F,,,,,,,,,,,,,,,,,,,,,,,,,,,
96,case_11,2024-04-10 21:20:49.996312,complete,Leucocytes,positive,K,YD,20.0,635.0,,,,,,,,,,,,,,,,,,,,,,,,
97,case_12,2024-04-10 15:49:25.996312,complete,CRP,positive,K,YA,22.0,,3688.0,,,,,,,,,,,,,,,,,,,,,,,
98,case_12,2024-04-10 17:23:18.996312,complete,Leucocytes,positive,?,YA,22.0,138.0,,,,,,,,,,,,,,,,,,,,,,,,
99,case_12,2024-04-10 18:11:29.996312,complete,Leucocytes,positive,K,YD,21.0,138.0,,,,,,,,,,,,,,,,,,,,,,,,
100,case_12,2024-04-10 19:00:27.996312,complete,CRP,positive,K,YB,21.0,,889.0,,,,,,,,,,,,,,,,,,,,,,,
101,case_12,2024-04-10 20:07:32.996312,complete,Admission NC,positive,F,,,,,,,,,,,,,,,,,,,,,,,,,,,
102,case_12,2024-04-10 21:25:30.996312,complete,Admission NC,positive,F,,,,,,,,,,,,,,,,,,,,,,,,,,,
103,case_13,2024-04-10 16:39:16.996312,complete,CRP,positive,K,YD,20.0,,5074.0,,,,,,,,,,,,,,,,,,,,,,,
104,case_13,2024-04-10 16:44:23.996312,complete,LacticAcid,positive,A,,,,,121.0,,,,,,,,,,,,,,,,,,,,,,
105,case_13,2024-04-10 18:06:19.996312,complete,Leucocytes,positive,K,YD,21.0,138.0,,,,,,,,,,,,,,,,,,,,,,,,
106,case_13,2024-04-10 19:21:21.996312,complete,CRP,positive,K,YB,21.0,,50.0,,,,,,,,,,,,,,,,,,,,,,,
107,case_13,2024-04-10 20:32:32.996312,complete,CRP,positive,K,YA,21.0,,1040.0,,,,,,,,,,,,,,,,,,,,,,,
108,case_13,2024-04-10 21:34:22.996312,complete,CRP,positive,K,YA,20.0,,51.0,,,,,,,,,,,,,,,,,,,,,,,
109,case_13,2024-04-10 21:42:37.996312,complete,Admission NC,positive,F,,,,,,,,,,,,,,,,,,,,,,,,,,,
110,case_13,2024-04-10 23:29:03.996312,complete,Admission NC,positive,F,,,,,,,,,,,,,,,,,,,,,,,,,,,
111,case_14,2024-04-10 16:11:10.996312,complete,CRP,positive,K,YA,22.0,,2777.0,,,,,,,,,,,,,,,,,,,,,,,
112,case_14,2024-04-10 16:57:01.996312,complete,CRP,positive,?,YA,22.0,,51.0,,,,,,,,,,,,,,,,,,,,,,,
113,case_14,2024-04-10 18:34:47.996312,complete,Leucocytes,positive,K,YD,21.0,138.0,,,,,,,,,,,,,,,,,,,,,,,,
114,case_14,2024-04-10 18:42:50.996312,complete,CRP,positive,K,YB,21.0,,4873.0,,,,,,,,,,,,,,,,,,,,,,,
115,case_14,2024-04-10 19:58:28.996312,complete,Admission NC,positive,J,,,,,,,,,,,,,,,,,,,,,,,,,,,
116,case_14,2024-04-10 21:09:39.996312,complete,Admission NC,positive,F,,,,,,,,,,,,,,,,,,,,,,,,,,,
117,case_14,2024-04-10 22:21:07.996312,complete,Leucocytes,positive,K,YA,21.0,3376.0,,,,,,,,,,,,,,,,,,,,,,,,
118,case_14,2024-04-10 22:58:04.996312,complete,CRP,positive,K,YA,20.0,,2515.0,,,,,,,,,,,,,,,,,,,,,,,
119,case_15,2024-04-10 16:04:56.996312,complete,Leucocytes,positive,I,YA,22.0,205.0,,,,,,,,,,,,,,,,,,,,,,,,
120,case_15,2024-04-10 17:14:42.996312,complete,CRP,positive,K,YA,21.0,,50.0,,,,,,,,,,,,,,,,,,,,,,,
121,case_15,2024-04-10 17:58:14.996312,complete,LacticAcid,positive,A,,,,,2.0,,,,,,,,,,,,,,,,,,,,,,
122,case_15,2024-04-10 19:23:00.996312,complete,Leucocytes,positive,K,QA,22.0,138.0,,,,,,,,,,,,,,,,,,,,,,,,
123,case_15,2024-04-10 19:58:09.996312,complete,Admission NC,positive,J,,,,,,,,,,,,,,,,,,,,,,,,,,,
124,case_15,2024-04-10 20:54:51.996312,complete,Admission NC,positive,J,,,,,,,,,,,,,,,,,,,,,,,,,,,
125,case_15,2024-04-10 22:09:16.996312,complete,CRP,positive,K,YA,20.0,,2768.0,,,,,,,,,,,,,,,,,,,,,,,
126,case_15,2024-04-10 23:27:57.996312,complete,CRP,positive,K,YA,21.0,,277.0,,,,,,,,,,,,,,,,,,,,,,,
127,case_16,2024-04-10 16:05:35.996312,complete,CRP,positive,K,YA,22.0,,2603.0,,,,,,,,,,,,,,,,,,,,,,,
128,case_16,2024-04-10 16:49:07.996312,complete,Leucocytes,positive,K,YA,22.0,3048.0,,,,,,,,,,,,,,,,,,,,,,,,
129,case_16,2024-04-10 17:46:16.996312,complete,Leucocytes,positive,K,YB,20.0,139.0,,,,,,,,,,,,,,,,,,,,,,,,
130,case_16,2024-04-10 18:41:29.996312,complete,CRP,positive,K,YA,22.0,,3590.0,,,,,,,,,,,,,,,,,,,,,,,
131,case_16,2024-04-10 20:15:56.996312,complete,Admission NC,positive,F,,,,,,,,,,,,,,,,,,,,,,,,,,,
132,case_16,2024-04-10 21:04:43.996312,complete,Leucocytes,positive,I,YC,21.0,3250.0,,,,,,,,,,,,,,,,,,,,,,,,
133,case_16,2024-04-10 22:10:13.996312,complete,Admission NC,positive,F,,,,,,,,,,,,,,,,,,,,,,,,,,,
134,case_16,2024-04-10 23:21:51.996312,complete,Leucocytes,positive,K,YB,21.0,428.0,,,,,,,,,,,,,,,,,,,,,,,,
135,case_17,2024-04-10 16:32:03.996312,complete,CRP,positive,K,YA,21.0,,3739.0,,,,,,,,,,,,,,,,,,,,,,,
136,case_17,2024-04-10 17:24:36.996312,complete,CRP,positive,K,YA,20.0,,50.0,,,,,,,,,,,,,,,,,,,,,,,
137,case_17,2024-04-10 18:29:03.996312,complete,Leucocytes,positive,A,YB,22.0,3327.0,,,,,,,,,,,,,,,,,,,,,,,,
138,case_17,2024-04-10 19:22:14.996312,complete,Admission NC,positive,J,,,,,,,,,,,,,,,,,,,,,,,,,,,
139,case_17,2024-04-10 19:46:42.996312,complete,Admission NC,positive,F,,,,,,,,,,,,,,,,,,,,,,,,,,,
140,case_17,2024-04-10 20:50:48.996312,complete,CRP,positive,I,YA,21.0,,1970.0,,,,,,,,,,,,,,,,,,,,,,,
141,case_17,2024-04-10 22:24:55.996312,complete,CRP,positive,I,QA,21.0,,4957.0,,,,,,,,,,,,,,,,,,,,,,,
142,case_17,2024-04-10 23:02:48.996312,complete,CRP,positive,K,YD,21.0,,1581.0,,,,,,,,,,,,,,,,,,,,,,,
143,case_18,2024-04-10 16:17:00.996312,complete,CRP,positive,K,YA,21.0,,50.0,,,,,,,,,,,,,,,,,,,,,,,
144,case_18,2024-04-10 17:14:19.996312,complete,Leucocytes,positive,L,YA,22.0,1638.0,,,,,,,,,,,,,,,,,,,,,,,,
145,case_18,2024-04-10 17:52:29.996312,complete,Leucocytes,positive,K,YC,20.0,138.0,,,,,,,,,,,,,,,,,,,,,,,,
146,case_18,2024-04-10 19:29:03.996312,complete,Admission NC,positive,F,,,,,,,,,,,,,,,,,,,,,,,,,,,
147,case_18,2024-04-10 20:08:32.996312,complete,Admission NC,positive,F,,,,,,,,,,,,,,,,,,,,,,,,,,,
148,case_18,2024-04-10 21:19:00.996312,complete,Leucocytes,positive,K,YC,20.0,3250.0,,,,,,,,,,,,,,,,,,,,,,,,
149,case_18,2024-04-10 22:23:25.996312,complete,Leucocytes,positive,I,YA,20.0,2129.0,,,,,,,,,,,,,,,,,,,,,,,,
150,case_18,2024-04-10 23:28:46.996312,complete,CRP,positive,K,YC,21.0,,2733.0,,,,,,,,,,,,,,,,,,,,,,,
151,case_19,2024-04-10 15:44:39.996312,complete,LacticAcid,positive,K,,,,,124.0,,,,,,,,,,,,,,,,,,,,,,
152,case_19,2024-04-10 16:48:35.996312,complete,Leucocytes,positive,I,YA,20.0,1058.0,,,,,,,,,,,,,,,,,,,,,,,,
153,case_19,2024-04-10 18:14:54.996312,complete,Leucocytes,positive,A,YA,20.0,138.0,,,,,,,,,,,,,,,,,,,,,,,,
154,case_19,2024-04-10 19:28:41.996312,complete,Leucocytes,positive,A,YC,20.0,188.0,,,,,,,,,,,,,,,,,,,,,,,,
155,case_19,2024-04-10 20:07:46.996312,complete,Leucocytes,positive,K,YC,22.0,138.0,,,,,,,,,,,,,,,,,,,,,,,,
156,case_19,2024-04-10 21:14:25.996312,complete,Leucocytes,positive,I,YA,20.0,569.0,,,,,,,,,,,,,,,,,,,,,,,,
157,case_19,2024-04-10 22:33:09.996312,complete,Admission NC,positive,F,,,,,,,,,,,,,,,,,,,,,,,,,,,
158,case_19,2024-04-10 22:41:14.996312,complete,Admission NC,positive,?,,,,,,,,,,,,,,,,,,,,,,,,,,,
159,case_20,2024-04-10 16:06:28.996312,complete,Admission NC,positive,F,,,,,,,,,,,,,,,,,,,,,,,,,,,
160,case_20,2024-04-10 16:49:27.996312,complete,CRP,positive,K,YB,24.0,,5337.0,,,,,,,,,,,,,,,,,,,,,,,
161,case_20,2024-04-10 17:43:37.996312,complete,Leucocytes,positive,I,YA,23.0,138.0,,,,,,,,,,,,,,,,,,,,,,,,
162,case_20,2024-04-10 18:53:57.996312,complete,CRP,positive,I,YA,20.0,,1592.0,,,,,,,,,,,,,,,,,,,,,,,
163,case_20,2024-04-10 20:12:04.996312,complete,Leucocytes,positive,I,YC,20.0,1765.0,,,,,,,,,,,,,,,,,,,,,,,,
164,case_20,2024-04-10 21:17:53.996312,complete,CRP,positive,I,YB,20.0,,1214.0,,,,,,,,,,,,,,,,,,,,,,,
165,case_20,2024-04-10 21:58:40.996312,complete,Admission NC,positive,J,,,,,,,,,,,,,,,,,,,,,,,,,,,
166,case_20,2024-04-10 23:13:33.996312,complete,Leucocytes,positive,K,V,23.0,2415.0,,,,,,,,,,,,,,,,,,,,,,,,
167,case_21,2024-04-10 16:12:01.996312,complete,CRP,positive,A,YA,21.0,,50.0,,,,,,,,,,,,,,,,,,,,,,,
168,case_21,2024-04-10 17:38:02.996312,complete,Admission NC,positive,J,,,,,,,,,,,,,,,,,,,,,,,,,,,
169,case_21,2024-04-10 17:57:26.996312,complete,Leucocytes,positive,I,YA,20.0,851.0,,,,,,,,,,,,,,,,,,,,,,,,
170,case_21,2024-04-10 19:36:06.996312,complete,CRP,positive,L,YB,20.0,,1534.0,,,,,,,,,,,,,,,,,,,,,,,
171,case_21,2024-04-10 20:32:07.996312,complete,CRP,positive,I,YA,20.0,,50.0,,,,,,,,,,,,,,,,,,,,,,,
172,case_21,2024-04-10 20:51:07.996312,complete,Admission NC,positive,A,,,,,,,,,,,,,,,,,,,,,,,,,,,
173,case_21,2024-04-10 22:11:38.996312,complete,Leucocytes,positive,?,YA,21.0,1975.0,,,,,,,,,,,,,,,,,,,,,,,,
174,case_22,2024-04-10 16:24:37.996312,complete,CRP,positive,L,B,21.0,,2213.0,,,,,,,,,,,,,,,,,,,,,,,
175,case_22,2024-04-10 17:09:10.996312,complete,Leucocytes,positive,A,YA,22.0,181.0,,,,,,,,,,,,,,,,,,,,,,,,
176,case_22,2024-04-10 17:40:45.996312,complete,Leucocytes,positive,K,YC,23.0,138.0,,,,,,,,,,,,,,,,,,,,,,,,
177,case_22,2024-04-10 19:38:27.996312,complete,CRP,positive,K,YC,20.0,,5435.0,,,,,,,,,,,,,,,,,,,,,,,
178,case_22,2024-04-10 19:56:51.996312,complete,CRP,positive,?,YB,20.0,,3397.0,,,,,,,,,,,,,,,,,,,,,,,
179,case_22,2024-04-10 21:28:38.996312,complete,Admission NC,positive,?,,,,,,,,,,,,,,,,,,,,,,,,,,,
180,case_22,2024-04-10 21:40:14.996312,complete,Admission NC,positive,?,,,,,,,,,,,,,,,,,,,,,,,,,,,
181,case_23,2024-04-10 15:45:44.997312,complete,Admission NC,positive,L,,,,,,,,,,,,,,,,,,,,,,,,,,,
182,case_23,2024-04-10 17:30:08.997312,complete,Leucocytes,positive,I,YC,20.0,435.0,,,,,,,,,,,,,,,,,,,,,,,,
183,case_23,2024-04-10 17:41:47.997312,complete,Admission NC,positive,L,,,,,,,,,,,,,,,,,,,,,,,,,,,
184,case_23,2024-04-10 18:53:10.997312,complete,CRP,positive,K,YC,23.0,,3671.0,,,,,,,,,,,,,,,,,,,,,,,
185,case_23,2024-04-10 20:31:46.997312,complete,CRP,positive,K,YC,20.0,,4596.0,,,,,,,,,,,,,,,,,,,,,,,
186,case_23,2024-04-10 21:33:59.997312,complete,IV Antibiotics,positive,L,,,,,,,,,,,,,,,,,,,,,,,,,,,
187,case_23,2024-04-10 21:51:45.997312,complete,Leucocytes,positive,?,YB,20.0,138.0,,,,,,,,,,,,,,,,,,,,,,,,
188,case_24,2024-04-10 16:15:38.997312,complete,CRP,positive,K,YA,22.0,,2373.0,,,,,,,,,,,,,,,,,,,,,,,
189,case_24,2024-04-10 17:22:22.997312,complete,CRP,positive,K,YC,23.0,,2662.0,,,,,,,,,,,,,,,,,,,,,,,
190,case_24,2024-04-10 18:36:02.997312,complete,Admission NC,positive,F,,,,,,,,,,,,,,,,,,,,,,,,,,,
191,case_24,2024-04-10 19:18:07.997312,complete,CRP,positive,K,YC,20.0,,5435.0,,,,,,,,,,,,,,,,,,,,,,,
192,case_24,2024-04-10 20:33:51.997312,complete,CRP,positive,?,YB,20.0,,50.0,,,,,,,,,,,,,,,,,,,,,,,
193,case_24,2024-04-10 20:40:40.997312,complete,Admission NC,positive,F,,,,,,,,,,,,,,,,,,,,,,,,,,,
194,case_24,2024-04-10 22:00:27.997312,complete,CRP,positive,I,YB,20.0,,2812.0,,,,,,,,,,,,,,,,,,,,,,,
195,case_25,2024-04-10 15:43:20.997312,complete,Leucocytes,positive,I,YC,20.0,380.0,,,,,,,,,,,,,,,,,,,,,,,,
196,case_25,2024-04-10 17:31:28.997312,complete,CRP,positive,I,YA,23.0,,1145.0,,,,,,,,,,,,,,,,,,,,,,,
197,case_25,2024-04-10 18:16:37.997312,complete,Leucocytes,positive,K,YA,21.0,138.0,,,,,,,,,,,,,,,,,,,,,,,,
198,case_25,2024-04-10 19:09:35.997312,complete,Leucocytes,positive,K,YC,20.0,138.0,,,,,,,,,,,,,,,,,,,,,,,,
199,case_25,2024-04-10 20:07:33.997312,complete,Admission NC,positive,J,,,,,,,,,,,,,,,,,,,,,,,,,,,
200,case_25,2024-04-10 21:03:08.997312,complete,CRP,positive,K,YA,24.0,,1850.0,,,,,,,,,,,,,,,,,,,,,,,
201,case_25,2024-04-10 21:53:15.997312,complete,Admission NC,positive,?,,,,,,,,,,,,,,,,,,,,,,,,,,,
202,case_26,2024-04-10 15:59:38.997312,complete,Leucocytes,positive,K,YB,20.0,296.0,,,,,,,,,,,,,,,,,,,,,,,,
203,case_26,2024-04-10 17:36:35.997312,complete,Leucocytes,positive,K,YB,20.0,139.0,,,,,,,,,,,,,,,,,,,,,,,,
204,case_26,2024-04-10 18:04:05.997312,complete,Admission NC,positive,F,,,,,,,,,,,,,,,,,,,,,,,,,,,
205,case_26,2024-04-10 19:00:16.997312,complete,CRP,positive,I,YC,20.0,,2925.0,,,,,,,,,,,,,,,,,,,,,,,
206,case_26,2024-04-10 20:05:02.997312,complete,Leucocytes,positive,I,YA,23.0,140.0,,,,,,,,,,,,,,,,,,,,,,,,
207,case_26,2024-04-10 21:34:33.997312,complete,Admission NC,positive,F,,,,,,,,,,,,,,,,,,,,,,,,,,,
208,case_26,2024-04-10 22:20:54.997312,complete,Leucocytes,positive,K,YA,21.0,3456.0,,,,,,,,,,,,,,,,,,,,,,,,
209,case_27,2024-04-10 16:32:54.997312,complete,CRP,positive,K,YA,20.0,,3090.0,,,,,,,,,,,,,,,,,,,,,,,
210,case_27,2024-04-10 17:25:09.997312,complete,Admission NC,positive,?,,,,,,,,,,,,,,,,,,,,,,,,,,,
211,case_27,2024-04-10 17:44:47.997312,complete,Leucocytes,positive,K,YC,20.0,2678.0,,,,,,,,,,,,,,,,,,,,,,,,
212,case_27,2024-04-10 19:15:48.997312,complete,Admission NC,positive,J,,,,,,,,,,,,,,,,,,,,,,,,,,,
213,case_27,2024-04-10 20:02:08.997312,complete,Leucocytes,positive,K,YA,24.0,1399.0,,,,,,,,,,,,,,,,,,,,,,,,
214,case_27,2024-04-10 21:05:22.997312,complete,Leucocytes,positive,I,YD,22.0,138.0,,,,,,,,,,,,,,,,,,,,,,,,
215,case_27,2024-04-10 22:23:52.997312,complete,Leucocytes,positive,K,YB,21.0,157.0,,,,,,,,,,,,,,,,,,,,,,,,
216,case_28,2024-04-10 16:30:46.997312,complete,Admission NC,positive,J,,,,,,,,,,,,,,,,,,,,,,,,,,,
217,case_28,2024-04-10 17:33:17.997312,complete,Leucocytes,positive,K,QA,20.0,941.0,,,,,,,,,,,,,,,,,,,,,,,,
218,case_28,2024-04-10 18:21:56.997312,complete,Leucocytes,positive,A,YA,22.0,138.0,,,,,,,,,,,,,,,,,,,,,,,,
219,case_28,2024-04-10 19:30:15.997312,complete,CRP,positive,K,YA,22.0,,935.0,,,,,,,,,,,,,,,,,,,,,,,
220,case_28,2024-04-10 20:23:20.997312,complete,Admission NC,positive,J,,,,,,,,,,,,,,,,,,,,,,,,,,,
221,case_28,2024-04-10 21:12:03.997312,complete,Leucocytes,positive,K,YB,20.0,427.0,,,,,,,,,,,,,,,,,,,,,,,,
222,case_28,2024-04-10 22:15:38.997312,complete,CRP,positive,K,YA,22.0,,1996.0,,,,,,,,,,,,,,,,,,,,,,,
223,case_29,2024-04-10 16:22:37.997312,complete,Leucocytes,positive,?,IE,21.0,2819.0,,,,,,,,,,,,,,,,,,,,,,,,
224,case_29,2024-04-10 17:32:32.997312,complete,Leucocytes,positive,A,YA,22.0,138.0,,,,,,,,,,,,,,,,,,,,,,,,
225,case_29,2024-04-10 17:55:12.997312,complete,Admission NC,positive,A,,,,,,,,,,,,,,,,,,,,,,,,,,,
226,case_29,2024-04-10 18:59:42.997312,complete,CRP,positive,A,YD,20.0,,2272.0,,,,,,,,,,,,,,,,,,,,,,,
227,case_29,2024-04-10 19:42:05.997312,complete,Admission NC,positive,J,,,,,,,,,,,,,,,,,,,,,,,,,,,
