,case:concept:name,time:timestamp,lifecycle:transition,concept:name,case:label,org:group,Diagnose,Age,CRP,Leucocytes,LacticAcid
0,case_0,2024-04-10 16:32:25.103734,complete,CRP,positive,F,B,20.0,2213.0,,
1,case_0,2024-04-10 17:34:03.103734,complete,CRP,positive,K,YA,20.0,1956.0,,
2,case_0,2024-04-10 18:07:51.103734,complete,Admission NC,positive,J,,,,,
3,case_0,2024-04-10 19:15:32.103734,complete,CRP,positive,K,QA,21.0,3671.0,,
4,case_0,2024-04-10 19:49:38.103734,complete,CRP,positive,A,YA,22.0,3397.0,,
5,case_0,2024-04-10 21:18:38.103734,complete,IV Antibiotics,positive,L,,,,,
6,case_0,2024-04-10 21:47:33.103734,complete,Admission NC,positive,F,,,,,
7,case_1,2024-04-10 16:10:47.103734,complete,Leucocytes,positive,K,YB,20.0,,3611.0,
8,case_1,2024-04-10 16:45:17.103734,complete,CRP,positive,K,YB,20.0,1145.0,,
9,case_1,2024-04-10 18:16:29.103734,complete,Admission NC,positive,F,,,,,
10,case_1,2024-04-10 19:31:57.103734,complete,CRP,positive,I,YC,20.0,2925.0,,
11,case_1,2024-04-10 20:25:17.103734,complete,Leucocytes,positive,I,YA,23.0,,140.0,
12,case_1,2024-04-10 20:45:17.103734,complete,CRP,positive,K,YA,21.0,1850.0,,
13,case_1,2024-04-10 22:08:15.103734,complete,Admission NC,positive,F,,,,,
14,case_2,2024-04-10 16:14:29.103734,complete,Leucocytes,positive,K,YD,20.0,,1940.0,
15,case_2,2024-04-10 17:03:30.103734,complete,Admission NC,positive,J,,,,,
16,case_2,2024-04-10 18:05:46.103734,complete,CRP,positive,I,YA,20.0,3692.0,,
17,case_2,2024-04-10 18:40:10.103734,complete,Admission NC,positive,F,,,,,
18,case_2,2024-04-10 19:54:40.103734,complete,CRP,positive,A,YA,20.0,4928.0,,
19,case_2,2024-04-10 20:59:11.103734,complete,CRP,positive,K,YB,21.0,3385.0,,
20,case_2,2024-04-10 22:02:21.103734,complete,CRP,positive,I,YA,20.0,51.0,,
21,case_3,2024-04-10 16:25:17.103734,complete,Leucocytes,positive,?,YA,21.0,,2738.0,
22,case_3,2024-04-10 17:35:43.103734,complete,Leucocytes,positive,L,YA,22.0,,941.0,
23,case_3,2024-04-10 18:22:26.103734,complete,Admission NC,positive,F,,,,,
24,case_3,2024-04-10 18:58:21.103734,complete,CRP,positive,K,YC,20.0,935.0,,
25,case_3,2024-04-10 20:22:38.103734,complete,Admission NC,positive,A,,,,,
26,case_3,2024-04-10 21:18:51.103734,complete,Leucocytes,positive,A,YA,21.0,,427.0,
27,case_3,2024-04-10 22:08:29.103734,complete,CRP,positive,K,YA,20.0,5551.0,,
28,case_4,2024-04-10 15:42:57.103734,complete,CRP,positive,L,B,21.0,50.0,,
29,case_4,2024-04-10 16:43:55.103734,complete,CRP,positive,A,YA,22.0,1956.0,,
30,case_4,2024-04-10 18:00:56.103734,complete,Admission NC,positive,A,,,,,
31,case_4,2024-04-10 19:30:23.103734,complete,CRP,positive,A,YD,20.0,5435.0,,
32,case_4,2024-04-10 20:06:00.103734,complete,CRP,positive,A,YA,23.0,3397.0,,
33,case_4,2024-04-10 21:09:11.103734,complete,IV Antibiotics,positive,L,,,,,
34,case_4,2024-04-10 22:23:58.103734,complete,Admission NC,positive,?,,,,,
35,case_5,2024-04-10 15:50:13.103734,complete,LacticAcid,positive,K,,,,,2.0
36,case_5,2024-04-10 16:58:27.103734,complete,Leucocytes,positive,K,YC,22.0,,138.0,
37,case_5,2024-04-10 18:05:29.103734,complete,CRP,positive,K,YC,20.0,50.0,,
38,case_5,2024-04-10 19:31:09.103734,complete,Admission NC,positive,F,,,,,
39,case_5,2024-04-10 19:38:05.103734,complete,Admission NC,positive,F,,,,,
40,case_5,2024-04-10 21:12:17.103734,complete,Leucocytes,positive,I,QA,20.0,,2779.0,
41,case_5,2024-04-10 22:27:02.103734,complete,CRP,positive,A,YA,22.0,4696.0,,
42,case_6,2024-04-10 15:40:09.103734,complete,Leucocytes,positive,K,YC,21.0,,296.0,
43,case_6,2024-04-10 17:26:53.103734,complete,Admission NC,positive,A,,,,,
44,case_6,2024-04-10 17:55:54.103734,complete,Admission NC,positive,F,,,,,
45,case_6,2024-04-10 19:06:40.103734,complete,CRP,positive,K,YB,20.0,474.0,,
46,case_6,2024-04-10 19:45:26.103734,complete,Leucocytes,positive,I,YC,20.0,,138.0,
47,case_6,2024-04-10 20:51:37.103734,complete,CRP,positive,I,YA,23.0,50.0,,
48,case_6,2024-04-10 22:17:03.103734,complete,Leucocytes,positive,K,YA,21.0,,3456.0,
49,case_7,2024-04-10 15:55:39.103734,complete,Leucocytes,positive,K,YC,20.0,,1938.0,
50,case_7,2024-04-10 16:55:35.103734,complete,CRP,positive,A,YA,21.0,50.0,,
51,case_7,2024-04-10 17:49:36.103734,complete,Leucocytes,positive,L,YA,22.0,,138.0,
52,case_7,2024-04-10 18:43:07.103734,complete,Admission NC,positive,J,,,,,
53,case_7,2024-04-10 20:00:38.103734,complete,Admission NC,positive,F,,,,,
54,case_7,2024-04-10 21:32:33.103734,complete,Leucocytes,positive,K,YC,20.0,,2779.0,
55,case_7,2024-04-10 21:44:37.103734,complete,CRP,positive,K,YC,20.0,4696.0,,
56,case_8,2024-04-10 16:24:08.103734,complete,LacticAcid,positive,K,,,,,6.0
57,case_8,2024-04-10 17:14:24.103734,complete,Leucocytes,positive,K,YA,22.0,,138.0,
58,case_8,2024-04-10 18:03:13.103734,complete,Admission NC,positive,F,,,,,
59,case_8,2024-04-10 19:37:17.103734,complete,Admission NC,positive,F,,,,,
60,case_8,2024-04-10 20:09:02.103734,complete,Leucocytes,positive,K,YC,22.0,,2063.0,
61,case_8,2024-04-10 21:15:53.103734,complete,CRP,positive,K,YC,20.0,4721.0,,
62,case_9,2024-04-10 16:04:49.103734,complete,CRP,positive,A,YB,22.0,1970.0,,
63,case_9,2024-04-10 16:48:54.103734,complete,CRP,positive,K,YC,20.0,1397.0,,
64,case_9,2024-04-10 18:13:08.103734,complete,Admission NC,positive,J,,,,,
65,case_9,2024-04-10 19:26:41.103734,complete,Admission NC,positive,F,,,,,
66,case_9,2024-04-10 19:51:42.103734,complete,CRP,positive,A,YD,20.0,593.0,,
67,case_9,2024-04-10 21:34:26.103734,complete,Leucocytes,positive,A,YA,23.0,,550.0,
68,case_10,2024-04-10 15:56:53.103734,complete,Leucocytes,positive,F,YC,20.0,,2332.0,
69,case_10,2024-04-10 16:53:08.103734,complete,Leucocytes,positive,K,YA,22.0,,1225.0,
70,case_10,2024-04-10 18:02:31.103734,complete,Admission NC,positive,F,,,,,
71,case_10,2024-04-10 19:22:18.103734,complete,Admission NC,positive,F,,,,,
72,case_10,2024-04-10 19:39:54.103734,complete,Leucocytes,positive,I,YC,22.0,,2063.0,
73,case_10,2024-04-10 20:58:32.103734,complete,CRP,positive,K,YC,20.0,4721.0,,
74,case_11,2024-04-10 16:06:48.103734,complete,Admission NC,positive,J,,,,,
75,case_11,2024-04-10 16:44:04.103734,complete,Leucocytes,positive,K,YC,20.0,,1970.0,
76,case_11,2024-04-10 18:18:54.103734,complete,Leucocytes,positive,K,YC,22.0,,3079.0,
77,case_11,2024-04-10 18:41:50.103734,complete,Leucocytes,positive,K,YA,21.0,,1549.0,
78,case_11,2024-04-10 20:01:33.103734,complete,CRP,positive,K,QB,20.0,50.0,,
79,case_11,2024-04-10 21:06:21.103734,complete,Admission NC,positive,F,,,,,
80,case_12,2024-04-10 15:53:06.103734,complete,Admission NC,positive,J,,,,,
81,case_12,2024-04-10 17:33:35.103734,complete,CRP,positive,I,YA,22.0,1397.0,,
82,case_12,2024-04-10 17:38:13.103734,complete,Return ER,positive,?,,,,,
83,case_12,2024-04-10 18:49:01.103734,complete,CRP,positive,?,YA,22.0,622.0,,
84,case_12,2024-04-10 20:23:21.103734,complete,Admission NC,positive,F,,,,,
85,case_12,2024-04-10 20:55:59.103734,complete,CRP,positive,K,YD,21.0,3109.0,,
86,case_13,2024-04-10 16:20:47.103734,complete,CRP,positive,K,YA,21.0,2603.0,,
87,case_13,2024-04-10 16:55:23.103734,complete,Leucocytes,positive,L,YA,22.0,,1638.0,
88,case_13,2024-04-10 18:32:42.103734,complete,Leucocytes,positive,K,YC,20.0,,138.0,
89,case_13,2024-04-10 19:14:04.103734,complete,Admission NC,positive,F,,,,,
90,case_13,2024-04-10 19:43:03.103734,complete,Admission NC,positive,F,,,,,
91,case_13,2024-04-10 21:07:21.103734,complete,Leucocytes,positive,K,YC,20.0,,3250.0,
92,case_13,2024-04-10 21:52:30.103734,complete,Leucocytes,positive,I,YA,20.0,,2129.0,
93,case_13,2024-04-10 22:52:34.103734,complete,Leucocytes,positive,K,YC,21.0,,1090.0,
94,case_14,2024-04-10 15:42:18.103734,complete,Leucocytes,positive,?,YB,54.0,,2844.0,
95,case_14,2024-04-10 17:04:53.103734,complete,Leucocytes,positive,K,YB,21.0,,138.0,
96,case_14,2024-04-10 18:22:04.103734,complete,Leucocytes,positive,K,YA,21.0,,1389.0,
97,case_14,2024-04-10 19:10:19.103734,complete,CRP,positive,K,YA,20.0,50.0,,
98,case_14,2024-04-10 19:41:42.103734,complete,LacticAcid,positive,K,,,,,2.0
99,case_14,2024-04-10 21:03:44.103734,complete,Leucocytes,positive,K,YC,20.0,,138.0,
100,case_14,2024-04-10 22:28:00.103734,complete,Admission NC,positive,F,,,,,
101,case_14,2024-04-10 23:37:32.103734,complete,Admission NC,positive,J,,,,,
102,case_15,2024-04-10 15:49:52.103734,complete,CRP,positive,K,YA,20.0,2603.0,,
103,case_15,2024-04-10 16:43:26.103734,complete,Leucocytes,positive,A,YA,21.0,,1638.0,
104,case_15,2024-04-10 18:20:12.103734,complete,CRP,positive,K,YA,20.0,50.0,,
105,case_15,2024-04-10 19:18:06.103734,complete,Admission NC,positive,F,,,,,
106,case_15,2024-04-10 20:10:36.103734,complete,Admission NC,positive,F,,,,,
107,case_15,2024-04-10 20:54:39.103734,complete,CRP,positive,A,YB,22.0,1970.0,,
108,case_15,2024-04-10 22:37:26.103734,complete,CRP,positive,I,YA,21.0,4957.0,,
109,case_15,2024-04-10 22:49:15.103734,complete,Leucocytes,positive,I,QA,21.0,,428.0,
110,case_16,2024-04-10 16:15:08.103734,complete,CRP,positive,K,YA,22.0,50.0,,
111,case_16,2024-04-10 17:05:54.103734,complete,Admission NC,positive,J,,,,,
112,case_16,2024-04-10 17:55:35.103734,complete,Admission NC,positive,A,,,,,
113,case_16,2024-04-10 19:37:37.103734,complete,Leucocytes,positive,K,YC,22.0,,188.0,
114,case_16,2024-04-10 20:13:56.103734,complete,CRP,positive,K,YA,22.0,5581.0,,
115,case_16,2024-04-10 21:22:14.103734,complete,CRP,positive,A,YB,20.0,1545.0,,
116,case_16,2024-04-10 22:17:51.103734,complete,CRP,positive,K,YB,21.0,1339.0,,
117,case_16,2024-04-10 23:00:55.103734,complete,Leucocytes,positive,K,JB,20.0,,139.0,
118,case_17,2024-04-10 16:24:27.103734,complete,CRP,positive,I,YA,54.0,2593.0,,
119,case_17,2024-04-10 17:11:52.103734,complete,Leucocytes,positive,K,YC,22.0,,138.0,
120,case_17,2024-04-10 18:07:54.103734,complete,Admission NC,positive,A,,,,,
121,case_17,2024-04-10 19:27:33.103734,complete,Admission NC,positive,J,,,,,
122,case_17,2024-04-10 19:52:38.103734,complete,Leucocytes,positive,K,YC,22.0,,487.0,
123,case_17,2024-04-10 20:56:35.103734,complete,CRP,positive,I,YA,20.0,565.0,,
124,case_17,2024-04-10 21:42:44.103734,complete,CRP,positive,I,YB,20.0,1339.0,,
125,case_17,2024-04-10 23:15:21.103734,complete,Leucocytes,positive,K,JB,20.0,,159.0,
126,case_18,2024-04-10 15:42:58.103734,complete,CRP,positive,K,YB,20.0,4039.0,,
127,case_18,2024-04-10 17:01:53.103734,complete,CRP,positive,L,YB,21.0,1978.0,,
128,case_18,2024-04-10 18:03:58.103734,complete,CRP,positive,I,YB,21.0,51.0,,
129,case_18,2024-04-10 19:07:51.103734,complete,Admission NC,positive,?,,,,,
130,case_18,2024-04-10 20:09:33.103734,complete,Admission NC,positive,A,,,,,
131,case_18,2024-04-10 20:47:46.103734,complete,CRP,positive,K,YB,20.0,1946.0,,
132,case_18,2024-04-10 22:13:02.103734,complete,CRP,positive,I,YA,21.0,5342.0,,
133,case_18,2024-04-10 22:46:10.103734,complete,CRP,positive,K,YA,22.0,50.0,,
134,case_19,2024-04-10 15:58:39.103734,complete,Admission NC,positive,E,,,,,
135,case_19,2024-04-10 16:42:21.103734,complete,Admission NC,positive,J,,,,,
136,case_19,2024-04-10 18:30:23.103734,complete,Leucocytes,positive,K,YA,21.0,,3358.0,
137,case_19,2024-04-10 19:11:06.103734,complete,CRP,positive,F,YA,21.0,4400.0,,
138,case_19,2024-04-10 19:52:04.103734,complete,CRP,positive,K,YA,20.0,4344.0,,
139,case_19,2024-04-10 20:49:55.103734,complete,CRP,positive,K,YC,22.0,50.0,,
140,case_19,2024-04-10 22:08:30.103734,complete,Leucocytes,positive,K,YC,20.0,,139.0,
141,case_19,2024-04-10 23:21:39.103734,complete,Leucocytes,positive,K,YA,21.0,,392.0,
142,case_20,2024-04-10 15:38:23.103734,complete,Admission NC,positive,J,,,,,
143,case_20,2024-04-10 17:01:28.103734,complete,CRP,positive,K,YB,24.0,5337.0,,
144,case_20,2024-04-10 18:29:05.103734,complete,Leucocytes,positive,I,YA,23.0,,138.0,
145,case_20,2024-04-10 18:42:09.103734,complete,CRP,positive,I,YA,20.0,1592.0,,
146,case_20,2024-04-10 19:53:12.103734,complete,Leucocytes,positive,I,YC,20.0,,1765.0,
147,case_20,2024-04-10 20:50:55.103734,complete,Leucocytes,positive,I,YB,20.0,,138.0,
148,case_20,2024-04-10 22:35:55.103734,complete,Admission NC,positive,F,,,,,
149,case_20,2024-04-10 22:43:33.103734,complete,Leucocytes,positive,K,V,23.0,,2415.0,
150,case_21,2024-04-10 16:12:17.103734,complete,Leucocytes,positive,K,YD,21.0,,1590.0,
151,case_21,2024-04-10 16:39:46.103734,complete,CRP,positive,K,YA,20.0,3889.0,,
152,case_21,2024-04-10 18:00:24.103734,complete,CRP,positive,K,YA,20.0,2005.0,,
153,case_21,2024-04-10 19:19:33.103734,complete,Leucocytes,positive,A,YA,21.0,,139.0,
154,case_21,2024-04-10 19:55:26.103734,complete,Leucocytes,positive,K,YB,20.0,,3223.0,
155,case_21,2024-04-10 21:06:10.103734,complete,Leucocytes,positive,I,YC,71.0,,139.0,
156,case_21,2024-04-10 21:47:59.103734,complete,CRP,positive,K,YC,22.0,3455.0,,
157,case_21,2024-04-10 22:47:03.103734,complete,Admission NC,positive,F,,,,,
158,case_21,2024-04-11 00:30:58.103734,complete,Admission NC,positive,F,,,,,
159,case_22,2024-04-10 16:32:21.103734,complete,Admission NC,positive,J,,,,,
160,case_22,2024-04-10 17:01:52.103734,complete,CRP,positive,L,YB,20.0,1695.0,,
161,case_22,2024-04-10 18:25:22.103734,complete,Leucocytes,positive,K,YA,20.0,,3700.0,
162,case_22,2024-04-10 19:37:31.103734,complete,Leucocytes,positive,I,YA,36.0,,2621.0,
163,case_22,2024-04-10 20:18:28.103734,complete,CRP,positive,A,QE,32.0,5019.0,,
164,case_22,2024-04-10 21:24:23.103734,complete,CRP,positive,K,QA,21.0,50.0,,
165,case_22,2024-04-10 22:26:39.103734,complete,Leucocytes,positive,K,YC,20.0,,139.0,
166,case_22,2024-04-10 22:40:23.103734,complete,Admission NC,positive,A,,,,,
167,case_22,2024-04-11 00:05:33.103734,complete,Leucocytes,positive,K,YA,21.0,,618.0,
168,case_23,2024-04-10 16:35:12.103734,complete,CRP,positive,J,YA,20.0,2630.0,,
169,case_23,2024-04-10 17:14:26.103734,complete,CRP,positive,I,YC,20.0,51.0,,
170,case_23,2024-04-10 17:43:13.103734,complete,CRP,positive,A,YB,23.0,2226.0,,
171,case_23,2024-04-10 19:08:11.103734,complete,CRP,positive,A,YA,22.0,848.0,,
172,case_23,2024-04-10 19:48:44.103734,complete,CRP,positive,K,YB,21.0,50.0,,
173,case_23,2024-04-10 21:16:37.103734,complete,Leucocytes,positive,K,YA,20.0,,1262.0,
174,case_23,2024-04-10 22:35:34.103734,complete,Leucocytes,positive,I,YA,21.0,,346.0,
175,case_23,2024-04-10 23:25:22.103734,complete,Admission NC,positive,C,,,,,
176,case_23,2024-04-11 00:34:41.103734,complete,Admission NC,positive,F,,,,,
177,case_24,2024-04-10 16:09:21.103734,complete,Admission NC,positive,?,,,,,
178,case_24,2024-04-10 17:12:27.103734,complete,CRP,positive,I,YA,20.0,1695.0,,
179,case_24,2024-04-10 17:55:21.103734,complete,Leucocytes,positive,K,YA,21.0,,3700.0,
180,case_24,2024-04-10 19:07:11.103734,complete,Leucocytes,positive,K,YC,36.0,,2621.0,
181,case_24,2024-04-10 20:29:48.103734,complete,Leucocytes,positive,C,YA,32.0,,461.0,
182,case_24,2024-04-10 21:14:14.103734,complete,CRP,positive,L,YB,20.0,50.0,,
183,case_24,2024-04-10 22:16:53.103734,complete,CRP,positive,A,YA,20.0,50.0,,
184,case_24,2024-04-10 22:43:17.103734,complete,Leucocytes,positive,K,YA,21.0,,1639.0,
185,case_24,2024-04-11 00:26:42.103734,complete,Admission NC,positive,F,,,,,
186,case_25,2024-04-10 15:59:27.103734,complete,Leucocytes,positive,K,YC,25.0,,3003.0,
187,case_25,2024-04-10 16:38:56.103734,complete,CRP,positive,I,YA,20.0,5515.0,,
188,case_25,2024-04-10 18:19:05.103734,complete,CRP,positive,I,YA,20.0,1139.0,,
189,case_25,2024-04-10 18:48:06.103734,complete,Leucocytes,positive,K,NA,20.0,,138.0,
190,case_25,2024-04-10 20:36:11.103734,complete,Leucocytes,positive,A,YA,20.0,,138.0,
191,case_25,2024-04-10 21:23:19.103734,complete,CRP,positive,I,YD,21.0,52.0,,
192,case_25,2024-04-10 21:57:15.103734,complete,CRP,positive,K,YA,23.0,5375.0,,
193,case_25,2024-04-10 23:26:29.103734,complete,Admission NC,positive,F,,,,,
194,case_25,2024-04-10 23:48:38.103734,complete,Admission NC,positive,F,,,,,
195,case_26,2024-04-10 16:29:10.103734,complete,Leucocytes,positive,K,YB,22.0,,2810.0,
196,case_26,2024-04-10 16:45:58.103734,complete,CRP,positive,I,YA,21.0,50.0,,
197,case_26,2024-04-10 17:59:06.103734,complete,CRP,positive,I,QA,21.0,50.0,,
198,case_26,2024-04-10 19:08:46.103734,complete,CRP,positive,K,YD,21.0,51.0,,
199,case_26,2024-04-10 19:54:57.103734,complete,CRP,positive,K,YA,21.0,717.0,,
200,case_26,2024-04-10 20:39:03.103734,complete,Admission NC,positive,J,,,,,
201,case_26,2024-04-10 22:15:49.103734,complete,CRP,positive,I,YB,20.0,2914.0,,
202,case_26,2024-04-10 22:41:58.103734,complete,CRP,positive,I,YB,20.0,51.0,,
203,case_26,2024-04-11 00:26:21.103734,complete,Leucocytes,positive,K,YD,20.0,,3472.0,
204,case_26,2024-04-11 00:44:44.103734,complete,Admission NC,positive,F,,,,,
205,case_27,2024-04-10 15:57:46.103734,complete,Admission NC,positive,?,,,,,
206,case_27,2024-04-10 17:10:03.103734,complete,CRP,positive,K,YA,22.0,780.0,,
207,case_27,2024-04-10 18:17:33.103734,complete,Leucocytes,positive,A,YB,20.0,,138.0,
208,case_27,2024-04-10 18:41:42.103734,complete,LacticAcid,positive,K,,,,,54.0
209,case_27,2024-04-10 19:40:15.103734,complete,CRP,positive,I,YB,20.0,4119.0,,
210,case_27,2024-04-10 21:08:09.103734,complete,CRP,positive,K,YA,21.0,1905.0,,
211,case_27,2024-04-10 22:27:41.103734,complete,Leucocytes,positive,K,YA,22.0,,138.0,
212,case_27,2024-04-10 23:20:53.103734,complete,CRP,positive,K,YA,20.0,50.0,,
213,case_27,2024-04-10 23:47:11.103734,complete,Admission NC,positive,J,,,,,
214,case_27,2024-04-11 00:53:49.103734,complete,Leucocytes,positive,A,JA,20.0,,138.0,
215,case_28,2024-04-10 16:01:47.103734,complete,CRP,positive,K,YC,21.0,4734.0,,
216,case_28,2024-04-10 16:52:37.103734,complete,Admission NC,positive,A,,,,,
217,case_28,2024-04-10 18:31:07.103734,complete,Admission NC,positive,J,,,,,
218,case_28,2024-04-10 18:44:38.103734,complete,CRP,positive,K,YB,20.0,4853.0,,
219,case_28,2024-04-10 19:49:40.103734,complete,CRP,positive,I,YC,20.0,50.0,,
220,case_29,2024-04-10 15:45:23.103734,complete,CRP,positive,K,IE,20.0,5312.0,,
221,case_29,2024-04-10 16:40:01.103734,complete,Return ER,positive,?,,,,,
222,case_29,2024-04-10 18:26:22.103734,complete,CRP,positive,K,YA,20.0,3254.0,,
223,case_29,2024-04-10 19:07:28.103734,complete,Admission NC,positive,J,,,,,
224,case_29,2024-04-10 20:37:39.103734,complete,Admission NC,positive,F,,,,,
