,case:concept:name,time:timestamp,lifecycle:transition,concept:name,case:label,org:group,Diagnose,Age,CRP,Leucocytes,InfectionSuspected,DiagnosticBlood,DisfuncOrg,SIRSCritTachypnea,Hypotensie,SIRSCritHeartRate,Infusion,DiagnosticArtAstrup,DiagnosticIC,DiagnosticSputum,DiagnosticLiquor,DiagnosticOther,SIRSCriteria2OrMore,DiagnosticXthorax,SIRSCritTemperature,DiagnosticUrinaryCulture,SIRSCritLeucos,Oligurie,DiagnosticLacticAcid,Hypoxie,DiagnosticUrinarySediment,DiagnosticECG,LacticAcid
0,case_0,2024-04-10 15:52:16.374998,complete,CRP,positive,A,YA,21.0,1452.0,,,,,,,,,,,,,,,,,,,,,,,,
1,case_0,2024-04-10 16:50:10.374998,complete,Admission NC,positive,J,,,,,,,,,,,,,,,,,,,,,,,,,,,
2,case_0,2024-04-10 18:17:07.374998,complete,Admission NC,positive,L,,,,,,,,,,,,,,,,,,,,,,,,,,,
3,case_0,2024-04-10 18:32:26.374998,complete,CRP,positive,L,YA,21.0,51.0,,,,,,,,,,,,,,,,,,,,,,,,
4,case_0,2024-04-10 20:23:29.374998,complete,Admission IC,positive,E,,,,,,,,,,,,,,,,,,,,,,,,,,,
5,case_1,2024-04-10 16:27:50.374998,complete,Leucocytes,positive,A,LC,44.0,,3717.0,,,,,,,,,,,,,,,,,,,,,,,
6,case_1,2024-04-10 17:02:58.374998,complete,Admission NC,positive,E,,,,,,,,,,,,,,,,,,,,,,,,,,,
7,case_1,2024-04-10 18:28:29.374998,complete,Admission NC,positive,L,,,,,,,,,,,,,,,,,,,,,,,,,,,
8,case_1,2024-04-10 18:33:56.374998,complete,CRP,positive,L,HD,20.0,50.0,,,,,,,,,,,,,,,,,,,,,,,,
9,case_1,2024-04-10 19:42:55.374998,complete,Admission IC,positive,L,,,,,,,,,,,,,,,,,,,,,,,,,,,
10,case_2,2024-04-10 15:35:24.374998,complete,Leucocytes,positive,L,YA,20.0,,3717.0,,,,,,,,,,,,,,,,,,,,,,,
11,case_2,2024-04-10 17:03:31.374998,complete,Admission NC,positive,E,,,,,,,,,,,,,,,,,,,,,,,,,,,
12,case_2,2024-04-10 18:12:39.374998,complete,Admission NC,positive,J,,,,,,,,,,,,,,,,,,,,,,,,,,,
13,case_2,2024-04-10 18:54:24.374998,complete,CRP,positive,L,ZC,22.0,50.0,,,,,,,,,,,,,,,,,,,,,,,,
14,case_2,2024-04-10 20:10:52.374998,complete,Admission IC,positive,L,,,,,,,,,,,,,,,,,,,,,,,,,,,
15,case_3,2024-04-10 16:05:48.374998,complete,Leucocytes,positive,A,YB,20.0,,3717.0,,,,,,,,,,,,,,,,,,,,,,,
16,case_3,2024-04-10 16:51:54.374998,complete,Admission NC,positive,J,,,,,,,,,,,,,,,,,,,,,,,,,,,
17,case_3,2024-04-10 17:53:48.374998,complete,Admission NC,positive,J,,,,,,,,,,,,,,,,,,,,,,,,,,,
18,case_3,2024-04-10 18:43:57.374998,complete,CRP,positive,J,ZC,21.0,50.0,,,,,,,,,,,,,,,,,,,,,,,,
19,case_3,2024-04-10 20:06:21.374998,complete,Admission IC,positive,L,,,,,,,,,,,,,,,,,,,,,,,,,,,
20,case_4,2024-04-10 15:44:07.374998,complete,CRP,positive,A,YA,21.0,1452.0,,,,,,,,,,,,,,,,,,,,,,,,
21,case_4,2024-04-10 17:22:10.374998,complete,Admission NC,positive,E,,,,,,,,,,,,,,,,,,,,,,,,,,,
22,case_4,2024-04-10 17:38:52.374998,complete,Admission NC,positive,J,,,,,,,,,,,,,,,,,,,,,,,,,,,
23,case_4,2024-04-10 19:28:11.374998,complete,CRP,positive,J,HD,20.0,50.0,,,,,,,,,,,,,,,,,,,,,,,,
24,case_4,2024-04-10 20:13:58.374998,complete,Admission IC,positive,L,,,,,,,,,,,,,,,,,,,,,,,,,,,
25,case_5,2024-04-10 15:59:32.374998,complete,Admission NC,positive,F,,,,,,,,,,,,,,,,,,,,,,,,,,,
26,case_5,2024-04-10 17:14:16.374998,complete,Admission NC,positive,F,,,,,,,,,,,,,,,,,,,,,,,,,,,
27,case_5,2024-04-10 18:27:00.374998,complete,CRP,positive,J,YB,22.0,51.0,,,,,,,,,,,,,,,,,,,,,,,,
28,case_5,2024-04-10 18:33:01.374998,complete,Admission NC,positive,J,,,,,,,,,,,,,,,,,,,,,,,,,,,
29,case_5,2024-04-10 19:59:08.374998,complete,ER Registration,positive,C,YB,21.0,,,true,true,true,false,true,true,true,false,false,false,true,true,true,false,false,true,false,false,false,false,true,false,
30,case_5,2024-04-10 20:59:16.374998,complete,Release B,positive,E,,,,,,,,,,,,,,,,,,,,,,,,,,,
31,case_5,2024-04-10 21:41:08.374998,complete,Admission NC,positive,F,,,,,,,,,,,,,,,,,,,,,,,,,,,
32,case_5,2024-04-10 22:42:51.374998,complete,Admission NC,positive,F,,,,,,,,,,,,,,,,,,,,,,,,,,,
33,case_5,2024-04-10 23:34:10.374998,complete,CRP,positive,L,YA,23.0,3546.0,,,,,,,,,,,,,,,,,,,,,,,,
34,case_5,2024-04-11 00:41:30.374998,complete,CRP,positive,L,Z,23.0,50.0,,,,,,,,,,,,,,,,,,,,,,,,
35,case_6,2024-04-10 16:25:11.374998,complete,Admission NC,positive,F,,,,,,,,,,,,,,,,,,,,,,,,,,,
36,case_6,2024-04-10 16:52:15.374998,complete,Admission NC,positive,F,,,,,,,,,,,,,,,,,,,,,,,,,,,
37,case_6,2024-04-10 18:31:38.374998,complete,CRP,positive,J,YB,58.0,52.0,,,,,,,,,,,,,,,,,,,,,,,,
38,case_6,2024-04-10 19:30:01.374998,complete,Admission NC,positive,F,,,,,,,,,,,,,,,,,,,,,,,,,,,
39,case_6,2024-04-10 19:34:12.374998,complete,Admission NC,positive,F,,,,,,,,,,,,,,,,,,,,,,,,,,,
40,case_6,2024-04-10 21:29:56.374998,complete,Admission NC,positive,E,,,,,,,,,,,,,,,,,,,,,,,,,,,
41,case_6,2024-04-10 21:59:47.374998,complete,CRP,positive,J,YA,23.0,4054.0,,,,,,,,,,,,,,,,,,,,,,,,
42,case_6,2024-04-10 22:58:04.374998,complete,Admission NC,positive,F,,,,,,,,,,,,,,,,,,,,,,,,,,,
43,case_6,2024-04-11 00:14:57.374998,complete,CRP,positive,L,HE,20.0,3546.0,,,,,,,,,,,,,,,,,,,,,,,,
44,case_6,2024-04-11 01:10:28.374998,complete,LacticAcid,positive,L,,,,,,,,,,,,,,,,,,,,,,,,,,,57.0
45,case_7,2024-04-10 15:53:40.374998,complete,Admission NC,positive,F,,,,,,,,,,,,,,,,,,,,,,,,,,,
46,case_7,2024-04-10 17:30:30.374998,complete,Admission NC,positive,F,,,,,,,,,,,,,,,,,,,,,,,,,,,
47,case_7,2024-04-10 17:47:59.374998,complete,Admission NC,positive,F,,,,,,,,,,,,,,,,,,,,,,,,,,,
48,case_7,2024-04-10 19:27:12.374998,complete,Admission NC,positive,F,,,,,,,,,,,,,,,,,,,,,,,,,,,
49,case_7,2024-04-10 19:47:59.374998,complete,Leucocytes,positive,E,YA,76.0,,314.0,,,,,,,,,,,,,,,,,,,,,,,
50,case_7,2024-04-10 20:40:17.374998,complete,LacticAcid,positive,E,,,,,,,,,,,,,,,,,,,,,,,,,,,3.0
51,case_7,2024-04-10 21:56:31.374998,complete,Leucocytes,positive,E,YB,25.0,,197.0,,,,,,,,,,,,,,,,,,,,,,,
52,case_7,2024-04-10 23:32:15.374998,complete,Admission NC,positive,F,,,,,,,,,,,,,,,,,,,,,,,,,,,
53,case_7,2024-04-11 00:00:05.374998,complete,IV Antibiotics,positive,J,,,,,,,,,,,,,,,,,,,,,,,,,,,
54,case_7,2024-04-11 01:00:00.374998,complete,LacticAcid,positive,A,,,,,,,,,,,,,,,,,,,,,,,,,,,57.0
55,case_8,2024-04-10 15:43:25.374998,complete,Admission NC,positive,F,,,,,,,,,,,,,,,,,,,,,,,,,,,
56,case_8,2024-04-10 17:30:03.374998,complete,Admission NC,positive,F,,,,,,,,,,,,,,,,,,,,,,,,,,,
57,case_8,2024-04-10 18:16:32.374998,complete,CRP,positive,J,YA,58.0,51.0,,,,,,,,,,,,,,,,,,,,,,,,
58,case_8,2024-04-10 19:16:11.374998,complete,Admission NC,positive,F,,,,,,,,,,,,,,,,,,,,,,,,,,,
59,case_8,2024-04-10 20:23:00.374998,complete,Admission NC,positive,F,,,,,,,,,,,,,,,,,,,,,,,,,,,
60,case_8,2024-04-10 21:29:07.374998,complete,LacticAcid,positive,L,,,,,,,,,,,,,,,,,,,,,,,,,,,4.0
61,case_8,2024-04-10 22:29:05.374998,complete,Leucocytes,positive,K,HD,20.0,,197.0,,,,,,,,,,,,,,,,,,,,,,,
62,case_8,2024-04-10 22:42:47.374998,complete,Admission NC,positive,F,,,,,,,,,,,,,,,,,,,,,,,,,,,
63,case_8,2024-04-11 00:31:53.374998,complete,CRP,positive,L,HE,22.0,50.0,,,,,,,,,,,,,,,,,,,,,,,,
64,case_8,2024-04-11 01:15:05.374998,complete,Admission NC,positive,F,,,,,,,,,,,,,,,,,,,,,,,,,,,
65,case_9,2024-04-10 16:04:29.374998,complete,Admission NC,positive,F,,,,,,,,,,,,,,,,,,,,,,,,,,,
66,case_9,2024-04-10 17:24:08.374998,complete,Admission NC,positive,F,,,,,,,,,,,,,,,,,,,,,,,,,,,
67,case_9,2024-04-10 18:09:28.374998,complete,CRP,positive,J,HE,30.0,1161.0,,,,,,,,,,,,,,,,,,,,,,,,
68,case_9,2024-04-10 18:43:16.374998,complete,Release B,positive,E,,,,,,,,,,,,,,,,,,,,,,,,,,,
69,case_9,2024-04-10 19:40:08.374998,complete,Admission NC,positive,K,,,,,,,,,,,,,,,,,,,,,,,,,,,
70,case_9,2024-04-10 20:49:51.374998,complete,Release B,positive,E,,,,,,,,,,,,,,,,,,,,,,,,,,,
71,case_9,2024-04-10 21:42:23.374998,complete,Admission NC,positive,J,,,,,,,,,,,,,,,,,,,,,,,,,,,
72,case_9,2024-04-10 22:41:28.374998,complete,Admission NC,positive,F,,,,,,,,,,,,,,,,,,,,,,,,,,,
73,case_9,2024-04-11 00:30:27.374998,complete,LacticAcid,positive,E,,,,,,,,,,,,,,,,,,,,,,,,,,,9.0
74,case_9,2024-04-11 01:25:20.374998,complete,Admission NC,positive,F,,,,,,,,,,,,,,,,,,,,,,,,,,,
75,case_10,2024-04-10 16:19:15.374998,complete,CRP,positive,L,QA,21.0,3176.0,,,,,,,,,,,,,,,,,,,,,,,,
76,case_10,2024-04-10 17:03:04.374998,complete,CRP,positive,E,RD,20.0,50.0,,,,,,,,,,,,,,,,,,,,,,,,
77,case_10,2024-04-10 17:53:44.374998,complete,Admission NC,positive,L,,,,,,,,,,,,,,,,,,,,,,,,,,,
78,case_10,2024-04-10 19:23:46.374998,complete,Leucocytes,positive,L,WC,23.0,,138.0,,,,,,,,,,,,,,,,,,,,,,,
79,case_10,2024-04-10 19:48:10.374998,complete,Admission NC,positive,E,,,,,,,,,,,,,,,,,,,,,,,,,,,
80,case_10,2024-04-10 20:59:29.374998,complete,Leucocytes,positive,L,YB,21.0,,139.0,,,,,,,,,,,,,,,,,,,,,,,
81,case_10,2024-04-10 21:44:07.374998,complete,CRP,positive,L,C,25.0,2812.0,,,,,,,,,,,,,,,,,,,,,,,,
82,case_11,2024-04-10 15:52:18.374998,complete,CRP,positive,F,YC,21.0,2213.0,,,,,,,,,,,,,,,,,,,,,,,,
83,case_11,2024-04-10 17:18:12.374998,complete,Release A,positive,J,,,,,,,,,,,,,,,,,,,,,,,,,,,
84,case_11,2024-04-10 17:36:45.374998,complete,Admission NC,positive,L,,,,,,,,,,,,,,,,,,,,,,,,,,,
85,case_11,2024-04-10 18:43:57.374998,complete,Leucocytes,positive,L,UC,21.0,,138.0,,,,,,,,,,,,,,,,,,,,,,,
86,case_11,2024-04-10 19:45:56.374998,complete,Admission NC,positive,E,,,,,,,,,,,,,,,,,,,,,,,,,,,
87,case_11,2024-04-10 20:46:11.374998,complete,CRP,positive,L,HE,20.0,50.0,,,,,,,,,,,,,,,,,,,,,,,,
88,case_11,2024-04-10 21:52:27.374998,complete,Leucocytes,positive,L,BE,21.0,,138.0,,,,,,,,,,,,,,,,,,,,,,,
89,case_12,2024-04-10 16:01:20.374998,complete,CRP,positive,K,YC,21.0,2213.0,,,,,,,,,,,,,,,,,,,,,,,,
90,case_12,2024-04-10 17:09:39.374998,complete,IV Antibiotics,positive,L,,,,,,,,,,,,,,,,,,,,,,,,,,,
91,case_12,2024-04-10 18:25:24.374998,complete,LacticAcid,positive,E,,,,,,,,,,,,,,,,,,,,,,,,,,,7.0
92,case_12,2024-04-10 19:04:27.374998,complete,Leucocytes,positive,L,WD,20.0,,2775.0,,,,,,,,,,,,,,,,,,,,,,,
93,case_12,2024-04-10 20:27:49.374998,complete,Admission NC,positive,J,,,,,,,,,,,,,,,,,,,,,,,,,,,
94,case_12,2024-04-10 21:30:20.374998,complete,Leucocytes,positive,L,HE,20.0,,137.0,,,,,,,,,,,,,,,,,,,,,,,
95,case_12,2024-04-10 22:14:59.374998,complete,Admission NC,positive,F,,,,,,,,,,,,,,,,,,,,,,,,,,,
96,case_13,2024-04-10 16:27:42.374998,complete,CRP,positive,A,QC,21.0,50.0,,,,,,,,,,,,,,,,,,,,,,,,
97,case_13,2024-04-10 16:42:00.374998,complete,Admission NC,positive,E,,,,,,,,,,,,,,,,,,,,,,,,,,,
98,case_13,2024-04-10 18:12:12.374998,complete,CRP,positive,J,HE,21.0,52.0,,,,,,,,,,,,,,,,,,,,,,,,
99,case_13,2024-04-10 18:46:22.374998,complete,CRP,positive,E,YB,22.0,3062.0,,,,,,,,,,,,,,,,,,,,,,,,
100,case_13,2024-04-10 19:52:10.374998,complete,CRP,positive,E,YC,21.0,186.0,,,,,,,,,,,,,,,,,,,,,,,,
101,case_13,2024-04-10 21:07:32.374998,complete,CRP,positive,E,HD,20.0,2275.0,,,,,,,,,,,,,,,,,,,,,,,,
102,case_13,2024-04-10 21:46:12.374998,complete,Admission NC,positive,E,,,,,,,,,,,,,,,,,,,,,,,,,,,
103,case_13,2024-04-10 23:24:51.374998,complete,CRP,positive,K,C,20.0,2515.0,,,,,,,,,,,,,,,,,,,,,,,,
104,case_14,2024-04-10 16:07:08.374998,complete,CRP,positive,A,HC,22.0,50.0,,,,,,,,,,,,,,,,,,,,,,,,
105,case_14,2024-04-10 16:37:15.374998,complete,CRP,positive,L,MB,20.0,4667.0,,,,,,,,,,,,,,,,,,,,,,,,
106,case_14,2024-04-10 17:38:10.374998,complete,CRP,positive,E,HD,21.0,50.0,,,,,,,,,,,,,,,,,,,,,,,,
107,case_14,2024-04-10 19:22:34.374998,complete,Admission NC,positive,L,,,,,,,,,,,,,,,,,,,,,,,,,,,
108,case_14,2024-04-10 20:27:54.374998,complete,CRP,positive,J,YB,21.0,55.0,,,,,,,,,,,,,,,,,,,,,,,,
109,case_14,2024-04-10 21:14:57.374998,complete,Leucocytes,positive,L,YA,21.0,,3.0,,,,,,,,,,,,,,,,,,,,,,,
110,case_14,2024-04-10 22:27:06.374998,complete,LacticAcid,positive,E,,,,,,,,,,,,,,,,,,,,,,,,,,,10.0
111,case_14,2024-04-10 22:41:32.374998,complete,Admission NC,positive,L,,,,,,,,,,,,,,,,,,,,,,,,,,,
112,case_15,2024-04-10 15:53:59.374998,complete,CRP,positive,K,L,35.0,5730.0,,,,,,,,,,,,,,,,,,,,,,,,
113,case_15,2024-04-10 17:12:02.374998,complete,Leucocytes,positive,L,TC,20.0,,768.0,,,,,,,,,,,,,,,,,,,,,,,
114,case_15,2024-04-10 17:51:39.374998,complete,Admission NC,positive,E,,,,,,,,,,,,,,,,,,,,,,,,,,,
115,case_15,2024-04-10 18:57:29.374998,complete,CRP,positive,J,HE,20.0,52.0,,,,,,,,,,,,,,,,,,,,,,,,
116,case_15,2024-04-10 20:16:05.374998,complete,Leucocytes,positive,E,RA,20.0,,138.0,,,,,,,,,,,,,,,,,,,,,,,
117,case_15,2024-04-10 21:27:59.374998,complete,Admission NC,positive,L,,,,,,,,,,,,,,,,,,,,,,,,,,,
118,case_15,2024-04-10 22:04:49.374998,complete,LacticAcid,positive,L,,,,,,,,,,,,,,,,,,,,,,,,,,,10.0
119,case_15,2024-04-10 22:36:07.374998,complete,CRP,positive,I,RC,20.0,51.0,,,,,,,,,,,,,,,,,,,,,,,,
120,case_16,2024-04-10 16:11:52.374998,complete,LacticAcid,positive,L,,,,,,,,,,,,,,,,,,,,,,,,,,,3.0
121,case_16,2024-04-10 17:27:14.374998,complete,Leucocytes,positive,E,YA,20.0,,2212.0,,,,,,,,,,,,,,,,,,,,,,,
122,case_16,2024-04-10 18:04:10.374998,complete,Admission NC,positive,E,,,,,,,,,,,,,,,,,,,,,,,,,,,
123,case_16,2024-04-10 19:17:55.374998,complete,LacticAcid,positive,L,,,,,,,,,,,,,,,,,,,,,,,,,,,13.0
124,case_16,2024-04-10 20:32:15.374998,complete,Leucocytes,positive,L,RB,20.0,,2.0,,,,,,,,,,,,,,,,,,,,,,,
125,case_16,2024-04-10 20:33:57.374998,complete,Admission NC,positive,J,,,,,,,,,,,,,,,,,,,,,,,,,,,
126,case_16,2024-04-10 21:37:26.374998,complete,Leucocytes,positive,J,HD,25.0,,2.0,,,,,,,,,,,,,,,,,,,,,,,
127,case_16,2024-04-10 22:50:15.374998,complete,CRP,positive,E,RC,39.0,2515.0,,,,,,,,,,,,,,,,,,,,,,,,
128,case_17,2024-04-10 16:12:33.374998,complete,Release A,positive,K,,,,,,,,,,,,,,,,,,,,,,,,,,,
129,case_17,2024-04-10 16:33:20.374998,complete,Leucocytes,positive,E,LB,20.0,,2212.0,,,,,,,,,,,,,,,,,,,,,,,
130,case_17,2024-04-10 17:54:20.374998,complete,Admission NC,positive,L,,,,,,,,,,,,,,,,,,,,,,,,,,,
131,case_17,2024-04-10 18:35:58.374998,complete,Admission NC,positive,J,,,,,,,,,,,,,,,,,,,,,,,,,,,
132,case_17,2024-04-10 20:27:07.374998,complete,Leucocytes,positive,E,JB,20.0,,137.0,,,,,,,,,,,,,,,,,,,,,,,
133,case_17,2024-04-10 21:27:26.374998,complete,Leucocytes,positive,E,HE,20.0,,138.0,,,,,,,,,,,,,,,,,,,,,,,
134,case_17,2024-04-10 22:13:42.374998,complete,LacticAcid,positive,K,,,,,,,,,,,,,,,,,,,,,,,,,,,15.0
135,case_17,2024-04-10 22:34:27.374998,complete,CRP,positive,E,C,21.0,2515.0,,,,,,,,,,,,,,,,,,,,,,,,
136,case_18,2024-04-10 16:07:13.374998,complete,CRP,positive,K,WB,77.0,2657.0,,,,,,,,,,,,,,,,,,,,,,,,
137,case_18,2024-04-10 17:12:25.374998,complete,CRP,positive,A,HB,21.0,50.0,,,,,,,,,,,,,,,,,,,,,,,,
138,case_18,2024-04-10 17:39:18.374998,complete,Admission NC,positive,J,,,,,,,,,,,,,,,,,,,,,,,,,,,
139,case_18,2024-04-10 18:38:09.374998,complete,Admission NC,positive,J,,,,,,,,,,,,,,,,,,,,,,,,,,,
140,case_18,2024-04-10 19:42:58.374998,complete,Admission IC,positive,A,,,,,,,,,,,,,,,,,,,,,,,,,,,
141,case_18,2024-04-10 20:35:54.374998,complete,CRP,positive,L,D,20.0,3109.0,,,,,,,,,,,,,,,,,,,,,,,,
142,case_19,2024-04-10 15:35:46.374998,complete,LacticAcid,positive,I,,,,,,,,,,,,,,,,,,,,,,,,,,,2.0
143,case_19,2024-04-10 17:29:50.374998,complete,Leucocytes,positive,I,YD,23.0,,674.0,,,,,,,,,,,,,,,,,,,,,,,
144,case_19,2024-04-10 18:09:23.374998,complete,CRP,positive,E,YA,22.0,3567.0,,,,,,,,,,,,,,,,,,,,,,,,
145,case_19,2024-04-10 18:53:32.374998,complete,Admission NC,positive,J,,,,,,,,,,,,,,,,,,,,,,,,,,,
146,case_19,2024-04-10 20:15:56.374998,complete,Admission IC,positive,J,,,,,,,,,,,,,,,,,,,,,,,,,,,
147,case_19,2024-04-10 21:23:15.374998,complete,Admission NC,positive,J,,,,,,,,,,,,,,,,,,,,,,,,,,,
148,case_20,2024-04-10 16:24:55.374998,complete,Admission NC,positive,J,,,,,,,,,,,,,,,,,,,,,,,,,,,
149,case_20,2024-04-10 16:34:43.374998,complete,Leucocytes,positive,I,YD,89.0,,674.0,,,,,,,,,,,,,,,,,,,,,,,
150,case_20,2024-04-10 17:34:11.374998,complete,Admission NC,positive,F,,,,,,,,,,,,,,,,,,,,,,,,,,,
151,case_20,2024-04-10 19:22:48.374998,complete,CRP,positive,L,YA,20.0,622.0,,,,,,,,,,,,,,,,,,,,,,,,
152,case_20,2024-04-10 19:53:06.374998,complete,Leucocytes,positive,J,HE,20.0,,2063.0,,,,,,,,,,,,,,,,,,,,,,,
153,case_20,2024-04-10 20:53:40.374998,complete,CRP,positive,A,E,20.0,50.0,,,,,,,,,,,,,,,,,,,,,,,,
154,case_21,2024-04-10 16:12:39.374998,complete,Admission NC,positive,J,,,,,,,,,,,,,,,,,,,,,,,,,,,
155,case_21,2024-04-10 16:58:05.374998,complete,Leucocytes,positive,E,YA,21.0,,674.0,,,,,,,,,,,,,,,,,,,,,,,
156,case_21,2024-04-10 17:36:14.374998,complete,Leucocytes,positive,E,YB,90.0,,14.0,,,,,,,,,,,,,,,,,,,,,,,
157,case_21,2024-04-10 19:06:30.374998,complete,Admission NC,positive,J,,,,,,,,,,,,,,,,,,,,,,,,,,,
158,case_21,2024-04-10 19:32:51.374998,complete,Admission IC,positive,E,,,,,,,,,,,,,,,,,,,,,,,,,,,
159,case_21,2024-04-10 20:59:18.374998,complete,CRP,positive,L,YB,24.0,50.0,,,,,,,,,,,,,,,,,,,,,,,,
160,case_22,2024-04-10 16:24:27.374998,complete,Admission NC,positive,?,,,,,,,,,,,,,,,,,,,,,,,,,,,
161,case_22,2024-04-10 16:50:26.374998,complete,Leucocytes,positive,K,HE,20.0,,674.0,,,,,,,,,,,,,,,,,,,,,,,
162,case_22,2024-04-10 18:25:15.374998,complete,CRP,positive,J,HD,20.0,5664.0,,,,,,,,,,,,,,,,,,,,,,,,
163,case_22,2024-04-10 19:03:45.374998,complete,Admission NC,positive,J,,,,,,,,,,,,,,,,,,,,,,,,,,,
164,case_22,2024-04-10 20:17:04.374998,complete,Admission IC,positive,I,,,,,,,,,,,,,,,,,,,,,,,,,,,
165,case_22,2024-04-10 21:21:55.374998,complete,CRP,positive,L,E,32.0,50.0,,,,,,,,,,,,,,,,,,,,,,,,
166,case_23,2024-04-10 16:26:03.374998,complete,Admission NC,positive,F,,,,,,,,,,,,,,,,,,,,,,,,,,,
167,case_23,2024-04-10 16:46:32.374998,complete,Admission NC,positive,F,,,,,,,,,,,,,,,,,,,,,,,,,,,
168,case_23,2024-04-10 18:17:01.374998,complete,CRP,positive,L,YA,20.0,3371.0,,,,,,,,,,,,,,,,,,,,,,,,
169,case_23,2024-04-10 19:29:19.374998,complete,Leucocytes,positive,J,YB,82.0,,3031.0,,,,,,,,,,,,,,,,,,,,,,,
170,case_23,2024-04-10 20:15:27.374998,complete,LacticAcid,positive,J,,,,,,,,,,,,,,,,,,,,,,,,,,,10.0
171,case_23,2024-04-10 20:57:41.374998,complete,Admission IC,positive,E,,,,,,,,,,,,,,,,,,,,,,,,,,,
172,case_24,2024-04-10 15:47:36.374998,complete,CRP,positive,K,RC,20.0,1970.0,,,,,,,,,,,,,,,,,,,,,,,,
173,case_24,2024-04-10 17:21:45.374998,complete,Leucocytes,positive,F,YA,20.0,,138.0,,,,,,,,,,,,,,,,,,,,,,,
174,case_24,2024-04-10 18:18:59.374998,complete,Leucocytes,positive,K,HE,61.0,,14.0,,,,,,,,,,,,,,,,,,,,,,,
175,case_24,2024-04-10 18:44:57.374998,complete,Admission NC,positive,J,,,,,,,,,,,,,,,,,,,,,,,,,,,
176,case_24,2024-04-10 20:03:44.374998,complete,Admission NC,positive,J,,,,,,,,,,,,,,,,,,,,,,,,,,,
177,case_24,2024-04-10 20:54:36.374998,complete,Leucocytes,positive,J,E,20.0,,138.0,,,,,,,,,,,,,,,,,,,,,,,
178,case_25,2024-04-10 15:48:32.374998,complete,CRP,positive,K,EE,20.0,50.0,,,,,,,,,,,,,,,,,,,,,,,,
179,case_25,2024-04-10 16:49:12.374998,complete,Admission NC,positive,J,,,,,,,,,,,,,,,,,,,,,,,,,,,
180,case_25,2024-04-10 18:01:05.374998,complete,CRP,positive,J,YA,78.0,5730.0,,,,,,,,,,,,,,,,,,,,,,,,
181,case_25,2024-04-10 19:17:40.374998,complete,Admission NC,positive,J,,,,,,,,,,,,,,,,,,,,,,,,,,,
182,case_25,2024-04-10 20:18:01.374998,complete,Admission IC,positive,J,,,,,,,,,,,,,,,,,,,,,,,,,,,
183,case_25,2024-04-10 20:55:37.374998,complete,Admission NC,positive,J,,,,,,,,,,,,,,,,,,,,,,,,,,,
184,case_25,2024-04-10 21:56:10.374998,complete,Admission NC,positive,J,,,,,,,,,,,,,,,,,,,,,,,,,,,
185,case_25,2024-04-10 22:38:55.374998,complete,Admission IC,positive,J,,,,,,,,,,,,,,,,,,,,,,,,,,,
186,case_25,2024-04-11 00:29:55.374998,complete,Admission NC,positive,J,,,,,,,,,,,,,,,,,,,,,,,,,,,
187,case_26,2024-04-10 15:43:17.374998,complete,Admission NC,positive,J,,,,,,,,,,,,,,,,,,,,,,,,,,,
188,case_26,2024-04-10 16:55:50.374998,complete,Admission IC,positive,J,,,,,,,,,,,,,,,,,,,,,,,,,,,
189,case_26,2024-04-10 18:26:16.374998,complete,Admission NC,positive,J,,,,,,,,,,,,,,,,,,,,,,,,,,,
190,case_26,2024-04-10 18:47:17.374998,complete,Admission NC,positive,J,,,,,,,,,,,,,,,,,,,,,,,,,,,
191,case_26,2024-04-10 19:45:33.374998,complete,LacticAcid,positive,J,,,,,,,,,,,,,,,,,,,,,,,,,,,9.0
192,case_26,2024-04-10 21:22:33.374998,complete,Admission IC,positive,K,,,,,,,,,,,,,,,,,,,,,,,,,,,
193,case_26,2024-04-10 22:25:54.374998,complete,Admission IC,positive,L,,,,,,,,,,,,,,,,,,,,,,,,,,,
194,case_26,2024-04-10 23:17:09.374998,complete,Admission NC,positive,F,,,,,,,,,,,,,,,,,,,,,,,,,,,
195,case_26,2024-04-11 00:10:56.374998,complete,CRP,positive,A,YA,60.0,50.0,,,,,,,,,,,,,,,,,,,,,,,,
196,case_27,2024-04-10 16:05:52.374998,complete,IV Antibiotics,positive,L,,,,,,,,,,,,,,,,,,,,,,,,,,,
197,case_27,2024-04-10 17:30:57.374998,complete,Admission NC,positive,J,,,,,,,,,,,,,,,,,,,,,,,,,,,
198,case_27,2024-04-10 17:34:31.374998,complete,Admission NC,positive,J,,,,,,,,,,,,,,,,,,,,,,,,,,,
199,case_27,2024-04-10 19:04:39.374998,complete,Leucocytes,positive,E,UA,23.0,,2.0,,,,,,,,,,,,,,,,,,,,,,,
200,case_27,2024-04-10 19:49:32.374998,complete,Admission NC,positive,J,,,,,,,,,,,,,,,,,,,,,,,,,,,
201,case_27,2024-04-10 21:17:07.374998,complete,CRP,positive,J,HA,90.0,50.0,,,,,,,,,,,,,,,,,,,,,,,,
202,case_27,2024-04-10 21:50:53.374998,complete,Admission NC,positive,J,,,,,,,,,,,,,,,,,,,,,,,,,,,
203,case_27,2024-04-10 23:11:06.374998,complete,Admission IC,positive,J,,,,,,,,,,,,,,,,,,,,,,,,,,,
204,case_27,2024-04-10 23:44:24.374998,complete,Admission NC,positive,J,,,,,,,,,,,,,,,,,,,,,,,,,,,
205,case_28,2024-04-10 16:17:14.374998,complete,CRP,positive,L,YA,82.0,5730.0,,,,,,,,,,,,,,,,,,,,,,,,
206,case_28,2024-04-10 17:11:41.374998,complete,Admission NC,positive,J,,,,,,,,,,,,,,,,,,,,,,,,,,,
207,case_28,2024-04-10 18:19:30.374998,complete,Release B,positive,E,,,,,,,,,,,,,,,,,,,,,,,,,,,
208,case_28,2024-04-10 19:32:04.374998,complete,Admission NC,positive,J,,,,,,,,,,,,,,,,,,,,,,,,,,,
209,case_28,2024-04-10 19:40:47.374998,complete,Admission IC,positive,J,,,,,,,,,,,,,,,,,,,,,,,,,,,
210,case_28,2024-04-10 21:19:19.374998,complete,Admission NC,positive,J,,,,,,,,,,,,,,,,,,,,,,,,,,,
211,case_28,2024-04-10 21:49:04.374998,complete,Admission NC,positive,J,,,,,,,,,,,,,,,,,,,,,,,,,,,
212,case_28,2024-04-10 23:13:53.374998,complete,Leucocytes,positive,E,IA,20.0,,138.0,,,,,,,,,,,,,,,,,,,,,,,
213,case_28,2024-04-11 00:21:54.374998,complete,CRP,positive,E,B,20.0,50.0,,,,,,,,,,,,,,,,,,,,,,,,
214,case_29,2024-04-10 15:57:50.374998,complete,CRP,positive,K,YB,22.0,50.0,,,,,,,,,,,,,,,,,,,,,,,,
215,case_29,2024-04-10 16:49:14.374998,complete,Release B,positive,K,,,,,,,,,,,,,,,,,,,,,,,,,,,
216,case_29,2024-04-10 18:32:02.374998,complete,Release B,positive,E,,,,,,,,,,,,,,,,,,,,,,,,,,,
217,case_29,2024-04-10 19:20:55.374998,complete,Admission NC,positive,J,,,,,,,,,,,,,,,,,,,,,,,,,,,
218,case_29,2024-04-10 20:16:48.374998,complete,Admission IC,positive,J,,,,,,,,,,,,,,,,,,,,,,,,,,,
219,case_29,2024-04-10 20:49:18.374998,complete,Admission NC,positive,J,,,,,,,,,,,,,,,,,,,,,,,,,,,
220,case_29,2024-04-10 22:18:27.374998,complete,Admission NC,positive,J,,,,,,,,,,,,,,,,,,,,,,,,,,,
221,case_29,2024-04-10 23:17:26.374998,complete,Leucocytes,positive,E,YA,90.0,,3813.0,,,,,,,,,,,,,,,,,,,,,,,
222,case_29,2024-04-11 00:30:28.374998,complete,Admission NC,positive,A,,,,,,,,,,,,,,,,,,,,,,,,,,,
