,case:concept:name,time:timestamp,lifecycle:transition,concept:name,case:label,org:group,Diagnose,Age,CRP,Leucocytes,LacticAcid,InfectionSuspected,DiagnosticBlood,DisfuncOrg,SIRSCritTachypnea,Hypotensie,SIRSCritHeartRate,Infusion,DiagnosticArtAstrup,DiagnosticIC,DiagnosticSputum,DiagnosticLiquor,DiagnosticOther,SIRSCriteria2OrMore,DiagnosticXthorax,SIRSCritTemperature,DiagnosticUrinaryCulture,SIRSCritLeucos,Oligurie,DiagnosticLacticAcid,Hypoxie,DiagnosticUrinarySediment,DiagnosticECG
0,case_0,2024-04-10 16:15:05.127131,complete,CRP,positive,E,YB,21.0,5026.0,,,,,,,,,,,,,,,,,,,,,,,,
1,case_0,2024-04-10 17:23:41.127131,complete,Admission NC,positive,J,,,,,,,,,,,,,,,,,,,,,,,,,,,
2,case_0,2024-04-10 18:10:32.127131,complete,Leucocytes,positive,L,YA,90.0,,2404.0,,,,,,,,,,,,,,,,,,,,,,,
3,case_0,2024-04-10 19:19:22.127131,complete,Leucocytes,positive,?,YA,20.0,,4.0,,,,,,,,,,,,,,,,,,,,,,,
4,case_0,2024-04-10 20:07:08.127131,complete,Admission NC,positive,J,,,,,,,,,,,,,,,,,,,,,,,,,,,
5,case_0,2024-04-10 21:15:59.127131,complete,Admission NC,positive,A,,,,,,,,,,,,,,,,,,,,,,,,,,,
6,case_0,2024-04-10 21:51:13.127131,complete,CRP,positive,J,YA,20.0,1744.0,,,,,,,,,,,,,,,,,,,,,,,,
7,case_0,2024-04-10 22:42:20.127131,complete,CRP,positive,I,GD,20.0,4160.0,,,,,,,,,,,,,,,,,,,,,,,,
8,case_0,2024-04-11 00:09:17.127131,complete,Leucocytes,positive,J,YB,20.0,,138.0,,,,,,,,,,,,,,,,,,,,,,,
9,case_0,2024-04-11 00:49:49.127131,complete,CRP,positive,E,YA,21.0,1539.0,,,,,,,,,,,,,,,,,,,,,,,,
10,case_1,2024-04-10 16:07:48.127131,complete,Leucocytes,positive,K,YA,63.0,,662.0,,,,,,,,,,,,,,,,,,,,,,,
11,case_1,2024-04-10 16:37:41.127131,complete,Admission NC,positive,L,,,,,,,,,,,,,,,,,,,,,,,,,,,
12,case_1,2024-04-10 17:54:25.127131,complete,Release B,positive,E,,,,,,,,,,,,,,,,,,,,,,,,,,,
13,case_1,2024-04-10 19:26:08.127131,complete,Release B,positive,E,,,,,,,,,,,,,,,,,,,,,,,,,,,
14,case_1,2024-04-10 19:56:27.127131,complete,Release B,positive,E,,,,,,,,,,,,,,,,,,,,,,,,,,,
15,case_1,2024-04-10 21:18:00.127131,complete,Leucocytes,positive,K,YA,26.0,,138.0,,,,,,,,,,,,,,,,,,,,,,,
16,case_1,2024-04-10 22:07:31.127131,complete,Admission NC,positive,J,,,,,,,,,,,,,,,,,,,,,,,,,,,
17,case_1,2024-04-10 23:10:08.127131,complete,CRP,positive,K,YC,21.0,3266.0,,,,,,,,,,,,,,,,,,,,,,,,
18,case_1,2024-04-10 23:38:12.127131,complete,Leucocytes,positive,I,HE,21.0,,2837.0,,,,,,,,,,,,,,,,,,,,,,,
19,case_1,2024-04-11 00:54:07.127131,complete,Leucocytes,positive,J,HE,20.0,,138.0,,,,,,,,,,,,,,,,,,,,,,,
20,case_2,2024-04-10 15:47:02.127131,complete,CRP,positive,K,QA,20.0,50.0,,,,,,,,,,,,,,,,,,,,,,,,
21,case_2,2024-04-10 17:25:46.127131,complete,CRP,positive,A,YC,21.0,990.0,,,,,,,,,,,,,,,,,,,,,,,,
22,case_2,2024-04-10 18:01:42.127131,complete,Leucocytes,positive,I,YB,20.0,,2404.0,,,,,,,,,,,,,,,,,,,,,,,
23,case_2,2024-04-10 19:29:30.127131,complete,Admission NC,positive,F,,,,,,,,,,,,,,,,,,,,,,,,,,,
24,case_2,2024-04-10 20:25:51.127131,complete,Admission NC,positive,E,,,,,,,,,,,,,,,,,,,,,,,,,,,
25,case_2,2024-04-10 21:11:00.127131,complete,Leucocytes,positive,K,YA,20.0,,138.0,,,,,,,,,,,,,,,,,,,,,,,
26,case_2,2024-04-10 22:22:22.127131,complete,Admission NC,positive,F,,,,,,,,,,,,,,,,,,,,,,,,,,,
27,case_2,2024-04-10 23:07:44.127131,complete,CRP,positive,J,GB,20.0,4160.0,,,,,,,,,,,,,,,,,,,,,,,,
28,case_2,2024-04-11 00:26:34.127131,complete,CRP,positive,L,YA,88.0,50.0,,,,,,,,,,,,,,,,,,,,,,,,
29,case_2,2024-04-11 00:57:07.127131,complete,CRP,positive,L,YA,20.0,51.0,,,,,,,,,,,,,,,,,,,,,,,,
30,case_3,2024-04-10 16:27:44.127131,complete,CRP,positive,K,YC,20.0,50.0,,,,,,,,,,,,,,,,,,,,,,,,
31,case_3,2024-04-10 16:52:59.127131,complete,Admission NC,positive,F,,,,,,,,,,,,,,,,,,,,,,,,,,,
32,case_3,2024-04-10 17:55:20.127131,complete,CRP,positive,I,HD,21.0,52.0,,,,,,,,,,,,,,,,,,,,,,,,
33,case_3,2024-04-10 19:36:54.127131,complete,CRP,positive,K,YB,20.0,53.0,,,,,,,,,,,,,,,,,,,,,,,,
34,case_3,2024-04-10 19:42:24.127131,complete,Admission NC,positive,F,,,,,,,,,,,,,,,,,,,,,,,,,,,
35,case_3,2024-04-10 21:28:10.127131,complete,Leucocytes,positive,?,YA,65.0,,138.0,,,,,,,,,,,,,,,,,,,,,,,
36,case_3,2024-04-10 21:52:07.127131,complete,Admission NC,positive,F,,,,,,,,,,,,,,,,,,,,,,,,,,,
37,case_3,2024-04-10 23:03:12.127131,complete,CRP,positive,J,YB,23.0,3849.0,,,,,,,,,,,,,,,,,,,,,,,,
38,case_3,2024-04-11 00:28:43.127131,complete,CRP,positive,I,YC,20.0,50.0,,,,,,,,,,,,,,,,,,,,,,,,
39,case_3,2024-04-11 01:10:59.127131,complete,CRP,positive,E,YA,20.0,149.0,,,,,,,,,,,,,,,,,,,,,,,,
40,case_4,2024-04-10 15:57:33.127131,complete,Admission NC,positive,J,,,,,,,,,,,,,,,,,,,,,,,,,,,
41,case_4,2024-04-10 17:08:53.127131,complete,LacticAcid,positive,L,,,,,9.0,,,,,,,,,,,,,,,,,,,,,,
42,case_4,2024-04-10 18:16:14.127131,complete,LacticAcid,positive,I,,,,,2.0,,,,,,,,,,,,,,,,,,,,,,
43,case_4,2024-04-10 18:56:47.127131,complete,Leucocytes,positive,K,YA,25.0,,2144.0,,,,,,,,,,,,,,,,,,,,,,,
44,case_4,2024-04-10 19:39:04.127131,complete,Leucocytes,positive,K,YC,21.0,,1675.0,,,,,,,,,,,,,,,,,,,,,,,
45,case_4,2024-04-10 21:30:17.127131,complete,Admission NC,positive,L,,,,,,,,,,,,,,,,,,,,,,,,,,,
46,case_4,2024-04-10 22:01:10.127131,complete,IV Antibiotics,positive,L,,,,,,,,,,,,,,,,,,,,,,,,,,,
47,case_4,2024-04-10 23:30:04.127131,complete,CRP,positive,J,YA,21.0,3849.0,,,,,,,,,,,,,,,,,,,,,,,,
48,case_4,2024-04-11 00:24:04.127131,complete,CRP,positive,L,YA,21.0,50.0,,,,,,,,,,,,,,,,,,,,,,,,
49,case_4,2024-04-11 01:34:08.127131,complete,Leucocytes,positive,J,HE,20.0,,3032.0,,,,,,,,,,,,,,,,,,,,,,,
50,case_5,2024-04-10 16:13:30.127131,complete,CRP,positive,E,YC,20.0,50.0,,,,,,,,,,,,,,,,,,,,,,,,
51,case_5,2024-04-10 16:48:10.127131,complete,LacticAcid,positive,I,,,,,2.0,,,,,,,,,,,,,,,,,,,,,,
52,case_5,2024-04-10 17:44:38.127131,complete,Leucocytes,positive,K,QC,20.0,,2040.0,,,,,,,,,,,,,,,,,,,,,,,
53,case_5,2024-04-10 18:39:02.127131,complete,CRP,positive,E,YC,21.0,50.0,,,,,,,,,,,,,,,,,,,,,,,,
54,case_5,2024-04-10 19:52:33.127131,complete,Admission NC,positive,F,,,,,,,,,,,,,,,,,,,,,,,,,,,
55,case_5,2024-04-10 20:47:26.127131,complete,Leucocytes,positive,I,YB,20.0,,138.0,,,,,,,,,,,,,,,,,,,,,,,
56,case_5,2024-04-10 22:07:32.127131,complete,Admission NC,positive,E,,,,,,,,,,,,,,,,,,,,,,,,,,,
57,case_5,2024-04-10 23:35:40.127131,complete,CRP,positive,E,GB,21.0,3849.0,,,,,,,,,,,,,,,,,,,,,,,,
58,case_5,2024-04-11 00:29:25.127131,complete,CRP,positive,E,HE,21.0,5263.0,,,,,,,,,,,,,,,,,,,,,,,,
59,case_5,2024-04-11 01:16:51.127131,complete,Leucocytes,positive,J,HE,20.0,,1189.0,,,,,,,,,,,,,,,,,,,,,,,
60,case_6,2024-04-10 16:16:25.127131,complete,LacticAcid,positive,K,,,,,2.0,,,,,,,,,,,,,,,,,,,,,,
61,case_6,2024-04-10 17:15:27.127131,complete,Leucocytes,positive,L,YB,21.0,,2060.0,,,,,,,,,,,,,,,,,,,,,,,
62,case_6,2024-04-10 18:28:54.127131,complete,Release B,positive,E,,,,,,,,,,,,,,,,,,,,,,,,,,,
63,case_6,2024-04-10 19:16:37.127131,complete,Release B,positive,E,,,,,,,,,,,,,,,,,,,,,,,,,,,
64,case_6,2024-04-10 19:57:55.127131,complete,Release B,positive,E,,,,,,,,,,,,,,,,,,,,,,,,,,,
65,case_6,2024-04-10 21:33:21.127131,complete,Admission NC,positive,L,,,,,,,,,,,,,,,,,,,,,,,,,,,
66,case_6,2024-04-10 21:55:35.127131,complete,Admission NC,positive,F,,,,,,,,,,,,,,,,,,,,,,,,,,,
67,case_6,2024-04-10 22:52:21.127131,complete,Release B,positive,E,,,,,,,,,,,,,,,,,,,,,,,,,,,
68,case_7,2024-04-10 15:40:45.127131,complete,Leucocytes,positive,L,YA,54.0,,446.0,,,,,,,,,,,,,,,,,,,,,,,
69,case_7,2024-04-10 16:41:52.127131,complete,Leucocytes,positive,J,YD,66.0,,2153.0,,,,,,,,,,,,,,,,,,,,,,,
70,case_7,2024-04-10 18:04:38.127131,complete,CRP,positive,I,YB,20.0,3190.0,,,,,,,,,,,,,,,,,,,,,,,,
71,case_7,2024-04-10 19:28:52.127131,complete,Leucocytes,positive,L,YA,20.0,,138.0,,,,,,,,,,,,,,,,,,,,,,,
72,case_7,2024-04-10 19:52:33.127131,complete,LacticAcid,positive,K,,,,,10.0,,,,,,,,,,,,,,,,,,,,,,
73,case_7,2024-04-10 20:43:08.127131,complete,CRP,positive,I,HE,20.0,50.0,,,,,,,,,,,,,,,,,,,,,,,,
74,case_7,2024-04-10 22:27:07.127131,complete,Admission NC,positive,F,,,,,,,,,,,,,,,,,,,,,,,,,,,
75,case_7,2024-04-10 23:17:42.127131,complete,Admission NC,positive,J,,,,,,,,,,,,,,,,,,,,,,,,,,,
76,case_8,2024-04-10 16:34:16.127131,complete,ER Registration,positive,K,YA,23.0,,,,true,false,false,true,false,true,true,false,false,true,false,false,false,true,false,true,false,false,true,false,true,true
77,case_8,2024-04-10 17:13:22.127131,complete,Admission NC,positive,J,,,,,,,,,,,,,,,,,,,,,,,,,,,
78,case_8,2024-04-10 17:52:13.127131,complete,CRP,positive,K,QA,21.0,50.0,,,,,,,,,,,,,,,,,,,,,,,,
79,case_8,2024-04-10 19:02:52.127131,complete,CRP,positive,I,YB,22.0,51.0,,,,,,,,,,,,,,,,,,,,,,,,
80,case_8,2024-04-10 19:55:25.127131,complete,CRP,positive,I,YA,22.0,50.0,,,,,,,,,,,,,,,,,,,,,,,,
81,case_8,2024-04-10 20:44:26.127131,complete,CRP,positive,I,YA,20.0,51.0,,,,,,,,,,,,,,,,,,,,,,,,
82,case_8,2024-04-10 21:55:17.127131,complete,Admission NC,positive,F,,,,,,,,,,,,,,,,,,,,,,,,,,,
83,case_8,2024-04-10 23:27:24.127131,complete,CRP,positive,L,V,21.0,50.0,,,,,,,,,,,,,,,,,,,,,,,,
84,case_9,2024-04-10 15:40:27.127131,complete,Admission NC,positive,J,,,,,,,,,,,,,,,,,,,,,,,,,,,
85,case_9,2024-04-10 17:16:12.127131,complete,Leucocytes,positive,J,YA,70.0,,331.0,,,,,,,,,,,,,,,,,,,,,,,
86,case_9,2024-04-10 18:33:16.127131,complete,Leucocytes,positive,I,YA,20.0,,138.0,,,,,,,,,,,,,,,,,,,,,,,
87,case_9,2024-04-10 18:46:52.127131,complete,Leucocytes,positive,I,VD,20.0,,138.0,,,,,,,,,,,,,,,,,,,,,,,
88,case_9,2024-04-10 20:03:12.127131,complete,CRP,positive,I,MD,20.0,52.0,,,,,,,,,,,,,,,,,,,,,,,,
89,case_9,2024-04-10 21:06:54.127131,complete,Admission NC,positive,F,,,,,,,,,,,,,,,,,,,,,,,,,,,
90,case_9,2024-04-10 21:52:40.127131,complete,CRP,positive,I,YB,20.0,4909.0,,,,,,,,,,,,,,,,,,,,,,,,
91,case_9,2024-04-10 23:21:59.127131,complete,CRP,positive,L,YC,34.0,2515.0,,,,,,,,,,,,,,,,,,,,,,,,
92,case_10,2024-04-10 16:35:19.127131,complete,CRP,positive,K,YD,20.0,50.0,,,,,,,,,,,,,,,,,,,,,,,,
93,case_10,2024-04-10 17:28:29.127131,complete,Leucocytes,positive,J,YA,20.0,,674.0,,,,,,,,,,,,,,,,,,,,,,,
94,case_10,2024-04-10 17:50:38.127131,complete,CRP,positive,L,YA,20.0,50.0,,,,,,,,,,,,,,,,,,,,,,,,
95,case_10,2024-04-10 18:38:57.127131,complete,CRP,positive,L,YB,21.0,51.0,,,,,,,,,,,,,,,,,,,,,,,,
96,case_10,2024-04-10 19:46:58.127131,complete,Admission NC,positive,F,,,,,,,,,,,,,,,,,,,,,,,,,,,
97,case_10,2024-04-10 21:26:14.127131,complete,Admission NC,positive,F,,,,,,,,,,,,,,,,,,,,,,,,,,,
98,case_11,2024-04-10 16:23:44.127131,complete,CRP,positive,L,YA,23.0,50.0,,,,,,,,,,,,,,,,,,,,,,,,
99,case_11,2024-04-10 16:54:06.127131,complete,Leucocytes,positive,L,YA,20.0,,674.0,,,,,,,,,,,,,,,,,,,,,,,
100,case_11,2024-04-10 18:21:45.127131,complete,CRP,positive,L,YA,20.0,50.0,,,,,,,,,,,,,,,,,,,,,,,,
101,case_11,2024-04-10 18:52:51.127131,complete,CRP,positive,K,HA,20.0,51.0,,,,,,,,,,,,,,,,,,,,,,,,
102,case_11,2024-04-10 20:04:25.127131,complete,Admission NC,positive,F,,,,,,,,,,,,,,,,,,,,,,,,,,,
103,case_11,2024-04-10 21:04:30.127131,complete,Admission NC,positive,F,,,,,,,,,,,,,,,,,,,,,,,,,,,
104,case_12,2024-04-10 16:29:53.127131,complete,Leucocytes,positive,E,YD,20.0,,3.0,,,,,,,,,,,,,,,,,,,,,,,
105,case_12,2024-04-10 17:12:03.127131,complete,CRP,positive,J,YA,20.0,1397.0,,,,,,,,,,,,,,,,,,,,,,,,
106,case_12,2024-04-10 18:29:35.127131,complete,CRP,positive,I,YA,20.0,4629.0,,,,,,,,,,,,,,,,,,,,,,,,
107,case_12,2024-04-10 19:35:37.127131,complete,CRP,positive,L,YB,28.0,50.0,,,,,,,,,,,,,,,,,,,,,,,,
108,case_12,2024-04-10 19:37:25.127131,complete,Admission NC,positive,E,,,,,,,,,,,,,,,,,,,,,,,,,,,
109,case_12,2024-04-10 21:35:33.127131,complete,Admission NC,positive,F,,,,,,,,,,,,,,,,,,,,,,,,,,,
110,case_13,2024-04-10 16:02:53.127131,complete,Leucocytes,positive,E,YB,24.0,,3079.0,,,,,,,,,,,,,,,,,,,,,,,
111,case_13,2024-04-10 17:03:14.127131,complete,CRP,positive,J,YA,20.0,50.0,,,,,,,,,,,,,,,,,,,,,,,,
112,case_13,2024-04-10 17:54:10.127131,complete,CRP,positive,A,YB,20.0,4629.0,,,,,,,,,,,,,,,,,,,,,,,,
113,case_13,2024-04-10 18:53:14.127131,complete,Admission NC,positive,L,,,,,,,,,,,,,,,,,,,,,,,,,,,
114,case_13,2024-04-10 20:15:44.127131,complete,Admission NC,positive,E,,,,,,,,,,,,,,,,,,,,,,,,,,,
115,case_13,2024-04-10 21:03:12.127131,complete,Leucocytes,positive,F,YC,20.0,,550.0,,,,,,,,,,,,,,,,,,,,,,,
116,case_14,2024-04-10 15:43:10.127131,complete,CRP,positive,E,YB,24.0,1970.0,,,,,,,,,,,,,,,,,,,,,,,,
117,case_14,2024-04-10 17:35:19.127131,complete,Leucocytes,positive,L,YA,20.0,,138.0,,,,,,,,,,,,,,,,,,,,,,,
118,case_14,2024-04-10 18:19:48.127131,complete,CRP,positive,A,YB,20.0,4629.0,,,,,,,,,,,,,,,,,,,,,,,,
119,case_14,2024-04-10 18:42:41.127131,complete,Admission NC,positive,L,,,,,,,,,,,,,,,,,,,,,,,,,,,
120,case_14,2024-04-10 19:39:40.127131,complete,Admission NC,positive,F,,,,,,,,,,,,,,,,,,,,,,,,,,,
121,case_14,2024-04-10 21:14:56.127131,complete,CRP,positive,?,YA,22.0,3109.0,,,,,,,,,,,,,,,,,,,,,,,,
122,case_15,2024-04-10 16:31:13.127131,complete,Leucocytes,positive,L,YA,24.0,,314.0,,,,,,,,,,,,,,,,,,,,,,,
123,case_15,2024-04-10 16:59:49.127131,complete,Leucocytes,positive,L,YA,20.0,,629.0,,,,,,,,,,,,,,,,,,,,,,,
124,case_15,2024-04-10 18:11:27.127131,complete,CRP,positive,K,YB,20.0,4629.0,,,,,,,,,,,,,,,,,,,,,,,,
125,case_15,2024-04-10 19:33:50.127131,complete,Admission NC,positive,J,,,,,,,,,,,,,,,,,,,,,,,,,,,
126,case_15,2024-04-10 19:46:38.127131,complete,Admission NC,positive,F,,,,,,,,,,,,,,,,,,,,,,,,,,,
127,case_15,2024-04-10 20:38:15.127131,complete,CRP,positive,C,YC,21.0,3109.0,,,,,,,,,,,,,,,,,,,,,,,,
128,case_16,2024-04-10 16:11:52.127131,complete,Leucocytes,positive,L,YA,21.0,,3717.0,,,,,,,,,,,,,,,,,,,,,,,
129,case_16,2024-04-10 16:42:10.127131,complete,CRP,positive,L,YB,24.0,133.0,,,,,,,,,,,,,,,,,,,,,,,,
130,case_16,2024-04-10 17:39:16.127131,complete,CRP,positive,I,YA,20.0,3254.0,,,,,,,,,,,,,,,,,,,,,,,,
131,case_16,2024-04-10 18:54:49.127131,complete,Admission NC,positive,F,,,,,,,,,,,,,,,,,,,,,,,,,,,
132,case_16,2024-04-10 20:29:19.127131,complete,Admission NC,positive,J,,,,,,,,,,,,,,,,,,,,,,,,,,,
133,case_17,2024-04-10 16:06:21.127131,complete,Admission NC,positive,F,,,,,,,,,,,,,,,,,,,,,,,,,,,
134,case_17,2024-04-10 17:20:17.127131,complete,CRP,positive,A,YA,20.0,4559.0,,,,,,,,,,,,,,,,,,,,,,,,
135,case_17,2024-04-10 18:12:09.127131,complete,CRP,positive,I,YA,88.0,1901.0,,,,,,,,,,,,,,,,,,,,,,,,
136,case_17,2024-04-10 19:31:48.127131,complete,Leucocytes,positive,A,YA,30.0,,3593.0,,,,,,,,,,,,,,,,,,,,,,,
137,case_17,2024-04-10 19:41:51.127131,complete,Admission NC,positive,E,,,,,,,,,,,,,,,,,,,,,,,,,,,
138,case_18,2024-04-10 15:45:50.127131,complete,CRP,positive,K,YB,21.0,2137.0,,,,,,,,,,,,,,,,,,,,,,,,
139,case_18,2024-04-10 16:42:00.127131,complete,CRP,positive,L,YB,21.0,50.0,,,,,,,,,,,,,,,,,,,,,,,,
140,case_18,2024-04-10 18:02:23.127131,complete,Admission NC,positive,J,,,,,,,,,,,,,,,,,,,,,,,,,,,
141,case_18,2024-04-10 18:55:49.127131,complete,Admission NC,positive,F,,,,,,,,,,,,,,,,,,,,,,,,,,,
142,case_18,2024-04-10 19:53:40.127131,complete,CRP,positive,L,YD,21.0,51.0,,,,,,,,,,,,,,,,,,,,,,,,
143,case_19,2024-04-10 15:50:20.127131,complete,Leucocytes,positive,J,YA,22.0,,3717.0,,,,,,,,,,,,,,,,,,,,,,,
144,case_19,2024-04-10 16:58:49.127131,complete,CRP,positive,L,YB,24.0,50.0,,,,,,,,,,,,,,,,,,,,,,,,
145,case_19,2024-04-10 18:00:03.127131,complete,Leucocytes,positive,I,YA,20.0,,3.0,,,,,,,,,,,,,,,,,,,,,,,
146,case_19,2024-04-10 19:20:41.127131,complete,Admission NC,positive,?,,,,,,,,,,,,,,,,,,,,,,,,,,,
147,case_19,2024-04-10 19:55:42.127131,complete,Admission NC,positive,L,,,,,,,,,,,,,,,,,,,,,,,,,,,
148,case_20,2024-04-10 16:05:20.127131,complete,CRP,positive,K,YA,20.0,50.0,,,,,,,,,,,,,,,,,,,,,,,,
149,case_20,2024-04-10 17:08:24.127131,complete,Admission NC,positive,F,,,,,,,,,,,,,,,,,,,,,,,,,,,
150,case_20,2024-04-10 17:51:01.127131,complete,Leucocytes,positive,L,YB,25.0,,1883.0,,,,,,,,,,,,,,,,,,,,,,,
151,case_20,2024-04-10 19:23:21.127131,complete,Admission NC,positive,A,,,,,,,,,,,,,,,,,,,,,,,,,,,
152,case_20,2024-04-10 20:06:43.127131,complete,Leucocytes,positive,L,YA,21.0,,138.0,,,,,,,,,,,,,,,,,,,,,,,
153,case_21,2024-04-10 15:40:41.127131,complete,CRP,positive,?,YA,20.0,51.0,,,,,,,,,,,,,,,,,,,,,,,,
154,case_21,2024-04-10 17:29:52.127131,complete,Admission NC,positive,E,,,,,,,,,,,,,,,,,,,,,,,,,,,
155,case_21,2024-04-10 18:36:54.127131,complete,Leucocytes,positive,A,YA,22.0,,138.0,,,,,,,,,,,,,,,,,,,,,,,
156,case_21,2024-04-10 18:56:43.127131,complete,Leucocytes,positive,I,YC,89.0,,2944.0,,,,,,,,,,,,,,,,,,,,,,,
157,case_21,2024-04-10 20:20:07.127131,complete,Admission NC,positive,F,,,,,,,,,,,,,,,,,,,,,,,,,,,
158,case_22,2024-04-10 16:13:35.127131,complete,CRP,positive,K,YB,23.0,50.0,,,,,,,,,,,,,,,,,,,,,,,,
159,case_22,2024-04-10 16:45:47.127131,complete,CRP,positive,L,YA,20.0,133.0,,,,,,,,,,,,,,,,,,,,,,,,
160,case_22,2024-04-10 17:55:59.127131,complete,Admission NC,positive,A,,,,,,,,,,,,,,,,,,,,,,,,,,,
161,case_22,2024-04-10 18:45:44.127131,complete,CRP,positive,J,YA,20.0,50.0,,,,,,,,,,,,,,,,,,,,,,,,
162,case_22,2024-04-10 19:48:29.127131,complete,Admission NC,positive,F,,,,,,,,,,,,,,,,,,,,,,,,,,,
163,case_23,2024-04-10 15:48:38.127131,complete,LacticAcid,positive,L,,,,,2.0,,,,,,,,,,,,,,,,,,,,,,
164,case_23,2024-04-10 16:54:30.127131,complete,Leucocytes,positive,L,YC,21.0,,1757.0,,,,,,,,,,,,,,,,,,,,,,,
165,case_23,2024-04-10 18:10:48.127131,complete,CRP,positive,I,YB,21.0,50.0,,,,,,,,,,,,,,,,,,,,,,,,
166,case_23,2024-04-10 19:08:38.127131,complete,Admission NC,positive,F,,,,,,,,,,,,,,,,,,,,,,,,,,,
167,case_23,2024-04-10 19:40:14.127131,complete,IV Antibiotics,positive,L,,,,,,,,,,,,,,,,,,,,,,,,,,,
168,case_23,2024-04-10 21:13:19.127131,complete,Admission NC,positive,L,,,,,,,,,,,,,,,,,,,,,,,,,,,
169,case_23,2024-04-10 22:28:48.127131,complete,IV Antibiotics,positive,L,,,,,,,,,,,,,,,,,,,,,,,,,,,
170,case_23,2024-04-10 23:32:59.127131,complete,IV Antibiotics,positive,L,,,,,,,,,,,,,,,,,,,,,,,,,,,
171,case_23,2024-04-10 23:42:08.127131,complete,IV Antibiotics,positive,L,,,,,,,,,,,,,,,,,,,,,,,,,,,
172,case_24,2024-04-10 16:23:49.127131,complete,CRP,positive,J,YB,24.0,52.0,,,,,,,,,,,,,,,,,,,,,,,,
173,case_24,2024-04-10 16:49:50.127131,complete,CRP,positive,J,YA,20.0,5191.0,,,,,,,,,,,,,,,,,,,,,,,,
174,case_24,2024-04-10 18:14:20.127131,complete,CRP,positive,L,YA,21.0,50.0,,,,,,,,,,,,,,,,,,,,,,,,
175,case_24,2024-04-10 18:58:57.127131,complete,Admission NC,positive,A,,,,,,,,,,,,,,,,,,,,,,,,,,,
176,case_24,2024-04-10 20:10:05.127131,complete,Admission NC,positive,F,,,,,,,,,,,,,,,,,,,,,,,,,,,
177,case_24,2024-04-10 21:11:07.127131,complete,CRP,positive,C,YA,22.0,50.0,,,,,,,,,,,,,,,,,,,,,,,,
178,case_24,2024-04-10 21:44:33.127131,complete,LacticAcid,positive,K,,,,,5.0,,,,,,,,,,,,,,,,,,,,,,
179,case_24,2024-04-10 22:55:28.127131,complete,Leucocytes,positive,I,HD,20.0,,138.0,,,,,,,,,,,,,,,,,,,,,,,
180,case_24,2024-04-11 00:36:47.127131,complete,CRP,positive,J,YA,20.0,3302.0,,,,,,,,,,,,,,,,,,,,,,,,
181,case_25,2024-04-10 15:39:17.127131,complete,Leucocytes,positive,E,YC,90.0,,2440.0,,,,,,,,,,,,,,,,,,,,,,,
182,case_25,2024-04-10 17:14:22.127131,complete,Leucocytes,positive,I,YD,20.0,,2914.0,,,,,,,,,,,,,,,,,,,,,,,
183,case_25,2024-04-10 18:29:06.127131,complete,CRP,positive,J,YB,20.0,5078.0,,,,,,,,,,,,,,,,,,,,,,,,
184,case_25,2024-04-10 19:15:45.127131,complete,CRP,positive,L,YA,20.0,2856.0,,,,,,,,,,,,,,,,,,,,,,,,
185,case_25,2024-04-10 19:40:03.127131,complete,Leucocytes,positive,I,YC,21.0,,2032.0,,,,,,,,,,,,,,,,,,,,,,,
186,case_25,2024-04-10 20:40:37.127131,complete,Leucocytes,positive,J,YB,21.0,,138.0,,,,,,,,,,,,,,,,,,,,,,,
187,case_25,2024-04-10 22:22:53.127131,complete,Admission NC,positive,F,,,,,,,,,,,,,,,,,,,,,,,,,,,
188,case_25,2024-04-10 23:25:50.127131,complete,Admission NC,positive,F,,,,,,,,,,,,,,,,,,,,,,,,,,,
189,case_25,2024-04-10 23:46:37.127131,complete,CRP,positive,L,HE,20.0,52.0,,,,,,,,,,,,,,,,,,,,,,,,
190,case_26,2024-04-10 16:19:58.127131,complete,Leucocytes,positive,J,YA,82.0,,1345.0,,,,,,,,,,,,,,,,,,,,,,,
191,case_26,2024-04-10 17:35:23.127131,complete,CRP,positive,J,YA,21.0,50.0,,,,,,,,,,,,,,,,,,,,,,,,
192,case_26,2024-04-10 18:00:37.127131,complete,CRP,positive,I,YC,27.0,54.0,,,,,,,,,,,,,,,,,,,,,,,,
193,case_26,2024-04-10 18:40:06.127131,complete,Admission NC,positive,F,,,,,,,,,,,,,,,,,,,,,,,,,,,
194,case_26,2024-04-10 19:40:56.127131,complete,CRP,positive,I,YB,20.0,1569.0,,,,,,,,,,,,,,,,,,,,,,,,
195,case_26,2024-04-10 21:22:59.127131,complete,Leucocytes,positive,J,YA,20.0,,138.0,,,,,,,,,,,,,,,,,,,,,,,
196,case_26,2024-04-10 22:21:37.127131,complete,Admission NC,positive,F,,,,,,,,,,,,,,,,,,,,,,,,,,,
197,case_26,2024-04-10 23:16:17.127131,complete,CRP,positive,I,YD,20.0,3240.0,,,,,,,,,,,,,,,,,,,,,,,,
198,case_26,2024-04-11 00:22:57.127131,complete,CRP,positive,E,YA,21.0,50.0,,,,,,,,,,,,,,,,,,,,,,,,
199,case_27,2024-04-10 16:13:01.127131,complete,Leucocytes,positive,K,YA,20.0,,3611.0,,,,,,,,,,,,,,,,,,,,,,,
200,case_27,2024-04-10 17:28:09.127131,complete,Leucocytes,positive,K,YA,20.0,,1443.0,,,,,,,,,,,,,,,,,,,,,,,
201,case_27,2024-04-10 18:06:50.127131,complete,CRP,positive,K,YA,20.0,50.0,,,,,,,,,,,,,,,,,,,,,,,,
202,case_27,2024-04-10 18:48:19.127131,complete,Admission NC,positive,C,,,,,,,,,,,,,,,,,,,,,,,,,,,
203,case_27,2024-04-10 20:31:26.127131,complete,Admission NC,positive,F,,,,,,,,,,,,,,,,,,,,,,,,,,,
204,case_27,2024-04-10 21:25:24.127131,complete,CRP,positive,L,QA,25.0,50.0,,,,,,,,,,,,,,,,,,,,,,,,
205,case_27,2024-04-10 21:37:22.127131,complete,CRP,positive,L,YA,21.0,50.0,,,,,,,,,,,,,,,,,,,,,,,,
206,case_28,2024-04-10 16:24:09.127131,complete,IV Antibiotics,positive,L,,,,,,,,,,,,,,,,,,,,,,,,,,,
207,case_28,2024-04-10 17:35:31.127131,complete,ER Sepsis Triage,positive,L,YB,20.0,,,,,,,,,,,,,,,,,,,,,,,,,
208,case_28,2024-04-10 18:17:35.127131,complete,IV Antibiotics,positive,L,,,,,,,,,,,,,,,,,,,,,,,,,,,
209,case_28,2024-04-10 18:58:17.127131,complete,CRP,positive,K,YA,21.0,3671.0,,,,,,,,,,,,,,,,,,,,,,,,
210,case_28,2024-04-10 20:14:24.127131,complete,Admission NC,positive,F,,,,,,,,,,,,,,,,,,,,,,,,,,,
211,case_28,2024-04-10 21:17:08.127131,complete,Leucocytes,positive,L,YA,21.0,,140.0,,,,,,,,,,,,,,,,,,,,,,,
212,case_28,2024-04-10 22:01:14.127131,complete,Admission NC,positive,J,,,,,,,,,,,,,,,,,,,,,,,,,,,
213,case_29,2024-04-10 15:57:31.127131,complete,Leucocytes,positive,L,YB,20.0,,2078.0,,,,,,,,,,,,,,,,,,,,,,,
214,case_29,2024-04-10 16:41:30.127131,complete,CRP,positive,E,YB,20.0,52.0,,,,,,,,,,,,,,,,,,,,,,,,
215,case_29,2024-04-10 17:47:03.127131,complete,Leucocytes,positive,I,YB,90.0,,2823.0,,,,,,,,,,,,,,,,,,,,,,,
216,case_29,2024-04-10 19:28:44.127131,complete,Admission NC,positive,J,,,,,,,,,,,,,,,,,,,,,,,,,,,
217,case_29,2024-04-10 19:53:59.127131,complete,Leucocytes,positive,I,YA,20.0,,138.0,,,,,,,,,,,,,,,,,,,,,,,
218,case_29,2024-04-10 21:16:21.127131,complete,Admission NC,positive,F,,,,,,,,,,,,,,,,,,,,,,,,,,,
219,case_29,2024-04-10 21:58:59.127131,complete,CRP,positive,J,YC,21.0,630.0,,,,,,,,,,,,,,,,,,,,,,,,
