,case:concept:name,time:timestamp,lifecycle:transition,concept:name,case:label,org:group,Diagnose,Age,InfectionSuspected,DiagnosticBlood,DisfuncOrg,SIRSCritTachypnea,Hypotensie,SIRSCritHeartRate,Infusion,DiagnosticArtAstrup,DiagnosticIC,DiagnosticSputum,DiagnosticLiquor,DiagnosticOther,SIRSCriteria2OrMore,DiagnosticXthorax,SIRSCritTemperature,DiagnosticUrinaryCulture,SIRSCritLeucos,Oligurie,DiagnosticLacticAcid,Hypoxie,DiagnosticUrinarySediment,DiagnosticECG,LacticAcid,Leucocytes
0,case_0,2024-04-10 16:26:24.107854,complete,IV Antibiotics,positive,Y,,,,,,,,,,,,,,,,,,,,,,,,,,
1,case_0,2024-04-10 16:47:36.107854,complete,Admission NC,positive,L,,,,,,,,,,,,,,,,,,,,,,,,,,
2,case_0,2024-04-10 18:26:32.107854,complete,Admission NC,positive,J,,,,,,,,,,,,,,,,,,,,,,,,,,
3,case_0,2024-04-10 19:34:03.107854,complete,Admission IC,positive,J,,,,,,,,,,,,,,,,,,,,,,,,,,
4,case_0,2024-04-10 20:02:27.107854,complete,Admission NC,positive,J,,,,,,,,,,,,,,,,,,,,,,,,,,
5,case_0,2024-04-10 21:14:42.107854,complete,Release B,positive,E,,,,,,,,,,,,,,,,,,,,,,,,,,
6,case_0,2024-04-10 22:28:02.107854,complete,ER Triage,positive,C,HE,90.0,,,,,,,,,,,,,,,,,,,,,,,,
7,case_0,2024-04-10 22:44:36.107854,complete,ER Triage,positive,C,HE,90.0,,,,,,,,,,,,,,,,,,,,,,,,
8,case_0,2024-04-11 00:36:45.107854,complete,ER Triage,positive,C,HE,90.0,,,,,,,,,,,,,,,,,,,,,,,,
9,case_0,2024-04-11 00:50:09.107854,complete,Admission NC,positive,Y,,,,,,,,,,,,,,,,,,,,,,,,,,
10,case_1,2024-04-10 16:28:32.107854,complete,Admission NC,positive,J,,,,,,,,,,,,,,,,,,,,,,,,,,
11,case_1,2024-04-10 17:14:52.107854,complete,Release B,positive,E,,,,,,,,,,,,,,,,,,,,,,,,,,
12,case_1,2024-04-10 17:59:30.107854,complete,Return ER,positive,?,,,,,,,,,,,,,,,,,,,,,,,,,,
13,case_1,2024-04-10 19:26:50.107854,complete,Release B,positive,E,,,,,,,,,,,,,,,,,,,,,,,,,,
14,case_1,2024-04-10 19:51:26.107854,complete,Admission NC,positive,J,,,,,,,,,,,,,,,,,,,,,,,,,,
15,case_1,2024-04-10 21:19:21.107854,complete,Admission IC,positive,J,,,,,,,,,,,,,,,,,,,,,,,,,,
16,case_1,2024-04-10 22:32:28.107854,complete,Admission NC,positive,J,,,,,,,,,,,,,,,,,,,,,,,,,,
17,case_1,2024-04-10 23:22:54.107854,complete,Admission NC,positive,F,,,,,,,,,,,,,,,,,,,,,,,,,,
18,case_1,2024-04-10 23:53:41.107854,complete,Admission NC,positive,F,,,,,,,,,,,,,,,,,,,,,,,,,,
19,case_1,2024-04-11 01:16:40.107854,complete,ER Triage,positive,C,HE,90.0,,,,,,,,,,,,,,,,,,,,,,,,
20,case_2,2024-04-10 16:24:32.107854,complete,IV Antibiotics,positive,Y,,,,,,,,,,,,,,,,,,,,,,,,,,
21,case_2,2024-04-10 17:32:52.107854,complete,Release B,positive,E,,,,,,,,,,,,,,,,,,,,,,,,,,
22,case_2,2024-04-10 18:18:03.107854,complete,IV Antibiotics,positive,L,,,,,,,,,,,,,,,,,,,,,,,,,,
23,case_2,2024-04-10 19:15:30.107854,complete,IV Antibiotics,positive,L,,,,,,,,,,,,,,,,,,,,,,,,,,
24,case_2,2024-04-10 20:01:45.107854,complete,IV Antibiotics,positive,L,,,,,,,,,,,,,,,,,,,,,,,,,,
25,case_2,2024-04-10 20:45:15.107854,complete,ER Sepsis Triage,positive,L,HE,90.0,,,,,,,,,,,,,,,,,,,,,,,,
26,case_2,2024-04-10 22:27:32.107854,complete,IV Antibiotics,positive,L,,,,,,,,,,,,,,,,,,,,,,,,,,
27,case_2,2024-04-10 22:53:17.107854,complete,Admission NC,positive,F,,,,,,,,,,,,,,,,,,,,,,,,,,
28,case_2,2024-04-11 00:03:47.107854,complete,Admission NC,positive,F,,,,,,,,,,,,,,,,,,,,,,,,,,
29,case_2,2024-04-11 01:36:22.107854,complete,ER Triage,positive,C,HE,90.0,,,,,,,,,,,,,,,,,,,,,,,,
30,case_3,2024-04-10 16:38:47.107854,complete,IV Antibiotics,positive,Y,,,,,,,,,,,,,,,,,,,,,,,,,,
31,case_3,2024-04-10 16:51:19.107854,complete,Release B,positive,E,,,,,,,,,,,,,,,,,,,,,,,,,,
32,case_3,2024-04-10 18:37:11.107854,complete,Release B,positive,E,,,,,,,,,,,,,,,,,,,,,,,,,,
33,case_3,2024-04-10 19:17:12.107854,complete,Release B,positive,E,,,,,,,,,,,,,,,,,,,,,,,,,,
34,case_3,2024-04-10 19:52:31.107854,complete,Admission NC,positive,J,,,,,,,,,,,,,,,,,,,,,,,,,,
35,case_3,2024-04-10 21:00:42.107854,complete,ER Sepsis Triage,positive,Y,HE,90.0,,,,,,,,,,,,,,,,,,,,,,,,
36,case_3,2024-04-10 21:45:56.107854,complete,IV Antibiotics,positive,J,,,,,,,,,,,,,,,,,,,,,,,,,,
37,case_3,2024-04-10 22:56:06.107854,complete,Admission NC,positive,F,,,,,,,,,,,,,,,,,,,,,,,,,,
38,case_3,2024-04-10 23:51:14.107854,complete,Admission NC,positive,F,,,,,,,,,,,,,,,,,,,,,,,,,,
39,case_3,2024-04-11 00:56:35.107854,complete,ER Triage,positive,C,HE,90.0,,,,,,,,,,,,,,,,,,,,,,,,
40,case_4,2024-04-10 16:38:37.107854,complete,IV Antibiotics,positive,Y,,,,,,,,,,,,,,,,,,,,,,,,,,
41,case_4,2024-04-10 16:45:55.107854,complete,IV Antibiotics,positive,L,,,,,,,,,,,,,,,,,,,,,,,,,,
42,case_4,2024-04-10 18:25:46.107854,complete,ER Triage,positive,C,HE,90.0,,,,,,,,,,,,,,,,,,,,,,,,
43,case_4,2024-04-10 19:01:37.107854,complete,Admission NC,positive,?,,,,,,,,,,,,,,,,,,,,,,,,,,
44,case_4,2024-04-10 20:00:59.107854,complete,IV Antibiotics,positive,L,,,,,,,,,,,,,,,,,,,,,,,,,,
45,case_4,2024-04-10 20:54:49.107854,complete,ER Sepsis Triage,positive,L,HE,90.0,,,,,,,,,,,,,,,,,,,,,,,,
46,case_4,2024-04-10 22:28:20.107854,complete,IV Antibiotics,positive,L,,,,,,,,,,,,,,,,,,,,,,,,,,
47,case_4,2024-04-10 23:15:05.107854,complete,ER Triage,positive,C,HE,90.0,,,,,,,,,,,,,,,,,,,,,,,,
48,case_4,2024-04-11 00:05:48.107854,complete,Admission NC,positive,F,,,,,,,,,,,,,,,,,,,,,,,,,,
49,case_4,2024-04-11 00:54:01.107854,complete,ER Registration,positive,Y,HE,90.0,false,false,true,false,true,false,false,true,false,false,true,true,false,true,false,false,true,true,false,true,false,false,,
50,case_5,2024-04-10 16:34:21.107854,complete,ER Triage,positive,C,HE,90.0,,,,,,,,,,,,,,,,,,,,,,,,
51,case_5,2024-04-10 17:29:46.107854,complete,IV Antibiotics,positive,L,,,,,,,,,,,,,,,,,,,,,,,,,,
52,case_5,2024-04-10 17:41:25.107854,complete,IV Antibiotics,positive,L,,,,,,,,,,,,,,,,,,,,,,,,,,
53,case_5,2024-04-10 19:01:38.107854,complete,Admission NC,positive,L,,,,,,,,,,,,,,,,,,,,,,,,,,
54,case_5,2024-04-10 19:51:30.107854,complete,Admission NC,positive,L,,,,,,,,,,,,,,,,,,,,,,,,,,
55,case_5,2024-04-10 20:45:39.107854,complete,Release B,positive,E,,,,,,,,,,,,,,,,,,,,,,,,,,
56,case_5,2024-04-10 22:15:46.107854,complete,Admission NC,positive,K,,,,,,,,,,,,,,,,,,,,,,,,,,
57,case_5,2024-04-10 23:20:41.107854,complete,Release B,positive,E,,,,,,,,,,,,,,,,,,,,,,,,,,
58,case_6,2024-04-10 16:17:47.107854,complete,Admission NC,positive,J,,,,,,,,,,,,,,,,,,,,,,,,,,
59,case_6,2024-04-10 16:53:51.107854,complete,Admission IC,positive,J,,,,,,,,,,,,,,,,,,,,,,,,,,
60,case_6,2024-04-10 17:45:55.107854,complete,Admission NC,positive,J,,,,,,,,,,,,,,,,,,,,,,,,,,
61,case_6,2024-04-10 19:33:06.107854,complete,IV Antibiotics,positive,L,,,,,,,,,,,,,,,,,,,,,,,,,,
62,case_6,2024-04-10 19:52:13.107854,complete,ER Sepsis Triage,positive,L,HE,90.0,,,,,,,,,,,,,,,,,,,,,,,,
63,case_6,2024-04-10 21:36:16.107854,complete,IV Antibiotics,positive,L,,,,,,,,,,,,,,,,,,,,,,,,,,
64,case_6,2024-04-10 22:39:23.107854,complete,Admission NC,positive,F,,,,,,,,,,,,,,,,,,,,,,,,,,
65,case_6,2024-04-10 22:43:09.107854,complete,Admission NC,positive,F,,,,,,,,,,,,,,,,,,,,,,,,,,
66,case_7,2024-04-10 16:36:07.107854,complete,ER Triage,positive,C,HE,90.0,,,,,,,,,,,,,,,,,,,,,,,,
67,case_7,2024-04-10 16:51:11.107854,complete,Release B,positive,E,,,,,,,,,,,,,,,,,,,,,,,,,,
68,case_7,2024-04-10 17:42:04.107854,complete,Admission NC,positive,K,,,,,,,,,,,,,,,,,,,,,,,,,,
69,case_7,2024-04-10 19:26:10.107854,complete,Release B,positive,E,,,,,,,,,,,,,,,,,,,,,,,,,,
70,case_7,2024-04-10 19:42:23.107854,complete,Admission NC,positive,K,,,,,,,,,,,,,,,,,,,,,,,,,,
71,case_7,2024-04-10 20:59:44.107854,complete,Release B,positive,E,,,,,,,,,,,,,,,,,,,,,,,,,,
72,case_7,2024-04-10 22:13:15.107854,complete,Admission NC,positive,K,,,,,,,,,,,,,,,,,,,,,,,,,,
73,case_7,2024-04-10 22:57:42.107854,complete,Release B,positive,E,,,,,,,,,,,,,,,,,,,,,,,,,,
74,case_8,2024-04-10 16:28:20.107854,complete,IV Antibiotics,positive,Y,,,,,,,,,,,,,,,,,,,,,,,,,,
75,case_8,2024-04-10 16:47:49.107854,complete,Admission NC,positive,J,,,,,,,,,,,,,,,,,,,,,,,,,,
76,case_8,2024-04-10 18:28:40.107854,complete,IV Antibiotics,positive,L,,,,,,,,,,,,,,,,,,,,,,,,,,
77,case_8,2024-04-10 19:37:42.107854,complete,Admission NC,positive,L,,,,,,,,,,,,,,,,,,,,,,,,,,
78,case_8,2024-04-10 19:50:01.107854,complete,IV Antibiotics,positive,L,,,,,,,,,,,,,,,,,,,,,,,,,,
79,case_8,2024-04-10 21:27:46.107854,complete,IV Antibiotics,positive,L,,,,,,,,,,,,,,,,,,,,,,,,,,
80,case_8,2024-04-10 22:30:51.107854,complete,Admission NC,positive,F,,,,,,,,,,,,,,,,,,,,,,,,,,
81,case_8,2024-04-10 23:05:44.107854,complete,Return ER,positive,?,,,,,,,,,,,,,,,,,,,,,,,,,,
82,case_9,2024-04-10 16:18:50.107854,complete,Admission NC,positive,E,,,,,,,,,,,,,,,,,,,,,,,,,,
83,case_9,2024-04-10 17:35:55.107854,complete,IV Antibiotics,positive,K,,,,,,,,,,,,,,,,,,,,,,,,,,
84,case_9,2024-04-10 17:53:14.107854,complete,IV Antibiotics,positive,L,,,,,,,,,,,,,,,,,,,,,,,,,,
85,case_9,2024-04-10 19:12:47.107854,complete,ER Sepsis Triage,positive,L,HE,90.0,,,,,,,,,,,,,,,,,,,,,,,,
86,case_9,2024-04-10 20:14:12.107854,complete,IV Antibiotics,positive,L,,,,,,,,,,,,,,,,,,,,,,,,,,
87,case_9,2024-04-10 21:38:52.107854,complete,ER Sepsis Triage,positive,L,HE,90.0,,,,,,,,,,,,,,,,,,,,,,,,
88,case_9,2024-04-10 21:52:06.107854,complete,IV Antibiotics,positive,L,,,,,,,,,,,,,,,,,,,,,,,,,,
89,case_9,2024-04-10 23:08:54.107854,complete,Admission NC,positive,L,,,,,,,,,,,,,,,,,,,,,,,,,,
90,case_10,2024-04-10 16:34:35.107854,complete,Admission NC,positive,Y,,,,,,,,,,,,,,,,,,,,,,,,,,
91,case_10,2024-04-10 17:26:27.107854,complete,Release B,positive,E,,,,,,,,,,,,,,,,,,,,,,,,,,
92,case_10,2024-04-10 17:46:47.107854,complete,IV Antibiotics,positive,Y,,,,,,,,,,,,,,,,,,,,,,,,,,
93,case_10,2024-04-10 19:25:12.107854,complete,Return ER,positive,?,,,,,,,,,,,,,,,,,,,,,,,,,,
94,case_10,2024-04-10 19:54:24.107854,complete,Release B,positive,E,,,,,,,,,,,,,,,,,,,,,,,,,,
95,case_10,2024-04-10 21:00:07.107854,complete,ER Triage,positive,C,HE,90.0,,,,,,,,,,,,,,,,,,,,,,,,
96,case_10,2024-04-10 21:48:48.107854,complete,Admission NC,positive,J,,,,,,,,,,,,,,,,,,,,,,,,,,
97,case_11,2024-04-10 15:45:30.107854,complete,Admission NC,positive,J,,,,,,,,,,,,,,,,,,,,,,,,,,
98,case_11,2024-04-10 17:08:02.107854,complete,Admission IC,positive,J,,,,,,,,,,,,,,,,,,,,,,,,,,
99,case_11,2024-04-10 17:43:29.107854,complete,Admission NC,positive,J,,,,,,,,,,,,,,,,,,,,,,,,,,
100,case_11,2024-04-10 19:04:34.107854,complete,IV Antibiotics,positive,L,,,,,,,,,,,,,,,,,,,,,,,,,,
101,case_11,2024-04-10 19:56:19.107854,complete,ER Sepsis Triage,positive,L,HE,90.0,,,,,,,,,,,,,,,,,,,,,,,,
102,case_11,2024-04-10 20:51:37.107854,complete,IV Antibiotics,positive,L,,,,,,,,,,,,,,,,,,,,,,,,,,
103,case_11,2024-04-10 22:32:39.107854,complete,Admission NC,positive,J,,,,,,,,,,,,,,,,,,,,,,,,,,
104,case_12,2024-04-10 16:19:13.107854,complete,ER Triage,positive,Y,HE,90.0,,,,,,,,,,,,,,,,,,,,,,,,
105,case_12,2024-04-10 16:53:13.107854,complete,Return ER,positive,?,,,,,,,,,,,,,,,,,,,,,,,,,,
106,case_12,2024-04-10 18:21:16.107854,complete,IV Antibiotics,positive,Y,,,,,,,,,,,,,,,,,,,,,,,,,,
107,case_12,2024-04-10 19:19:03.107854,complete,IV Antibiotics,positive,L,,,,,,,,,,,,,,,,,,,,,,,,,,
108,case_12,2024-04-10 20:32:03.107854,complete,Admission NC,positive,F,,,,,,,,,,,,,,,,,,,,,,,,,,
109,case_12,2024-04-10 21:27:34.107854,complete,ER Triage,positive,C,HE,90.0,,,,,,,,,,,,,,,,,,,,,,,,
110,case_12,2024-04-10 22:13:25.107854,complete,Admission NC,positive,J,,,,,,,,,,,,,,,,,,,,,,,,,,
111,case_13,2024-04-10 15:54:48.107854,complete,LacticAcid,positive,Y,,,,,,,,,,,,,,,,,,,,,,,,,149.0,
112,case_13,2024-04-10 16:43:22.107854,complete,IV Antibiotics,positive,K,,,,,,,,,,,,,,,,,,,,,,,,,,
113,case_13,2024-04-10 18:04:26.107854,complete,IV Antibiotics,positive,L,,,,,,,,,,,,,,,,,,,,,,,,,,
114,case_13,2024-04-10 18:50:00.107854,complete,Release B,positive,E,,,,,,,,,,,,,,,,,,,,,,,,,,
115,case_13,2024-04-10 20:06:47.107854,complete,Admission NC,positive,K,,,,,,,,,,,,,,,,,,,,,,,,,,
116,case_13,2024-04-10 20:44:36.107854,complete,Release B,positive,E,,,,,,,,,,,,,,,,,,,,,,,,,,
117,case_13,2024-04-10 22:18:24.107854,complete,Return ER,positive,J,,,,,,,,,,,,,,,,,,,,,,,,,,
118,case_13,2024-04-10 23:15:05.107854,complete,Admission NC,positive,J,,,,,,,,,,,,,,,,,,,,,,,,,,
119,case_13,2024-04-11 00:01:30.107854,complete,Admission NC,positive,J,,,,,,,,,,,,,,,,,,,,,,,,,,
120,case_14,2024-04-10 16:00:48.107854,complete,IV Antibiotics,positive,L,,,,,,,,,,,,,,,,,,,,,,,,,,
121,case_14,2024-04-10 17:14:34.107854,complete,ER Sepsis Triage,positive,L,HE,90.0,,,,,,,,,,,,,,,,,,,,,,,,
122,case_14,2024-04-10 18:02:21.107854,complete,IV Antibiotics,positive,L,,,,,,,,,,,,,,,,,,,,,,,,,,
123,case_14,2024-04-10 19:17:15.107854,complete,IV Antibiotics,positive,L,,,,,,,,,,,,,,,,,,,,,,,,,,
124,case_14,2024-04-10 20:16:26.107854,complete,ER Sepsis Triage,positive,L,HE,90.0,,,,,,,,,,,,,,,,,,,,,,,,
125,case_14,2024-04-10 20:41:09.107854,complete,IV Antibiotics,positive,L,,,,,,,,,,,,,,,,,,,,,,,,,,
126,case_14,2024-04-10 22:28:20.107854,complete,IV Antibiotics,positive,L,,,,,,,,,,,,,,,,,,,,,,,,,,
127,case_14,2024-04-10 23:21:08.107854,complete,Admission NC,positive,Y,,,,,,,,,,,,,,,,,,,,,,,,,,
128,case_14,2024-04-11 00:01:28.107854,complete,Admission NC,positive,X,,,,,,,,,,,,,,,,,,,,,,,,,,
129,case_15,2024-04-10 15:52:34.107854,complete,IV Antibiotics,positive,Y,,,,,,,,,,,,,,,,,,,,,,,,,,
130,case_15,2024-04-10 17:27:20.107854,complete,Admission NC,positive,F,,,,,,,,,,,,,,,,,,,,,,,,,,
131,case_15,2024-04-10 18:02:58.107854,complete,IV Antibiotics,positive,L,,,,,,,,,,,,,,,,,,,,,,,,,,
132,case_15,2024-04-10 19:08:24.107854,complete,ER Sepsis Triage,positive,L,HE,90.0,,,,,,,,,,,,,,,,,,,,,,,,
133,case_15,2024-04-10 20:29:51.107854,complete,IV Antibiotics,positive,L,,,,,,,,,,,,,,,,,,,,,,,,,,
134,case_15,2024-04-10 20:55:34.107854,complete,Admission NC,positive,?,,,,,,,,,,,,,,,,,,,,,,,,,,
135,case_15,2024-04-10 21:59:48.107854,complete,ER Triage,positive,C,HE,90.0,,,,,,,,,,,,,,,,,,,,,,,,
136,case_15,2024-04-10 23:36:33.107854,complete,Admission NC,positive,Y,,,,,,,,,,,,,,,,,,,,,,,,,,
137,case_15,2024-04-10 23:40:13.107854,complete,Admission NC,positive,J,,,,,,,,,,,,,,,,,,,,,,,,,,
138,case_16,2024-04-10 16:16:43.107854,complete,IV Antibiotics,positive,L,,,,,,,,,,,,,,,,,,,,,,,,,,
139,case_16,2024-04-10 17:34:41.107854,complete,ER Sepsis Triage,positive,Y,HE,90.0,,,,,,,,,,,,,,,,,,,,,,,,
140,case_16,2024-04-10 18:17:45.107854,complete,Admission NC,positive,Y,,,,,,,,,,,,,,,,,,,,,,,,,,
141,case_16,2024-04-10 19:16:59.107854,complete,Release B,positive,E,,,,,,,,,,,,,,,,,,,,,,,,,,
142,case_16,2024-04-10 20:04:55.107854,complete,Admission NC,positive,F,,,,,,,,,,,,,,,,,,,,,,,,,,
143,case_16,2024-04-10 21:18:21.107854,complete,ER Triage,positive,C,HE,90.0,,,,,,,,,,,,,,,,,,,,,,,,
144,case_16,2024-04-10 22:13:44.107854,complete,IV Antibiotics,positive,L,,,,,,,,,,,,,,,,,,,,,,,,,,
145,case_16,2024-04-10 22:46:04.107854,complete,IV Antibiotics,positive,L,,,,,,,,,,,,,,,,,,,,,,,,,,
146,case_16,2024-04-11 00:20:16.107854,complete,Admission NC,positive,C,,,,,,,,,,,,,,,,,,,,,,,,,,
147,case_17,2024-04-10 15:49:14.107854,complete,ER Triage,positive,C,HE,90.0,,,,,,,,,,,,,,,,,,,,,,,,
148,case_17,2024-04-10 17:21:38.107854,complete,LacticAcid,positive,Y,,,,,,,,,,,,,,,,,,,,,,,,,149.0,
149,case_17,2024-04-10 17:51:38.107854,complete,Admission NC,positive,Y,,,,,,,,,,,,,,,,,,,,,,,,,,
150,case_17,2024-04-10 18:56:25.107854,complete,Admission NC,positive,J,,,,,,,,,,,,,,,,,,,,,,,,,,
151,case_17,2024-04-10 19:54:29.107854,complete,Admission NC,positive,Y,,,,,,,,,,,,,,,,,,,,,,,,,,
152,case_17,2024-04-10 20:44:50.107854,complete,Admission NC,positive,F,,,,,,,,,,,,,,,,,,,,,,,,,,
153,case_18,2024-04-10 16:07:48.107854,complete,Leucocytes,positive,Y,HE,90.0,,,,,,,,,,,,,,,,,,,,,,,,137.0
154,case_18,2024-04-10 16:57:43.107854,complete,IV Antibiotics,positive,L,,,,,,,,,,,,,,,,,,,,,,,,,,
155,case_18,2024-04-10 18:35:19.107854,complete,ER Sepsis Triage,positive,Y,HE,90.0,,,,,,,,,,,,,,,,,,,,,,,,
156,case_18,2024-04-10 19:29:05.107854,complete,Admission NC,positive,L,,,,,,,,,,,,,,,,,,,,,,,,,,
157,case_18,2024-04-10 20:16:17.107854,complete,Admission NC,positive,Y,,,,,,,,,,,,,,,,,,,,,,,,,,
158,case_18,2024-04-10 21:21:10.107854,complete,Release B,positive,E,,,,,,,,,,,,,,,,,,,,,,,,,,
159,case_19,2024-04-10 16:17:26.107854,complete,ER Triage,positive,Y,HE,90.0,,,,,,,,,,,,,,,,,,,,,,,,
160,case_19,2024-04-10 17:02:21.107854,complete,ER Registration,positive,Y,HE,90.0,false,false,true,false,true,false,false,true,false,false,true,true,false,false,false,false,true,true,false,true,false,false,,
161,case_19,2024-04-10 17:53:41.107854,complete,Admission NC,positive,Y,,,,,,,,,,,,,,,,,,,,,,,,,,
162,case_19,2024-04-10 19:38:32.107854,complete,IV Antibiotics,positive,Y,,,,,,,,,,,,,,,,,,,,,,,,,,
163,case_19,2024-04-10 20:10:39.107854,complete,Admission NC,positive,Y,,,,,,,,,,,,,,,,,,,,,,,,,,
164,case_19,2024-04-10 21:18:05.107854,complete,IV Antibiotics,positive,L,,,,,,,,,,,,,,,,,,,,,,,,,,
165,case_20,2024-04-10 16:08:44.107854,complete,Leucocytes,positive,Y,HE,90.0,,,,,,,,,,,,,,,,,,,,,,,,137.0
166,case_20,2024-04-10 17:19:21.107854,complete,LacticAcid,positive,Y,,,,,,,,,,,,,,,,,,,,,,,,,149.0,
167,case_20,2024-04-10 18:20:13.107854,complete,Admission NC,positive,J,,,,,,,,,,,,,,,,,,,,,,,,,,
168,case_20,2024-04-10 18:52:28.107854,complete,IV Antibiotics,positive,L,,,,,,,,,,,,,,,,,,,,,,,,,,
169,case_20,2024-04-10 19:57:38.107854,complete,Leucocytes,positive,Y,HE,90.0,,,,,,,,,,,,,,,,,,,,,,,,137.0
170,case_20,2024-04-10 20:43:06.107854,complete,Admission NC,positive,E,,,,,,,,,,,,,,,,,,,,,,,,,,
171,case_21,2024-04-10 16:37:05.107854,complete,ER Registration,positive,Y,HE,90.0,false,false,true,false,true,false,false,true,false,false,true,true,false,false,false,false,true,true,false,true,false,false,,
172,case_21,2024-04-10 16:45:42.107854,complete,ER Triage,positive,C,HE,90.0,,,,,,,,,,,,,,,,,,,,,,,,
173,case_21,2024-04-10 18:17:19.107854,complete,Admission NC,positive,Y,,,,,,,,,,,,,,,,,,,,,,,,,,
174,case_21,2024-04-10 19:35:15.107854,complete,Admission NC,positive,F,,,,,,,,,,,,,,,,,,,,,,,,,,
175,case_21,2024-04-10 20:01:37.107854,complete,Admission NC,positive,Y,,,,,,,,,,,,,,,,,,,,,,,,,,
176,case_21,2024-04-10 21:09:32.107854,complete,LacticAcid,positive,Y,,,,,,,,,,,,,,,,,,,,,,,,,149.0,
177,case_22,2024-04-10 16:36:34.107854,complete,ER Sepsis Triage,positive,Y,HE,90.0,,,,,,,,,,,,,,,,,,,,,,,,
178,case_22,2024-04-10 17:27:26.107854,complete,Admission NC,positive,L,,,,,,,,,,,,,,,,,,,,,,,,,,
179,case_22,2024-04-10 18:21:42.107854,complete,IV Antibiotics,positive,L,,,,,,,,,,,,,,,,,,,,,,,,,,
180,case_22,2024-04-10 19:05:54.107854,complete,IV Antibiotics,positive,L,,,,,,,,,,,,,,,,,,,,,,,,,,
181,case_22,2024-04-10 20:36:45.107854,complete,Admission NC,positive,E,,,,,,,,,,,,,,,,,,,,,,,,,,
182,case_23,2024-04-10 16:14:01.107854,complete,ER Sepsis Triage,positive,Y,HE,90.0,,,,,,,,,,,,,,,,,,,,,,,,
183,case_23,2024-04-10 17:35:50.107854,complete,Admission NC,positive,L,,,,,,,,,,,,,,,,,,,,,,,,,,
184,case_23,2024-04-10 17:44:48.107854,complete,IV Antibiotics,positive,L,,,,,,,,,,,,,,,,,,,,,,,,,,
185,case_23,2024-04-10 19:24:21.107854,complete,Admission NC,positive,J,,,,,,,,,,,,,,,,,,,,,,,,,,
186,case_23,2024-04-10 20:18:17.107854,complete,Release B,positive,E,,,,,,,,,,,,,,,,,,,,,,,,,,
187,case_24,2024-04-10 15:40:42.107854,complete,ER Triage,positive,Y,HE,90.0,,,,,,,,,,,,,,,,,,,,,,,,
188,case_24,2024-04-10 17:31:33.107854,complete,Admission NC,positive,Y,,,,,,,,,,,,,,,,,,,,,,,,,,
189,case_24,2024-04-10 18:11:46.107854,complete,IV Antibiotics,positive,L,,,,,,,,,,,,,,,,,,,,,,,,,,
190,case_24,2024-04-10 19:34:22.107854,complete,Admission NC,positive,F,,,,,,,,,,,,,,,,,,,,,,,,,,
191,case_24,2024-04-10 20:27:03.107854,complete,Release B,positive,E,,,,,,,,,,,,,,,,,,,,,,,,,,
192,case_25,2024-04-10 15:48:17.107854,complete,ER Triage,positive,Y,HE,90.0,,,,,,,,,,,,,,,,,,,,,,,,
193,case_25,2024-04-10 16:46:21.107854,complete,Admission NC,positive,F,,,,,,,,,,,,,,,,,,,,,,,,,,
194,case_25,2024-04-10 17:50:52.107854,complete,IV Antibiotics,positive,L,,,,,,,,,,,,,,,,,,,,,,,,,,
195,case_25,2024-04-10 18:59:26.107854,complete,ER Triage,positive,C,HE,90.0,,,,,,,,,,,,,,,,,,,,,,,,
196,case_25,2024-04-10 19:46:05.107854,complete,Admission NC,positive,E,,,,,,,,,,,,,,,,,,,,,,,,,,
197,case_26,2024-04-10 15:47:46.107854,complete,Admission NC,positive,C,,,,,,,,,,,,,,,,,,,,,,,,,,
198,case_26,2024-04-10 17:32:29.107854,complete,IV Antibiotics,positive,L,,,,,,,,,,,,,,,,,,,,,,,,,,
199,case_26,2024-04-10 18:03:32.107854,complete,ER Sepsis Triage,positive,L,HE,90.0,,,,,,,,,,,,,,,,,,,,,,,,
200,case_26,2024-04-10 19:06:37.107854,complete,IV Antibiotics,positive,L,,,,,,,,,,,,,,,,,,,,,,,,,,
201,case_26,2024-04-10 19:44:45.107854,complete,Admission NC,positive,Y,,,,,,,,,,,,,,,,,,,,,,,,,,
202,case_27,2024-04-10 16:28:45.107854,complete,ER Sepsis Triage,positive,Y,HE,90.0,,,,,,,,,,,,,,,,,,,,,,,,
203,case_27,2024-04-10 16:44:46.107854,complete,Admission NC,positive,F,,,,,,,,,,,,,,,,,,,,,,,,,,
204,case_27,2024-04-10 18:26:47.107854,complete,Admission NC,positive,F,,,,,,,,,,,,,,,,,,,,,,,,,,
205,case_27,2024-04-10 19:16:45.107854,complete,ER Triage,positive,C,HE,90.0,,,,,,,,,,,,,,,,,,,,,,,,
206,case_27,2024-04-10 20:19:51.107854,complete,Release B,positive,E,,,,,,,,,,,,,,,,,,,,,,,,,,
207,case_28,2024-04-10 16:04:05.107854,complete,ER Sepsis Triage,positive,Y,HE,90.0,,,,,,,,,,,,,,,,,,,,,,,,
208,case_28,2024-04-10 16:43:20.107854,complete,Admission NC,positive,Y,,,,,,,,,,,,,,,,,,,,,,,,,,
209,case_28,2024-04-10 17:40:23.107854,complete,Admission NC,positive,F,,,,,,,,,,,,,,,,,,,,,,,,,,
210,case_28,2024-04-10 19:15:39.107854,complete,ER Triage,positive,C,HE,90.0,,,,,,,,,,,,,,,,,,,,,,,,
211,case_28,2024-04-10 20:24:55.107854,complete,Release B,positive,E,,,,,,,,,,,,,,,,,,,,,,,,,,
212,case_29,2024-04-10 16:12:24.107854,complete,ER Triage,positive,Y,HE,90.0,,,,,,,,,,,,,,,,,,,,,,,,
213,case_29,2024-04-10 17:29:56.107854,complete,Admission NC,positive,Y,,,,,,,,,,,,,,,,,,,,,,,,,,
214,case_29,2024-04-10 18:13:32.107854,complete,Admission NC,positive,F,,,,,,,,,,,,,,,,,,,,,,,,,,
215,case_29,2024-04-10 18:58:14.107854,complete,ER Triage,positive,C,HE,90.0,,,,,,,,,,,,,,,,,,,,,,,,
216,case_29,2024-04-10 20:24:51.107854,complete,Release B,positive,E,,,,,,,,,,,,,,,,,,,,,,,,,,
