,case:concept:name,time:timestamp,lifecycle:transition,concept:name,case:label,org:group,Diagnose,Age,CRP,Leucocytes,LacticAcid
0,case_0,2024-04-10 16:32:13.283495,complete,CRP,positive,K,YB,23.0,2810.0,,
1,case_0,2024-04-10 16:49:27.283495,complete,Leucocytes,positive,A,YB,20.0,,138.0,
2,case_0,2024-04-10 18:01:00.283495,complete,Admission NC,positive,A,,,,,
3,case_0,2024-04-10 18:41:57.283495,complete,CRP,positive,I,YA,21.0,50.0,,
4,case_0,2024-04-10 19:51:47.283495,complete,Admission NC,positive,F,,,,,
5,case_0,2024-04-10 21:07:56.283495,complete,CRP,positive,A,YA,21.0,2542.0,,
6,case_0,2024-04-10 21:55:31.283495,complete,Leucocytes,positive,K,YD,20.0,,3456.0,
7,case_1,2024-04-10 16:19:51.283495,complete,CRP,positive,K,B,24.0,2213.0,,
8,case_1,2024-04-10 16:45:24.283495,complete,CRP,positive,I,YC,20.0,2662.0,,
9,case_1,2024-04-10 18:00:37.283495,complete,Leucocytes,positive,A,YA,22.0,,139.0,
10,case_1,2024-04-10 19:10:57.283495,complete,CRP,positive,?,YA,22.0,5435.0,,
11,case_1,2024-04-10 19:43:32.283495,complete,CRP,positive,K,YD,21.0,3397.0,,
12,case_1,2024-04-10 20:59:45.283495,complete,Admission NC,positive,A,,,,,
13,case_1,2024-04-10 22:02:57.283495,complete,Admission NC,positive,?,,,,,
14,case_2,2024-04-10 15:42:28.283495,complete,CRP,positive,?,B,21.0,2213.0,,
15,case_2,2024-04-10 17:01:11.283495,complete,Leucocytes,positive,A,YA,22.0,,181.0,
16,case_2,2024-04-10 17:36:47.283495,complete,Leucocytes,positive,K,YC,23.0,,138.0,
17,case_2,2024-04-10 18:48:26.283495,complete,Admission NC,positive,A,,,,,
18,case_2,2024-04-10 19:46:07.283495,complete,CRP,positive,A,YA,23.0,3397.0,,
19,case_2,2024-04-10 20:55:35.283495,complete,CRP,positive,I,YA,21.0,52.0,,
20,case_2,2024-04-10 21:53:17.283495,complete,Admission NC,positive,J,,,,,
21,case_3,2024-04-10 15:47:38.283495,complete,Admission NC,positive,L,,,,,
22,case_3,2024-04-10 17:18:12.283495,complete,LacticAcid,positive,A,,,,,4.0
23,case_3,2024-04-10 18:01:23.283495,complete,Leucocytes,positive,K,YC,20.0,,138.0,
24,case_3,2024-04-10 18:37:09.283495,complete,Leucocytes,positive,I,QA,20.0,,139.0,
25,case_3,2024-04-10 20:15:46.283495,complete,Admission NC,positive,L,,,,,
26,case_3,2024-04-10 20:39:26.283495,complete,Leucocytes,positive,K,YC,20.0,,1183.0,
27,case_3,2024-04-10 22:31:40.283495,complete,CRP,positive,K,YC,20.0,5551.0,,
28,case_4,2024-04-10 16:04:22.283495,complete,Leucocytes,positive,K,YB,20.0,,2989.0,
29,case_4,2024-04-10 16:37:47.283495,complete,CRP,positive,I,YA,20.0,3130.0,,
30,case_4,2024-04-10 17:51:00.283495,complete,Leucocytes,positive,K,YB,22.0,,31.0,
31,case_4,2024-04-10 19:19:09.283495,complete,Leucocytes,positive,I,YC,22.0,,139.0,
32,case_4,2024-04-10 19:46:29.283495,complete,CRP,positive,K,YA,21.0,50.0,,
33,case_4,2024-04-10 20:51:24.283495,complete,Admission NC,positive,J,,,,,
34,case_4,2024-04-10 21:58:20.283495,complete,Admission NC,positive,F,,,,,
35,case_5,2024-04-10 16:30:50.283495,complete,Admission NC,positive,A,,,,,
36,case_5,2024-04-10 17:15:33.283495,complete,Leucocytes,positive,I,YC,20.0,,435.0,
37,case_5,2024-04-10 18:25:38.283495,complete,Admission NC,positive,F,,,,,
38,case_5,2024-04-10 18:59:36.283495,complete,CRP,positive,A,YA,22.0,3671.0,,
39,case_5,2024-04-10 19:42:44.283495,complete,CRP,positive,?,YA,22.0,4596.0,,
40,case_5,2024-04-10 21:11:51.283495,complete,IV Antibiotics,positive,L,,,,,
41,case_5,2024-04-10 22:32:41.283495,complete,Leucocytes,positive,K,YD,21.0,,138.0,
42,case_6,2024-04-10 16:06:46.283495,complete,Leucocytes,positive,I,YC,20.0,,380.0,
43,case_6,2024-04-10 16:37:52.283495,complete,Leucocytes,positive,I,YA,23.0,,1744.0,
44,case_6,2024-04-10 17:51:59.283495,complete,Leucocytes,positive,K,YA,21.0,,138.0,
45,case_6,2024-04-10 19:06:04.283495,complete,Leucocytes,positive,K,YC,20.0,,3685.0,
46,case_6,2024-04-10 20:06:24.283495,complete,Admission NC,positive,J,,,,,
47,case_6,2024-04-10 21:06:10.283495,complete,CRP,positive,K,YA,24.0,1850.0,,
48,case_6,2024-04-10 21:52:54.283495,complete,Admission NC,positive,?,,,,,
49,case_7,2024-04-10 15:49:07.283495,complete,Leucocytes,positive,K,YA,21.0,,380.0,
50,case_7,2024-04-10 17:26:03.283495,complete,CRP,positive,A,YA,21.0,1145.0,,
51,case_7,2024-04-10 18:23:53.283495,complete,Leucocytes,positive,K,YD,20.0,,138.0,
52,case_7,2024-04-10 18:45:28.283495,complete,Leucocytes,positive,K,YB,20.0,,3685.0,
53,case_7,2024-04-10 20:15:50.283495,complete,Admission NC,positive,L,,,,,
54,case_7,2024-04-10 20:39:09.283495,complete,CRP,positive,K,YA,20.0,1850.0,,
55,case_7,2024-04-10 21:53:46.283495,complete,Admission NC,positive,F,,,,,
56,case_8,2024-04-10 16:24:47.283495,complete,CRP,positive,I,YD,22.0,4734.0,,
57,case_8,2024-04-10 17:12:39.283495,complete,Admission NC,positive,F,,,,,
58,case_8,2024-04-10 18:10:57.283495,complete,Admission NC,positive,?,,,,,
59,case_8,2024-04-10 19:06:36.283495,complete,CRP,positive,K,YA,21.0,4853.0,,
60,case_8,2024-04-10 20:27:43.283495,complete,CRP,positive,K,YB,22.0,50.0,,
61,case_9,2024-04-10 16:11:34.283495,complete,CRP,positive,K,YA,20.0,1877.0,,
62,case_9,2024-04-10 17:14:55.283495,complete,Return ER,positive,?,,,,,
63,case_9,2024-04-10 18:09:01.283495,complete,Admission NC,positive,?,,,,,
64,case_9,2024-04-10 19:18:24.283495,complete,Admission NC,positive,?,,,,,
65,case_9,2024-04-10 20:00:15.283495,complete,LacticAcid,positive,I,,,,,13.0
66,case_10,2024-04-10 15:42:10.283495,complete,CRP,positive,K,IE,20.0,5312.0,,
67,case_10,2024-04-10 16:42:53.283495,complete,Return ER,positive,?,,,,,
68,case_10,2024-04-10 17:55:54.283495,complete,CRP,positive,K,YA,20.0,3254.0,,
69,case_10,2024-04-10 18:37:36.283495,complete,Admission NC,positive,J,,,,,
70,case_10,2024-04-10 19:37:25.283495,complete,Admission NC,positive,F,,,,,
71,case_11,2024-04-10 15:46:21.283495,complete,Leucocytes,positive,I,YD,21.0,,3752.0,
72,case_11,2024-04-10 16:43:39.283495,complete,CRP,positive,?,YA,22.0,786.0,,
73,case_11,2024-04-10 18:09:22.283495,complete,Leucocytes,positive,I,YB,22.0,,265.0,
74,case_11,2024-04-10 18:50:47.283495,complete,Leucocytes,positive,K,YA,20.0,,138.0,
75,case_11,2024-04-10 20:09:14.283495,complete,Leucocytes,positive,L,QE,23.0,,138.0,
76,case_11,2024-04-10 20:58:22.283495,complete,Admission NC,positive,F,,,,,
77,case_11,2024-04-10 21:52:21.283495,complete,CRP,positive,K,YB,22.0,1652.0,,
78,case_11,2024-04-10 23:17:50.283495,complete,Admission NC,positive,F,,,,,
79,case_11,2024-04-11 00:18:00.283495,complete,CRP,positive,I,YA,20.0,4779.0,,
80,case_12,2024-04-10 15:50:26.283495,complete,LacticAcid,positive,K,,,,,3.0
81,case_12,2024-04-10 17:07:41.283495,complete,Leucocytes,positive,K,YC,27.0,,140.0,
82,case_12,2024-04-10 18:26:32.283495,complete,Leucocytes,positive,K,QA,21.0,,2817.0,
83,case_12,2024-04-10 18:59:50.283495,complete,CRP,positive,K,YC,36.0,50.0,,
84,case_12,2024-04-10 19:35:41.283495,complete,Leucocytes,positive,K,YA,20.0,,2635.0,
85,case_12,2024-04-10 20:39:18.283495,complete,Admission NC,positive,A,,,,,
86,case_12,2024-04-10 21:58:20.283495,complete,Admission NC,positive,J,,,,,
87,case_12,2024-04-10 23:25:26.283495,complete,CRP,positive,I,YA,20.0,5248.0,,
88,case_12,2024-04-10 23:45:22.283495,complete,Leucocytes,positive,E,YB,21.0,,138.0,
89,case_13,2024-04-10 16:16:32.283495,complete,Leucocytes,positive,K,YA,23.0,,2347.0,
90,case_13,2024-04-10 16:54:09.283495,complete,Admission NC,positive,J,,,,,
91,case_13,2024-04-10 17:48:19.283495,complete,CRP,positive,K,YB,24.0,50.0,,
92,case_13,2024-04-10 19:06:59.283495,complete,CRP,positive,K,YB,23.0,51.0,,
93,case_13,2024-04-10 19:37:11.283495,complete,Leucocytes,positive,K,YB,21.0,,138.0,
94,case_13,2024-04-10 20:45:54.283495,complete,Leucocytes,positive,A,YA,21.0,,3036.0,
95,case_13,2024-04-10 22:23:33.283495,complete,Admission NC,positive,F,,,,,
96,case_13,2024-04-10 23:12:40.283495,complete,Leucocytes,positive,K,YC,20.0,,613.0,
97,case_13,2024-04-11 00:26:06.283495,complete,CRP,positive,?,YA,20.0,2938.0,,
98,case_14,2024-04-10 16:25:38.283495,complete,Leucocytes,positive,L,YA,20.0,,3093.0,
99,case_14,2024-04-10 17:21:28.283495,complete,Leucocytes,positive,I,YA,20.0,,1507.0,
100,case_14,2024-04-10 17:43:53.283495,complete,Leucocytes,positive,I,YD,20.0,,985.0,
101,case_14,2024-04-10 18:41:33.283495,complete,Leucocytes,positive,I,YB,23.0,,3775.0,
102,case_14,2024-04-10 19:35:33.283495,complete,Admission NC,positive,F,,,,,
103,case_14,2024-04-10 21:33:14.283495,complete,Admission NC,positive,J,,,,,
104,case_14,2024-04-10 21:58:14.283495,complete,Leucocytes,positive,K,YD,20.0,,3504.0,
105,case_14,2024-04-10 23:03:30.283495,complete,LacticAcid,positive,I,,,,,83.0
106,case_14,2024-04-11 00:05:18.283495,complete,Leucocytes,positive,K,YA,20.0,,138.0,
107,case_15,2024-04-10 15:52:16.283495,complete,Admission NC,positive,?,,,,,
108,case_15,2024-04-10 16:39:02.283495,complete,Leucocytes,positive,I,YD,22.0,,1395.0,
109,case_15,2024-04-10 18:03:03.283495,complete,Leucocytes,positive,K,YB,21.0,,370.0,
110,case_15,2024-04-10 18:50:06.283495,complete,LacticAcid,positive,I,,,,,2.0
111,case_15,2024-04-10 19:45:06.283495,complete,Leucocytes,positive,L,YB,20.0,,139.0,
112,case_15,2024-04-10 20:47:18.283495,complete,Leucocytes,positive,I,YA,23.0,,2638.0,
113,case_15,2024-04-10 21:53:06.283495,complete,Leucocytes,positive,A,YA,25.0,,1013.0,
114,case_15,2024-04-10 23:20:12.283495,complete,Leucocytes,positive,K,YA,21.0,,138.0,
115,case_15,2024-04-10 23:47:32.283495,complete,CRP,positive,F,YA,22.0,2422.0,,
116,case_15,2024-04-11 00:47:10.283495,complete,Admission NC,positive,F,,,,,
117,case_16,2024-04-10 15:45:20.283495,complete,Leucocytes,positive,I,YA,20.0,,3581.0,
118,case_16,2024-04-10 16:46:20.283495,complete,CRP,positive,A,YC,20.0,780.0,,
119,case_16,2024-04-10 18:04:35.283495,complete,Admission NC,positive,F,,,,,
120,case_16,2024-04-10 18:43:53.283495,complete,Leucocytes,positive,K,YC,22.0,,116.0,
121,case_16,2024-04-10 19:43:56.283495,complete,Admission NC,positive,J,,,,,
122,case_16,2024-04-10 21:33:08.283495,complete,CRP,positive,I,YA,20.0,1905.0,,
123,case_16,2024-04-10 22:34:39.283495,complete,Leucocytes,positive,I,YB,20.0,,1726.0,
124,case_16,2024-04-10 22:42:41.283495,complete,CRP,positive,K,YA,21.0,50.0,,
125,case_16,2024-04-10 23:56:59.283495,complete,CRP,positive,K,YA,22.0,1965.0,,
126,case_16,2024-04-11 01:09:52.283495,complete,Leucocytes,positive,K,JA,20.0,,138.0,
127,case_17,2024-04-10 16:15:04.283495,complete,Leucocytes,positive,K,YC,20.0,,1601.0,
128,case_17,2024-04-10 17:21:16.283495,complete,LacticAcid,positive,I,,,,,2.0
129,case_17,2024-04-10 17:49:22.283495,complete,Leucocytes,positive,I,YA,20.0,,138.0,
130,case_17,2024-04-10 18:52:09.283495,complete,CRP,positive,?,YA,20.0,1298.0,,
131,case_17,2024-04-10 20:14:43.283495,complete,Admission NC,positive,F,,,,,
132,case_17,2024-04-10 21:15:35.283495,complete,Leucocytes,positive,K,YA,20.0,,2321.0,
133,case_17,2024-04-10 21:48:24.283495,complete,Release B,positive,E,,,,,
134,case_17,2024-04-10 23:01:51.283495,complete,Admission NC,positive,K,,,,,
135,case_17,2024-04-10 23:53:27.283495,complete,Release B,positive,E,,,,,
136,case_17,2024-04-11 01:21:00.283495,complete,Leucocytes,positive,K,Z,23.0,,2148.0,
137,case_18,2024-04-10 16:21:19.283495,complete,Leucocytes,positive,K,YB,21.0,,1601.0,
138,case_18,2024-04-10 16:55:36.283495,complete,CRP,positive,K,YB,21.0,2283.0,,
139,case_18,2024-04-10 18:17:57.283495,complete,Leucocytes,positive,K,YA,23.0,,1086.0,
140,case_18,2024-04-10 19:21:06.283495,complete,CRP,positive,K,YA,20.0,1298.0,,
141,case_18,2024-04-10 20:19:17.283495,complete,CRP,positive,K,YA,20.0,3066.0,,
142,case_18,2024-04-10 21:06:38.283495,complete,CRP,positive,?,YA,20.0,50.0,,
143,case_18,2024-04-10 21:45:40.283495,complete,Release B,positive,E,,,,,
144,case_18,2024-04-10 22:43:51.283495,complete,Admission NC,positive,K,,,,,
145,case_18,2024-04-11 00:14:39.283495,complete,Release B,positive,E,,,,,
146,case_18,2024-04-11 00:56:27.283495,complete,Admission NC,positive,J,,,,,
147,case_19,2024-04-10 16:02:29.283495,complete,Admission NC,positive,A,,,,,
148,case_19,2024-04-10 17:17:56.283495,complete,Leucocytes,positive,A,YA,22.0,,3806.0,
149,case_19,2024-04-10 17:57:31.283495,complete,Leucocytes,positive,K,YA,20.0,,370.0,
150,case_19,2024-04-10 19:26:54.283495,complete,Admission NC,positive,?,,,,,
151,case_19,2024-04-10 20:20:04.283495,complete,CRP,positive,K,YA,23.0,1715.0,,
152,case_19,2024-04-10 20:36:49.283495,complete,CRP,positive,K,YB,20.0,50.0,,
153,case_19,2024-04-10 22:32:05.283495,complete,CRP,positive,K,YA,20.0,4009.0,,
154,case_19,2024-04-10 22:35:33.283495,complete,CRP,positive,?,YC,21.0,5174.0,,
155,case_19,2024-04-11 00:24:24.283495,complete,Leucocytes,positive,K,YC,20.0,,139.0,
156,case_19,2024-04-11 01:00:27.283495,complete,CRP,positive,?,YD,21.0,51.0,,
157,case_20,2024-04-10 16:02:04.283495,complete,Admission NC,positive,J,,,,,
158,case_20,2024-04-10 16:47:02.283495,complete,CRP,positive,K,YA,20.0,5008.0,,
159,case_20,2024-04-10 18:34:43.283495,complete,Leucocytes,positive,A,YA,21.0,,139.0,
160,case_20,2024-04-10 18:39:28.283495,complete,Leucocytes,positive,K,YB,20.0,,138.0,
161,case_20,2024-04-10 19:41:33.283495,complete,Leucocytes,positive,I,YC,20.0,,138.0,
162,case_20,2024-04-10 20:36:59.283495,complete,Admission NC,positive,L,,,,,
163,case_20,2024-04-10 21:50:37.283495,complete,CRP,positive,A,XC,20.0,2295.0,,
164,case_20,2024-04-10 23:16:31.283495,complete,CRP,positive,J,YB,20.0,2025.0,,
165,case_20,2024-04-10 23:47:17.283495,complete,CRP,positive,K,YB,20.0,50.0,,
166,case_20,2024-04-11 00:41:24.283495,complete,CRP,positive,K,YA,20.0,2080.0,,
167,case_21,2024-04-10 16:19:23.283495,complete,Admission NC,positive,A,,,,,
168,case_21,2024-04-10 16:37:34.283495,complete,Leucocytes,positive,K,YA,20.0,,368.0,
169,case_21,2024-04-10 17:35:48.283495,complete,CRP,positive,A,YD,21.0,3548.0,,
170,case_21,2024-04-10 19:10:46.283495,complete,Admission NC,positive,F,,,,,
171,case_21,2024-04-10 20:29:03.283495,complete,CRP,positive,K,YA,20.0,957.0,,
172,case_21,2024-04-10 21:30:31.283495,complete,CRP,positive,K,YA,20.0,1905.0,,
173,case_21,2024-04-10 21:52:35.283495,complete,Leucocytes,positive,A,XC,20.0,,138.0,
174,case_21,2024-04-10 23:10:04.283495,complete,CRP,positive,I,YA,21.0,4419.0,,
175,case_21,2024-04-11 00:23:35.283495,complete,Leucocytes,positive,K,YB,22.0,,1090.0,
176,case_21,2024-04-11 01:08:11.283495,complete,CRP,positive,K,YC,22.0,3434.0,,
177,case_22,2024-04-10 16:25:03.283495,complete,LacticAcid,positive,K,,,,,2.0
178,case_22,2024-04-10 17:33:42.283495,complete,Leucocytes,positive,K,YA,22.0,,139.0,
179,case_22,2024-04-10 18:24:06.283495,complete,Leucocytes,positive,K,YA,20.0,,1358.0,
180,case_22,2024-04-10 18:57:09.283495,complete,CRP,positive,?,YB,20.0,1250.0,,
181,case_22,2024-04-10 19:44:28.283495,complete,CRP,positive,L,YA,21.0,50.0,,
182,case_22,2024-04-10 20:50:24.283495,complete,Admission NC,positive,A,,,,,
183,case_22,2024-04-10 21:47:03.283495,complete,Release B,positive,E,,,,,
184,case_22,2024-04-10 22:35:34.283495,complete,Admission NC,positive,K,,,,,
185,case_22,2024-04-11 00:32:04.283495,complete,Release B,positive,E,,,,,
186,case_22,2024-04-11 01:06:26.283495,complete,CRP,positive,K,YA,20.0,4215.0,,
187,case_23,2024-04-10 16:31:45.283495,complete,LacticAcid,positive,K,,,,,2.0
188,case_23,2024-04-10 17:02:41.283495,complete,Leucocytes,positive,A,YA,20.0,,139.0,
189,case_23,2024-04-10 17:48:41.283495,complete,Leucocytes,positive,K,YD,21.0,,1358.0,
190,case_23,2024-04-10 18:56:00.283495,complete,CRP,positive,K,QA,20.0,1250.0,,
191,case_23,2024-04-10 20:16:33.283495,complete,CRP,positive,I,YA,20.0,50.0,,
192,case_23,2024-04-10 21:31:22.283495,complete,Admission NC,positive,A,,,,,
193,case_23,2024-04-10 22:08:47.283495,complete,CRP,positive,K,YA,24.0,4054.0,,
194,case_23,2024-04-10 22:39:46.283495,complete,Admission NC,positive,?,,,,,
195,case_23,2024-04-11 00:11:48.283495,complete,Leucocytes,positive,K,YA,20.0,,828.0,
196,case_23,2024-04-11 01:08:55.283495,complete,CRP,positive,K,YB,20.0,4215.0,,
197,case_24,2024-04-10 15:38:08.283495,complete,CRP,positive,K,YA,25.0,4232.0,,
198,case_24,2024-04-10 17:31:43.283495,complete,CRP,positive,K,YA,21.0,2137.0,,
199,case_24,2024-04-10 17:47:57.283495,complete,CRP,positive,K,YA,20.0,477.0,,
200,case_24,2024-04-10 19:34:04.283495,complete,CRP,positive,A,YA,20.0,50.0,,
201,case_24,2024-04-10 20:04:52.283495,complete,CRP,positive,K,YA,20.0,779.0,,
202,case_24,2024-04-10 20:51:14.283495,complete,CRP,positive,K,YA,20.0,4649.0,,
203,case_24,2024-04-10 22:07:15.283495,complete,CRP,positive,K,YC,20.0,3419.0,,
204,case_24,2024-04-10 22:37:46.283495,complete,Admission NC,positive,F,,,,,
205,case_24,2024-04-11 00:02:48.283495,complete,Admission NC,positive,L,,,,,
206,case_24,2024-04-11 01:05:33.283495,complete,Leucocytes,positive,K,YA,21.0,,599.0,
207,case_25,2024-04-10 16:17:41.283495,complete,Leucocytes,positive,A,YB,22.0,,3623.0,
208,case_25,2024-04-10 17:07:56.283495,complete,CRP,positive,K,YC,20.0,794.0,,
209,case_25,2024-04-10 18:18:38.283495,complete,CRP,positive,A,YD,20.0,50.0,,
210,case_25,2024-04-10 19:06:19.283495,complete,Admission NC,positive,J,,,,,
211,case_25,2024-04-10 19:53:38.283495,complete,Admission NC,positive,F,,,,,
212,case_25,2024-04-10 20:47:02.283495,complete,Leucocytes,positive,A,YA,23.0,,550.0,
213,case_26,2024-04-10 16:27:57.283495,complete,Leucocytes,positive,K,YA,21.0,,3079.0,
214,case_26,2024-04-10 16:37:25.283495,complete,CRP,positive,A,YA,21.0,99.0,,
215,case_26,2024-04-10 18:04:59.283495,complete,Leucocytes,positive,K,YD,20.0,,139.0,
216,case_26,2024-04-10 19:17:08.283495,complete,Leucocytes,positive,K,YB,20.0,,138.0,
217,case_26,2024-04-10 20:08:48.283495,complete,Admission NC,positive,L,,,,,
218,case_26,2024-04-10 21:14:30.283495,complete,Admission NC,positive,F,,,,,
219,case_27,2024-04-10 16:09:36.283495,complete,LacticAcid,positive,I,,,,,2.0
220,case_27,2024-04-10 16:55:34.283495,complete,Leucocytes,positive,K,YC,22.0,,138.0,
221,case_27,2024-04-10 17:38:03.283495,complete,CRP,positive,K,YC,20.0,50.0,,
222,case_27,2024-04-10 19:12:25.283495,complete,Admission NC,positive,?,,,,,
223,case_27,2024-04-10 20:18:52.283495,complete,Admission NC,positive,F,,,,,
224,case_27,2024-04-10 20:46:47.283495,complete,CRP,positive,L,YA,22.0,2411.0,,
225,case_28,2024-04-10 16:00:47.283495,complete,Leucocytes,positive,K,QC,20.0,,3.0,
226,case_28,2024-04-10 17:22:39.283495,complete,ER Triage,positive,C,YC,20.0,,,
227,case_28,2024-04-10 17:53:23.283495,complete,LacticAcid,positive,K,,,,,2.0
228,case_28,2024-04-10 19:09:48.283495,complete,Leucocytes,positive,K,YA,21.0,,138.0,
229,case_28,2024-04-10 20:03:52.283495,complete,Admission NC,positive,F,,,,,
230,case_28,2024-04-10 20:59:44.283495,complete,CRP,positive,K,YD,21.0,4668.0,,
231,case_28,2024-04-10 22:16:34.283495,complete,Admission NC,positive,J,,,,,
232,case_28,2024-04-10 23:26:12.283495,complete,CRP,positive,K,YA,23.0,2870.0,,
233,case_29,2024-04-10 16:07:22.283495,complete,Admission NC,positive,J,,,,,
234,case_29,2024-04-10 16:59:07.283495,complete,CRP,positive,?,YA,20.0,4744.0,,
235,case_29,2024-04-10 17:52:09.283495,complete,Admission NC,positive,F,,,,,
236,case_29,2024-04-10 19:20:41.283495,complete,CRP,positive,I,YA,22.0,3062.0,,
237,case_29,2024-04-10 20:05:18.283495,complete,Leucocytes,positive,K,YA,20.0,,3812.0,
238,case_29,2024-04-10 20:59:51.283495,complete,Leucocytes,positive,L,YB,23.0,,1030.0,
239,case_29,2024-04-10 22:24:13.283495,complete,CRP,positive,A,YA,21.0,5353.0,,
240,case_29,2024-04-10 23:11:12.283495,complete,Leucocytes,positive,I,YB,24.0,,138.0,
