,case:concept:name,time:timestamp,lifecycle:transition,concept:name,case:label,org:group,LacticAcid,Diagnose,Age,Leucocytes,CRP,InfectionSuspected,DiagnosticBlood,DisfuncOrg,SIRSCritTachypnea,Hypotensie,SIRSCritHeartRate,Infusion,DiagnosticArtAstrup,DiagnosticIC,DiagnosticSputum,DiagnosticLiquor,DiagnosticOther,SIRSCriteria2OrMore,DiagnosticXthorax,SIRSCritTemperature,DiagnosticUrinaryCulture,SIRSCritLeucos,Oligurie,DiagnosticLacticAcid,Hypoxie,DiagnosticUrinarySediment,DiagnosticECG
0,case_0,2024-04-10 15:35:02.968565,complete,LacticAcid,positive,L,2.0,,,,,,,,,,,,,,,,,,,,,,,,,,
1,case_0,2024-04-10 16:50:48.968565,complete,Leucocytes,positive,K,,YC,20.0,139.0,,,,,,,,,,,,,,,,,,,,,,,
2,case_0,2024-04-10 17:57:56.968565,complete,Admission NC,positive,J,,,,,,,,,,,,,,,,,,,,,,,,,,,
3,case_0,2024-04-10 18:40:44.968565,complete,Admission NC,positive,J,,,,,,,,,,,,,,,,,,,,,,,,,,,
4,case_0,2024-04-10 19:47:19.968565,complete,CRP,positive,L,,YC,27.0,,2227.0,,,,,,,,,,,,,,,,,,,,,,
5,case_1,2024-04-10 15:36:06.968565,complete,Leucocytes,positive,K,,YA,22.0,587.0,,,,,,,,,,,,,,,,,,,,,,,
6,case_1,2024-04-10 17:07:47.968565,complete,Leucocytes,positive,K,,YA,20.0,2090.0,,,,,,,,,,,,,,,,,,,,,,,
7,case_1,2024-04-10 18:30:00.968565,complete,Leucocytes,positive,?,,YA,21.0,138.0,,,,,,,,,,,,,,,,,,,,,,,
8,case_1,2024-04-10 19:07:22.968565,complete,CRP,positive,K,,YA,20.0,,50.0,,,,,,,,,,,,,,,,,,,,,,
9,case_1,2024-04-10 19:56:13.968565,complete,Leucocytes,positive,K,,YD,20.0,138.0,,,,,,,,,,,,,,,,,,,,,,,
10,case_1,2024-04-10 21:05:24.968565,complete,Admission NC,positive,F,,,,,,,,,,,,,,,,,,,,,,,,,,,
11,case_1,2024-04-10 22:30:45.968565,complete,Admission NC,positive,F,,,,,,,,,,,,,,,,,,,,,,,,,,,
12,case_1,2024-04-10 23:30:25.968565,complete,CRP,positive,K,,YB,20.0,,50.0,,,,,,,,,,,,,,,,,,,,,,
13,case_1,2024-04-11 00:24:08.968565,complete,CRP,positive,J,,JE,23.0,,3477.0,,,,,,,,,,,,,,,,,,,,,,
14,case_2,2024-04-10 16:01:30.968565,complete,Admission NC,positive,L,,,,,,,,,,,,,,,,,,,,,,,,,,,
15,case_2,2024-04-10 17:03:01.968565,complete,Admission NC,positive,F,,,,,,,,,,,,,,,,,,,,,,,,,,,
16,case_2,2024-04-10 17:56:48.968565,complete,Leucocytes,positive,K,,QB,20.0,201.0,,,,,,,,,,,,,,,,,,,,,,,
17,case_2,2024-04-10 18:41:48.968565,complete,CRP,positive,K,,YB,24.0,,50.0,,,,,,,,,,,,,,,,,,,,,,
18,case_2,2024-04-10 20:18:46.968565,complete,IV Antibiotics,positive,L,,,,,,,,,,,,,,,,,,,,,,,,,,,
19,case_2,2024-04-10 20:48:15.969565,complete,Leucocytes,positive,I,,YB,90.0,160.0,,,,,,,,,,,,,,,,,,,,,,,
20,case_2,2024-04-10 21:35:39.969565,complete,CRP,positive,K,,YA,23.0,,50.0,,,,,,,,,,,,,,,,,,,,,,
21,case_2,2024-04-10 22:45:14.969565,complete,Leucocytes,positive,K,,YA,20.0,138.0,,,,,,,,,,,,,,,,,,,,,,,
22,case_2,2024-04-11 00:08:36.969565,complete,Leucocytes,positive,K,,YA,20.0,2282.0,,,,,,,,,,,,,,,,,,,,,,,
23,case_3,2024-04-10 16:32:34.969565,complete,Admission NC,positive,F,,,,,,,,,,,,,,,,,,,,,,,,,,,
24,case_3,2024-04-10 16:48:00.969565,complete,Admission NC,positive,A,,,,,,,,,,,,,,,,,,,,,,,,,,,
25,case_3,2024-04-10 17:41:17.969565,complete,Leucocytes,positive,K,,QB,20.0,201.0,,,,,,,,,,,,,,,,,,,,,,,
26,case_3,2024-04-10 19:19:05.969565,complete,CRP,positive,K,,YB,24.0,,50.0,,,,,,,,,,,,,,,,,,,,,,
27,case_3,2024-04-10 19:54:07.969565,complete,Leucocytes,positive,E,,YB,21.0,138.0,,,,,,,,,,,,,,,,,,,,,,,
28,case_3,2024-04-10 21:09:18.969565,complete,Leucocytes,positive,K,,YA,23.0,160.0,,,,,,,,,,,,,,,,,,,,,,,
29,case_3,2024-04-10 21:34:33.969565,complete,Return ER,positive,?,,,,,,,,,,,,,,,,,,,,,,,,,,,
30,case_3,2024-04-10 23:30:57.969565,complete,CRP,positive,K,,YA,20.0,,50.0,,,,,,,,,,,,,,,,,,,,,,
31,case_3,2024-04-11 00:07:33.969565,complete,Leucocytes,positive,K,,YA,20.0,2282.0,,,,,,,,,,,,,,,,,,,,,,,
32,case_4,2024-04-10 15:52:53.969565,complete,CRP,positive,K,,YA,20.0,,2615.0,,,,,,,,,,,,,,,,,,,,,,
33,case_4,2024-04-10 17:30:38.969565,complete,Admission NC,positive,L,,,,,,,,,,,,,,,,,,,,,,,,,,,
34,case_4,2024-04-10 18:22:39.969565,complete,CRP,positive,A,,YC,21.0,,1098.0,,,,,,,,,,,,,,,,,,,,,,
35,case_4,2024-04-10 18:35:05.969565,complete,Leucocytes,positive,K,,QB,20.0,138.0,,,,,,,,,,,,,,,,,,,,,,,
36,case_4,2024-04-10 20:09:44.969565,complete,CRP,positive,I,,YA,21.0,,1478.0,,,,,,,,,,,,,,,,,,,,,,
37,case_4,2024-04-10 21:08:54.969565,complete,Leucocytes,positive,L,,YA,21.0,138.0,,,,,,,,,,,,,,,,,,,,,,,
38,case_4,2024-04-10 21:41:46.969565,complete,Admission NC,positive,J,,,,,,,,,,,,,,,,,,,,,,,,,,,
39,case_4,2024-04-10 23:09:14.969565,complete,Leucocytes,positive,I,,YA,20.0,1936.0,,,,,,,,,,,,,,,,,,,,,,,
40,case_4,2024-04-11 00:29:06.969565,complete,IV Antibiotics,positive,L,,,,,,,,,,,,,,,,,,,,,,,,,,,
41,case_5,2024-04-10 16:32:34.969565,complete,CRP,positive,A,,YC,21.0,,2615.0,,,,,,,,,,,,,,,,,,,,,,
42,case_5,2024-04-10 17:04:17.969565,complete,Admission NC,positive,F,,,,,,,,,,,,,,,,,,,,,,,,,,,
43,case_5,2024-04-10 18:05:50.969565,complete,CRP,positive,K,,QB,20.0,,1098.0,,,,,,,,,,,,,,,,,,,,,,
44,case_5,2024-04-10 18:43:32.969565,complete,Admission NC,positive,A,,,,,,,,,,,,,,,,,,,,,,,,,,,
45,case_5,2024-04-10 20:27:52.969565,complete,CRP,positive,I,,QA,21.0,,1478.0,,,,,,,,,,,,,,,,,,,,,,
46,case_5,2024-04-10 21:34:23.969565,complete,CRP,positive,L,,YB,20.0,,4125.0,,,,,,,,,,,,,,,,,,,,,,
47,case_5,2024-04-10 21:46:00.969565,complete,Leucocytes,positive,K,,YD,20.0,138.0,,,,,,,,,,,,,,,,,,,,,,,
48,case_5,2024-04-10 22:41:34.969565,complete,Leucocytes,positive,K,,YA,20.0,1936.0,,,,,,,,,,,,,,,,,,,,,,,
49,case_5,2024-04-10 23:43:45.969565,complete,CRP,positive,L,,YA,20.0,,53.0,,,,,,,,,,,,,,,,,,,,,,
50,case_6,2024-04-10 16:27:48.969565,complete,CRP,positive,K,,YB,20.0,,52.0,,,,,,,,,,,,,,,,,,,,,,
51,case_6,2024-04-10 16:51:51.969565,complete,Admission NC,positive,B,,,,,,,,,,,,,,,,,,,,,,,,,,,
52,case_6,2024-04-10 18:33:50.969565,complete,Admission NC,positive,A,,,,,,,,,,,,,,,,,,,,,,,,,,,
53,case_6,2024-04-10 19:26:23.969565,complete,CRP,positive,K,,YB,24.0,,52.0,,,,,,,,,,,,,,,,,,,,,,
54,case_6,2024-04-10 19:54:57.969565,complete,IV Antibiotics,positive,L,,,,,,,,,,,,,,,,,,,,,,,,,,,
55,case_6,2024-04-10 20:44:01.969565,complete,CRP,positive,L,,YB,21.0,,5002.0,,,,,,,,,,,,,,,,,,,,,,
56,case_6,2024-04-10 21:51:26.969565,complete,CRP,positive,K,,YA,23.0,,50.0,,,,,,,,,,,,,,,,,,,,,,
57,case_6,2024-04-10 23:16:50.969565,complete,Leucocytes,positive,K,,YA,20.0,138.0,,,,,,,,,,,,,,,,,,,,,,,
58,case_6,2024-04-11 00:02:50.969565,complete,CRP,positive,L,,YA,20.0,,51.0,,,,,,,,,,,,,,,,,,,,,,
59,case_7,2024-04-10 15:58:41.969565,complete,LacticAcid,positive,L,2.0,,,,,,,,,,,,,,,,,,,,,,,,,,
60,case_7,2024-04-10 17:31:28.969565,complete,Leucocytes,positive,K,,YB,27.0,139.0,,,,,,,,,,,,,,,,,,,,,,,
61,case_7,2024-04-10 18:05:33.969565,complete,CRP,positive,K,,YA,20.0,,52.0,,,,,,,,,,,,,,,,,,,,,,
62,case_7,2024-04-10 18:39:16.969565,complete,Admission NC,positive,F,,,,,,,,,,,,,,,,,,,,,,,,,,,
63,case_7,2024-04-10 20:20:11.969565,complete,Admission NC,positive,F,,,,,,,,,,,,,,,,,,,,,,,,,,,
64,case_7,2024-04-10 21:03:30.969565,complete,CRP,positive,L,,YA,20.0,,1691.0,,,,,,,,,,,,,,,,,,,,,,
65,case_8,2024-04-10 16:00:26.969565,complete,CRP,positive,J,,RC,20.0,,53.0,,,,,,,,,,,,,,,,,,,,,,
66,case_8,2024-04-10 17:15:10.969565,complete,CRP,positive,K,,YA,20.0,,1397.0,,,,,,,,,,,,,,,,,,,,,,
67,case_8,2024-04-10 18:13:27.969565,complete,CRP,positive,L,,YB,22.0,,4921.0,,,,,,,,,,,,,,,,,,,,,,
68,case_8,2024-04-10 18:49:57.969565,complete,CRP,positive,K,,YC,22.0,,622.0,,,,,,,,,,,,,,,,,,,,,,
69,case_8,2024-04-10 20:13:04.969565,complete,Admission NC,positive,F,,,,,,,,,,,,,,,,,,,,,,,,,,,
70,case_8,2024-04-10 20:59:23.969565,complete,Admission NC,positive,J,,,,,,,,,,,,,,,,,,,,,,,,,,,
71,case_9,2024-04-10 16:16:26.969565,complete,CRP,positive,K,,RC,24.0,,2657.0,,,,,,,,,,,,,,,,,,,,,,
72,case_9,2024-04-10 17:17:28.969565,complete,Admission NC,positive,J,,,,,,,,,,,,,,,,,,,,,,,,,,,
73,case_9,2024-04-10 18:33:14.969565,complete,Admission NC,positive,?,,,,,,,,,,,,,,,,,,,,,,,,,,,
74,case_9,2024-04-10 19:12:07.969565,complete,CRP,positive,A,,YA,22.0,,2131.0,,,,,,,,,,,,,,,,,,,,,,
75,case_9,2024-04-10 19:49:34.969565,complete,LacticAcid,positive,K,8.0,,,,,,,,,,,,,,,,,,,,,,,,,,
76,case_9,2024-04-10 21:13:37.969565,complete,Leucocytes,positive,K,,YC,20.0,139.0,,,,,,,,,,,,,,,,,,,,,,,
77,case_10,2024-04-10 15:45:08.969565,complete,Admission NC,positive,F,,,,,,,,,,,,,,,,,,,,,,,,,,,
78,case_10,2024-04-10 16:59:45.969565,complete,Leucocytes,positive,C,,YA,20.0,674.0,,,,,,,,,,,,,,,,,,,,,,,
79,case_10,2024-04-10 17:55:05.969565,complete,Admission NC,positive,F,,,,,,,,,,,,,,,,,,,,,,,,,,,
80,case_10,2024-04-10 18:50:36.969565,complete,CRP,positive,K,,YA,20.0,,50.0,,,,,,,,,,,,,,,,,,,,,,
81,case_10,2024-04-10 19:58:31.969565,complete,CRP,positive,K,,QA,21.0,,50.0,,,,,,,,,,,,,,,,,,,,,,
82,case_10,2024-04-10 20:46:54.969565,complete,CRP,positive,A,,YA,23.0,,50.0,,,,,,,,,,,,,,,,,,,,,,
83,case_11,2024-04-10 16:01:37.969565,complete,Leucocytes,positive,I,,YA,20.0,3623.0,,,,,,,,,,,,,,,,,,,,,,,
84,case_11,2024-04-10 17:07:54.969565,complete,Admission NC,positive,F,,,,,,,,,,,,,,,,,,,,,,,,,,,
85,case_11,2024-04-10 17:38:56.969565,complete,CRP,positive,I,,YA,88.0,,1963.0,,,,,,,,,,,,,,,,,,,,,,
86,case_11,2024-04-10 19:04:42.969565,complete,CRP,positive,I,,YA,22.0,,622.0,,,,,,,,,,,,,,,,,,,,,,
87,case_11,2024-04-10 20:09:14.969565,complete,CRP,positive,L,,YA,24.0,,593.0,,,,,,,,,,,,,,,,,,,,,,
88,case_11,2024-04-10 21:28:32.969565,complete,Admission NC,positive,J,,,,,,,,,,,,,,,,,,,,,,,,,,,
89,case_12,2024-04-10 15:36:01.969565,complete,CRP,positive,I,,YA,20.0,,3688.0,,,,,,,,,,,,,,,,,,,,,,
90,case_12,2024-04-10 17:19:21.969565,complete,Admission NC,positive,J,,,,,,,,,,,,,,,,,,,,,,,,,,,
91,case_12,2024-04-10 17:41:23.969565,complete,CRP,positive,A,,YA,20.0,,4629.0,,,,,,,,,,,,,,,,,,,,,,
92,case_12,2024-04-10 19:03:12.969565,complete,CRP,positive,I,,YA,21.0,,889.0,,,,,,,,,,,,,,,,,,,,,,
93,case_12,2024-04-10 20:02:31.969565,complete,CRP,positive,L,,YA,22.0,,593.0,,,,,,,,,,,,,,,,,,,,,,
94,case_12,2024-04-10 20:44:39.969565,complete,Admission NC,positive,J,,,,,,,,,,,,,,,,,,,,,,,,,,,
95,case_13,2024-04-10 16:00:59.969565,complete,CRP,positive,I,,YD,21.0,,4611.0,,,,,,,,,,,,,,,,,,,,,,
96,case_13,2024-04-10 17:17:13.969565,complete,Admission NC,positive,J,,,,,,,,,,,,,,,,,,,,,,,,,,,
97,case_13,2024-04-10 17:45:18.969565,complete,Leucocytes,positive,K,,YB,23.0,985.0,,,,,,,,,,,,,,,,,,,,,,,
98,case_13,2024-04-10 18:46:12.969565,complete,CRP,positive,L,,YA,20.0,,5436.0,,,,,,,,,,,,,,,,,,,,,,
99,case_13,2024-04-10 19:39:39.969565,complete,Leucocytes,positive,I,,YA,21.0,3499.0,,,,,,,,,,,,,,,,,,,,,,,
100,case_13,2024-04-10 20:45:46.969565,complete,CRP,positive,I,,YC,20.0,,1645.0,,,,,,,,,,,,,,,,,,,,,,
101,case_13,2024-04-10 22:27:47.969565,complete,Admission NC,positive,F,,,,,,,,,,,,,,,,,,,,,,,,,,,
102,case_13,2024-04-10 22:37:27.969565,complete,Leucocytes,positive,I,,QB,20.0,172.0,,,,,,,,,,,,,,,,,,,,,,,
103,case_13,2024-04-11 00:13:00.969565,complete,Leucocytes,positive,K,,YD,88.0,3426.0,,,,,,,,,,,,,,,,,,,,,,,
104,case_13,2024-04-11 00:59:06.969565,complete,CRP,positive,L,,HD,26.0,,4215.0,,,,,,,,,,,,,,,,,,,,,,
105,case_14,2024-04-10 16:27:39.969565,complete,Admission NC,positive,?,,,,,,,,,,,,,,,,,,,,,,,,,,,
106,case_14,2024-04-10 16:57:57.969565,complete,CRP,positive,K,,YA,23.0,,50.0,,,,,,,,,,,,,,,,,,,,,,
107,case_14,2024-04-10 18:03:48.969565,complete,CRP,positive,A,,YA,25.0,,3011.0,,,,,,,,,,,,,,,,,,,,,,
108,case_14,2024-04-10 19:29:03.969565,complete,CRP,positive,K,,YA,21.0,,50.0,,,,,,,,,,,,,,,,,,,,,,
109,case_14,2024-04-10 20:14:00.969565,complete,Admission NC,positive,C,,,,,,,,,,,,,,,,,,,,,,,,,,,
110,case_14,2024-04-10 21:00:46.969565,complete,Leucocytes,positive,I,,YB,20.0,2262.0,,,,,,,,,,,,,,,,,,,,,,,
111,case_14,2024-04-10 21:38:44.969565,complete,CRP,positive,K,,YD,20.0,,2914.0,,,,,,,,,,,,,,,,,,,,,,
112,case_14,2024-04-10 22:43:39.969565,complete,CRP,positive,K,,YA,20.0,,51.0,,,,,,,,,,,,,,,,,,,,,,
113,case_14,2024-04-11 00:06:40.969565,complete,Leucocytes,positive,I,,YA,20.0,2389.0,,,,,,,,,,,,,,,,,,,,,,,
114,case_14,2024-04-11 00:44:52.969565,complete,Return ER,positive,?,,,,,,,,,,,,,,,,,,,,,,,,,,,
115,case_15,2024-04-10 16:06:06.969565,complete,Leucocytes,positive,A,,YB,21.0,1494.0,,,,,,,,,,,,,,,,,,,,,,,
116,case_15,2024-04-10 16:57:18.969565,complete,CRP,positive,K,,YA,20.0,,4632.0,,,,,,,,,,,,,,,,,,,,,,
117,case_15,2024-04-10 18:34:27.969565,complete,Admission NC,positive,F,,,,,,,,,,,,,,,,,,,,,,,,,,,
118,case_15,2024-04-10 19:26:10.969565,complete,Admission NC,positive,F,,,,,,,,,,,,,,,,,,,,,,,,,,,
119,case_15,2024-04-10 19:43:14.969565,complete,Leucocytes,positive,K,,YB,20.0,777.0,,,,,,,,,,,,,,,,,,,,,,,
120,case_15,2024-04-10 21:00:16.969565,complete,CRP,positive,K,,YA,21.0,,51.0,,,,,,,,,,,,,,,,,,,,,,
121,case_15,2024-04-10 22:01:09.969565,complete,Leucocytes,positive,?,,YB,20.0,138.0,,,,,,,,,,,,,,,,,,,,,,,
122,case_15,2024-04-10 23:21:33.969565,complete,CRP,positive,L,,YB,22.0,,4160.0,,,,,,,,,,,,,,,,,,,,,,
123,case_15,2024-04-10 23:40:19.969565,complete,CRP,positive,I,,YA,20.0,,1025.0,,,,,,,,,,,,,,,,,,,,,,
124,case_15,2024-04-11 00:54:59.969565,complete,Leucocytes,positive,J,,YA,20.0,138.0,,,,,,,,,,,,,,,,,,,,,,,
125,case_16,2024-04-10 15:47:14.969565,complete,Admission NC,positive,A,,,,,,,,,,,,,,,,,,,,,,,,,,,
126,case_16,2024-04-10 17:11:45.969565,complete,Leucocytes,positive,I,,YB,20.0,2.0,,,,,,,,,,,,,,,,,,,,,,,
127,case_16,2024-04-10 17:47:55.969565,complete,Leucocytes,positive,K,,YA,20.0,1358.0,,,,,,,,,,,,,,,,,,,,,,,
128,case_16,2024-04-10 19:18:43.969565,complete,CRP,positive,I,,YA,20.0,,50.0,,,,,,,,,,,,,,,,,,,,,,
129,case_16,2024-04-10 19:50:53.969565,complete,Leucocytes,positive,I,,YD,21.0,777.0,,,,,,,,,,,,,,,,,,,,,,,
130,case_16,2024-04-10 21:10:26.969565,complete,CRP,positive,K,,YB,22.0,,4091.0,,,,,,,,,,,,,,,,,,,,,,
131,case_16,2024-04-10 21:35:41.969565,complete,Leucocytes,positive,I,,YA,20.0,138.0,,,,,,,,,,,,,,,,,,,,,,,
132,case_16,2024-04-10 22:41:43.969565,complete,Admission NC,positive,F,,,,,,,,,,,,,,,,,,,,,,,,,,,
133,case_16,2024-04-11 00:28:49.969565,complete,CRP,positive,I,,YA,20.0,,1025.0,,,,,,,,,,,,,,,,,,,,,,
134,case_16,2024-04-11 01:28:03.969565,complete,Leucocytes,positive,J,,YA,21.0,138.0,,,,,,,,,,,,,,,,,,,,,,,
135,case_17,2024-04-10 15:59:12.969565,complete,Leucocytes,positive,I,,YA,24.0,1494.0,,,,,,,,,,,,,,,,,,,,,,,
136,case_17,2024-04-10 16:43:46.969565,complete,Leucocytes,positive,I,,YB,20.0,2004.0,,,,,,,,,,,,,,,,,,,,,,,
137,case_17,2024-04-10 18:12:59.969565,complete,Leucocytes,positive,K,,YA,90.0,1358.0,,,,,,,,,,,,,,,,,,,,,,,
138,case_17,2024-04-10 19:23:46.969565,complete,Admission NC,positive,J,,,,,,,,,,,,,,,,,,,,,,,,,,,
139,case_17,2024-04-10 20:27:55.969565,complete,Leucocytes,positive,I,,YA,88.0,777.0,,,,,,,,,,,,,,,,,,,,,,,
140,case_17,2024-04-10 21:20:07.969565,complete,CRP,positive,I,,YD,21.0,,4091.0,,,,,,,,,,,,,,,,,,,,,,
141,case_17,2024-04-10 22:26:42.969565,complete,Leucocytes,positive,K,,YB,89.0,138.0,,,,,,,,,,,,,,,,,,,,,,,
142,case_17,2024-04-10 23:01:07.969565,complete,Admission NC,positive,F,,,,,,,,,,,,,,,,,,,,,,,,,,,
143,case_17,2024-04-10 23:51:23.969565,complete,CRP,positive,I,,YD,20.0,,1025.0,,,,,,,,,,,,,,,,,,,,,,
144,case_17,2024-04-11 00:41:48.969565,complete,Leucocytes,positive,E,,YA,20.0,138.0,,,,,,,,,,,,,,,,,,,,,,,
145,case_18,2024-04-10 16:09:00.969565,complete,Admission NC,positive,A,,,,,,,,,,,,,,,,,,,,,,,,,,,
146,case_18,2024-04-10 16:42:05.969565,complete,CRP,positive,K,,YA,21.0,,990.0,,,,,,,,,,,,,,,,,,,,,,
147,case_18,2024-04-10 18:28:54.969565,complete,IV Antibiotics,positive,L,,,,,,,,,,,,,,,,,,,,,,,,,,,
148,case_18,2024-04-10 19:24:20.969565,complete,ER Sepsis Triage,positive,L,,YD,21.0,,,,,,,,,,,,,,,,,,,,,,,,
149,case_18,2024-04-10 20:25:47.969565,complete,IV Antibiotics,positive,L,,,,,,,,,,,,,,,,,,,,,,,,,,,
150,case_18,2024-04-10 21:24:33.969565,complete,Leucocytes,positive,K,,QA,21.0,2094.0,,,,,,,,,,,,,,,,,,,,,,,
151,case_18,2024-04-10 21:36:57.969565,complete,CRP,positive,L,,YA,20.0,,277.0,,,,,,,,,,,,,,,,,,,,,,
152,case_18,2024-04-10 23:02:47.969565,complete,Leucocytes,positive,L,,YA,21.0,138.0,,,,,,,,,,,,,,,,,,,,,,,
153,case_18,2024-04-11 00:00:06.969565,complete,LacticAcid,positive,I,49.0,,,,,,,,,,,,,,,,,,,,,,,,,,
154,case_18,2024-04-11 00:55:23.969565,complete,Admission NC,positive,F,,,,,,,,,,,,,,,,,,,,,,,,,,,
155,case_19,2024-04-10 15:57:48.969565,complete,CRP,positive,K,,YB,20.0,,53.0,,,,,,,,,,,,,,,,,,,,,,
156,case_19,2024-04-10 17:10:58.969565,complete,CRP,positive,K,,YA,20.0,,2568.0,,,,,,,,,,,,,,,,,,,,,,
157,case_19,2024-04-10 17:44:06.969565,complete,CRP,positive,J,,YB,20.0,,1711.0,,,,,,,,,,,,,,,,,,,,,,
158,case_19,2024-04-10 18:50:40.969565,complete,CRP,positive,K,,YB,23.0,,4823.0,,,,,,,,,,,,,,,,,,,,,,
159,case_19,2024-04-10 20:17:07.969565,complete,CRP,positive,I,,YA,21.0,,4689.0,,,,,,,,,,,,,,,,,,,,,,
160,case_19,2024-04-10 21:26:24.969565,complete,CRP,positive,L,,KA,20.0,,51.0,,,,,,,,,,,,,,,,,,,,,,
161,case_19,2024-04-10 22:32:00.969565,complete,Admission NC,positive,F,,,,,,,,,,,,,,,,,,,,,,,,,,,
162,case_19,2024-04-10 22:46:22.969565,complete,Admission NC,positive,F,,,,,,,,,,,,,,,,,,,,,,,,,,,
163,case_19,2024-04-11 00:12:55.969565,complete,CRP,positive,I,,YA,20.0,,1025.0,,,,,,,,,,,,,,,,,,,,,,
164,case_19,2024-04-11 00:46:19.969565,complete,Leucocytes,positive,J,,YA,20.0,138.0,,,,,,,,,,,,,,,,,,,,,,,
165,case_20,2024-04-10 16:31:11.969565,complete,IV Antibiotics,positive,L,,,,,,,,,,,,,,,,,,,,,,,,,,,
166,case_20,2024-04-10 17:05:22.969565,complete,ER Sepsis Triage,positive,L,,YA,22.0,,,,,,,,,,,,,,,,,,,,,,,,
167,case_20,2024-04-10 18:12:49.969565,complete,IV Antibiotics,positive,L,,,,,,,,,,,,,,,,,,,,,,,,,,,
168,case_20,2024-04-10 19:04:10.969565,complete,CRP,positive,C,,YA,20.0,,2057.0,,,,,,,,,,,,,,,,,,,,,,
169,case_20,2024-04-10 19:44:00.969565,complete,CRP,positive,I,,YA,20.0,,52.0,,,,,,,,,,,,,,,,,,,,,,
170,case_20,2024-04-10 21:24:04.969565,complete,Admission NC,positive,J,,,,,,,,,,,,,,,,,,,,,,,,,,,
171,case_20,2024-04-10 21:55:33.969565,complete,Admission NC,positive,L,,,,,,,,,,,,,,,,,,,,,,,,,,,
172,case_21,2024-04-10 15:36:14.969565,complete,IV Antibiotics,positive,L,,,,,,,,,,,,,,,,,,,,,,,,,,,
173,case_21,2024-04-10 16:55:59.969565,complete,ER Sepsis Triage,positive,L,,YC,28.0,,,,,,,,,,,,,,,,,,,,,,,,
174,case_21,2024-04-10 17:48:01.969565,complete,IV Antibiotics,positive,L,,,,,,,,,,,,,,,,,,,,,,,,,,,
175,case_21,2024-04-10 19:17:23.969565,complete,CRP,positive,K,,YA,90.0,,2057.0,,,,,,,,,,,,,,,,,,,,,,
176,case_21,2024-04-10 20:12:45.969565,complete,Admission NC,positive,A,,,,,,,,,,,,,,,,,,,,,,,,,,,
177,case_21,2024-04-10 20:39:13.969565,complete,Admission NC,positive,F,,,,,,,,,,,,,,,,,,,,,,,,,,,
178,case_21,2024-04-10 21:52:06.969565,complete,IV Antibiotics,positive,L,,,,,,,,,,,,,,,,,,,,,,,,,,,
179,case_22,2024-04-10 16:14:57.969565,complete,CRP,positive,?,,B,21.0,,50.0,,,,,,,,,,,,,,,,,,,,,,
180,case_22,2024-04-10 16:35:16.969565,complete,Leucocytes,positive,A,,YA,22.0,1443.0,,,,,,,,,,,,,,,,,,,,,,,
181,case_22,2024-04-10 18:20:18.969565,complete,CRP,positive,K,,YA,22.0,,50.0,,,,,,,,,,,,,,,,,,,,,,
182,case_22,2024-04-10 18:38:12.969565,complete,CRP,positive,K,,YA,20.0,,5435.0,,,,,,,,,,,,,,,,,,,,,,
183,case_22,2024-04-10 19:42:24.969565,complete,Leucocytes,positive,J,,YD,22.0,139.0,,,,,,,,,,,,,,,,,,,,,,,
184,case_22,2024-04-10 20:49:02.969565,complete,Admission NC,positive,L,,,,,,,,,,,,,,,,,,,,,,,,,,,
185,case_22,2024-04-10 22:26:10.969565,complete,Admission NC,positive,J,,,,,,,,,,,,,,,,,,,,,,,,,,,
186,case_23,2024-04-10 16:08:16.969565,complete,CRP,positive,K,,B,20.0,,4381.0,,,,,,,,,,,,,,,,,,,,,,
187,case_23,2024-04-10 16:41:26.969565,complete,Leucocytes,positive,A,,YA,90.0,1443.0,,,,,,,,,,,,,,,,,,,,,,,
188,case_23,2024-04-10 17:39:25.969565,complete,Admission NC,positive,F,,,,,,,,,,,,,,,,,,,,,,,,,,,
189,case_23,2024-04-10 18:56:06.969565,complete,Leucocytes,positive,K,,YC,20.0,139.0,,,,,,,,,,,,,,,,,,,,,,,
190,case_23,2024-04-10 19:57:13.969565,complete,CRP,positive,K,,YA,88.0,,4596.0,,,,,,,,,,,,,,,,,,,,,,
191,case_23,2024-04-10 20:51:56.969565,complete,CRP,positive,L,,YD,22.0,,52.0,,,,,,,,,,,,,,,,,,,,,,
192,case_23,2024-04-10 21:48:46.969565,complete,Admission NC,positive,J,,,,,,,,,,,,,,,,,,,,,,,,,,,
193,case_24,2024-04-10 15:48:02.969565,complete,Admission NC,positive,B,,,,,,,,,,,,,,,,,,,,,,,,,,,
194,case_24,2024-04-10 16:55:19.969565,complete,CRP,positive,K,,YA,20.0,,1956.0,,,,,,,,,,,,,,,,,,,,,,
195,case_24,2024-04-10 17:50:51.969565,complete,Admission NC,positive,F,,,,,,,,,,,,,,,,,,,,,,,,,,,
196,case_24,2024-04-10 19:33:39.969565,complete,CRP,positive,K,,YA,20.0,,3671.0,,,,,,,,,,,,,,,,,,,,,,
197,case_24,2024-04-10 19:59:22.969565,complete,CRP,positive,L,,YB,22.0,,50.0,,,,,,,,,,,,,,,,,,,,,,
198,case_24,2024-04-10 20:58:11.969565,complete,IV Antibiotics,positive,L,,,,,,,,,,,,,,,,,,,,,,,,,,,
199,case_24,2024-04-10 21:39:33.969565,complete,CRP,positive,K,,YC,22.0,,1155.0,,,,,,,,,,,,,,,,,,,,,,
200,case_25,2024-04-10 16:03:45.969565,complete,CRP,positive,I,,YA,22.0,,2373.0,,,,,,,,,,,,,,,,,,,,,,
201,case_25,2024-04-10 17:29:17.969565,complete,CRP,positive,K,,YA,22.0,,51.0,,,,,,,,,,,,,,,,,,,,,,
202,case_25,2024-04-10 17:43:51.969565,complete,Admission NC,positive,F,,,,,,,,,,,,,,,,,,,,,,,,,,,
203,case_25,2024-04-10 18:57:23.969565,complete,CRP,positive,K,,YA,20.0,,2057.0,,,,,,,,,,,,,,,,,,,,,,
204,case_25,2024-04-10 20:23:52.969565,complete,CRP,positive,I,,YC,21.0,,4596.0,,,,,,,,,,,,,,,,,,,,,,
205,case_25,2024-04-10 21:10:25.969565,complete,Admission NC,positive,J,,,,,,,,,,,,,,,,,,,,,,,,,,,
206,case_25,2024-04-10 21:56:09.969565,complete,CRP,positive,L,,YA,20.0,,2812.0,,,,,,,,,,,,,,,,,,,,,,
207,case_26,2024-04-10 16:26:10.969565,complete,CRP,positive,A,,YB,22.0,,2373.0,,,,,,,,,,,,,,,,,,,,,,
208,case_26,2024-04-10 17:30:23.969565,complete,Leucocytes,positive,K,,YC,20.0,435.0,,,,,,,,,,,,,,,,,,,,,,,
209,case_26,2024-04-10 18:14:13.969565,complete,Admission NC,positive,F,,,,,,,,,,,,,,,,,,,,,,,,,,,
210,case_26,2024-04-10 19:28:09.969565,complete,CRP,positive,K,,YC,20.0,,1715.0,,,,,,,,,,,,,,,,,,,,,,
211,case_26,2024-04-10 19:44:11.969565,complete,CRP,positive,K,,YA,20.0,,4596.0,,,,,,,,,,,,,,,,,,,,,,
212,case_26,2024-04-10 20:39:30.969565,complete,Admission NC,positive,F,,,,,,,,,,,,,,,,,,,,,,,,,,,
213,case_26,2024-04-10 22:24:58.969565,complete,CRP,positive,E,,YC,21.0,,2812.0,,,,,,,,,,,,,,,,,,,,,,
214,case_27,2024-04-10 16:26:42.969565,complete,CRP,positive,A,,YA,20.0,,5074.0,,,,,,,,,,,,,,,,,,,,,,
215,case_27,2024-04-10 16:59:59.969565,complete,Leucocytes,positive,L,,YA,23.0,138.0,,,,,,,,,,,,,,,,,,,,,,,
216,case_27,2024-04-10 18:07:35.969565,complete,Release B,positive,E,,,,,,,,,,,,,,,,,,,,,,,,,,,
217,case_27,2024-04-10 19:00:03.969565,complete,CRP,positive,L,,QA,45.0,,4873.0,,,,,,,,,,,,,,,,,,,,,,
218,case_27,2024-04-10 19:51:06.969565,complete,Admission NC,positive,?,,,,,,,,,,,,,,,,,,,,,,,,,,,
219,case_27,2024-04-10 21:23:28.969565,complete,Release B,positive,E,,,,,,,,,,,,,,,,,,,,,,,,,,,
220,case_27,2024-04-10 22:30:26.969565,complete,Admission NC,positive,K,,,,,,,,,,,,,,,,,,,,,,,,,,,
221,case_27,2024-04-10 23:19:10.969565,complete,Release B,positive,E,,,,,,,,,,,,,,,,,,,,,,,,,,,
222,case_28,2024-04-10 16:33:52.969565,complete,CRP,positive,K,,YA,20.0,,2777.0,,,,,,,,,,,,,,,,,,,,,,
223,case_28,2024-04-10 17:23:15.969565,complete,Leucocytes,positive,L,,YA,23.0,138.0,,,,,,,,,,,,,,,,,,,,,,,
224,case_28,2024-04-10 17:59:39.969565,complete,Leucocytes,positive,L,,YB,23.0,138.0,,,,,,,,,,,,,,,,,,,,,,,
225,case_28,2024-04-10 18:52:34.969565,complete,Leucocytes,positive,A,,YA,21.0,138.0,,,,,,,,,,,,,,,,,,,,,,,
226,case_28,2024-04-10 19:55:55.969565,complete,CRP,positive,J,,YC,21.0,,50.0,,,,,,,,,,,,,,,,,,,,,,
227,case_28,2024-04-10 21:30:03.969565,complete,Admission NC,positive,F,,,,,,,,,,,,,,,,,,,,,,,,,,,
228,case_28,2024-04-10 21:34:34.969565,complete,Admission NC,positive,F,,,,,,,,,,,,,,,,,,,,,,,,,,,
229,case_28,2024-04-10 22:51:08.969565,complete,CRP,positive,L,,YC,34.0,,2515.0,,,,,,,,,,,,,,,,,,,,,,
230,case_29,2024-04-10 15:41:00.969565,complete,CRP,positive,J,,L,20.0,,3695.0,,,,,,,,,,,,,,,,,,,,,,
231,case_29,2024-04-10 16:35:28.969565,complete,ER Registration,positive,K,,YA,20.0,,,true,true,false,false,true,false,true,true,false,false,true,true,false,true,true,false,false,true,false,true,true,false
232,case_29,2024-04-10 17:58:36.969565,complete,CRP,positive,L,,YB,22.0,,50.0,,,,,,,,,,,,,,,,,,,,,,
233,case_29,2024-04-10 19:07:53.969565,complete,Admission NC,positive,F,,,,,,,,,,,,,,,,,,,,,,,,,,,
234,case_29,2024-04-10 19:48:53.969565,complete,CRP,positive,K,,YC,20.0,,1040.0,,,,,,,,,,,,,,,,,,,,,,
235,case_29,2024-04-10 20:41:56.969565,complete,Admission NC,positive,J,,,,,,,,,,,,,,,,,,,,,,,,,,,
236,case_29,2024-04-10 22:01:42.969565,complete,LacticAcid,positive,K,2.0,,,,,,,,,,,,,,,,,,,,,,,,,,
237,case_29,2024-04-10 23:30:19.969565,complete,Leucocytes,positive,A,,YA,20.0,140.0,,,,,,,,,,,,,,,,,,,,,,,
