,case:concept:name,time:timestamp,lifecycle:transition,concept:name,case:label,org:group,Diagnose,Age
0,case_0,2024-04-10 16:14:54.134934,complete,ER Triage,positive,C,YA,20.0
1,case_0,2024-04-10 17:00:02.134934,complete,Admission IC,positive,?,,
2,case_0,2024-04-10 17:58:34.134934,complete,Admission IC,positive,K,,
3,case_0,2024-04-10 18:39:40.134934,complete,Admission IC,positive,K,,
4,case_0,2024-04-10 20:13:51.134934,complete,Admission IC,positive,K,,
5,case_0,2024-04-10 20:33:10.134934,complete,Admission IC,positive,K,,
6,case_0,2024-04-10 22:19:38.134934,complete,Admission IC,positive,K,,
7,case_0,2024-04-10 23:20:36.134934,complete,Admission IC,positive,K,,
8,case_0,2024-04-10 23:35:42.134934,complete,Admission NC,positive,J,,
9,case_0,2024-04-11 01:08:25.134934,complete,Admission NC,positive,J,,
10,case_1,2024-04-10 15:52:02.134934,complete,ER Triage,positive,C,YA,20.0
11,case_1,2024-04-10 17:26:49.134934,complete,Admission IC,positive,K,,
12,case_1,2024-04-10 18:27:10.134934,complete,Admission IC,positive,?,,
13,case_1,2024-04-10 19:04:45.134934,complete,Admission IC,positive,K,,
14,case_1,2024-04-10 19:49:06.134934,complete,Admission IC,positive,K,,
15,case_1,2024-04-10 21:03:29.134934,complete,Admission IC,positive,K,,
16,case_1,2024-04-10 21:38:21.134934,complete,Admission IC,positive,K,,
17,case_1,2024-04-10 22:40:37.134934,complete,Admission IC,positive,K,,
18,case_1,2024-04-11 00:19:07.134934,complete,Admission NC,positive,J,,
19,case_1,2024-04-11 01:19:37.134934,complete,Admission NC,positive,J,,
20,case_2,2024-04-10 16:22:21.134934,complete,ER Triage,positive,C,YD,20.0
21,case_2,2024-04-10 17:18:51.134934,complete,Admission IC,positive,A,,
22,case_2,2024-04-10 18:21:57.134934,complete,Admission IC,positive,K,,
23,case_2,2024-04-10 19:02:27.134934,complete,Admission IC,positive,K,,
24,case_2,2024-04-10 19:35:49.134934,complete,Admission IC,positive,K,,
25,case_2,2024-04-10 21:14:13.134934,complete,Admission IC,positive,?,,
26,case_2,2024-04-10 21:55:58.134934,complete,Admission IC,positive,K,,
27,case_2,2024-04-10 22:40:00.134934,complete,Admission IC,positive,K,,
28,case_2,2024-04-10 23:49:29.134934,complete,Admission NC,positive,J,,
29,case_2,2024-04-11 01:26:33.134934,complete,Admission NC,positive,J,,
30,case_3,2024-04-10 15:34:56.134934,complete,ER Triage,positive,C,YB,20.0
31,case_3,2024-04-10 16:51:59.134934,complete,Admission IC,positive,K,,
32,case_3,2024-04-10 17:38:19.134934,complete,Admission IC,positive,I,,
33,case_3,2024-04-10 19:21:51.134934,complete,Admission IC,positive,K,,
34,case_3,2024-04-10 19:39:45.134934,complete,Admission IC,positive,K,,
35,case_3,2024-04-10 21:24:39.134934,complete,Admission IC,positive,I,,
36,case_3,2024-04-10 22:03:42.134934,complete,Admission IC,positive,K,,
37,case_3,2024-04-10 23:06:29.134934,complete,Admission IC,positive,K,,
38,case_3,2024-04-10 23:41:01.134934,complete,Admission NC,positive,J,,
39,case_3,2024-04-11 00:31:41.134934,complete,Admission NC,positive,J,,
40,case_4,2024-04-10 15:39:38.134934,complete,ER Triage,positive,C,YC,20.0
41,case_4,2024-04-10 16:45:40.134934,complete,Admission IC,positive,K,,
42,case_4,2024-04-10 18:17:46.134934,complete,Admission IC,positive,K,,
43,case_4,2024-04-10 18:50:30.134934,complete,Admission IC,positive,K,,
44,case_4,2024-04-10 19:58:56.134934,complete,Admission IC,positive,?,,
45,case_4,2024-04-10 21:18:31.134934,complete,Admission IC,positive,K,,
46,case_4,2024-04-10 21:45:09.134934,complete,Admission IC,positive,K,,
47,case_4,2024-04-10 22:49:25.134934,complete,Admission IC,positive,K,,
48,case_4,2024-04-10 23:42:20.134934,complete,Admission NC,positive,J,,
49,case_4,2024-04-11 01:04:35.134934,complete,Admission NC,positive,J,,
50,case_5,2024-04-10 16:23:43.134934,complete,ER Triage,positive,C,YA,20.0
51,case_5,2024-04-10 17:05:27.134934,complete,Admission IC,positive,K,,
52,case_5,2024-04-10 17:37:56.134934,complete,Admission IC,positive,K,,
53,case_5,2024-04-10 18:48:07.134934,complete,Admission IC,positive,?,,
54,case_5,2024-04-10 20:17:33.134934,complete,Admission IC,positive,K,,
55,case_5,2024-04-10 21:26:15.134934,complete,Admission NC,positive,J,,
56,case_5,2024-04-10 22:25:58.134934,complete,Admission NC,positive,J,,
57,case_6,2024-04-10 16:03:58.134934,complete,ER Triage,positive,C,YA,20.0
58,case_6,2024-04-10 17:01:03.134934,complete,Admission IC,positive,?,,
59,case_6,2024-04-10 18:15:12.134934,complete,Admission IC,positive,K,,
60,case_6,2024-04-10 18:51:47.134934,complete,Admission IC,positive,K,,
61,case_6,2024-04-10 20:11:54.134934,complete,Admission IC,positive,K,,
62,case_6,2024-04-10 20:46:06.134934,complete,Admission NC,positive,J,,
63,case_6,2024-04-10 21:33:42.134934,complete,Admission NC,positive,J,,
64,case_7,2024-04-10 16:15:34.134934,complete,ER Triage,positive,C,YC,20.0
65,case_7,2024-04-10 16:44:38.134934,complete,Admission IC,positive,K,,
66,case_7,2024-04-10 17:52:03.134934,complete,Admission IC,positive,K,,
67,case_7,2024-04-10 19:17:56.134934,complete,Admission IC,positive,K,,
68,case_7,2024-04-10 20:13:28.134934,complete,Admission IC,positive,?,,
69,case_7,2024-04-10 20:36:36.134934,complete,Admission NC,positive,J,,
70,case_7,2024-04-10 22:23:25.134934,complete,Admission NC,positive,J,,
71,case_8,2024-04-10 16:02:04.134934,complete,ER Triage,positive,C,YA,20.0
72,case_8,2024-04-10 17:25:59.134934,complete,Admission IC,positive,K,,
73,case_8,2024-04-10 18:25:07.134934,complete,Admission IC,positive,?,,
74,case_8,2024-04-10 19:21:49.134934,complete,Admission IC,positive,K,,
75,case_8,2024-04-10 19:38:30.134934,complete,Admission IC,positive,K,,
76,case_8,2024-04-10 21:09:27.134934,complete,Admission NC,positive,J,,
77,case_8,2024-04-10 22:27:50.134934,complete,Admission NC,positive,J,,
78,case_9,2024-04-10 15:43:40.134934,complete,ER Triage,positive,C,YD,20.0
79,case_9,2024-04-10 16:49:55.134934,complete,Admission IC,positive,A,,
80,case_9,2024-04-10 17:40:06.134934,complete,Admission IC,positive,K,,
81,case_9,2024-04-10 19:12:28.134934,complete,Admission IC,positive,K,,
82,case_9,2024-04-10 20:28:40.134934,complete,Admission IC,positive,K,,
83,case_9,2024-04-10 20:31:17.134934,complete,Admission NC,positive,J,,
84,case_9,2024-04-10 22:26:22.134934,complete,Admission NC,positive,J,,
85,case_10,2024-04-10 16:16:57.134934,complete,ER Triage,positive,C,YB,20.0
86,case_10,2024-04-10 16:55:50.134934,complete,Admission IC,positive,?,,
87,case_10,2024-04-10 17:31:42.134934,complete,Admission IC,positive,A,,
88,case_10,2024-04-10 19:03:13.134934,complete,Admission IC,positive,K,,
89,case_10,2024-04-10 20:24:17.134934,complete,Admission IC,positive,K,,
90,case_10,2024-04-10 20:41:01.134934,complete,Admission NC,positive,J,,
91,case_10,2024-04-10 21:47:17.134934,complete,Admission NC,positive,J,,
92,case_11,2024-04-10 15:48:29.134934,complete,ER Triage,positive,C,YD,20.0
93,case_11,2024-04-10 17:21:04.134934,complete,Admission IC,positive,A,,
94,case_11,2024-04-10 17:49:41.134934,complete,Admission IC,positive,K,,
95,case_11,2024-04-10 18:37:32.134934,complete,Admission NC,positive,J,,
96,case_11,2024-04-10 20:09:21.134934,complete,Admission NC,positive,J,,
97,case_12,2024-04-10 16:10:34.134934,complete,ER Triage,positive,C,YA,20.0
98,case_12,2024-04-10 17:08:24.134934,complete,Admission IC,positive,K,,
99,case_12,2024-04-10 17:59:01.134934,complete,Admission IC,positive,K,,
100,case_12,2024-04-10 19:05:37.134934,complete,Admission NC,positive,J,,
101,case_12,2024-04-10 20:10:28.134934,complete,Admission NC,positive,J,,
102,case_13,2024-04-10 16:16:47.134934,complete,ER Triage,positive,C,YA,20.0
103,case_13,2024-04-10 17:19:38.134934,complete,Admission IC,positive,K,,
104,case_13,2024-04-10 17:48:20.134934,complete,Admission IC,positive,I,,
105,case_13,2024-04-10 19:14:31.134934,complete,Admission NC,positive,J,,
106,case_13,2024-04-10 20:20:53.134934,complete,Admission NC,positive,J,,
107,case_14,2024-04-10 15:47:14.134934,complete,ER Triage,positive,C,YA,20.0
108,case_14,2024-04-10 17:24:09.134934,complete,Admission IC,positive,?,,
109,case_14,2024-04-10 18:03:02.134934,complete,Admission IC,positive,K,,
110,case_14,2024-04-10 18:42:56.134934,complete,Admission NC,positive,J,,
111,case_14,2024-04-10 19:40:36.134934,complete,Admission NC,positive,J,,
112,case_15,2024-04-10 15:41:49.134934,complete,ER Triage,positive,C,YC,20.0
113,case_15,2024-04-10 17:22:19.134934,complete,Admission IC,positive,K,,
114,case_15,2024-04-10 18:18:08.134934,complete,Admission IC,positive,K,,
115,case_15,2024-04-10 19:20:59.134934,complete,Admission NC,positive,J,,
116,case_15,2024-04-10 20:20:03.134934,complete,Admission NC,positive,J,,
117,case_16,2024-04-10 15:43:29.134934,complete,ER Triage,positive,C,YA,20.0
118,case_16,2024-04-10 16:51:19.134934,complete,Admission IC,positive,K,,
119,case_16,2024-04-10 17:33:01.134934,complete,Admission IC,positive,?,,
120,case_16,2024-04-10 19:09:21.134934,complete,Admission NC,positive,J,,
121,case_16,2024-04-10 19:40:46.134934,complete,Admission NC,positive,J,,
122,case_17,2024-04-10 16:04:45.134934,complete,ER Triage,positive,C,YA,20.0
123,case_17,2024-04-10 16:33:42.134934,complete,Admission IC,positive,I,,
124,case_17,2024-04-10 17:43:06.134934,complete,Admission IC,positive,?,,
125,case_17,2024-04-10 18:34:21.134934,complete,Admission NC,positive,J,,
126,case_17,2024-04-10 19:56:14.134934,complete,Admission NC,positive,J,,
127,case_18,2024-04-10 15:37:39.134934,complete,ER Triage,positive,C,YA,20.0
128,case_18,2024-04-10 16:51:19.134934,complete,Admission IC,positive,K,,
129,case_18,2024-04-10 18:06:13.134934,complete,Admission IC,positive,K,,
130,case_18,2024-04-10 19:21:16.134934,complete,Admission IC,positive,?,,
131,case_18,2024-04-10 19:37:57.134934,complete,Admission NC,positive,J,,
132,case_18,2024-04-10 20:36:25.134934,complete,Admission NC,positive,J,,
133,case_19,2024-04-10 16:27:54.134934,complete,ER Triage,positive,C,YA,20.0
134,case_19,2024-04-10 17:22:34.134934,complete,Admission IC,positive,?,,
135,case_19,2024-04-10 18:16:34.134934,complete,Admission IC,positive,K,,
136,case_19,2024-04-10 19:12:11.134934,complete,Admission IC,positive,K,,
137,case_19,2024-04-10 20:25:08.134934,complete,Admission NC,positive,J,,
138,case_19,2024-04-10 20:49:41.134934,complete,Admission NC,positive,J,,
139,case_20,2024-04-10 16:07:38.134934,complete,ER Triage,positive,C,YA,20.0
140,case_20,2024-04-10 17:30:23.134934,complete,Admission IC,positive,K,,
141,case_20,2024-04-10 18:22:09.134934,complete,Admission IC,positive,?,,
142,case_20,2024-04-10 18:36:21.134934,complete,Admission IC,positive,K,,
143,case_20,2024-04-10 20:16:00.134934,complete,Admission NC,positive,J,,
144,case_20,2024-04-10 21:02:52.134934,complete,Admission NC,positive,J,,
145,case_21,2024-04-10 15:38:38.134934,complete,ER Triage,positive,C,YA,20.0
146,case_21,2024-04-10 17:07:53.134934,complete,Admission IC,positive,K,,
147,case_21,2024-04-10 17:57:45.134934,complete,Admission IC,positive,I,,
148,case_21,2024-04-10 19:22:28.134934,complete,Admission IC,positive,?,,
149,case_21,2024-04-10 19:32:56.134934,complete,Admission NC,positive,J,,
150,case_21,2024-04-10 21:06:04.134934,complete,Admission NC,positive,J,,
151,case_22,2024-04-10 15:42:57.134934,complete,ER Triage,positive,C,YC,20.0
152,case_22,2024-04-10 16:55:22.134934,complete,Admission IC,positive,K,,
153,case_22,2024-04-10 17:42:13.134934,complete,Admission IC,positive,K,,
154,case_22,2024-04-10 18:44:24.134934,complete,Admission IC,positive,K,,
155,case_22,2024-04-10 19:59:25.134934,complete,Admission NC,positive,J,,
156,case_22,2024-04-10 20:47:38.134934,complete,Admission NC,positive,J,,
157,case_23,2024-04-10 16:09:30.134934,complete,ER Triage,positive,C,YA,20.0
158,case_23,2024-04-10 16:53:44.134934,complete,Admission IC,positive,?,,
159,case_23,2024-04-10 18:04:04.134934,complete,Admission IC,positive,K,,
160,case_23,2024-04-10 19:17:51.134934,complete,Admission IC,positive,K,,
161,case_23,2024-04-10 19:48:55.134934,complete,Admission IC,positive,K,,
162,case_23,2024-04-10 20:48:59.134934,complete,Admission IC,positive,K,,
163,case_23,2024-04-10 22:16:09.134934,complete,Admission NC,positive,J,,
164,case_23,2024-04-10 22:34:31.134934,complete,Admission NC,positive,J,,
165,case_24,2024-04-10 16:28:48.134934,complete,ER Triage,positive,C,YA,20.0
166,case_24,2024-04-10 17:04:02.134934,complete,Admission IC,positive,K,,
167,case_24,2024-04-10 18:03:31.134934,complete,Admission IC,positive,K,,
168,case_24,2024-04-10 18:47:48.134934,complete,Admission IC,positive,?,,
169,case_24,2024-04-10 20:17:28.134934,complete,Admission IC,positive,K,,
170,case_24,2024-04-10 21:03:24.134934,complete,Admission IC,positive,K,,
171,case_24,2024-04-10 21:58:04.134934,complete,Admission NC,positive,J,,
172,case_24,2024-04-10 22:53:02.134934,complete,Admission NC,positive,J,,
173,case_25,2024-04-10 16:21:58.134934,complete,ER Triage,positive,C,YA,20.0
174,case_25,2024-04-10 16:39:15.134934,complete,Admission IC,positive,K,,
175,case_25,2024-04-10 18:09:35.134934,complete,Admission IC,positive,?,,
176,case_25,2024-04-10 19:06:19.134934,complete,Admission IC,positive,K,,
177,case_25,2024-04-10 19:33:22.134934,complete,Admission IC,positive,K,,
178,case_25,2024-04-10 21:17:39.134934,complete,Admission IC,positive,K,,
179,case_25,2024-04-10 21:57:22.134934,complete,Admission NC,positive,J,,
180,case_25,2024-04-10 22:31:40.134934,complete,Admission NC,positive,J,,
181,case_26,2024-04-10 15:38:34.134934,complete,ER Triage,positive,C,YA,20.0
182,case_26,2024-04-10 17:12:39.134934,complete,Admission IC,positive,K,,
183,case_26,2024-04-10 17:57:38.134934,complete,Admission IC,positive,I,,
184,case_26,2024-04-10 18:50:39.134934,complete,Admission IC,positive,I,,
185,case_26,2024-04-10 19:35:00.134934,complete,Admission IC,positive,?,,
186,case_26,2024-04-10 21:15:06.134934,complete,Admission IC,positive,K,,
187,case_26,2024-04-10 21:33:58.134934,complete,Admission IC,positive,A,,
188,case_26,2024-04-10 23:26:57.134934,complete,Admission NC,positive,J,,
189,case_26,2024-04-11 00:16:28.134934,complete,Admission NC,positive,J,,
190,case_27,2024-04-10 15:35:14.134934,complete,ER Triage,positive,C,YA,20.0
191,case_27,2024-04-10 17:17:46.134934,complete,Admission IC,positive,K,,
192,case_27,2024-04-10 17:50:53.134934,complete,Admission IC,positive,?,,
193,case_27,2024-04-10 18:53:51.134934,complete,Admission IC,positive,K,,
194,case_27,2024-04-10 20:09:18.134934,complete,Admission IC,positive,K,,
195,case_27,2024-04-10 21:05:35.135934,complete,Admission IC,positive,K,,
196,case_27,2024-04-10 21:39:15.135934,complete,Admission IC,positive,K,,
197,case_27,2024-04-10 22:50:23.135934,complete,Admission NC,positive,J,,
198,case_27,2024-04-11 00:21:18.135934,complete,Admission NC,positive,J,,
199,case_28,2024-04-10 16:21:25.135934,complete,ER Triage,positive,C,YA,20.0
200,case_28,2024-04-10 17:20:32.135934,complete,Admission IC,positive,K,,
201,case_28,2024-04-10 18:09:19.135934,complete,Admission IC,positive,K,,
202,case_28,2024-04-10 19:23:28.135934,complete,Admission IC,positive,?,,
203,case_28,2024-04-10 19:34:38.135934,complete,Admission IC,positive,K,,
204,case_28,2024-04-10 20:38:59.135934,complete,Admission IC,positive,K,,
205,case_28,2024-04-10 21:51:27.135934,complete,Admission IC,positive,K,,
206,case_28,2024-04-10 23:00:27.135934,complete,Admission NC,positive,J,,
207,case_28,2024-04-10 23:46:28.135934,complete,Admission NC,positive,J,,
208,case_29,2024-04-10 15:56:39.135934,complete,ER Triage,positive,C,YD,20.0
209,case_29,2024-04-10 16:59:37.135934,complete,Admission IC,positive,A,,
210,case_29,2024-04-10 18:18:48.135934,complete,Admission IC,positive,K,,
211,case_29,2024-04-10 18:50:31.135934,complete,Admission IC,positive,K,,
212,case_29,2024-04-10 19:35:07.135934,complete,Admission IC,positive,K,,
213,case_29,2024-04-10 21:06:52.135934,complete,Admission IC,positive,?,,
214,case_29,2024-04-10 22:10:28.135934,complete,Admission IC,positive,K,,
215,case_29,2024-04-10 23:28:44.135934,complete,Admission NC,positive,J,,
216,case_29,2024-04-11 00:27:17.135934,complete,Admission NC,positive,J,,
