,case:concept:name,time:timestamp,lifecycle:transition,concept:name,case:label,org:group,Diagnose,Age,CRP,Leucocytes,InfectionSuspected,DiagnosticBlood,DisfuncOrg,SIRSCritTachypnea,Hypotensie,SIRSCritHeartRate,Infusion,DiagnosticArtAstrup,DiagnosticIC,DiagnosticSputum,DiagnosticLiquor,DiagnosticOther,SIRSCriteria2OrMore,DiagnosticXthorax,SIRSCritTemperature,DiagnosticUrinaryCulture,SIRSCritLeucos,Oligurie,DiagnosticLacticAcid,Hypoxie,DiagnosticUrinarySediment,DiagnosticECG,LacticAcid
0,case_0,2024-04-10 15:56:31.730297,complete,Admission NC,positive,E,,,,,,,,,,,,,,,,,,,,,,,,,,,
1,case_0,2024-04-10 16:44:46.730297,complete,CRP,positive,L,XD,22.0,758.0,,,,,,,,,,,,,,,,,,,,,,,,
2,case_0,2024-04-10 18:18:57.730297,complete,Admission NC,positive,L,,,,,,,,,,,,,,,,,,,,,,,,,,,
3,case_0,2024-04-10 18:56:28.730297,complete,Leucocytes,positive,I,OC,20.0,,2933.0,,,,,,,,,,,,,,,,,,,,,,,
4,case_0,2024-04-10 20:22:05.730297,complete,Leucocytes,positive,I,HB,90.0,,132.0,,,,,,,,,,,,,,,,,,,,,,,
5,case_0,2024-04-10 20:56:59.730297,complete,CRP,positive,J,HE,20.0,4716.0,,,,,,,,,,,,,,,,,,,,,,,,
6,case_0,2024-04-10 22:30:39.730297,complete,CRP,positive,C,HA,20.0,2661.0,,,,,,,,,,,,,,,,,,,,,,,,
7,case_1,2024-04-10 15:59:22.730297,complete,Leucocytes,positive,L,EE,90.0,,137.0,,,,,,,,,,,,,,,,,,,,,,,
8,case_1,2024-04-10 17:31:58.730297,complete,Leucocytes,positive,J,MD,20.0,,2362.0,,,,,,,,,,,,,,,,,,,,,,,
9,case_1,2024-04-10 18:23:37.730297,complete,CRP,positive,I,HB,22.0,2915.0,,,,,,,,,,,,,,,,,,,,,,,,
10,case_1,2024-04-10 18:57:52.730297,complete,Leucocytes,positive,I,GA,24.0,,2932.0,,,,,,,,,,,,,,,,,,,,,,,
11,case_1,2024-04-10 19:42:07.730297,complete,Admission NC,positive,?,,,,,,,,,,,,,,,,,,,,,,,,,,,
12,case_1,2024-04-10 21:10:10.730297,complete,Leucocytes,positive,I,HD,23.0,,143.0,,,,,,,,,,,,,,,,,,,,,,,
13,case_1,2024-04-10 21:57:28.730297,complete,Admission NC,positive,C,,,,,,,,,,,,,,,,,,,,,,,,,,,
14,case_2,2024-04-10 15:34:29.730297,complete,CRP,positive,E,FD,25.0,4856.0,,,,,,,,,,,,,,,,,,,,,,,,
15,case_2,2024-04-10 17:09:56.730297,complete,Leucocytes,positive,L,XC,45.0,,2362.0,,,,,,,,,,,,,,,,,,,,,,,
16,case_2,2024-04-10 18:11:13.730297,complete,Admission NC,positive,J,,,,,,,,,,,,,,,,,,,,,,,,,,,
17,case_2,2024-04-10 19:31:08.730297,complete,CRP,positive,J,GA,20.0,1455.0,,,,,,,,,,,,,,,,,,,,,,,,
18,case_2,2024-04-10 20:24:55.730297,complete,Leucocytes,positive,L,HD,20.0,,1269.0,,,,,,,,,,,,,,,,,,,,,,,
19,case_2,2024-04-10 21:23:47.730297,complete,CRP,positive,L,HC,25.0,5365.0,,,,,,,,,,,,,,,,,,,,,,,,
20,case_2,2024-04-10 22:17:08.730297,complete,Admission NC,positive,L,,,,,,,,,,,,,,,,,,,,,,,,,,,
21,case_3,2024-04-10 16:09:37.730297,complete,Leucocytes,positive,L,EE,20.0,,136.0,,,,,,,,,,,,,,,,,,,,,,,
22,case_3,2024-04-10 16:35:08.730297,complete,CRP,positive,J,MD,21.0,276.0,,,,,,,,,,,,,,,,,,,,,,,,
23,case_3,2024-04-10 17:43:31.730297,complete,Admission NC,positive,J,,,,,,,,,,,,,,,,,,,,,,,,,,,
24,case_3,2024-04-10 19:07:03.730297,complete,Leucocytes,positive,I,OC,20.0,,2934.0,,,,,,,,,,,,,,,,,,,,,,,
25,case_3,2024-04-10 19:43:37.730297,complete,CRP,positive,I,HE,21.0,4680.0,,,,,,,,,,,,,,,,,,,,,,,,
26,case_3,2024-04-10 20:37:46.730297,complete,Admission NC,positive,J,,,,,,,,,,,,,,,,,,,,,,,,,,,
27,case_3,2024-04-10 21:57:57.730297,complete,CRP,positive,I,HE,20.0,2668.0,,,,,,,,,,,,,,,,,,,,,,,,
28,case_4,2024-04-10 16:07:22.730297,complete,CRP,positive,L,EE,20.0,3978.0,,,,,,,,,,,,,,,,,,,,,,,,
29,case_4,2024-04-10 17:31:58.730297,complete,Leucocytes,positive,K,MD,21.0,,135.0,,,,,,,,,,,,,,,,,,,,,,,
30,case_4,2024-04-10 18:24:15.730297,complete,Admission NC,positive,L,,,,,,,,,,,,,,,,,,,,,,,,,,,
31,case_4,2024-04-10 18:47:37.730297,complete,CRP,positive,E,OC,20.0,935.0,,,,,,,,,,,,,,,,,,,,,,,,
32,case_4,2024-04-10 19:51:28.730297,complete,CRP,positive,I,HE,21.0,4744.0,,,,,,,,,,,,,,,,,,,,,,,,
33,case_4,2024-04-10 21:02:53.730297,complete,Admission NC,positive,J,,,,,,,,,,,,,,,,,,,,,,,,,,,
34,case_4,2024-04-10 21:46:55.730297,complete,CRP,positive,L,HC,20.0,2668.0,,,,,,,,,,,,,,,,,,,,,,,,
35,case_5,2024-04-10 15:55:19.730297,complete,Admission NC,positive,E,,,,,,,,,,,,,,,,,,,,,,,,,,,
36,case_5,2024-04-10 16:45:43.730297,complete,Leucocytes,positive,L,FB,23.0,,137.0,,,,,,,,,,,,,,,,,,,,,,,
37,case_5,2024-04-10 18:01:05.730297,complete,Leucocytes,positive,I,OE,20.0,,136.0,,,,,,,,,,,,,,,,,,,,,,,
38,case_5,2024-04-10 19:22:40.730297,complete,CRP,positive,I,O,20.0,2872.0,,,,,,,,,,,,,,,,,,,,,,,,
39,case_5,2024-04-10 19:39:21.730297,complete,Admission NC,positive,L,,,,,,,,,,,,,,,,,,,,,,,,,,,
40,case_5,2024-04-10 20:34:45.730297,complete,CRP,positive,E,HD,20.0,2841.0,,,,,,,,,,,,,,,,,,,,,,,,
41,case_6,2024-04-10 16:33:07.730297,complete,Leucocytes,positive,J,WC,24.0,,333.0,,,,,,,,,,,,,,,,,,,,,,,
42,case_6,2024-04-10 17:24:20.730297,complete,CRP,positive,L,FC,21.0,5730.0,,,,,,,,,,,,,,,,,,,,,,,,
43,case_6,2024-04-10 18:13:17.730297,complete,Admission NC,positive,?,,,,,,,,,,,,,,,,,,,,,,,,,,,
44,case_6,2024-04-10 19:05:02.730297,complete,Admission NC,positive,L,,,,,,,,,,,,,,,,,,,,,,,,,,,
45,case_6,2024-04-10 19:52:49.730297,complete,CRP,positive,L,HE,20.0,5689.0,,,,,,,,,,,,,,,,,,,,,,,,
46,case_6,2024-04-10 20:55:05.730297,complete,Leucocytes,positive,L,HC,20.0,,139.0,,,,,,,,,,,,,,,,,,,,,,,
47,case_7,2024-04-10 16:08:19.730297,complete,CRP,positive,J,MA,22.0,4277.0,,,,,,,,,,,,,,,,,,,,,,,,
48,case_7,2024-04-10 17:06:29.730297,complete,Leucocytes,positive,L,CC,42.0,,3058.0,,,,,,,,,,,,,,,,,,,,,,,
49,case_7,2024-04-10 18:23:24.730297,complete,Admission NC,positive,J,,,,,,,,,,,,,,,,,,,,,,,,,,,
50,case_7,2024-04-10 19:30:22.730297,complete,Admission NC,positive,J,,,,,,,,,,,,,,,,,,,,,,,,,,,
51,case_7,2024-04-10 20:13:57.730297,complete,CRP,positive,L,HA,21.0,5689.0,,,,,,,,,,,,,,,,,,,,,,,,
52,case_7,2024-04-10 20:58:45.730297,complete,CRP,positive,K,HC,20.0,509.0,,,,,,,,,,,,,,,,,,,,,,,,
53,case_8,2024-04-10 16:31:27.730297,complete,CRP,positive,L,WC,20.0,5203.0,,,,,,,,,,,,,,,,,,,,,,,,
54,case_8,2024-04-10 16:34:40.730297,complete,Admission NC,positive,J,,,,,,,,,,,,,,,,,,,,,,,,,,,
55,case_8,2024-04-10 17:38:47.730297,complete,CRP,positive,I,OB,21.0,871.0,,,,,,,,,,,,,,,,,,,,,,,,
56,case_8,2024-04-10 19:09:52.730297,complete,Leucocytes,positive,I,PE,20.0,,3233.0,,,,,,,,,,,,,,,,,,,,,,,
57,case_8,2024-04-10 20:28:26.730297,complete,CRP,positive,K,HE,22.0,4733.0,,,,,,,,,,,,,,,,,,,,,,,,
58,case_8,2024-04-10 20:34:18.730297,complete,Admission NC,positive,L,,,,,,,,,,,,,,,,,,,,,,,,,,,
59,case_9,2024-04-10 16:28:25.730297,complete,Leucocytes,positive,E,QE,21.0,,2688.0,,,,,,,,,,,,,,,,,,,,,,,
60,case_9,2024-04-10 17:07:41.730297,complete,Admission NC,positive,J,,,,,,,,,,,,,,,,,,,,,,,,,,,
61,case_9,2024-04-10 17:58:25.730297,complete,CRP,positive,I,AA,37.0,850.0,,,,,,,,,,,,,,,,,,,,,,,,
62,case_9,2024-04-10 19:08:56.730297,complete,CRP,positive,I,HD,90.0,903.0,,,,,,,,,,,,,,,,,,,,,,,,
63,case_9,2024-04-10 20:18:33.730297,complete,Admission NC,positive,C,,,,,,,,,,,,,,,,,,,,,,,,,,,
64,case_10,2024-04-10 16:30:14.730297,complete,Leucocytes,positive,L,QE,21.0,,2684.0,,,,,,,,,,,,,,,,,,,,,,,
65,case_10,2024-04-10 17:24:00.730297,complete,CRP,positive,L,GD,89.0,4506.0,,,,,,,,,,,,,,,,,,,,,,,,
66,case_10,2024-04-10 17:44:14.730297,complete,Admission NC,positive,L,,,,,,,,,,,,,,,,,,,,,,,,,,,
67,case_10,2024-04-10 19:17:54.730297,complete,Admission NC,positive,L,,,,,,,,,,,,,,,,,,,,,,,,,,,
68,case_10,2024-04-10 19:43:18.730297,complete,CRP,positive,L,HB,20.0,5569.0,,,,,,,,,,,,,,,,,,,,,,,,
69,case_11,2024-04-10 16:18:11.730297,complete,Leucocytes,positive,A,CD,20.0,,636.0,,,,,,,,,,,,,,,,,,,,,,,
70,case_11,2024-04-10 17:17:44.730297,complete,Admission NC,positive,L,,,,,,,,,,,,,,,,,,,,,,,,,,,
71,case_11,2024-04-10 18:24:24.730297,complete,CRP,positive,I,AA,21.0,846.0,,,,,,,,,,,,,,,,,,,,,,,,
72,case_11,2024-04-10 19:15:26.730297,complete,Admission NC,positive,L,,,,,,,,,,,,,,,,,,,,,,,,,,,
73,case_11,2024-04-10 20:12:06.730297,complete,CRP,positive,L,HE,21.0,2781.0,,,,,,,,,,,,,,,,,,,,,,,,
74,case_12,2024-04-10 16:19:13.730297,complete,CRP,positive,A,QE,20.0,4333.0,,,,,,,,,,,,,,,,,,,,,,,,
75,case_12,2024-04-10 17:19:22.730297,complete,Admission NC,positive,L,,,,,,,,,,,,,,,,,,,,,,,,,,,
76,case_12,2024-04-10 18:02:14.730297,complete,CRP,positive,I,ID,37.0,846.0,,,,,,,,,,,,,,,,,,,,,,,,
77,case_12,2024-04-10 18:36:59.730297,complete,Admission NC,positive,L,,,,,,,,,,,,,,,,,,,,,,,,,,,
78,case_12,2024-04-10 19:35:31.730297,complete,CRP,positive,L,HE,20.0,5634.0,,,,,,,,,,,,,,,,,,,,,,,,
79,case_13,2024-04-10 16:16:39.730297,complete,Leucocytes,positive,L,QE,20.0,,636.0,,,,,,,,,,,,,,,,,,,,,,,
80,case_13,2024-04-10 17:22:18.730297,complete,Admission NC,positive,L,,,,,,,,,,,,,,,,,,,,,,,,,,,
81,case_13,2024-04-10 18:09:48.730297,complete,CRP,positive,J,AA,20.0,854.0,,,,,,,,,,,,,,,,,,,,,,,,
82,case_13,2024-04-10 19:16:58.730297,complete,Admission NC,positive,F,,,,,,,,,,,,,,,,,,,,,,,,,,,
83,case_13,2024-04-10 20:18:44.730297,complete,CRP,positive,L,HE,21.0,2782.0,,,,,,,,,,,,,,,,,,,,,,,,
84,case_14,2024-04-10 15:47:55.730297,complete,Admission NC,positive,L,,,,,,,,,,,,,,,,,,,,,,,,,,,
85,case_14,2024-04-10 17:30:41.730297,complete,CRP,positive,L,MD,20.0,4429.0,,,,,,,,,,,,,,,,,,,,,,,,
86,case_14,2024-04-10 17:33:40.730297,complete,CRP,positive,I,AA,37.0,746.0,,,,,,,,,,,,,,,,,,,,,,,,
87,case_14,2024-04-10 18:54:02.730297,complete,Admission NC,positive,J,,,,,,,,,,,,,,,,,,,,,,,,,,,
88,case_14,2024-04-10 20:04:08.730297,complete,CRP,positive,K,HE,85.0,4622.0,,,,,,,,,,,,,,,,,,,,,,,,
89,case_15,2024-04-10 16:19:40.730297,complete,Leucocytes,positive,L,CD,20.0,,137.0,,,,,,,,,,,,,,,,,,,,,,,
90,case_15,2024-04-10 17:16:36.730297,complete,Leucocytes,positive,J,ID,22.0,,2968.0,,,,,,,,,,,,,,,,,,,,,,,
91,case_15,2024-04-10 17:42:40.730297,complete,Admission NC,positive,L,,,,,,,,,,,,,,,,,,,,,,,,,,,
92,case_15,2024-04-10 19:31:43.730297,complete,CRP,positive,J,HE,30.0,951.0,,,,,,,,,,,,,,,,,,,,,,,,
93,case_15,2024-04-10 20:12:12.730297,complete,Admission NC,positive,L,,,,,,,,,,,,,,,,,,,,,,,,,,,
94,case_16,2024-04-10 16:25:29.730297,complete,CRP,positive,J,PA,73.0,4610.0,,,,,,,,,,,,,,,,,,,,,,,,
95,case_16,2024-04-10 17:30:28.730297,complete,Admission NC,positive,E,,,,,,,,,,,,,,,,,,,,,,,,,,,
96,case_16,2024-04-10 17:51:02.730297,complete,CRP,positive,I,AA,24.0,848.0,,,,,,,,,,,,,,,,,,,,,,,,
97,case_16,2024-04-10 18:44:50.730297,complete,Admission NC,positive,L,,,,,,,,,,,,,,,,,,,,,,,,,,,
98,case_16,2024-04-10 19:34:40.730297,complete,CRP,positive,L,HB,20.0,2718.0,,,,,,,,,,,,,,,,,,,,,,,,
99,case_17,2024-04-10 16:32:55.730297,complete,CRP,positive,J,EE,20.0,5730.0,,,,,,,,,,,,,,,,,,,,,,,,
100,case_17,2024-04-10 17:20:26.730297,complete,ER Registration,positive,L,X,20.0,,,true,true,false,true,true,true,true,true,false,true,false,false,true,false,false,false,true,true,false,false,true,false,
101,case_17,2024-04-10 18:09:40.730297,complete,CRP,positive,L,IC,21.0,5730.0,,,,,,,,,,,,,,,,,,,,,,,,
102,case_17,2024-04-10 18:57:41.730297,complete,Admission NC,positive,L,,,,,,,,,,,,,,,,,,,,,,,,,,,
103,case_17,2024-04-10 20:23:04.730297,complete,Leucocytes,positive,I,HA,23.0,,138.0,,,,,,,,,,,,,,,,,,,,,,,
104,case_17,2024-04-10 21:31:18.730297,complete,CRP,positive,?,YA,20.0,5036.0,,,,,,,,,,,,,,,,,,,,,,,,
105,case_17,2024-04-10 22:30:52.730297,complete,Admission NC,positive,J,,,,,,,,,,,,,,,,,,,,,,,,,,,
106,case_17,2024-04-10 23:31:12.730297,complete,CRP,positive,L,HD,21.0,5271.0,,,,,,,,,,,,,,,,,,,,,,,,
107,case_17,2024-04-10 23:46:00.730297,complete,Leucocytes,positive,L,HE,21.0,,139.0,,,,,,,,,,,,,,,,,,,,,,,
108,case_18,2024-04-10 16:22:07.730297,complete,Admission NC,positive,J,,,,,,,,,,,,,,,,,,,,,,,,,,,
109,case_18,2024-04-10 17:32:22.730297,complete,CRP,positive,L,GD,24.0,2648.0,,,,,,,,,,,,,,,,,,,,,,,,
110,case_18,2024-04-10 17:50:01.730297,complete,CRP,positive,L,AD,21.0,5730.0,,,,,,,,,,,,,,,,,,,,,,,,
111,case_18,2024-04-10 18:34:07.730297,complete,CRP,positive,I,UB,21.0,1328.0,,,,,,,,,,,,,,,,,,,,,,,,
112,case_18,2024-04-10 19:37:36.730297,complete,LacticAcid,positive,F,,,,,,,,,,,,,,,,,,,,,,,,,,,86.0
113,case_18,2024-04-10 21:00:36.730297,complete,ER Registration,positive,I,HE,21.0,,,true,false,false,true,true,false,true,false,true,true,false,true,true,false,true,true,false,false,true,true,true,true,
114,case_18,2024-04-10 22:03:10.730297,complete,Leucocytes,positive,J,HE,20.0,,138.0,,,,,,,,,,,,,,,,,,,,,,,
115,case_18,2024-04-10 23:24:04.730297,complete,Admission NC,positive,C,,,,,,,,,,,,,,,,,,,,,,,,,,,
116,case_18,2024-04-11 00:06:47.730297,complete,CRP,positive,E,HD,90.0,5600.0,,,,,,,,,,,,,,,,,,,,,,,,
117,case_19,2024-04-10 16:29:32.730297,complete,CRP,positive,A,CA,24.0,5729.0,,,,,,,,,,,,,,,,,,,,,,,,
118,case_19,2024-04-10 16:43:09.730297,complete,Admission NC,positive,E,,,,,,,,,,,,,,,,,,,,,,,,,,,
119,case_19,2024-04-10 17:33:31.730297,complete,CRP,positive,J,ID,21.0,5729.0,,,,,,,,,,,,,,,,,,,,,,,,
120,case_19,2024-04-10 19:09:43.730297,complete,LacticAcid,positive,I,,,,,,,,,,,,,,,,,,,,,,,,,,,28.0
121,case_19,2024-04-10 20:19:25.730297,complete,CRP,positive,L,HD,89.0,4768.0,,,,,,,,,,,,,,,,,,,,,,,,
122,case_19,2024-04-10 20:36:12.730297,complete,CRP,positive,I,HC,21.0,5233.0,,,,,,,,,,,,,,,,,,,,,,,,
123,case_19,2024-04-10 21:34:34.730297,complete,ER Registration,positive,I,HE,20.0,,,false,false,false,false,true,true,true,false,true,false,false,false,false,false,false,false,false,true,false,false,true,true,
124,case_19,2024-04-10 22:47:17.730297,complete,Admission NC,positive,J,,,,,,,,,,,,,,,,,,,,,,,,,,,
125,case_19,2024-04-11 00:28:56.730297,complete,Leucocytes,positive,C,HD,20.0,,138.0,,,,,,,,,,,,,,,,,,,,,,,
126,case_20,2024-04-10 15:53:06.730297,complete,CRP,positive,E,Q,22.0,5730.0,,,,,,,,,,,,,,,,,,,,,,,,
127,case_20,2024-04-10 17:13:59.730297,complete,Admission NC,positive,L,,,,,,,,,,,,,,,,,,,,,,,,,,,
128,case_20,2024-04-10 18:10:47.730297,complete,CRP,positive,I,CB,20.0,5729.0,,,,,,,,,,,,,,,,,,,,,,,,
129,case_20,2024-04-10 19:16:36.730297,complete,CRP,positive,J,CE,22.0,3371.0,,,,,,,,,,,,,,,,,,,,,,,,
130,case_20,2024-04-10 20:07:14.730297,complete,Leucocytes,positive,I,UA,22.0,,136.0,,,,,,,,,,,,,,,,,,,,,,,
131,case_20,2024-04-10 21:06:17.730297,complete,Admission NC,positive,F,,,,,,,,,,,,,,,,,,,,,,,,,,,
132,case_20,2024-04-10 21:41:03.730297,complete,Leucocytes,positive,I,HD,20.0,,139.0,,,,,,,,,,,,,,,,,,,,,,,
133,case_20,2024-04-10 22:43:21.730297,complete,ER Registration,positive,J,GD,22.0,,,false,true,true,false,true,false,false,true,false,true,true,true,true,true,false,false,true,false,false,true,true,false,
134,case_20,2024-04-10 23:51:15.730297,complete,CRP,positive,I,PE,21.0,5589.0,,,,,,,,,,,,,,,,,,,,,,,,
135,case_20,2024-04-11 01:15:50.730297,complete,CRP,positive,L,HE,20.0,5486.0,,,,,,,,,,,,,,,,,,,,,,,,
136,case_21,2024-04-10 16:11:37.730297,complete,Leucocytes,positive,L,Q,21.0,,137.0,,,,,,,,,,,,,,,,,,,,,,,
137,case_21,2024-04-10 17:11:47.730297,complete,CRP,positive,I,HD,21.0,2985.0,,,,,,,,,,,,,,,,,,,,,,,,
138,case_21,2024-04-10 18:00:59.730297,complete,Admission NC,positive,?,,,,,,,,,,,,,,,,,,,,,,,,,,,
139,case_21,2024-04-10 18:47:46.730297,complete,Admission NC,positive,?,,,,,,,,,,,,,,,,,,,,,,,,,,,
140,case_21,2024-04-10 19:35:22.730297,complete,CRP,positive,?,DC,21.0,1679.0,,,,,,,,,,,,,,,,,,,,,,,,
141,case_21,2024-04-10 21:07:00.730297,complete,Leucocytes,positive,?,OA,21.0,,2888.0,,,,,,,,,,,,,,,,,,,,,,,
142,case_21,2024-04-10 21:56:16.730297,complete,CRP,positive,L,HE,23.0,237.0,,,,,,,,,,,,,,,,,,,,,,,,
143,case_21,2024-04-10 22:44:12.730297,complete,Leucocytes,positive,I,GB,23.0,,137.0,,,,,,,,,,,,,,,,,,,,,,,
144,case_21,2024-04-10 23:51:46.730297,complete,Leucocytes,positive,I,HE,20.0,,137.0,,,,,,,,,,,,,,,,,,,,,,,
145,case_21,2024-04-11 01:21:56.730297,complete,CRP,positive,J,HE,20.0,5486.0,,,,,,,,,,,,,,,,,,,,,,,,
146,case_22,2024-04-10 16:03:32.730297,complete,ER Registration,positive,J,WC,21.0,,,true,true,false,true,true,false,false,true,false,true,true,true,false,true,false,true,false,false,false,true,true,false,
147,case_22,2024-04-10 16:58:00.730297,complete,Admission NC,positive,E,,,,,,,,,,,,,,,,,,,,,,,,,,,
148,case_22,2024-04-10 18:18:37.730297,complete,CRP,positive,L,CE,21.0,5730.0,,,,,,,,,,,,,,,,,,,,,,,,
149,case_22,2024-04-10 18:58:10.730297,complete,CRP,positive,I,TB,21.0,3373.0,,,,,,,,,,,,,,,,,,,,,,,,
150,case_22,2024-04-10 20:20:16.730297,complete,Admission NC,positive,L,,,,,,,,,,,,,,,,,,,,,,,,,,,
151,case_22,2024-04-10 21:25:42.730297,complete,CRP,positive,I,OA,21.0,5444.0,,,,,,,,,,,,,,,,,,,,,,,,
152,case_22,2024-04-10 21:41:58.730297,complete,Leucocytes,positive,J,HB,20.0,,137.0,,,,,,,,,,,,,,,,,,,,,,,
153,case_22,2024-04-10 23:17:23.730297,complete,Leucocytes,positive,I,GB,20.0,,3157.0,,,,,,,,,,,,,,,,,,,,,,,
154,case_22,2024-04-11 00:01:16.730297,complete,CRP,positive,J,HE,21.0,5645.0,,,,,,,,,,,,,,,,,,,,,,,,
155,case_22,2024-04-11 01:20:01.730297,complete,Leucocytes,positive,E,HE,22.0,,135.0,,,,,,,,,,,,,,,,,,,,,,,
156,case_23,2024-04-10 15:42:52.730297,complete,Leucocytes,positive,L,Q,21.0,,135.0,,,,,,,,,,,,,,,,,,,,,,,
157,case_23,2024-04-10 17:21:33.730297,complete,CRP,positive,I,HE,21.0,2964.0,,,,,,,,,,,,,,,,,,,,,,,,
158,case_23,2024-04-10 17:41:42.730297,complete,ER Registration,positive,L,CB,21.0,,,true,false,false,false,false,true,false,true,false,true,false,false,false,false,true,false,true,true,false,false,false,false,
159,case_23,2024-04-10 18:46:56.730297,complete,CRP,positive,L,TB,24.0,3373.0,,,,,,,,,,,,,,,,,,,,,,,,
160,case_23,2024-04-10 20:07:09.730297,complete,CRP,positive,I,UA,21.0,1678.0,,,,,,,,,,,,,,,,,,,,,,,,
161,case_23,2024-04-10 21:21:40.730297,complete,ER Registration,positive,K,HA,22.0,,,false,false,false,false,false,true,true,true,true,false,false,true,true,true,false,true,true,true,false,true,false,true,
162,case_23,2024-04-10 22:20:33.730297,complete,CRP,positive,L,HE,21.0,1792.0,,,,,,,,,,,,,,,,,,,,,,,,
163,case_23,2024-04-10 22:54:55.730297,complete,Admission NC,positive,C,,,,,,,,,,,,,,,,,,,,,,,,,,,
164,case_23,2024-04-11 00:04:27.730297,complete,Admission NC,positive,C,,,,,,,,,,,,,,,,,,,,,,,,,,,
165,case_23,2024-04-11 01:07:40.730297,complete,Leucocytes,positive,L,HD,20.0,,139.0,,,,,,,,,,,,,,,,,,,,,,,
166,case_24,2024-04-10 15:39:44.730297,complete,LacticAcid,positive,L,,,,,,,,,,,,,,,,,,,,,,,,,,,23.0
167,case_24,2024-04-10 16:34:33.730297,complete,Admission NC,positive,J,,,,,,,,,,,,,,,,,,,,,,,,,,,
168,case_24,2024-04-10 18:15:06.730297,complete,ER Registration,positive,I,LB,20.0,,,false,false,true,false,false,true,false,true,true,true,true,true,true,false,false,true,true,true,false,true,true,true,
169,case_24,2024-04-10 19:08:37.730297,complete,CRP,positive,J,CE,22.0,3373.0,,,,,,,,,,,,,,,,,,,,,,,,
170,case_24,2024-04-10 20:14:42.730297,complete,Admission NC,positive,C,,,,,,,,,,,,,,,,,,,,,,,,,,,
171,case_24,2024-04-10 20:34:52.730297,complete,CRP,positive,L,PE,21.0,5470.0,,,,,,,,,,,,,,,,,,,,,,,,
172,case_24,2024-04-10 21:38:27.730297,complete,CRP,positive,I,HB,21.0,234.0,,,,,,,,,,,,,,,,,,,,,,,,
173,case_24,2024-04-10 23:16:21.730297,complete,Leucocytes,positive,L,XB,21.0,,3157.0,,,,,,,,,,,,,,,,,,,,,,,
174,case_24,2024-04-10 23:50:13.730297,complete,CRP,positive,I,HE,21.0,5645.0,,,,,,,,,,,,,,,,,,,,,,,,
175,case_24,2024-04-11 00:33:48.730297,complete,CRP,positive,L,HC,21.0,5447.0,,,,,,,,,,,,,,,,,,,,,,,,
176,case_25,2024-04-10 15:36:00.730297,complete,CRP,positive,A,DA,22.0,5729.0,,,,,,,,,,,,,,,,,,,,,,,,
177,case_25,2024-04-10 16:33:55.730297,complete,Leucocytes,positive,J,LB,20.0,,137.0,,,,,,,,,,,,,,,,,,,,,,,
178,case_25,2024-04-10 18:16:48.730297,complete,Leucocytes,positive,I,HD,20.0,,136.0,,,,,,,,,,,,,,,,,,,,,,,
179,case_25,2024-04-10 18:36:22.730297,complete,Admission NC,positive,J,,,,,,,,,,,,,,,,,,,,,,,,,,,
180,case_25,2024-04-10 19:54:46.730297,complete,CRP,positive,I,EB,22.0,4213.0,,,,,,,,,,,,,,,,,,,,,,,,
181,case_25,2024-04-10 20:54:48.730297,complete,CRP,positive,I,HE,21.0,4234.0,,,,,,,,,,,,,,,,,,,,,,,,
182,case_25,2024-04-10 21:58:32.730297,complete,ER Registration,positive,I,HE,22.0,,,false,false,true,false,true,true,false,false,true,false,false,false,false,false,true,false,true,true,false,true,true,false,
183,case_25,2024-04-10 23:03:54.730297,complete,Admission NC,positive,L,,,,,,,,,,,,,,,,,,,,,,,,,,,
184,case_26,2024-04-10 16:04:29.730297,complete,Leucocytes,positive,J,DD,20.0,,137.0,,,,,,,,,,,,,,,,,,,,,,,
185,case_26,2024-04-10 16:43:21.730297,complete,ER Registration,positive,J,LB,21.0,,,true,true,true,true,true,false,true,true,false,false,false,true,true,true,true,false,true,true,false,true,false,true,
186,case_26,2024-04-10 17:41:40.730297,complete,Leucocytes,positive,K,HA,20.0,,142.0,,,,,,,,,,,,,,,,,,,,,,,
187,case_26,2024-04-10 18:48:53.730297,complete,Admission NC,positive,?,,,,,,,,,,,,,,,,,,,,,,,,,,,
188,case_26,2024-04-10 19:55:40.730297,complete,Admission NC,positive,J,,,,,,,,,,,,,,,,,,,,,,,,,,,
189,case_26,2024-04-10 21:03:07.730297,complete,CRP,positive,L,HD,20.0,4226.0,,,,,,,,,,,,,,,,,,,,,,,,
190,case_26,2024-04-10 21:45:38.730297,complete,Leucocytes,positive,I,HE,20.0,,136.0,,,,,,,,,,,,,,,,,,,,,,,
191,case_26,2024-04-10 22:36:18.730297,complete,CRP,positive,E,HD,35.0,51.0,,,,,,,,,,,,,,,,,,,,,,,,
192,case_27,2024-04-10 16:16:24.730297,complete,LacticAcid,positive,J,,,,,,,,,,,,,,,,,,,,,,,,,,,138.0
193,case_27,2024-04-10 17:19:10.730297,complete,Admission NC,positive,A,,,,,,,,,,,,,,,,,,,,,,,,,,,
194,case_27,2024-04-10 18:28:13.730297,complete,LacticAcid,positive,I,,,,,,,,,,,,,,,,,,,,,,,,,,,15.0
195,case_27,2024-04-10 18:50:05.730297,complete,CRP,positive,F,NC,20.0,52.0,,,,,,,,,,,,,,,,,,,,,,,,
196,case_27,2024-04-10 19:39:26.730297,complete,Admission NC,positive,L,,,,,,,,,,,,,,,,,,,,,,,,,,,
197,case_27,2024-04-10 20:57:26.730297,complete,Leucocytes,positive,J,HD,21.0,,138.0,,,,,,,,,,,,,,,,,,,,,,,
198,case_27,2024-04-10 21:53:11.730297,complete,CRP,positive,J,HD,89.0,4926.0,,,,,,,,,,,,,,,,,,,,,,,,
199,case_27,2024-04-10 22:56:52.730297,complete,Leucocytes,positive,L,HD,35.0,,4.0,,,,,,,,,,,,,,,,,,,,,,,
200,case_28,2024-04-10 15:40:29.730297,complete,CRP,positive,L,DC,24.0,5730.0,,,,,,,,,,,,,,,,,,,,,,,,
201,case_28,2024-04-10 17:17:24.730297,complete,Admission NC,positive,E,,,,,,,,,,,,,,,,,,,,,,,,,,,
202,case_28,2024-04-10 17:43:58.730297,complete,CRP,positive,I,HC,20.0,4963.0,,,,,,,,,,,,,,,,,,,,,,,,
203,case_28,2024-04-10 19:18:04.730297,complete,CRP,positive,I,NB,21.0,55.0,,,,,,,,,,,,,,,,,,,,,,,,
204,case_28,2024-04-10 19:38:54.730297,complete,CRP,positive,K,EB,20.0,4213.0,,,,,,,,,,,,,,,,,,,,,,,,
205,case_28,2024-04-10 21:12:25.730297,complete,CRP,positive,I,HA,21.0,4226.0,,,,,,,,,,,,,,,,,,,,,,,,
206,case_28,2024-04-10 22:16:31.730297,complete,CRP,positive,I,HE,21.0,5610.0,,,,,,,,,,,,,,,,,,,,,,,,
207,case_28,2024-04-10 22:35:07.730297,complete,Admission NC,positive,L,,,,,,,,,,,,,,,,,,,,,,,,,,,
208,case_29,2024-04-10 15:57:09.730297,complete,CRP,positive,C,HD,20.0,5728.0,,,,,,,,,,,,,,,,,,,,,,,,
209,case_29,2024-04-10 17:16:23.730297,complete,CRP,positive,L,LA,21.0,1729.0,,,,,,,,,,,,,,,,,,,,,,,,
210,case_29,2024-04-10 18:19:35.730297,complete,CRP,positive,I,HE,32.0,4958.0,,,,,,,,,,,,,,,,,,,,,,,,
211,case_29,2024-04-10 19:17:42.730297,complete,Admission NC,positive,J,,,,,,,,,,,,,,,,,,,,,,,,,,,
212,case_29,2024-04-10 19:40:12.730297,complete,CRP,positive,J,EB,22.0,4213.0,,,,,,,,,,,,,,,,,,,,,,,,
213,case_29,2024-04-10 20:34:08.730297,complete,CRP,positive,I,HB,24.0,4235.0,,,,,,,,,,,,,,,,,,,,,,,,
214,case_29,2024-04-10 21:47:44.730297,complete,CRP,positive,I,HE,20.0,5585.0,,,,,,,,,,,,,,,,,,,,,,,,
215,case_29,2024-04-10 23:07:27.730297,complete,Admission NC,positive,L,,,,,,,,,,,,,,,,,,,,,,,,,,,
