,case:concept:name,time:timestamp,lifecycle:transition,concept:name,case:label,org:group,Diagnose,Age,CRP,Leucocytes,InfectionSuspected,DiagnosticBlood,DisfuncOrg,SIRSCritTachypnea,Hypotensie,SIRSCritHeartRate,Infusion,DiagnosticArtAstrup,DiagnosticIC,DiagnosticSputum,DiagnosticLiquor,DiagnosticOther,SIRSCriteria2OrMore,DiagnosticXthorax,SIRSCritTemperature,DiagnosticUrinaryCulture,SIRSCritLeucos,Oligurie,DiagnosticLacticAcid,Hypoxie,DiagnosticUrinarySediment,DiagnosticECG,LacticAcid
0,case_0,2024-04-10 16:35:45.947202,complete,CRP,positive,L,Q,90.0,50.0,,,,,,,,,,,,,,,,,,,,,,,,
1,case_0,2024-04-10 16:42:38.947202,complete,Admission NC,positive,J,,,,,,,,,,,,,,,,,,,,,,,,,,,
2,case_0,2024-04-10 18:23:26.947202,complete,CRP,positive,I,OD,21.0,3567.0,,,,,,,,,,,,,,,,,,,,,,,,
3,case_0,2024-04-10 19:19:58.947202,complete,Leucocytes,positive,L,U,21.0,,138.0,,,,,,,,,,,,,,,,,,,,,,,
4,case_0,2024-04-10 19:47:39.947202,complete,CRP,positive,I,HE,20.0,50.0,,,,,,,,,,,,,,,,,,,,,,,,
5,case_0,2024-04-10 21:36:20.947202,complete,Admission NC,positive,C,,,,,,,,,,,,,,,,,,,,,,,,,,,
6,case_1,2024-04-10 16:03:15.947202,complete,Admission NC,positive,F,,,,,,,,,,,,,,,,,,,,,,,,,,,
7,case_1,2024-04-10 17:01:44.947202,complete,Leucocytes,positive,E,FB,22.0,,674.0,,,,,,,,,,,,,,,,,,,,,,,
8,case_1,2024-04-10 17:56:40.947202,complete,CRP,positive,I,OC,22.0,5664.0,,,,,,,,,,,,,,,,,,,,,,,,
9,case_1,2024-04-10 19:05:27.947202,complete,CRP,positive,I,HB,90.0,51.0,,,,,,,,,,,,,,,,,,,,,,,,
10,case_1,2024-04-10 19:55:44.947202,complete,Admission NC,positive,F,,,,,,,,,,,,,,,,,,,,,,,,,,,
11,case_1,2024-04-10 21:12:41.947202,complete,CRP,positive,L,HD,38.0,3109.0,,,,,,,,,,,,,,,,,,,,,,,,
12,case_2,2024-04-10 15:42:49.947202,complete,CRP,positive,L,YA,20.0,1832.0,,,,,,,,,,,,,,,,,,,,,,,,
13,case_2,2024-04-10 17:32:52.947202,complete,Leucocytes,positive,L,YB,21.0,,2666.0,,,,,,,,,,,,,,,,,,,,,,,
14,case_2,2024-04-10 18:25:00.947202,complete,CRP,positive,I,YD,22.0,51.0,,,,,,,,,,,,,,,,,,,,,,,,
15,case_2,2024-04-10 19:30:07.947202,complete,Admission NC,positive,?,,,,,,,,,,,,,,,,,,,,,,,,,,,
16,case_2,2024-04-10 19:59:05.947202,complete,Admission NC,positive,J,,,,,,,,,,,,,,,,,,,,,,,,,,,
17,case_2,2024-04-10 20:54:41.947202,complete,CRP,positive,L,YA,21.0,677.0,,,,,,,,,,,,,,,,,,,,,,,,
18,case_3,2024-04-10 16:21:27.947202,complete,CRP,positive,E,YB,23.0,904.0,,,,,,,,,,,,,,,,,,,,,,,,
19,case_3,2024-04-10 16:50:57.947202,complete,Admission NC,positive,J,,,,,,,,,,,,,,,,,,,,,,,,,,,
20,case_3,2024-04-10 18:32:47.947202,complete,Admission NC,positive,F,,,,,,,,,,,,,,,,,,,,,,,,,,,
21,case_3,2024-04-10 19:23:03.947202,complete,Leucocytes,positive,I,YB,24.0,,3233.0,,,,,,,,,,,,,,,,,,,,,,,
22,case_3,2024-04-10 20:04:28.947202,complete,CRP,positive,C,YA,21.0,50.0,,,,,,,,,,,,,,,,,,,,,,,,
23,case_3,2024-04-10 21:34:36.947202,complete,Leucocytes,positive,L,YA,21.0,,135.0,,,,,,,,,,,,,,,,,,,,,,,
24,case_4,2024-04-10 15:43:41.947202,complete,CRP,positive,A,YA,20.0,1832.0,,,,,,,,,,,,,,,,,,,,,,,,
25,case_4,2024-04-10 17:34:18.947202,complete,Leucocytes,positive,L,YB,21.0,,674.0,,,,,,,,,,,,,,,,,,,,,,,
26,case_4,2024-04-10 18:28:56.947202,complete,Admission NC,positive,L,,,,,,,,,,,,,,,,,,,,,,,,,,,
27,case_4,2024-04-10 18:39:41.947202,complete,CRP,positive,J,HB,21.0,50.0,,,,,,,,,,,,,,,,,,,,,,,,
28,case_4,2024-04-10 19:46:22.947202,complete,Admission NC,positive,J,,,,,,,,,,,,,,,,,,,,,,,,,,,
29,case_4,2024-04-10 21:28:44.947202,complete,CRP,positive,L,YA,21.0,677.0,,,,,,,,,,,,,,,,,,,,,,,,
30,case_5,2024-04-10 16:09:59.947202,complete,Admission NC,positive,J,,,,,,,,,,,,,,,,,,,,,,,,,,,
31,case_5,2024-04-10 16:39:31.947202,complete,Leucocytes,positive,L,YB,21.0,,138.0,,,,,,,,,,,,,,,,,,,,,,,
32,case_5,2024-04-10 18:25:29.947202,complete,CRP,positive,I,ID,37.0,50.0,,,,,,,,,,,,,,,,,,,,,,,,
33,case_5,2024-04-10 19:19:35.947202,complete,CRP,positive,L,YA,32.0,50.0,,,,,,,,,,,,,,,,,,,,,,,,
34,case_5,2024-04-10 19:48:57.947202,complete,Admission NC,positive,J,,,,,,,,,,,,,,,,,,,,,,,,,,,
35,case_6,2024-04-10 16:05:57.947202,complete,Leucocytes,positive,J,YA,21.0,,3717.0,,,,,,,,,,,,,,,,,,,,,,,
36,case_6,2024-04-10 17:12:17.947202,complete,CRP,positive,I,YA,20.0,50.0,,,,,,,,,,,,,,,,,,,,,,,,
37,case_6,2024-04-10 17:50:29.947202,complete,Admission NC,positive,L,,,,,,,,,,,,,,,,,,,,,,,,,,,
38,case_6,2024-04-10 19:03:38.947202,complete,CRP,positive,L,YB,32.0,51.0,,,,,,,,,,,,,,,,,,,,,,,,
39,case_6,2024-04-10 19:38:17.947202,complete,Admission NC,positive,L,,,,,,,,,,,,,,,,,,,,,,,,,,,
40,case_7,2024-04-10 15:40:08.947202,complete,CRP,positive,E,YA,20.0,55.0,,,,,,,,,,,,,,,,,,,,,,,,
41,case_7,2024-04-10 17:00:45.947202,complete,CRP,positive,J,YA,22.0,4097.0,,,,,,,,,,,,,,,,,,,,,,,,
42,case_7,2024-04-10 18:19:54.947202,complete,CRP,positive,I,IE,37.0,846.0,,,,,,,,,,,,,,,,,,,,,,,,
43,case_7,2024-04-10 18:37:15.947202,complete,Admission NC,positive,L,,,,,,,,,,,,,,,,,,,,,,,,,,,
44,case_7,2024-04-10 19:59:10.947202,complete,Admission NC,positive,L,,,,,,,,,,,,,,,,,,,,,,,,,,,
45,case_8,2024-04-10 16:24:21.947202,complete,CRP,positive,L,YA,20.0,2137.0,,,,,,,,,,,,,,,,,,,,,,,,
46,case_8,2024-04-10 17:25:14.947202,complete,Admission NC,positive,L,,,,,,,,,,,,,,,,,,,,,,,,,,,
47,case_8,2024-04-10 18:27:04.947202,complete,CRP,positive,I,AA,37.0,50.0,,,,,,,,,,,,,,,,,,,,,,,,
48,case_8,2024-04-10 19:14:35.947202,complete,CRP,positive,J,YA,30.0,4546.0,,,,,,,,,,,,,,,,,,,,,,,,
49,case_8,2024-04-10 20:13:33.947202,complete,Admission NC,positive,F,,,,,,,,,,,,,,,,,,,,,,,,,,,
50,case_9,2024-04-10 16:27:29.947202,complete,Leucocytes,positive,J,YA,21.0,,3717.0,,,,,,,,,,,,,,,,,,,,,,,
51,case_9,2024-04-10 16:54:03.947202,complete,CRP,positive,L,GE,20.0,50.0,,,,,,,,,,,,,,,,,,,,,,,,
52,case_9,2024-04-10 18:13:14.947202,complete,Admission NC,positive,F,,,,,,,,,,,,,,,,,,,,,,,,,,,
53,case_9,2024-04-10 19:31:47.947202,complete,CRP,positive,I,HE,30.0,951.0,,,,,,,,,,,,,,,,,,,,,,,,
54,case_9,2024-04-10 19:50:50.947202,complete,Admission NC,positive,E,,,,,,,,,,,,,,,,,,,,,,,,,,,
55,case_10,2024-04-10 16:16:20.947202,complete,CRP,positive,J,QE,21.0,1452.0,,,,,,,,,,,,,,,,,,,,,,,,
56,case_10,2024-04-10 16:48:17.947202,complete,CRP,positive,L,IC,20.0,4506.0,,,,,,,,,,,,,,,,,,,,,,,,
57,case_10,2024-04-10 17:48:53.947202,complete,Admission NC,positive,F,,,,,,,,,,,,,,,,,,,,,,,,,,,
58,case_10,2024-04-10 18:43:12.947202,complete,CRP,positive,I,HD,30.0,50.0,,,,,,,,,,,,,,,,,,,,,,,,
59,case_10,2024-04-10 20:10:38.947202,complete,Admission NC,positive,E,,,,,,,,,,,,,,,,,,,,,,,,,,,
60,case_11,2024-04-10 16:15:47.947202,complete,CRP,positive,E,YA,89.0,50.0,,,,,,,,,,,,,,,,,,,,,,,,
61,case_11,2024-04-10 17:06:05.947202,complete,Admission NC,positive,L,,,,,,,,,,,,,,,,,,,,,,,,,,,
62,case_11,2024-04-10 18:13:57.947202,complete,Admission NC,positive,J,,,,,,,,,,,,,,,,,,,,,,,,,,,
63,case_11,2024-04-10 19:17:44.947202,complete,Leucocytes,positive,I,YD,32.0,,2944.0,,,,,,,,,,,,,,,,,,,,,,,
64,case_11,2024-04-10 19:37:09.947202,complete,CRP,positive,J,YA,42.0,1384.0,,,,,,,,,,,,,,,,,,,,,,,,
65,case_12,2024-04-10 16:16:05.947202,complete,ER Registration,positive,F,YB,22.0,,,false,false,false,true,true,false,false,true,true,false,false,false,true,true,true,true,true,true,false,true,true,false,
66,case_12,2024-04-10 16:59:45.947202,complete,Leucocytes,positive,L,YB,21.0,,2212.0,,,,,,,,,,,,,,,,,,,,,,,
67,case_12,2024-04-10 18:02:02.947202,complete,Admission NC,positive,J,,,,,,,,,,,,,,,,,,,,,,,,,,,
68,case_12,2024-04-10 19:03:06.947202,complete,ER Registration,positive,J,YA,22.0,,,false,false,true,false,false,true,false,true,true,false,false,false,true,true,true,false,true,false,true,false,true,false,
69,case_12,2024-04-10 20:29:19.947202,complete,CRP,positive,I,YA,88.0,54.0,,,,,,,,,,,,,,,,,,,,,,,,
70,case_12,2024-04-10 21:02:44.947202,complete,Admission NC,positive,L,,,,,,,,,,,,,,,,,,,,,,,,,,,
71,case_12,2024-04-10 22:13:10.947202,complete,ER Registration,positive,K,YD,20.0,,,false,true,true,true,false,true,false,true,false,true,false,false,true,true,true,true,true,false,true,true,true,true,
72,case_12,2024-04-10 23:17:37.947202,complete,ER Registration,positive,L,V,22.0,,,false,false,true,false,true,false,false,false,false,true,true,true,false,false,true,true,false,false,false,true,false,true,
73,case_13,2024-04-10 15:44:01.947202,complete,LacticAcid,positive,J,,,,,,,,,,,,,,,,,,,,,,,,,,,2.0
74,case_13,2024-04-10 17:32:28.947202,complete,Leucocytes,positive,J,YA,70.0,,2212.0,,,,,,,,,,,,,,,,,,,,,,,
75,case_13,2024-04-10 18:12:17.947202,complete,Leucocytes,positive,I,HE,89.0,,138.0,,,,,,,,,,,,,,,,,,,,,,,
76,case_13,2024-04-10 19:08:02.947202,complete,Leucocytes,positive,L,NB,90.0,,138.0,,,,,,,,,,,,,,,,,,,,,,,
77,case_13,2024-04-10 20:16:32.947202,complete,Admission NC,positive,F,,,,,,,,,,,,,,,,,,,,,,,,,,,
78,case_13,2024-04-10 21:10:54.947202,complete,CRP,positive,F,HE,20.0,1970.0,,,,,,,,,,,,,,,,,,,,,,,,
79,case_13,2024-04-10 22:05:36.947202,complete,CRP,positive,I,HD,20.0,4931.0,,,,,,,,,,,,,,,,,,,,,,,,
80,case_13,2024-04-10 23:07:38.947202,complete,Admission NC,positive,E,,,,,,,,,,,,,,,,,,,,,,,,,,,
81,case_14,2024-04-10 16:00:33.947202,complete,Leucocytes,positive,J,YA,23.0,,2.0,,,,,,,,,,,,,,,,,,,,,,,
82,case_14,2024-04-10 17:17:08.947202,complete,Leucocytes,positive,J,LB,20.0,,2212.0,,,,,,,,,,,,,,,,,,,,,,,
83,case_14,2024-04-10 17:52:02.947202,complete,Admission NC,positive,F,,,,,,,,,,,,,,,,,,,,,,,,,,,
84,case_14,2024-04-10 19:10:33.947202,complete,CRP,positive,I,VD,20.0,3062.0,,,,,,,,,,,,,,,,,,,,,,,,
85,case_14,2024-04-10 20:10:21.947202,complete,CRP,positive,K,YA,23.0,186.0,,,,,,,,,,,,,,,,,,,,,,,,
86,case_14,2024-04-10 20:43:47.947202,complete,CRP,positive,I,HE,21.0,51.0,,,,,,,,,,,,,,,,,,,,,,,,
87,case_14,2024-04-10 21:45:01.947202,complete,CRP,positive,I,PE,21.0,4944.0,,,,,,,,,,,,,,,,,,,,,,,,
88,case_14,2024-04-10 22:42:53.947202,complete,Admission NC,positive,F,,,,,,,,,,,,,,,,,,,,,,,,,,,
89,case_15,2024-04-10 15:57:05.947202,complete,CRP,positive,L,YA,22.0,50.0,,,,,,,,,,,,,,,,,,,,,,,,
90,case_15,2024-04-10 16:47:38.947202,complete,Admission NC,positive,J,,,,,,,,,,,,,,,,,,,,,,,,,,,
91,case_15,2024-04-10 17:41:53.947202,complete,ER Registration,positive,J,YB,20.0,,,false,true,false,false,true,true,false,true,true,false,true,true,false,false,true,true,true,true,true,false,false,true,
92,case_15,2024-04-10 19:04:05.947202,complete,Admission NC,positive,E,,,,,,,,,,,,,,,,,,,,,,,,,,,
93,case_15,2024-04-10 19:39:43.947202,complete,CRP,positive,F,YB,20.0,51.0,,,,,,,,,,,,,,,,,,,,,,,,
94,case_15,2024-04-10 21:21:27.947202,complete,CRP,positive,I,YA,20.0,1970.0,,,,,,,,,,,,,,,,,,,,,,,,
95,case_15,2024-04-10 22:02:57.947202,complete,CRP,positive,L,HE,23.0,4957.0,,,,,,,,,,,,,,,,,,,,,,,,
96,case_15,2024-04-10 23:22:37.947202,complete,Leucocytes,positive,L,V,37.0,,2.0,,,,,,,,,,,,,,,,,,,,,,,
97,case_16,2024-04-10 16:23:55.947202,complete,CRP,positive,A,YA,22.0,5730.0,,,,,,,,,,,,,,,,,,,,,,,,
98,case_16,2024-04-10 17:29:59.947202,complete,Admission NC,positive,J,,,,,,,,,,,,,,,,,,,,,,,,,,,
99,case_16,2024-04-10 18:36:24.947202,complete,ER Registration,positive,I,YA,21.0,,,true,false,false,true,true,true,true,false,false,true,false,false,false,false,false,false,true,true,true,false,true,true,
100,case_16,2024-04-10 19:22:28.947202,complete,CRP,positive,E,VD,21.0,4400.0,,,,,,,,,,,,,,,,,,,,,,,,
101,case_16,2024-04-10 20:36:56.947202,complete,CRP,positive,J,EB,20.0,51.0,,,,,,,,,,,,,,,,,,,,,,,,
102,case_16,2024-04-10 20:46:51.947202,complete,Leucocytes,positive,I,YA,20.0,,139.0,,,,,,,,,,,,,,,,,,,,,,,
103,case_16,2024-04-10 22:04:41.947202,complete,CRP,positive,I,YA,89.0,51.0,,,,,,,,,,,,,,,,,,,,,,,,
104,case_16,2024-04-10 22:51:12.947202,complete,Admission NC,positive,W,,,,,,,,,,,,,,,,,,,,,,,,,,,
105,case_17,2024-04-10 15:46:36.947202,complete,CRP,positive,L,YA,22.0,5727.0,,,,,,,,,,,,,,,,,,,,,,,,
106,case_17,2024-04-10 17:17:11.947202,complete,Leucocytes,positive,L,X,20.0,,138.0,,,,,,,,,,,,,,,,,,,,,,,
107,case_17,2024-04-10 17:43:00.947202,complete,Leucocytes,positive,K,YA,20.0,,2.0,,,,,,,,,,,,,,,,,,,,,,,
108,case_17,2024-04-10 19:11:25.947202,complete,CRP,positive,L,UB,20.0,1326.0,,,,,,,,,,,,,,,,,,,,,,,,
109,case_17,2024-04-10 20:13:54.947202,complete,Admission NC,positive,J,,,,,,,,,,,,,,,,,,,,,,,,,,,
110,case_17,2024-04-10 21:28:06.947202,complete,Admission NC,positive,F,,,,,,,,,,,,,,,,,,,,,,,,,,,
111,case_17,2024-04-10 21:41:11.947202,complete,CRP,positive,I,YA,20.0,171.0,,,,,,,,,,,,,,,,,,,,,,,,
112,case_17,2024-04-10 22:55:44.947202,complete,CRP,positive,L,HD,25.0,5271.0,,,,,,,,,,,,,,,,,,,,,,,,
113,case_17,2024-04-11 00:26:22.947202,complete,Leucocytes,positive,E,HE,21.0,,139.0,,,,,,,,,,,,,,,,,,,,,,,
114,case_18,2024-04-10 15:39:17.947202,complete,Leucocytes,positive,E,YA,26.0,,2.0,,,,,,,,,,,,,,,,,,,,,,,
115,case_18,2024-04-10 16:59:08.947202,complete,Leucocytes,positive,J,YB,21.0,,2981.0,,,,,,,,,,,,,,,,,,,,,,,
116,case_18,2024-04-10 17:56:39.947202,complete,CRP,positive,I,AA,20.0,50.0,,,,,,,,,,,,,,,,,,,,,,,,
117,case_18,2024-04-10 18:49:35.947202,complete,CRP,positive,I,UD,20.0,5650.0,,,,,,,,,,,,,,,,,,,,,,,,
118,case_18,2024-04-10 20:14:50.947202,complete,Leucocytes,positive,K,YB,23.0,,2032.0,,,,,,,,,,,,,,,,,,,,,,,
119,case_18,2024-04-10 20:55:47.947202,complete,CRP,positive,L,YA,21.0,50.0,,,,,,,,,,,,,,,,,,,,,,,,
120,case_18,2024-04-10 21:53:03.947202,complete,Leucocytes,positive,I,HD,21.0,,3233.0,,,,,,,,,,,,,,,,,,,,,,,
121,case_18,2024-04-10 22:51:47.947202,complete,Admission NC,positive,J,,,,,,,,,,,,,,,,,,,,,,,,,,,
122,case_18,2024-04-10 23:51:45.947202,complete,Admission NC,positive,F,,,,,,,,,,,,,,,,,,,,,,,,,,,
123,case_19,2024-04-10 16:22:00.947202,complete,CRP,positive,L,YA,21.0,50.0,,,,,,,,,,,,,,,,,,,,,,,,
124,case_19,2024-04-10 16:38:12.947202,complete,CRP,positive,L,YB,20.0,2105.0,,,,,,,,,,,,,,,,,,,,,,,,
125,case_19,2024-04-10 17:58:13.947202,complete,LacticAcid,positive,J,,,,,,,,,,,,,,,,,,,,,,,,,,,2.0
126,case_19,2024-04-10 18:44:09.947202,complete,Leucocytes,positive,F,UB,20.0,,138.0,,,,,,,,,,,,,,,,,,,,,,,
127,case_19,2024-04-10 20:20:40.947202,complete,CRP,positive,L,YA,25.0,1476.0,,,,,,,,,,,,,,,,,,,,,,,,
128,case_19,2024-04-10 21:00:55.947202,complete,Admission NC,positive,L,,,,,,,,,,,,,,,,,,,,,,,,,,,
129,case_19,2024-04-10 22:14:31.947202,complete,Admission NC,positive,F,,,,,,,,,,,,,,,,,,,,,,,,,,,
130,case_19,2024-04-10 23:01:38.947202,complete,Leucocytes,positive,I,HD,87.0,,138.0,,,,,,,,,,,,,,,,,,,,,,,
131,case_19,2024-04-11 00:20:21.947202,complete,ER Registration,positive,E,HB,88.0,,,true,true,false,false,true,false,true,true,true,true,false,false,true,false,true,true,true,true,true,false,true,false,
132,case_20,2024-04-10 15:46:50.947202,complete,CRP,positive,L,YA,21.0,4215.0,,,,,,,,,,,,,,,,,,,,,,,,
133,case_20,2024-04-10 17:12:41.947202,complete,CRP,positive,L,YA,20.0,53.0,,,,,,,,,,,,,,,,,,,,,,,,
134,case_20,2024-04-10 17:42:47.947202,complete,CRP,positive,I,ZA,23.0,50.0,,,,,,,,,,,,,,,,,,,,,,,,
135,case_20,2024-04-10 19:17:14.947202,complete,CRP,positive,K,UB,20.0,4211.0,,,,,,,,,,,,,,,,,,,,,,,,
136,case_20,2024-04-10 20:05:18.947202,complete,CRP,positive,I,HE,20.0,1476.0,,,,,,,,,,,,,,,,,,,,,,,,
137,case_20,2024-04-10 21:30:32.947202,complete,CRP,positive,U,YA,90.0,51.0,,,,,,,,,,,,,,,,,,,,,,,,
138,case_20,2024-04-10 22:09:15.947202,complete,Admission NC,positive,L,,,,,,,,,,,,,,,,,,,,,,,,,,,
139,case_20,2024-04-10 22:50:01.947202,complete,Admission NC,positive,L,,,,,,,,,,,,,,,,,,,,,,,,,,,
140,case_20,2024-04-10 23:50:34.947202,complete,ER Registration,positive,L,X,20.0,,,false,false,true,true,true,false,false,false,true,true,true,true,true,true,true,true,false,true,false,true,true,true,
141,case_21,2024-04-10 15:41:29.947202,complete,Leucocytes,positive,E,YA,23.0,,512.0,,,,,,,,,,,,,,,,,,,,,,,
142,case_21,2024-04-10 17:07:14.947202,complete,Leucocytes,positive,I,YA,20.0,,137.0,,,,,,,,,,,,,,,,,,,,,,,
143,case_21,2024-04-10 18:12:07.947202,complete,Admission NC,positive,J,,,,,,,,,,,,,,,,,,,,,,,,,,,
144,case_21,2024-04-10 18:43:22.947202,complete,CRP,positive,I,UB,20.0,1325.0,,,,,,,,,,,,,,,,,,,,,,,,
145,case_21,2024-04-10 19:53:57.947202,complete,Admission NC,positive,L,,,,,,,,,,,,,,,,,,,,,,,,,,,
146,case_21,2024-04-10 20:44:52.947202,complete,CRP,positive,?,YA,21.0,5036.0,,,,,,,,,,,,,,,,,,,,,,,,
147,case_21,2024-04-10 22:11:10.947202,complete,CRP,positive,J,HE,20.0,171.0,,,,,,,,,,,,,,,,,,,,,,,,
148,case_21,2024-04-10 22:56:49.947202,complete,CRP,positive,I,HE,20.0,50.0,,,,,,,,,,,,,,,,,,,,,,,,
149,case_21,2024-04-11 00:03:24.947202,complete,Leucocytes,positive,J,HA,20.0,,3.0,,,,,,,,,,,,,,,,,,,,,,,
150,case_22,2024-04-10 15:50:12.947202,complete,Leucocytes,positive,L,CA,20.0,,512.0,,,,,,,,,,,,,,,,,,,,,,,
151,case_22,2024-04-10 17:31:18.947202,complete,Leucocytes,positive,L,X,21.0,,3.0,,,,,,,,,,,,,,,,,,,,,,,
152,case_22,2024-04-10 17:37:11.947202,complete,CRP,positive,I,IE,20.0,5729.0,,,,,,,,,,,,,,,,,,,,,,,,
153,case_22,2024-04-10 19:24:09.947202,complete,Admission NC,positive,F,,,,,,,,,,,,,,,,,,,,,,,,,,,
154,case_22,2024-04-10 20:34:01.947202,complete,CRP,positive,K,YA,20.0,51.0,,,,,,,,,,,,,,,,,,,,,,,,
155,case_22,2024-04-10 21:28:51.947202,complete,Admission NC,positive,Y,,,,,,,,,,,,,,,,,,,,,,,,,,,
156,case_22,2024-04-10 21:42:12.947202,complete,CRP,positive,I,HA,20.0,171.0,,,,,,,,,,,,,,,,,,,,,,,,
157,case_22,2024-04-10 22:44:40.947202,complete,Leucocytes,positive,I,HC,21.0,,3.0,,,,,,,,,,,,,,,,,,,,,,,
158,case_22,2024-04-10 23:57:31.947202,complete,Leucocytes,positive,E,HB,20.0,,138.0,,,,,,,,,,,,,,,,,,,,,,,
159,case_23,2024-04-10 16:28:43.947202,complete,CRP,positive,E,YA,20.0,50.0,,,,,,,,,,,,,,,,,,,,,,,,
160,case_23,2024-04-10 17:16:29.947202,complete,Leucocytes,positive,L,YB,20.0,,138.0,,,,,,,,,,,,,,,,,,,,,,,
161,case_23,2024-04-10 18:06:28.947202,complete,Admission NC,positive,F,,,,,,,,,,,,,,,,,,,,,,,,,,,
162,case_23,2024-04-10 18:58:12.947202,complete,CRP,positive,J,HE,20.0,1325.0,,,,,,,,,,,,,,,,,,,,,,,,
163,case_23,2024-04-10 19:46:39.947202,complete,Admission NC,positive,L,,,,,,,,,,,,,,,,,,,,,,,,,,,
164,case_23,2024-04-10 20:58:55.947202,complete,Leucocytes,positive,L,YA,21.0,,1678.0,,,,,,,,,,,,,,,,,,,,,,,
165,case_23,2024-04-10 22:12:22.947202,complete,CRP,positive,I,HE,26.0,171.0,,,,,,,,,,,,,,,,,,,,,,,,
166,case_23,2024-04-10 23:03:55.947202,complete,CRP,positive,J,HD,22.0,51.0,,,,,,,,,,,,,,,,,,,,,,,,
167,case_23,2024-04-11 00:36:34.947202,complete,Leucocytes,positive,L,HD,25.0,,142.0,,,,,,,,,,,,,,,,,,,,,,,
168,case_24,2024-04-10 15:41:50.947202,complete,CRP,positive,L,EE,23.0,3176.0,,,,,,,,,,,,,,,,,,,,,,,,
169,case_24,2024-04-10 16:40:39.947202,complete,CRP,positive,J,XC,21.0,50.0,,,,,,,,,,,,,,,,,,,,,,,,
170,case_24,2024-04-10 18:14:01.947202,complete,Leucocytes,positive,L,YA,21.0,,138.0,,,,,,,,,,,,,,,,,,,,,,,
171,case_24,2024-04-10 19:26:21.947202,complete,Admission NC,positive,J,,,,,,,,,,,,,,,,,,,,,,,,,,,
172,case_24,2024-04-10 20:00:03.947202,complete,CRP,positive,I,HE,21.0,50.0,,,,,,,,,,,,,,,,,,,,,,,,
173,case_24,2024-04-10 21:16:29.947202,complete,Admission NC,positive,F,,,,,,,,,,,,,,,,,,,,,,,,,,,
174,case_24,2024-04-10 22:18:39.947202,complete,CRP,positive,J,PE,21.0,2812.0,,,,,,,,,,,,,,,,,,,,,,,,
175,case_25,2024-04-10 16:30:37.947202,complete,CRP,positive,J,YA,90.0,3978.0,,,,,,,,,,,,,,,,,,,,,,,,
176,case_25,2024-04-10 17:06:12.947202,complete,Leucocytes,positive,K,PA,20.0,,139.0,,,,,,,,,,,,,,,,,,,,,,,
177,case_25,2024-04-10 17:55:01.947202,complete,Admission NC,positive,J,,,,,,,,,,,,,,,,,,,,,,,,,,,
178,case_25,2024-04-10 18:51:55.947202,complete,Admission NC,positive,F,,,,,,,,,,,,,,,,,,,,,,,,,,,
179,case_25,2024-04-10 20:27:45.947202,complete,CRP,positive,F,HC,20.0,50.0,,,,,,,,,,,,,,,,,,,,,,,,
180,case_25,2024-04-10 20:38:15.947202,complete,CRP,positive,J,HE,21.0,5651.0,,,,,,,,,,,,,,,,,,,,,,,,
181,case_25,2024-04-10 21:52:51.947202,complete,CRP,positive,E,HE,89.0,57.0,,,,,,,,,,,,,,,,,,,,,,,,
182,case_26,2024-04-10 15:49:58.947202,complete,CRP,positive,J,YB,21.0,614.0,,,,,,,,,,,,,,,,,,,,,,,,
183,case_26,2024-04-10 17:03:32.947202,complete,CRP,positive,I,MD,20.0,50.0,,,,,,,,,,,,,,,,,,,,,,,,
184,case_26,2024-04-10 17:46:32.947202,complete,CRP,positive,I,HD,20.0,50.0,,,,,,,,,,,,,,,,,,,,,,,,
185,case_26,2024-04-10 19:29:33.947202,complete,Admission NC,positive,J,,,,,,,,,,,,,,,,,,,,,,,,,,,
186,case_26,2024-04-10 19:46:42.948202,complete,Admission NC,positive,L,,,,,,,,,,,,,,,,,,,,,,,,,,,
187,case_26,2024-04-10 21:04:48.948202,complete,CRP,positive,I,YA,23.0,50.0,,,,,,,,,,,,,,,,,,,,,,,,
188,case_26,2024-04-10 22:28:09.948202,complete,CRP,positive,L,HD,20.0,50.0,,,,,,,,,,,,,,,,,,,,,,,,
189,case_27,2024-04-10 16:13:29.948202,complete,Admission NC,positive,A,,,,,,,,,,,,,,,,,,,,,,,,,,,
190,case_27,2024-04-10 17:16:33.948202,complete,Leucocytes,positive,I,MD,23.0,,1443.0,,,,,,,,,,,,,,,,,,,,,,,
191,case_27,2024-04-10 18:29:13.948202,complete,Leucocytes,positive,I,YA,20.0,,139.0,,,,,,,,,,,,,,,,,,,,,,,
192,case_27,2024-04-10 19:17:41.948202,complete,CRP,positive,L,GC,21.0,2925.0,,,,,,,,,,,,,,,,,,,,,,,,
193,case_27,2024-04-10 19:50:20.948202,complete,Leucocytes,positive,I,HE,21.0,,138.0,,,,,,,,,,,,,,,,,,,,,,,
194,case_27,2024-04-10 21:01:46.948202,complete,CRP,positive,J,HD,21.0,5651.0,,,,,,,,,,,,,,,,,,,,,,,,
195,case_27,2024-04-10 21:39:52.948202,complete,Admission NC,positive,E,,,,,,,,,,,,,,,,,,,,,,,,,,,
196,case_28,2024-04-10 15:47:42.948202,complete,Leucocytes,positive,E,YA,20.0,,578.0,,,,,,,,,,,,,,,,,,,,,,,
197,case_28,2024-04-10 17:10:31.948202,complete,Leucocytes,positive,L,N,21.0,,3751.0,,,,,,,,,,,,,,,,,,,,,,,
198,case_28,2024-04-10 18:12:07.948202,complete,CRP,positive,J,LA,25.0,53.0,,,,,,,,,,,,,,,,,,,,,,,,
199,case_28,2024-04-10 19:36:40.948202,complete,Leucocytes,positive,I,CE,20.0,,2024.0,,,,,,,,,,,,,,,,,,,,,,,
200,case_28,2024-04-10 20:19:08.948202,complete,Admission NC,positive,L,,,,,,,,,,,,,,,,,,,,,,,,,,,
201,case_28,2024-04-10 21:02:04.948202,complete,CRP,positive,L,YB,20.0,52.0,,,,,,,,,,,,,,,,,,,,,,,,
202,case_28,2024-04-10 22:34:04.948202,complete,CRP,positive,J,YA,90.0,4054.0,,,,,,,,,,,,,,,,,,,,,,,,
203,case_28,2024-04-10 22:39:10.948202,complete,Admission NC,positive,J,,,,,,,,,,,,,,,,,,,,,,,,,,,
204,case_28,2024-04-11 00:02:30.948202,complete,CRP,positive,I,HE,20.0,5408.0,,,,,,,,,,,,,,,,,,,,,,,,
205,case_28,2024-04-11 00:54:40.948202,complete,CRP,positive,L,Z,26.0,50.0,,,,,,,,,,,,,,,,,,,,,,,,
206,case_29,2024-04-10 16:20:22.948202,complete,CRP,positive,L,YA,20.0,51.0,,,,,,,,,,,,,,,,,,,,,,,,
207,case_29,2024-04-10 17:18:33.948202,complete,Leucocytes,positive,J,N,20.0,,136.0,,,,,,,,,,,,,,,,,,,,,,,
208,case_29,2024-04-10 17:42:26.948202,complete,CRP,positive,I,YC,23.0,51.0,,,,,,,,,,,,,,,,,,,,,,,,
209,case_29,2024-04-10 19:27:11.948202,complete,CRP,positive,J,CE,20.0,3359.0,,,,,,,,,,,,,,,,,,,,,,,,
210,case_29,2024-04-10 19:43:31.948202,complete,Admission NC,positive,J,,,,,,,,,,,,,,,,,,,,,,,,,,,
211,case_29,2024-04-10 20:38:42.948202,complete,Admission NC,positive,J,,,,,,,,,,,,,,,,,,,,,,,,,,,
212,case_29,2024-04-10 22:25:41.948202,complete,CRP,positive,I,HE,20.0,4054.0,,,,,,,,,,,,,,,,,,,,,,,,
213,case_29,2024-04-10 23:02:14.948202,complete,LacticAcid,positive,J,,,,,,,,,,,,,,,,,,,,,,,,,,,85.0
214,case_29,2024-04-11 00:25:34.948202,complete,Admission NC,positive,J,,,,,,,,,,,,,,,,,,,,,,,,,,,
215,case_29,2024-04-11 00:58:30.948202,complete,CRP,positive,L,HC,20.0,51.0,,,,,,,,,,,,,,,,,,,,,,,,
