,case:concept:name,time:timestamp,lifecycle:transition,concept:name,case:label,org:group,Diagnose,Age
0,case_0,2024-04-10 15:43:23.164907,complete,ER Triage,positive,C,HE,20.0
1,case_0,2024-04-10 16:59:56.164907,complete,Admission IC,positive,Y,,
2,case_0,2024-04-10 18:29:53.164907,complete,Admission IC,positive,Y,,
3,case_0,2024-04-10 19:15:22.164907,complete,Admission IC,positive,Y,,
4,case_0,2024-04-10 20:14:06.164907,complete,Admission IC,positive,Y,,
5,case_0,2024-04-10 20:58:33.164907,complete,Admission IC,positive,Y,,
6,case_0,2024-04-10 21:53:18.164907,complete,Admission IC,positive,Y,,
7,case_0,2024-04-10 23:27:06.164907,complete,Admission IC,positive,Y,,
8,case_0,2024-04-11 00:13:45.164907,complete,Admission NC,positive,J,,
9,case_0,2024-04-11 01:28:49.164907,complete,Admission NC,positive,J,,
10,case_1,2024-04-10 15:54:18.164907,complete,ER Triage,positive,C,HE,20.0
11,case_1,2024-04-10 16:48:31.164907,complete,Admission IC,positive,Y,,
12,case_1,2024-04-10 17:39:45.164907,complete,Admission IC,positive,Y,,
13,case_1,2024-04-10 19:20:46.164907,complete,Admission IC,positive,Y,,
14,case_1,2024-04-10 19:49:38.164907,complete,Admission IC,positive,Y,,
15,case_1,2024-04-10 21:05:22.164907,complete,Admission IC,positive,Y,,
16,case_1,2024-04-10 21:34:43.164907,complete,Admission IC,positive,Y,,
17,case_1,2024-04-10 23:05:54.164907,complete,Admission IC,positive,X,,
18,case_1,2024-04-11 00:13:47.164907,complete,Admission NC,positive,J,,
19,case_1,2024-04-11 01:05:23.164907,complete,Admission NC,positive,J,,
20,case_2,2024-04-10 16:27:54.164907,complete,ER Triage,positive,C,HE,20.0
21,case_2,2024-04-10 16:42:23.164907,complete,Admission IC,positive,Y,,
22,case_2,2024-04-10 18:11:10.164907,complete,Admission IC,positive,Y,,
23,case_2,2024-04-10 18:39:44.164907,complete,Admission IC,positive,Y,,
24,case_2,2024-04-10 19:31:15.164907,complete,Admission IC,positive,Y,,
25,case_2,2024-04-10 21:16:53.164907,complete,Admission IC,positive,Y,,
26,case_2,2024-04-10 22:28:08.164907,complete,Admission IC,positive,Y,,
27,case_2,2024-04-10 22:33:08.164907,complete,Admission IC,positive,W,,
28,case_2,2024-04-11 00:08:01.164907,complete,Admission NC,positive,J,,
29,case_2,2024-04-11 00:48:55.164907,complete,Admission NC,positive,J,,
30,case_3,2024-04-10 16:01:56.164907,complete,ER Triage,positive,C,HE,20.0
31,case_3,2024-04-10 17:30:14.164907,complete,Admission IC,positive,Y,,
32,case_3,2024-04-10 17:45:39.164907,complete,Admission IC,positive,Y,,
33,case_3,2024-04-10 19:23:42.164907,complete,Admission IC,positive,Y,,
34,case_3,2024-04-10 20:28:11.164907,complete,Admission IC,positive,Y,,
35,case_3,2024-04-10 21:05:20.164907,complete,Admission IC,positive,Y,,
36,case_3,2024-04-10 21:32:18.164907,complete,Admission IC,positive,Y,,
37,case_3,2024-04-10 22:53:00.164907,complete,Admission IC,positive,Y,,
38,case_3,2024-04-10 23:55:41.164907,complete,Admission NC,positive,J,,
39,case_3,2024-04-11 00:44:10.164907,complete,Admission NC,positive,Y,,
40,case_4,2024-04-10 15:58:28.164907,complete,ER Triage,positive,C,HE,20.0
41,case_4,2024-04-10 16:31:07.164907,complete,Admission IC,positive,Y,,
42,case_4,2024-04-10 18:02:07.164907,complete,Admission IC,positive,Y,,
43,case_4,2024-04-10 18:32:01.164907,complete,Admission IC,positive,Y,,
44,case_4,2024-04-10 19:54:55.164907,complete,Admission IC,positive,Y,,
45,case_4,2024-04-10 20:57:35.164907,complete,Admission IC,positive,Y,,
46,case_4,2024-04-10 22:08:15.164907,complete,Admission IC,positive,Y,,
47,case_4,2024-04-10 23:03:21.164907,complete,Admission IC,positive,V,,
48,case_4,2024-04-10 23:35:07.164907,complete,Admission NC,positive,J,,
49,case_4,2024-04-11 00:59:44.164907,complete,Admission NC,positive,J,,
50,case_5,2024-04-10 15:38:20.164907,complete,ER Triage,positive,C,HE,20.0
51,case_5,2024-04-10 16:59:47.164907,complete,Admission IC,positive,Y,,
52,case_5,2024-04-10 18:16:34.164907,complete,Admission IC,positive,Y,,
53,case_5,2024-04-10 19:10:58.164907,complete,Admission IC,positive,Y,,
54,case_5,2024-04-10 19:49:40.164907,complete,Admission IC,positive,Y,,
55,case_5,2024-04-10 21:03:36.164907,complete,Admission NC,positive,J,,
56,case_5,2024-04-10 22:29:12.164907,complete,Admission NC,positive,J,,
57,case_6,2024-04-10 16:15:32.164907,complete,ER Triage,positive,C,HE,20.0
58,case_6,2024-04-10 17:15:56.164907,complete,Admission IC,positive,Y,,
59,case_6,2024-04-10 17:58:18.164907,complete,Admission IC,positive,Y,,
60,case_6,2024-04-10 19:26:33.164907,complete,Admission IC,positive,Y,,
61,case_6,2024-04-10 19:59:04.164907,complete,Admission IC,positive,X,,
62,case_6,2024-04-10 20:58:07.164907,complete,Admission NC,positive,J,,
63,case_6,2024-04-10 22:27:03.164907,complete,Admission NC,positive,J,,
64,case_7,2024-04-10 15:31:43.164907,complete,ER Triage,positive,C,HE,20.0
65,case_7,2024-04-10 16:52:13.164907,complete,Admission IC,positive,Y,,
66,case_7,2024-04-10 17:35:41.164907,complete,Admission IC,positive,Y,,
67,case_7,2024-04-10 19:07:40.164907,complete,Admission IC,positive,Y,,
68,case_7,2024-04-10 19:44:50.164907,complete,Admission IC,positive,W,,
69,case_7,2024-04-10 20:33:11.164907,complete,Admission NC,positive,J,,
70,case_7,2024-04-10 22:01:43.164907,complete,Admission NC,positive,J,,
71,case_8,2024-04-10 15:47:27.164907,complete,ER Triage,positive,C,HE,20.0
72,case_8,2024-04-10 17:02:53.164907,complete,Admission IC,positive,Y,,
73,case_8,2024-04-10 17:39:38.164907,complete,Admission IC,positive,Y,,
74,case_8,2024-04-10 18:52:57.164907,complete,Admission NC,positive,J,,
75,case_8,2024-04-10 20:16:28.164907,complete,Admission NC,positive,J,,
76,case_9,2024-04-10 16:24:40.164907,complete,ER Triage,positive,C,HE,20.0
77,case_9,2024-04-10 17:03:30.164907,complete,Admission IC,positive,Y,,
78,case_9,2024-04-10 17:34:42.164907,complete,Admission IC,positive,X,,
79,case_9,2024-04-10 19:11:41.164907,complete,Admission NC,positive,J,,
80,case_9,2024-04-10 19:55:36.164907,complete,Admission NC,positive,J,,
81,case_10,2024-04-10 16:30:01.164907,complete,ER Triage,positive,C,HE,20.0
82,case_10,2024-04-10 16:37:58.164907,complete,Admission IC,positive,Y,,
83,case_10,2024-04-10 18:24:44.164907,complete,Admission IC,positive,W,,
84,case_10,2024-04-10 18:43:48.164907,complete,Admission NC,positive,J,,
85,case_10,2024-04-10 19:42:04.164907,complete,Admission NC,positive,J,,
86,case_11,2024-04-10 15:45:46.164907,complete,ER Triage,positive,C,HE,20.0
87,case_11,2024-04-10 17:04:02.164907,complete,Admission IC,positive,Y,,
88,case_11,2024-04-10 17:43:46.164907,complete,Admission IC,positive,Y,,
89,case_11,2024-04-10 19:00:54.164907,complete,Admission NC,positive,J,,
90,case_11,2024-04-10 20:26:48.164907,complete,Admission NC,positive,Y,,
91,case_12,2024-04-10 16:20:40.164907,complete,ER Triage,positive,C,HE,20.0
92,case_12,2024-04-10 16:45:05.164907,complete,Admission IC,positive,Y,,
93,case_12,2024-04-10 17:45:45.164907,complete,Admission IC,positive,V,,
94,case_12,2024-04-10 19:25:34.164907,complete,Admission NC,positive,J,,
95,case_12,2024-04-10 19:53:25.164907,complete,Admission NC,positive,J,,
96,case_13,2024-04-10 15:45:24.164907,complete,ER Triage,positive,C,HE,20.0
97,case_13,2024-04-10 16:41:22.164907,complete,Admission IC,positive,Y,,
98,case_13,2024-04-10 18:10:54.164907,complete,Admission IC,positive,X,,
99,case_13,2024-04-10 18:41:51.164907,complete,Admission NC,positive,J,,
100,case_13,2024-04-10 20:07:25.164907,complete,Admission NC,positive,Y,,
101,case_14,2024-04-10 15:58:59.164907,complete,ER Triage,positive,C,HE,20.0
102,case_14,2024-04-10 16:46:47.164907,complete,Admission IC,positive,Y,,
103,case_14,2024-04-10 17:32:25.164907,complete,Admission IC,positive,U,,
104,case_14,2024-04-10 18:59:04.164907,complete,Admission NC,positive,J,,
105,case_14,2024-04-10 19:55:07.164907,complete,Admission NC,positive,J,,
106,case_15,2024-04-10 15:49:04.164907,complete,ER Triage,positive,C,HE,20.0
107,case_15,2024-04-10 17:22:51.164907,complete,Admission IC,positive,Y,,
108,case_15,2024-04-10 17:39:50.164907,complete,Admission IC,positive,W,,
109,case_15,2024-04-10 19:29:58.164907,complete,Admission NC,positive,J,,
110,case_15,2024-04-10 20:27:00.164907,complete,Admission NC,positive,Y,,
111,case_16,2024-04-10 16:30:16.164907,complete,ER Triage,positive,C,HE,20.0
112,case_16,2024-04-10 16:38:54.164907,complete,Admission IC,positive,Y,,
113,case_16,2024-04-10 18:26:20.164907,complete,Admission IC,positive,Y,,
114,case_16,2024-04-10 18:53:15.164907,complete,Admission IC,positive,Y,,
115,case_16,2024-04-10 20:23:19.164907,complete,Admission IC,positive,Y,,
116,case_16,2024-04-10 21:27:27.164907,complete,Admission IC,positive,Y,,
117,case_16,2024-04-10 21:57:36.164907,complete,Admission NC,positive,J,,
118,case_16,2024-04-10 23:10:24.164907,complete,Admission NC,positive,J,,
119,case_17,2024-04-10 15:51:49.164907,complete,ER Triage,positive,C,HE,20.0
120,case_17,2024-04-10 16:43:24.164907,complete,Admission IC,positive,Y,,
121,case_17,2024-04-10 18:18:37.164907,complete,Admission IC,positive,Y,,
122,case_17,2024-04-10 19:25:11.164907,complete,Admission IC,positive,Y,,
123,case_17,2024-04-10 19:53:26.164907,complete,Admission IC,positive,Y,,
124,case_17,2024-04-10 20:45:34.164907,complete,Admission IC,positive,X,,
125,case_17,2024-04-10 21:57:50.164907,complete,Admission NC,positive,J,,
126,case_17,2024-04-10 23:00:27.164907,complete,Admission NC,positive,J,,
127,case_18,2024-04-10 16:23:47.164907,complete,ER Triage,positive,C,HE,20.0
128,case_18,2024-04-10 16:41:42.164907,complete,Admission IC,positive,Y,,
129,case_18,2024-04-10 18:08:55.164907,complete,Admission IC,positive,Y,,
130,case_18,2024-04-10 18:40:22.164907,complete,Admission IC,positive,Y,,
131,case_18,2024-04-10 20:27:42.164907,complete,Admission IC,positive,Y,,
132,case_18,2024-04-10 21:17:50.164907,complete,Admission IC,positive,W,,
133,case_18,2024-04-10 22:12:27.164907,complete,Admission NC,positive,J,,
134,case_18,2024-04-10 22:39:14.164907,complete,Admission NC,positive,J,,
135,case_19,2024-04-10 15:33:42.164907,complete,ER Triage,positive,C,HE,20.0
136,case_19,2024-04-10 16:32:57.164907,complete,Admission IC,positive,Y,,
137,case_19,2024-04-10 17:36:37.164907,complete,Admission IC,positive,Y,,
138,case_19,2024-04-10 18:42:23.164907,complete,Admission IC,positive,Y,,
139,case_19,2024-04-10 19:46:57.164907,complete,Admission IC,positive,Y,,
140,case_19,2024-04-10 20:39:21.164907,complete,Admission IC,positive,Y,,
141,case_19,2024-04-10 21:34:28.164907,complete,Admission NC,positive,J,,
142,case_19,2024-04-10 23:29:50.164907,complete,Admission NC,positive,Y,,
143,case_20,2024-04-10 15:41:10.164907,complete,ER Triage,positive,C,HE,20.0
144,case_20,2024-04-10 17:28:37.164907,complete,Admission IC,positive,Y,,
145,case_20,2024-04-10 18:26:41.164907,complete,Admission IC,positive,Y,,
146,case_20,2024-04-10 19:20:05.164907,complete,Admission IC,positive,Y,,
147,case_20,2024-04-10 20:04:56.164907,complete,Admission IC,positive,Y,,
148,case_20,2024-04-10 20:44:06.164907,complete,Admission IC,positive,V,,
149,case_20,2024-04-10 21:45:47.164907,complete,Admission NC,positive,J,,
150,case_20,2024-04-10 23:26:42.164907,complete,Admission NC,positive,J,,
151,case_21,2024-04-10 15:56:22.164907,complete,ER Triage,positive,C,HE,20.0
152,case_21,2024-04-10 16:56:55.164907,complete,Admission IC,positive,Y,,
153,case_21,2024-04-10 17:45:02.164907,complete,Admission IC,positive,Y,,
154,case_21,2024-04-10 18:36:33.164907,complete,Admission IC,positive,Y,,
155,case_21,2024-04-10 20:24:02.164907,complete,Admission IC,positive,Y,,
156,case_21,2024-04-10 20:31:33.164907,complete,Admission IC,positive,X,,
157,case_21,2024-04-10 21:43:58.164907,complete,Admission NC,positive,J,,
158,case_21,2024-04-10 22:45:11.164907,complete,Admission NC,positive,Y,,
159,case_22,2024-04-10 16:15:16.164907,complete,ER Triage,positive,C,HE,20.0
160,case_22,2024-04-10 16:36:36.164907,complete,Admission IC,positive,Y,,
161,case_22,2024-04-10 18:14:07.164907,complete,Admission IC,positive,Y,,
162,case_22,2024-04-10 19:20:27.164907,complete,Admission IC,positive,Y,,
163,case_22,2024-04-10 19:43:09.164907,complete,Admission IC,positive,Y,,
164,case_22,2024-04-10 20:57:58.164907,complete,Admission IC,positive,Y,,
165,case_22,2024-04-10 21:44:56.164907,complete,Admission IC,positive,Y,,
166,case_22,2024-04-10 23:30:07.164907,complete,Admission NC,positive,J,,
167,case_22,2024-04-11 00:30:42.164907,complete,Admission NC,positive,J,,
168,case_23,2024-04-10 16:05:32.164907,complete,ER Triage,positive,C,HE,20.0
169,case_23,2024-04-10 17:17:04.164907,complete,Admission IC,positive,Y,,
170,case_23,2024-04-10 18:11:09.164907,complete,Admission IC,positive,Y,,
171,case_23,2024-04-10 19:15:15.164907,complete,Admission IC,positive,Y,,
172,case_23,2024-04-10 20:03:28.164907,complete,Admission IC,positive,Y,,
173,case_23,2024-04-10 21:28:23.164907,complete,Admission IC,positive,Y,,
174,case_23,2024-04-10 22:22:42.164907,complete,Admission IC,positive,X,,
175,case_23,2024-04-10 23:06:14.164907,complete,Admission NC,positive,J,,
176,case_23,2024-04-10 23:50:10.164907,complete,Admission NC,positive,J,,
177,case_24,2024-04-10 15:43:39.164907,complete,ER Triage,positive,C,HE,20.0
178,case_24,2024-04-10 17:06:48.164907,complete,Admission IC,positive,Y,,
179,case_24,2024-04-10 18:18:10.164907,complete,Admission IC,positive,Y,,
180,case_24,2024-04-10 18:48:03.164907,complete,Admission IC,positive,Y,,
181,case_24,2024-04-10 19:37:16.164907,complete,Admission IC,positive,Y,,
182,case_24,2024-04-10 20:58:30.164907,complete,Admission IC,positive,Y,,
183,case_24,2024-04-10 21:50:35.164907,complete,Admission IC,positive,W,,
184,case_24,2024-04-10 22:46:53.164907,complete,Admission NC,positive,J,,
185,case_24,2024-04-10 23:40:17.164907,complete,Admission NC,positive,J,,
186,case_25,2024-04-10 16:20:34.164907,complete,ER Triage,positive,C,HE,20.0
187,case_25,2024-04-10 17:03:02.164907,complete,Admission IC,positive,Y,,
188,case_25,2024-04-10 17:58:02.164907,complete,Admission IC,positive,Y,,
189,case_25,2024-04-10 18:33:13.164907,complete,Admission IC,positive,Y,,
190,case_25,2024-04-10 20:21:57.164907,complete,Admission IC,positive,Y,,
191,case_25,2024-04-10 21:17:23.164907,complete,Admission IC,positive,Y,,
192,case_25,2024-04-10 22:26:51.164907,complete,Admission IC,positive,Y,,
193,case_25,2024-04-10 23:07:14.164907,complete,Admission NC,positive,J,,
194,case_25,2024-04-11 00:11:55.164907,complete,Admission NC,positive,Y,,
195,case_26,2024-04-10 16:16:12.164907,complete,ER Triage,positive,C,HE,20.0
196,case_26,2024-04-10 17:17:32.164907,complete,Admission IC,positive,Y,,
197,case_26,2024-04-10 17:43:52.164907,complete,Admission IC,positive,Y,,
198,case_26,2024-04-10 18:41:02.164907,complete,Admission IC,positive,Y,,
199,case_26,2024-04-10 20:30:19.164907,complete,Admission IC,positive,Y,,
200,case_26,2024-04-10 21:00:20.164907,complete,Admission IC,positive,Y,,
201,case_26,2024-04-10 22:00:26.164907,complete,Admission IC,positive,V,,
202,case_26,2024-04-10 23:08:39.164907,complete,Admission NC,positive,J,,
203,case_26,2024-04-10 23:38:41.164907,complete,Admission NC,positive,J,,
204,case_27,2024-04-10 15:44:06.164907,complete,ER Triage,positive,C,HE,20.0
205,case_27,2024-04-10 16:55:18.164907,complete,Admission IC,positive,Y,,
206,case_27,2024-04-10 17:39:28.164907,complete,Admission IC,positive,Y,,
207,case_27,2024-04-10 19:00:27.164907,complete,Admission IC,positive,Y,,
208,case_27,2024-04-10 20:00:04.164907,complete,Admission IC,positive,Y,,
209,case_27,2024-04-10 21:26:47.164907,complete,Admission IC,positive,Y,,
210,case_27,2024-04-10 22:14:06.164907,complete,Admission IC,positive,X,,
211,case_27,2024-04-10 23:13:39.164907,complete,Admission NC,positive,J,,
212,case_27,2024-04-11 00:10:29.164907,complete,Admission NC,positive,Y,,
213,case_28,2024-04-10 16:18:46.164907,complete,ER Triage,positive,C,HE,20.0
214,case_28,2024-04-10 17:00:37.164907,complete,Admission IC,positive,Y,,
215,case_28,2024-04-10 18:16:21.164907,complete,Admission IC,positive,Y,,
216,case_28,2024-04-10 18:42:10.164907,complete,Admission IC,positive,Y,,
217,case_28,2024-04-10 20:30:15.164907,complete,Admission NC,positive,J,,
218,case_28,2024-04-10 20:36:54.164907,complete,Admission NC,positive,J,,
219,case_29,2024-04-10 16:13:02.164907,complete,ER Triage,positive,C,HE,20.0
220,case_29,2024-04-10 17:28:15.164907,complete,Admission IC,positive,Y,,
221,case_29,2024-04-10 18:22:34.164907,complete,Admission IC,positive,Y,,
222,case_29,2024-04-10 19:23:47.164907,complete,Admission IC,positive,X,,
223,case_29,2024-04-10 19:45:12.164907,complete,Admission NC,positive,J,,
224,case_29,2024-04-10 21:07:05.164907,complete,Admission NC,positive,J,,
