,case:concept:name,time:timestamp,lifecycle:transition,concept:name,case:label,org:group,Diagnose,Age,Leucocytes,LacticAcid,CRP
0,case_0,2024-04-10 15:39:25.667080,complete,Leucocytes,positive,A,DB,20.0,1619.0,,
1,case_0,2024-04-10 17:20:48.667080,complete,Admission NC,positive,E,,,,,
2,case_0,2024-04-10 17:34:36.667080,complete,LacticAcid,positive,L,,,,9.0,
3,case_0,2024-04-10 19:11:36.667080,complete,LacticAcid,positive,L,,,,44.0,
4,case_0,2024-04-10 20:26:59.667080,complete,LacticAcid,positive,J,,,,11.0,
5,case_0,2024-04-10 20:53:01.667080,complete,LacticAcid,positive,J,,,,17.0,
6,case_0,2024-04-10 22:26:48.667080,complete,LacticAcid,positive,L,,,,9.0,
7,case_0,2024-04-10 22:36:41.667080,complete,Admission NC,positive,E,,,,,
8,case_1,2024-04-10 16:02:26.667080,complete,CRP,positive,E,DB,20.0,,,5730.0
9,case_1,2024-04-10 17:19:30.667080,complete,Admission NC,positive,J,,,,,
10,case_1,2024-04-10 18:13:10.667080,complete,LacticAcid,positive,E,,,,10.0,
11,case_1,2024-04-10 18:56:20.667080,complete,LacticAcid,positive,L,,,,9.0,
12,case_1,2024-04-10 19:58:53.667080,complete,Admission NC,positive,L,,,,,
13,case_1,2024-04-10 20:58:48.667080,complete,Admission NC,positive,L,,,,,
14,case_1,2024-04-10 21:32:56.667080,complete,LacticAcid,positive,K,,,,14.0,
15,case_1,2024-04-10 22:32:38.667080,complete,CRP,positive,E,RD,20.0,,,54.0
16,case_2,2024-04-10 16:21:38.667080,complete,IV Antibiotics,positive,I,,,,,
17,case_2,2024-04-10 16:32:26.667080,complete,Admission NC,positive,E,,,,,
18,case_2,2024-04-10 17:46:25.667080,complete,CRP,positive,L,HE,22.0,,,4713.0
19,case_2,2024-04-10 18:42:51.667080,complete,LacticAcid,positive,F,,,,15.0,
20,case_2,2024-04-10 19:48:17.667080,complete,LacticAcid,positive,L,,,,14.0,
21,case_2,2024-04-10 21:21:56.667080,complete,LacticAcid,positive,J,,,,12.0,
22,case_2,2024-04-10 21:44:57.667080,complete,Admission NC,positive,A,,,,,
23,case_2,2024-04-10 22:46:52.667080,complete,Leucocytes,positive,K,RC,21.0,3604.0,,
24,case_3,2024-04-10 16:07:53.667080,complete,LacticAcid,positive,A,,,,14.0,
25,case_3,2024-04-10 17:10:57.667080,complete,Admission NC,positive,J,,,,,
26,case_3,2024-04-10 18:07:54.667080,complete,CRP,positive,L,HE,90.0,,,4715.0
27,case_3,2024-04-10 18:39:09.667080,complete,LacticAcid,positive,E,,,,21.0,
28,case_3,2024-04-10 20:16:42.667080,complete,LacticAcid,positive,A,,,,9.0,
29,case_3,2024-04-10 21:31:48.667080,complete,Admission NC,positive,J,,,,,
30,case_3,2024-04-10 21:33:20.667080,complete,CRP,positive,E,HD,88.0,,,3594.0
31,case_3,2024-04-10 22:59:13.667080,complete,CRP,positive,L,RC,22.0,,,277.0
32,case_4,2024-04-10 16:01:09.667080,complete,Leucocytes,positive,L,DB,36.0,1618.0,,
33,case_4,2024-04-10 16:52:01.667080,complete,LacticAcid,positive,E,,,,14.0,
34,case_4,2024-04-10 18:22:36.667080,complete,Admission NC,positive,J,,,,,
35,case_4,2024-04-10 19:04:22.667080,complete,LacticAcid,positive,C,,,,11.0,
36,case_4,2024-04-10 19:35:48.667080,complete,LacticAcid,positive,E,,,,13.0,
37,case_4,2024-04-10 20:46:30.667080,complete,Admission NC,positive,L,,,,,
38,case_4,2024-04-10 22:22:18.667080,complete,LacticAcid,positive,L,,,,13.0,
39,case_4,2024-04-10 22:46:42.667080,complete,LacticAcid,positive,E,,,,23.0,
40,case_5,2024-04-10 15:46:28.667080,complete,LacticAcid,positive,A,,,,9.0,
41,case_5,2024-04-10 16:40:52.667080,complete,LacticAcid,positive,J,,,,12.0,
42,case_5,2024-04-10 17:41:49.667080,complete,LacticAcid,positive,L,,,,12.0,
43,case_5,2024-04-10 18:49:14.667080,complete,CRP,positive,J,HD,59.0,,,3068.0
44,case_5,2024-04-10 19:59:23.667080,complete,Admission NC,positive,L,,,,,
45,case_5,2024-04-10 21:18:04.667080,complete,CRP,positive,A,DA,36.0,,,3309.0
46,case_5,2024-04-10 21:38:28.667080,complete,Release B,positive,A,,,,,
47,case_5,2024-04-10 22:47:52.667080,complete,Admission NC,positive,L,,,,,
48,case_5,2024-04-10 23:55:33.667080,complete,CRP,positive,I,HD,46.0,,,5550.0
49,case_5,2024-04-11 01:08:38.667080,complete,LacticAcid,positive,E,,,,9.0,
50,case_6,2024-04-10 16:27:14.667080,complete,IV Antibiotics,positive,E,,,,,
51,case_6,2024-04-10 17:16:25.667080,complete,Admission NC,positive,L,,,,,
52,case_6,2024-04-10 17:51:07.667080,complete,CRP,positive,A,HD,58.0,,,5730.0
53,case_6,2024-04-10 18:46:29.667080,complete,LacticAcid,positive,J,,,,9.0,
54,case_6,2024-04-10 20:28:28.667080,complete,Admission NC,positive,L,,,,,
55,case_6,2024-04-10 21:01:42.667080,complete,Admission NC,positive,J,,,,,
56,case_6,2024-04-10 21:52:07.667080,complete,LacticAcid,positive,L,,,,12.0,
57,case_6,2024-04-10 23:12:03.667080,complete,Release A,positive,J,,,,,
58,case_6,2024-04-10 23:59:33.667080,complete,CRP,positive,J,HD,71.0,,,50.0
59,case_6,2024-04-11 00:37:03.667080,complete,Admission NC,positive,J,,,,,
60,case_7,2024-04-10 16:06:59.667080,complete,Release B,positive,E,,,,,
61,case_7,2024-04-10 16:38:00.667080,complete,Admission NC,positive,J,,,,,
62,case_7,2024-04-10 18:13:42.667080,complete,CRP,positive,I,HE,58.0,,,349.0
63,case_7,2024-04-10 18:42:56.667080,complete,LacticAcid,positive,L,,,,16.0,
64,case_7,2024-04-10 19:57:03.667080,complete,Return ER,positive,E,,,,,
65,case_7,2024-04-10 20:58:39.667080,complete,LacticAcid,positive,J,,,,12.0,
66,case_7,2024-04-10 22:23:19.667080,complete,IV Antibiotics,positive,L,,,,,
67,case_7,2024-04-10 23:15:01.667080,complete,IV Antibiotics,positive,E,,,,,
68,case_7,2024-04-11 00:29:28.667080,complete,CRP,positive,J,HE,21.0,,,5550.0
69,case_7,2024-04-11 00:59:36.667080,complete,Admission NC,positive,J,,,,,
70,case_8,2024-04-10 16:06:13.667080,complete,CRP,positive,C,QB,20.0,,,5730.0
71,case_8,2024-04-10 16:56:08.667080,complete,LacticAcid,positive,E,,,,17.0,
72,case_8,2024-04-10 17:41:40.667080,complete,LacticAcid,positive,J,,,,10.0,
73,case_8,2024-04-10 19:04:31.667080,complete,Admission NC,positive,A,,,,,
74,case_8,2024-04-10 20:31:18.667080,complete,LacticAcid,positive,E,,,,18.0,
75,case_8,2024-04-10 20:43:29.667080,complete,Release A,positive,J,,,,,
76,case_8,2024-04-10 22:06:40.667080,complete,Admission NC,positive,E,,,,,
77,case_8,2024-04-10 22:55:37.667080,complete,LacticAcid,positive,L,,,,9.0,
78,case_8,2024-04-10 23:44:46.667080,complete,LacticAcid,positive,L,,,,10.0,
79,case_8,2024-04-11 00:50:46.667080,complete,LacticAcid,positive,J,,,,9.0,
80,case_9,2024-04-10 16:17:23.667080,complete,CRP,positive,J,KE,20.0,,,5730.0
81,case_9,2024-04-10 16:43:26.667080,complete,Admission NC,positive,E,,,,,
82,case_9,2024-04-10 18:01:12.667080,complete,Admission NC,positive,L,,,,,
83,case_9,2024-04-10 18:33:55.667080,complete,Admission IC,positive,E,,,,,
84,case_9,2024-04-10 20:27:47.667080,complete,Admission NC,positive,E,,,,,
85,case_9,2024-04-10 20:46:15.667080,complete,LacticAcid,positive,L,,,,19.0,
86,case_9,2024-04-10 22:11:53.667080,complete,LacticAcid,positive,A,,,,12.0,
87,case_9,2024-04-10 23:27:38.667080,complete,CRP,positive,E,PE,21.0,,,104.0
88,case_9,2024-04-11 00:15:00.667080,complete,LacticAcid,positive,L,,,,14.0,
89,case_10,2024-04-10 15:34:14.667080,complete,CRP,positive,E,EA,20.0,,,5730.0
90,case_10,2024-04-10 17:15:42.667080,complete,Admission NC,positive,E,,,,,
91,case_10,2024-04-10 18:25:02.667080,complete,LacticAcid,positive,L,,,,10.0,
92,case_10,2024-04-10 19:18:24.667080,complete,LacticAcid,positive,L,,,,10.0,
93,case_10,2024-04-10 20:19:13.667080,complete,LacticAcid,positive,J,,,,11.0,
94,case_10,2024-04-10 20:53:17.667080,complete,LacticAcid,positive,L,,,,12.0,
95,case_10,2024-04-10 21:50:12.667080,complete,LacticAcid,positive,E,,,,10.0,
96,case_10,2024-04-10 22:41:16.667080,complete,CRP,positive,L,IA,20.0,,,3362.0
97,case_10,2024-04-11 00:25:40.667080,complete,Admission NC,positive,E,,,,,
98,case_11,2024-04-10 16:24:56.667080,complete,Leucocytes,positive,E,KE,21.0,136.0,,
99,case_11,2024-04-10 17:15:48.667080,complete,Release A,positive,L,,,,,
100,case_11,2024-04-10 18:18:03.667080,complete,LacticAcid,positive,J,,,,10.0,
101,case_11,2024-04-10 18:46:59.667080,complete,Admission NC,positive,A,,,,,
102,case_11,2024-04-10 20:13:47.667080,complete,IV Antibiotics,positive,K,,,,,
103,case_11,2024-04-10 20:43:42.667080,complete,Admission NC,positive,L,,,,,
104,case_11,2024-04-10 21:39:17.667080,complete,CRP,positive,J,HE,90.0,,,629.0
105,case_11,2024-04-10 22:43:09.667080,complete,CRP,positive,E,IA,22.0,,,61.0
106,case_11,2024-04-11 00:16:55.667080,complete,Release B,positive,L,,,,,
107,case_12,2024-04-10 15:59:54.667080,complete,LacticAcid,positive,J,,,,21.0,
108,case_12,2024-04-10 17:21:45.667080,complete,CRP,positive,A,OD,83.0,,,4338.0
109,case_12,2024-04-10 17:41:19.667080,complete,Admission NC,positive,L,,,,,
110,case_12,2024-04-10 19:25:09.667080,complete,CRP,positive,J,LC,22.0,,,1766.0
111,case_12,2024-04-10 19:57:13.667080,complete,Admission NC,positive,J,,,,,
112,case_13,2024-04-10 16:20:34.667080,complete,Admission NC,positive,F,,,,,
113,case_13,2024-04-10 17:17:15.667080,complete,Leucocytes,positive,E,GA,90.0,135.0,,
114,case_13,2024-04-10 17:44:44.667080,complete,CRP,positive,L,F,23.0,,,4851.0
115,case_13,2024-04-10 18:42:29.667080,complete,Admission NC,positive,E,,,,,
116,case_13,2024-04-10 19:36:36.667080,complete,Leucocytes,positive,L,G,20.0,137.0,,
117,case_14,2024-04-10 16:21:37.667080,complete,Leucocytes,positive,E,XD,23.0,479.0,,
118,case_14,2024-04-10 16:51:14.667080,complete,CRP,positive,E,GA,20.0,,,4337.0
119,case_14,2024-04-10 17:47:19.667080,complete,Admission NC,positive,E,,,,,
120,case_14,2024-04-10 18:43:54.667080,complete,Admission NC,positive,C,,,,,
121,case_14,2024-04-10 19:50:08.667080,complete,LacticAcid,positive,L,,,,10.0,
122,case_15,2024-04-10 16:29:13.667080,complete,CRP,positive,J,TD,40.0,,,4286.0
123,case_15,2024-04-10 17:01:05.667080,complete,CRP,positive,C,OD,20.0,,,4339.0
124,case_15,2024-04-10 17:59:01.667080,complete,Admission NC,positive,L,,,,,
125,case_15,2024-04-10 18:48:30.667080,complete,Admission NC,positive,E,,,,,
126,case_15,2024-04-10 20:29:01.667080,complete,CRP,positive,L,LC,90.0,,,5611.0
127,case_16,2024-04-10 15:43:15.667080,complete,Admission NC,positive,J,,,,,
128,case_16,2024-04-10 16:38:26.667080,complete,CRP,positive,J,JA,89.0,,,5728.0
129,case_16,2024-04-10 18:20:38.667080,complete,CRP,positive,L,NA,41.0,,,2693.0
130,case_16,2024-04-10 18:39:18.667080,complete,Admission NC,positive,J,,,,,
131,case_16,2024-04-10 19:43:32.667080,complete,CRP,positive,J,HD,21.0,,,50.0
132,case_16,2024-04-10 21:03:55.667080,complete,LacticAcid,positive,J,,,,112.0,
133,case_16,2024-04-10 22:04:46.667080,complete,Leucocytes,positive,J,C,29.0,136.0,,
134,case_17,2024-04-10 15:59:31.667080,complete,CRP,positive,A,GC,20.0,,,3823.0
135,case_17,2024-04-10 17:19:05.667080,complete,Admission NC,positive,E,,,,,
136,case_17,2024-04-10 17:46:57.667080,complete,LacticAcid,positive,L,,,,11.0,
137,case_17,2024-04-10 19:26:03.667080,complete,LacticAcid,positive,L,,,,14.0,
138,case_17,2024-04-10 20:17:42.667080,complete,LacticAcid,positive,J,,,,10.0,
139,case_17,2024-04-10 20:47:10.667080,complete,Admission NC,positive,L,,,,,
140,case_17,2024-04-10 21:33:31.667080,complete,LacticAcid,positive,K,,,,102.0,
141,case_18,2024-04-10 16:24:47.667080,complete,LacticAcid,positive,E,,,,14.0,
142,case_18,2024-04-10 16:43:02.667080,complete,Admission NC,positive,J,,,,,
143,case_18,2024-04-10 18:09:38.667080,complete,LacticAcid,positive,I,,,,9.0,
144,case_18,2024-04-10 19:27:24.667080,complete,CRP,positive,L,VB,20.0,,,682.0
145,case_18,2024-04-10 19:59:01.667080,complete,Admission NC,positive,E,,,,,
146,case_18,2024-04-10 20:57:55.667080,complete,CRP,positive,E,HC,88.0,,,4846.0
147,case_18,2024-04-10 22:22:39.667080,complete,LacticAcid,positive,L,,,,132.0,
148,case_19,2024-04-10 16:17:13.667080,complete,CRP,positive,A,XD,21.0,,,3821.0
149,case_19,2024-04-10 17:24:17.667080,complete,IV Antibiotics,positive,E,,,,,
150,case_19,2024-04-10 17:39:41.667080,complete,Admission NC,positive,E,,,,,
151,case_19,2024-04-10 18:45:49.667080,complete,LacticAcid,positive,E,,,,11.0,
152,case_19,2024-04-10 20:14:27.667080,complete,LacticAcid,positive,L,,,,12.0,
153,case_19,2024-04-10 21:00:57.667080,complete,LacticAcid,positive,L,,,,10.0,
154,case_19,2024-04-10 21:59:26.667080,complete,Admission NC,positive,C,,,,,
155,case_20,2024-04-10 15:41:42.667080,complete,Leucocytes,positive,A,XD,20.0,137.0,,
156,case_20,2024-04-10 17:10:10.667080,complete,Admission NC,positive,L,,,,,
157,case_20,2024-04-10 18:20:56.667080,complete,Admission NC,positive,L,,,,,
158,case_20,2024-04-10 19:21:56.667080,complete,LacticAcid,positive,E,,,,13.0,
159,case_20,2024-04-10 20:12:40.667080,complete,LacticAcid,positive,L,,,,9.0,
160,case_20,2024-04-10 21:05:47.667080,complete,CRP,positive,L,HE,22.0,,,4855.0
161,case_20,2024-04-10 21:56:07.667080,complete,LacticAcid,positive,L,,,,98.0,
162,case_21,2024-04-10 15:44:30.667080,complete,Leucocytes,positive,J,XD,23.0,1919.0,,
163,case_21,2024-04-10 17:00:05.667080,complete,LacticAcid,positive,L,,,,10.0,
164,case_21,2024-04-10 17:51:03.667080,complete,Admission NC,positive,A,,,,,
165,case_21,2024-04-10 18:51:46.667080,complete,Admission NC,positive,L,,,,,
166,case_21,2024-04-10 20:15:01.667080,complete,LacticAcid,positive,J,,,,14.0,
167,case_21,2024-04-10 20:43:52.667080,complete,Admission NC,positive,E,,,,,
168,case_21,2024-04-10 22:26:36.667080,complete,CRP,positive,E,BD,20.0,,,2826.0
169,case_22,2024-04-10 15:53:26.667080,complete,Admission NC,positive,J,,,,,
170,case_22,2024-04-10 17:07:38.667080,complete,Admission NC,positive,A,,,,,
171,case_22,2024-04-10 17:56:35.667080,complete,CRP,positive,E,HE,25.0,,,677.0
172,case_22,2024-04-10 19:02:41.667080,complete,LacticAcid,positive,L,,,,14.0,
173,case_22,2024-04-10 19:35:03.667080,complete,LacticAcid,positive,E,,,,11.0,
174,case_22,2024-04-10 20:41:46.667080,complete,CRP,positive,E,E,22.0,,,296.0
175,case_23,2024-04-10 16:21:57.667080,complete,CRP,positive,A,VC,20.0,,,5392.0
176,case_23,2024-04-10 16:48:29.667080,complete,LacticAcid,positive,E,,,,11.0,
177,case_23,2024-04-10 17:55:20.667080,complete,LacticAcid,positive,K,,,,125.0,
178,case_23,2024-04-10 19:31:28.667080,complete,Admission NC,positive,L,,,,,
179,case_23,2024-04-10 19:40:44.667080,complete,Admission NC,positive,L,,,,,
180,case_23,2024-04-10 20:53:38.667080,complete,LacticAcid,positive,L,,,,94.0,
181,case_24,2024-04-10 16:03:14.667080,complete,Leucocytes,positive,A,WB,22.0,2225.0,,
182,case_24,2024-04-10 17:24:20.667080,complete,Admission NC,positive,E,,,,,
183,case_24,2024-04-10 18:21:51.667080,complete,Admission NC,positive,J,,,,,
184,case_24,2024-04-10 18:47:32.667080,complete,LacticAcid,positive,L,,,,3.0,
185,case_24,2024-04-10 19:50:59.667080,complete,Leucocytes,positive,J,HC,21.0,139.0,,
186,case_24,2024-04-10 20:39:36.667080,complete,CRP,positive,J,E,21.0,,,391.0
187,case_25,2024-04-10 15:53:52.667080,complete,IV Antibiotics,positive,L,,,,,
188,case_25,2024-04-10 17:01:59.667080,complete,Admission NC,positive,F,,,,,
189,case_25,2024-04-10 18:24:09.667080,complete,CRP,positive,K,HE,80.0,,,676.0
190,case_25,2024-04-10 19:01:52.667080,complete,Admission NC,positive,J,,,,,
191,case_25,2024-04-10 19:41:02.667080,complete,CRP,positive,L,HD,89.0,,,55.0
192,case_25,2024-04-10 20:33:45.667080,complete,CRP,positive,E,BE,32.0,,,193.0
193,case_26,2024-04-10 15:34:15.667080,complete,CRP,positive,A,VA,20.0,,,5093.0
194,case_26,2024-04-10 16:38:47.667080,complete,Admission NC,positive,E,,,,,
195,case_26,2024-04-10 18:22:34.667080,complete,LacticAcid,positive,L,,,,122.0,
196,case_26,2024-04-10 19:13:21.667080,complete,LacticAcid,positive,L,,,,9.0,
197,case_26,2024-04-10 19:55:36.667080,complete,LacticAcid,positive,L,,,,9.0,
198,case_26,2024-04-10 21:16:49.667080,complete,Admission NC,positive,A,,,,,
199,case_27,2024-04-10 16:27:59.667080,complete,CRP,positive,A,ME,20.0,,,5691.0
200,case_27,2024-04-10 16:50:34.667080,complete,Admission NC,positive,A,,,,,
201,case_27,2024-04-10 17:41:09.667080,complete,Admission NC,positive,L,,,,,
202,case_27,2024-04-10 19:27:20.667080,complete,LacticAcid,positive,L,,,,12.0,
203,case_27,2024-04-10 20:13:30.667080,complete,LacticAcid,positive,L,,,,10.0,
204,case_27,2024-04-10 20:36:25.667080,complete,CRP,positive,E,E,20.0,,,341.0
205,case_28,2024-04-10 16:23:27.667080,complete,CRP,positive,A,VD,20.0,,,5691.0
206,case_28,2024-04-10 17:18:53.667080,complete,Admission NC,positive,A,,,,,
207,case_28,2024-04-10 18:10:48.667080,complete,LacticAcid,positive,L,,,,11.0,
208,case_28,2024-04-10 19:18:13.667080,complete,Admission NC,positive,L,,,,,
209,case_28,2024-04-10 20:27:02.667080,complete,LacticAcid,positive,L,,,,9.0,
210,case_28,2024-04-10 21:22:27.667080,complete,CRP,positive,J,E,20.0,,,351.0
211,case_29,2024-04-10 16:11:57.667080,complete,CRP,positive,L,VB,20.0,,,5387.0
212,case_29,2024-04-10 17:21:06.667080,complete,LacticAcid,positive,L,,,,9.0,
213,case_29,2024-04-10 18:27:55.667080,complete,Admission NC,positive,L,,,,,
214,case_29,2024-04-10 19:07:17.667080,complete,Admission NC,positive,L,,,,,
215,case_29,2024-04-10 20:00:57.667080,complete,LacticAcid,positive,L,,,,9.0,
216,case_29,2024-04-10 21:00:13.667080,complete,LacticAcid,positive,L,,,,99.0,
