,case:concept:name,time:timestamp,lifecycle:transition,concept:name,case:label,org:group,Diagnose,Age
0,case_0,2024-04-10 16:18:19.289050,complete,Return ER,positive,?,,
1,case_0,2024-04-10 17:14:53.289050,complete,Release A,positive,B,,
2,case_0,2024-04-10 17:46:29.289050,complete,Admission NC,positive,J,,
3,case_0,2024-04-10 19:08:34.289050,complete,Admission IC,positive,J,,
4,case_0,2024-04-10 19:44:06.289050,complete,Admission NC,positive,J,,
5,case_0,2024-04-10 20:46:41.289050,complete,Admission IC,positive,J,,
6,case_0,2024-04-10 21:41:29.289050,complete,Admission NC,positive,J,,
7,case_1,2024-04-10 16:07:23.289050,complete,Admission NC,positive,F,,
8,case_1,2024-04-10 16:43:03.289050,complete,Release A,positive,B,,
9,case_1,2024-04-10 18:13:32.289050,complete,Release A,positive,A,,
10,case_1,2024-04-10 18:53:38.289050,complete,Release A,positive,V,,
11,case_1,2024-04-10 19:54:33.289050,complete,ER Triage,positive,P,AA,75.0
12,case_1,2024-04-10 21:01:26.289050,complete,Release A,positive,A,,
13,case_1,2024-04-10 22:18:20.289050,complete,Admission NC,positive,A,,
14,case_2,2024-04-10 16:32:42.289050,complete,Admission NC,positive,F,,
15,case_2,2024-04-10 16:39:26.289050,complete,Release A,positive,B,,
16,case_2,2024-04-10 18:13:56.289050,complete,Release A,positive,A,,
17,case_2,2024-04-10 19:37:13.289050,complete,Release A,positive,V,,
18,case_2,2024-04-10 20:27:14.289050,complete,ER Triage,positive,B,ID,90.0
19,case_2,2024-04-10 21:09:14.289050,complete,Release A,positive,A,,
20,case_2,2024-04-10 22:18:08.289050,complete,Admission NC,positive,A,,
21,case_3,2024-04-10 16:34:54.289050,complete,Return ER,positive,?,,
22,case_3,2024-04-10 16:40:44.289050,complete,Release A,positive,D,,
23,case_3,2024-04-10 18:31:14.289050,complete,Admission NC,positive,J,,
24,case_3,2024-04-10 19:23:03.289050,complete,Admission IC,positive,J,,
25,case_3,2024-04-10 19:41:28.289050,complete,Admission NC,positive,J,,
26,case_3,2024-04-10 21:29:34.289050,complete,Admission IC,positive,J,,
27,case_3,2024-04-10 21:53:21.289050,complete,Admission NC,positive,J,,
28,case_4,2024-04-10 15:59:11.289050,complete,Admission NC,positive,F,,
29,case_4,2024-04-10 16:50:11.289050,complete,Release A,positive,B,,
30,case_4,2024-04-10 18:05:53.289050,complete,Release A,positive,A,,
31,case_4,2024-04-10 18:48:52.289050,complete,Release A,positive,V,,
32,case_4,2024-04-10 20:02:20.289050,complete,ER Triage,positive,P,RC,75.0
33,case_4,2024-04-10 20:44:50.289050,complete,Release A,positive,A,,
34,case_4,2024-04-10 22:01:28.289050,complete,Admission NC,positive,A,,
35,case_5,2024-04-10 16:18:03.289050,complete,Admission NC,positive,F,,
36,case_5,2024-04-10 16:39:03.289050,complete,Release A,positive,B,,
37,case_5,2024-04-10 18:03:02.289050,complete,Release A,positive,A,,
38,case_5,2024-04-10 18:39:44.289050,complete,Release A,positive,V,,
39,case_5,2024-04-10 19:49:44.289050,complete,ER Triage,positive,B,IE,90.0
40,case_5,2024-04-10 21:13:11.289050,complete,Release A,positive,A,,
41,case_5,2024-04-10 21:54:13.289050,complete,Admission NC,positive,A,,
42,case_6,2024-04-10 16:21:42.289050,complete,Return ER,positive,?,,
43,case_6,2024-04-10 17:31:24.289050,complete,Release A,positive,G,,
44,case_6,2024-04-10 17:47:25.289050,complete,Admission NC,positive,J,,
45,case_6,2024-04-10 19:11:13.289050,complete,Admission IC,positive,J,,
46,case_6,2024-04-10 20:22:33.289050,complete,Admission NC,positive,J,,
47,case_6,2024-04-10 21:31:10.289050,complete,Admission IC,positive,J,,
48,case_6,2024-04-10 22:21:15.289050,complete,Admission NC,positive,J,,
49,case_7,2024-04-10 16:28:31.289050,complete,Admission NC,positive,F,,
50,case_7,2024-04-10 17:26:53.289050,complete,Release A,positive,B,,
51,case_7,2024-04-10 17:43:48.289050,complete,Release A,positive,O,,
52,case_7,2024-04-10 19:25:18.289050,complete,Release A,positive,V,,
53,case_7,2024-04-10 19:39:12.289050,complete,ER Triage,positive,B,ID,90.0
54,case_7,2024-04-10 21:13:40.289050,complete,Release A,positive,A,,
55,case_7,2024-04-10 21:44:55.289050,complete,Admission NC,positive,A,,
56,case_8,2024-04-10 16:01:51.289050,complete,Return ER,positive,?,,
57,case_8,2024-04-10 17:10:15.289050,complete,Release A,positive,B,,
58,case_8,2024-04-10 17:59:11.289050,complete,IV Antibiotics,positive,B,,
59,case_8,2024-04-10 19:08:02.289050,complete,IV Antibiotics,positive,B,,
60,case_8,2024-04-10 19:49:47.289050,complete,IV Antibiotics,positive,S,,
61,case_8,2024-04-10 21:03:18.289050,complete,Admission NC,positive,J,,
62,case_8,2024-04-10 22:21:36.289050,complete,Admission IC,positive,J,,
63,case_8,2024-04-10 23:26:59.289050,complete,Admission NC,positive,J,,
64,case_8,2024-04-11 00:30:19.289050,complete,Admission IC,positive,J,,
65,case_8,2024-04-11 00:47:58.289050,complete,Admission NC,positive,J,,
66,case_9,2024-04-10 16:34:59.289050,complete,Return ER,positive,?,,
67,case_9,2024-04-10 17:19:40.289050,complete,Release A,positive,S,,
68,case_9,2024-04-10 17:53:37.289050,complete,IV Antibiotics,positive,B,,
69,case_9,2024-04-10 19:34:10.289050,complete,Admission NC,positive,J,,
70,case_9,2024-04-10 19:38:40.289050,complete,Admission IC,positive,J,,
71,case_9,2024-04-10 21:23:59.289050,complete,Admission NC,positive,J,,
72,case_9,2024-04-10 22:31:54.289050,complete,Admission IC,positive,J,,
73,case_9,2024-04-10 23:32:50.289050,complete,Admission NC,positive,J,,
74,case_9,2024-04-11 00:15:07.289050,complete,Admission IC,positive,J,,
75,case_9,2024-04-11 01:11:03.289050,complete,Admission NC,positive,J,,
76,case_10,2024-04-10 15:47:50.289050,complete,Admission NC,positive,V,,
77,case_10,2024-04-10 17:03:19.289050,complete,Release A,positive,B,,
78,case_10,2024-04-10 18:33:40.289050,complete,ER Triage,positive,H,ED,89.0
79,case_10,2024-04-10 18:49:31.289050,complete,ER Triage,positive,A,MC,90.0
80,case_10,2024-04-10 20:01:39.289050,complete,ER Triage,positive,T,MA,90.0
81,case_10,2024-04-10 21:23:15.289050,complete,ER Triage,positive,A,CC,90.0
82,case_10,2024-04-10 22:03:19.289050,complete,Admission NC,positive,M,,
83,case_10,2024-04-10 22:42:20.289050,complete,Release A,positive,R,,
84,case_10,2024-04-10 23:40:56.289050,complete,Release A,positive,Y,,
85,case_10,2024-04-11 01:34:47.289050,complete,Return ER,positive,A,,
86,case_11,2024-04-10 16:28:03.289050,complete,Admission NC,positive,F,,
87,case_11,2024-04-10 17:09:54.289050,complete,Release B,positive,E,,
88,case_11,2024-04-10 17:42:31.289050,complete,Admission NC,positive,K,,
89,case_11,2024-04-10 19:22:43.289050,complete,Release B,positive,E,,
90,case_11,2024-04-10 20:27:12.289050,complete,Admission NC,positive,K,,
91,case_11,2024-04-10 21:18:37.289050,complete,Release B,positive,E,,
92,case_12,2024-04-10 15:54:28.289050,complete,Return ER,positive,?,,
93,case_12,2024-04-10 17:12:20.289050,complete,Return ER,positive,G,,
94,case_12,2024-04-10 18:35:50.289050,complete,IV Antibiotics,positive,B,,
95,case_12,2024-04-10 19:14:55.289050,complete,Admission NC,positive,J,,
96,case_12,2024-04-10 20:25:47.289050,complete,Admission IC,positive,J,,
97,case_12,2024-04-10 21:29:19.289050,complete,Admission NC,positive,J,,
98,case_13,2024-04-10 16:13:38.289050,complete,Return ER,positive,?,,
99,case_13,2024-04-10 16:58:57.289050,complete,Return ER,positive,H,,
100,case_13,2024-04-10 17:48:46.289050,complete,IV Antibiotics,positive,B,,
101,case_13,2024-04-10 19:12:31.289050,complete,Admission NC,positive,J,,
102,case_13,2024-04-10 19:39:39.289050,complete,Admission IC,positive,J,,
103,case_13,2024-04-10 20:48:16.289050,complete,Admission NC,positive,J,,
104,case_14,2024-04-10 15:50:43.289050,complete,Admission NC,positive,F,,
105,case_14,2024-04-10 16:48:45.289050,complete,Return ER,positive,H,,
106,case_14,2024-04-10 17:44:18.289050,complete,Release A,positive,A,,
107,case_14,2024-04-10 19:21:04.289050,complete,Admission NC,positive,A,,
108,case_14,2024-04-10 20:10:53.289050,complete,Release A,positive,A,,
109,case_14,2024-04-10 21:24:38.289050,complete,Release A,positive,R,,
110,case_15,2024-04-10 16:26:57.289050,complete,Return ER,positive,?,,
111,case_15,2024-04-10 17:04:14.289050,complete,Return ER,positive,H,,
112,case_15,2024-04-10 17:40:28.289050,complete,IV Antibiotics,positive,B,,
113,case_15,2024-04-10 19:33:44.289050,complete,Admission NC,positive,V,,
114,case_15,2024-04-10 20:10:53.289050,complete,IV Antibiotics,positive,Q,,
115,case_15,2024-04-10 20:47:19.289050,complete,Admission NC,positive,S,,
116,case_16,2024-04-10 15:49:17.289050,complete,Return ER,positive,?,,
117,case_16,2024-04-10 16:59:00.289050,complete,Release A,positive,B,,
118,case_16,2024-04-10 17:56:54.289050,complete,IV Antibiotics,positive,Y,,
119,case_16,2024-04-10 19:27:31.289050,complete,Admission NC,positive,Q,,
120,case_16,2024-04-10 19:45:55.289050,complete,Admission NC,positive,A,,
121,case_16,2024-04-10 20:59:37.289050,complete,Admission NC,positive,J,,
122,case_16,2024-04-10 21:49:34.289050,complete,Admission IC,positive,J,,
123,case_16,2024-04-10 23:21:21.289050,complete,Admission NC,positive,J,,
124,case_17,2024-04-10 15:56:10.289050,complete,Return ER,positive,?,,
125,case_17,2024-04-10 17:04:35.289050,complete,Release A,positive,B,,
126,case_17,2024-04-10 17:47:35.289050,complete,IV Antibiotics,positive,Y,,
127,case_17,2024-04-10 19:03:59.289050,complete,Admission NC,positive,Q,,
128,case_17,2024-04-10 20:22:23.289050,complete,IV Antibiotics,positive,B,,
129,case_17,2024-04-10 21:14:39.289050,complete,Admission NC,positive,J,,
130,case_17,2024-04-10 22:01:18.289050,complete,Admission IC,positive,J,,
131,case_17,2024-04-10 23:18:32.289050,complete,Admission NC,positive,J,,
132,case_18,2024-04-10 16:17:56.289050,complete,ER Triage,positive,C,VC,90.0
133,case_18,2024-04-10 17:06:57.289050,complete,Release A,positive,B,,
134,case_18,2024-04-10 17:59:12.289050,complete,Admission NC,positive,Y,,
135,case_18,2024-04-10 18:57:25.289050,complete,Admission NC,positive,Q,,
136,case_18,2024-04-10 19:51:53.289050,complete,Release A,positive,A,,
137,case_18,2024-04-10 20:59:32.289050,complete,Release A,positive,A,,
138,case_18,2024-04-10 22:23:27.289050,complete,Release A,positive,A,,
139,case_18,2024-04-10 23:16:50.289050,complete,Return ER,positive,A,,
140,case_19,2024-04-10 16:33:25.289050,complete,ER Triage,positive,C,MC,90.0
141,case_19,2024-04-10 16:43:18.289050,complete,Release A,positive,B,,
142,case_19,2024-04-10 17:52:16.289050,complete,Admission NC,positive,Y,,
143,case_19,2024-04-10 19:16:48.289050,complete,Admission NC,positive,Q,,
144,case_19,2024-04-10 20:17:07.289050,complete,Release A,positive,A,,
145,case_19,2024-04-10 21:02:02.289050,complete,Release A,positive,A,,
146,case_19,2024-04-10 22:34:54.289050,complete,Release A,positive,A,,
147,case_19,2024-04-10 23:06:02.289050,complete,Return ER,positive,A,,
148,case_20,2024-04-10 16:18:24.289050,complete,ER Triage,positive,C,VC,90.0
149,case_20,2024-04-10 17:19:02.289050,complete,Release A,positive,B,,
150,case_20,2024-04-10 17:59:27.289050,complete,Admission NC,positive,Y,,
151,case_20,2024-04-10 18:42:14.289050,complete,Admission NC,positive,Q,,
152,case_20,2024-04-10 20:33:05.289050,complete,Release A,positive,A,,
153,case_20,2024-04-10 21:29:36.289050,complete,Release A,positive,M,,
154,case_20,2024-04-10 21:45:04.289050,complete,Release A,positive,A,,
155,case_20,2024-04-10 23:34:28.289050,complete,Return ER,positive,A,,
156,case_21,2024-04-10 16:34:53.289050,complete,Return ER,positive,?,,
157,case_21,2024-04-10 17:32:41.289050,complete,Release A,positive,B,,
158,case_21,2024-04-10 17:58:17.289050,complete,IV Antibiotics,positive,V,,
159,case_21,2024-04-10 19:26:50.289050,complete,Admission NC,positive,Q,,
160,case_21,2024-04-10 20:33:19.289050,complete,IV Antibiotics,positive,B,,
161,case_21,2024-04-10 21:13:34.289050,complete,Admission NC,positive,J,,
162,case_21,2024-04-10 21:53:07.289050,complete,Admission IC,positive,J,,
163,case_21,2024-04-10 23:33:23.289050,complete,Admission NC,positive,J,,
164,case_22,2024-04-10 15:47:16.289050,complete,Return ER,positive,?,,
165,case_22,2024-04-10 16:46:05.289050,complete,Release A,positive,B,,
166,case_22,2024-04-10 18:24:54.289050,complete,Admission NC,positive,J,,
167,case_22,2024-04-10 18:53:04.289050,complete,Admission IC,positive,J,,
168,case_22,2024-04-10 20:09:51.289050,complete,Admission NC,positive,J,,
169,case_23,2024-04-10 16:02:48.289050,complete,Admission NC,positive,F,,
170,case_23,2024-04-10 17:30:33.289050,complete,Release A,positive,B,,
171,case_23,2024-04-10 18:32:09.289050,complete,Release A,positive,N,,
172,case_23,2024-04-10 19:07:39.289050,complete,Release A,positive,V,,
173,case_23,2024-04-10 20:17:43.289050,complete,Admission NC,positive,P,,
174,case_24,2024-04-10 16:25:11.289050,complete,Return ER,positive,?,,
175,case_24,2024-04-10 17:37:36.289050,complete,Release A,positive,D,,
176,case_24,2024-04-10 17:49:50.289050,complete,Admission NC,positive,J,,
177,case_24,2024-04-10 18:38:37.289050,complete,Admission IC,positive,J,,
178,case_24,2024-04-10 20:02:16.289050,complete,Admission NC,positive,J,,
179,case_25,2024-04-10 15:53:36.289050,complete,Return ER,positive,?,,
180,case_25,2024-04-10 16:45:57.289050,complete,Release A,positive,G,,
181,case_25,2024-04-10 18:14:54.289050,complete,Admission NC,positive,J,,
182,case_25,2024-04-10 19:20:43.289050,complete,Admission IC,positive,J,,
183,case_25,2024-04-10 20:01:33.289050,complete,Admission NC,positive,J,,
184,case_26,2024-04-10 15:59:01.289050,complete,Return ER,positive,?,,
185,case_26,2024-04-10 16:40:48.289050,complete,Release A,positive,B,,
186,case_26,2024-04-10 18:10:17.289050,complete,IV Antibiotics,positive,O,,
187,case_26,2024-04-10 19:22:40.289050,complete,Admission NC,positive,J,,
188,case_26,2024-04-10 19:52:26.289050,complete,Admission IC,positive,J,,
189,case_26,2024-04-10 21:28:32.289050,complete,Admission NC,positive,J,,
190,case_26,2024-04-10 21:43:44.289050,complete,Admission NC,positive,J,,
191,case_26,2024-04-10 23:13:00.289050,complete,Admission IC,positive,J,,
192,case_26,2024-04-10 23:54:21.289050,complete,Admission NC,positive,J,,
193,case_27,2024-04-10 16:07:47.289050,complete,ER Triage,positive,C,QA,74.0
194,case_27,2024-04-10 17:29:12.289050,complete,Release A,positive,B,,
195,case_27,2024-04-10 18:25:53.289050,complete,Release A,positive,B,,
196,case_27,2024-04-10 18:52:57.289050,complete,Release A,positive,D,,
197,case_27,2024-04-10 19:46:15.289050,complete,ER Triage,positive,B,QC,83.0
198,case_27,2024-04-10 20:59:49.289050,complete,ER Triage,positive,P,ZD,56.0
199,case_27,2024-04-10 22:30:16.289050,complete,Release A,positive,O,,
200,case_27,2024-04-10 23:35:53.289050,complete,Admission NC,positive,A,,
201,case_27,2024-04-10 23:41:02.289050,complete,Admission NC,positive,Q,,
202,case_28,2024-04-10 15:53:47.289050,complete,ER Triage,positive,C,JC,90.0
203,case_28,2024-04-10 17:06:17.289050,complete,Release A,positive,B,,
204,case_28,2024-04-10 18:21:53.289050,complete,Release A,positive,M,,
205,case_28,2024-04-10 18:45:47.289050,complete,Release A,positive,D,,
206,case_28,2024-04-10 20:31:06.289050,complete,ER Triage,positive,B,IA,90.0
207,case_28,2024-04-10 21:29:46.289050,complete,ER Triage,positive,P,IB,56.0
208,case_28,2024-04-10 22:06:20.289050,complete,Release A,positive,W,,
209,case_28,2024-04-10 22:48:26.289050,complete,Admission NC,positive,A,,
210,case_28,2024-04-10 23:48:04.289050,complete,Admission NC,positive,W,,
211,case_29,2024-04-10 16:26:37.289050,complete,ER Triage,positive,C,JC,90.0
212,case_29,2024-04-10 17:02:45.289050,complete,Release A,positive,B,,
213,case_29,2024-04-10 18:06:31.289050,complete,Release A,positive,P,,
214,case_29,2024-04-10 19:26:12.289050,complete,Admission NC,positive,D,,
215,case_29,2024-04-10 20:26:41.289050,complete,ER Triage,positive,B,VA,90.0
216,case_29,2024-04-10 20:46:03.289050,complete,Release A,positive,P,,
217,case_29,2024-04-10 21:42:38.289050,complete,ER Triage,positive,N,F,69.0
218,case_29,2024-04-10 23:36:58.289050,complete,Admission NC,positive,D,,
219,case_29,2024-04-11 00:11:36.289050,complete,Admission IC,positive,M,,
