,case:concept:name,time:timestamp,lifecycle:transition,concept:name,case:label,org:group,Diagnose,Age,InfectionSuspected,DiagnosticBlood,DisfuncOrg,SIRSCritTachypnea,Hypotensie,SIRSCritHeartRate,Infusion,DiagnosticArtAstrup,DiagnosticIC,DiagnosticSputum,DiagnosticLiquor,DiagnosticOther,SIRSCriteria2OrMore,DiagnosticXthorax,SIRSCritTemperature,DiagnosticUrinaryCulture,SIRSCritLeucos,Oligurie,DiagnosticLacticAcid,Hypoxie,DiagnosticUrinarySediment,DiagnosticECG,Leucocytes,LacticAcid
0,case_0,2024-04-10 15:44:51.880542,complete,Return ER,positive,?,,,,,,,,,,,,,,,,,,,,,,,,,,
1,case_0,2024-04-10 17:18:57.880542,complete,Release A,positive,E,,,,,,,,,,,,,,,,,,,,,,,,,,
2,case_0,2024-04-10 18:22:31.880542,complete,ER Triage,positive,C,HE,90.0,,,,,,,,,,,,,,,,,,,,,,,,
3,case_0,2024-04-10 19:21:24.880542,complete,Admission NC,positive,J,,,,,,,,,,,,,,,,,,,,,,,,,,
4,case_0,2024-04-10 19:48:54.880542,complete,Admission IC,positive,J,,,,,,,,,,,,,,,,,,,,,,,,,,
5,case_0,2024-04-10 20:44:12.880542,complete,Admission NC,positive,J,,,,,,,,,,,,,,,,,,,,,,,,,,
6,case_0,2024-04-10 22:10:44.880542,complete,Admission NC,positive,J,,,,,,,,,,,,,,,,,,,,,,,,,,
7,case_1,2024-04-10 16:02:45.880542,complete,Return ER,positive,?,,,,,,,,,,,,,,,,,,,,,,,,,,
8,case_1,2024-04-10 17:14:34.880542,complete,Release A,positive,E,,,,,,,,,,,,,,,,,,,,,,,,,,
9,case_1,2024-04-10 18:06:19.880542,complete,ER Triage,positive,C,HE,89.0,,,,,,,,,,,,,,,,,,,,,,,,
10,case_1,2024-04-10 18:35:59.880542,complete,Admission NC,positive,J,,,,,,,,,,,,,,,,,,,,,,,,,,
11,case_1,2024-04-10 20:31:13.880542,complete,Admission IC,positive,J,,,,,,,,,,,,,,,,,,,,,,,,,,
12,case_1,2024-04-10 20:45:58.880542,complete,Admission NC,positive,J,,,,,,,,,,,,,,,,,,,,,,,,,,
13,case_1,2024-04-10 21:56:20.880542,complete,Admission NC,positive,J,,,,,,,,,,,,,,,,,,,,,,,,,,
14,case_2,2024-04-10 16:08:37.880542,complete,Admission NC,positive,J,,,,,,,,,,,,,,,,,,,,,,,,,,
15,case_2,2024-04-10 17:16:30.880542,complete,Admission NC,positive,F,,,,,,,,,,,,,,,,,,,,,,,,,,
16,case_2,2024-04-10 17:34:07.880542,complete,Admission IC,positive,Y,,,,,,,,,,,,,,,,,,,,,,,,,,
17,case_2,2024-04-10 19:16:07.880542,complete,Release B,positive,E,,,,,,,,,,,,,,,,,,,,,,,,,,
18,case_2,2024-04-10 19:58:52.880542,complete,Release B,positive,E,,,,,,,,,,,,,,,,,,,,,,,,,,
19,case_2,2024-04-10 21:03:50.880542,complete,Admission IC,positive,Y,,,,,,,,,,,,,,,,,,,,,,,,,,
20,case_2,2024-04-10 21:49:20.880542,complete,Admission NC,positive,F,,,,,,,,,,,,,,,,,,,,,,,,,,
21,case_3,2024-04-10 15:46:19.880542,complete,Admission NC,positive,J,,,,,,,,,,,,,,,,,,,,,,,,,,
22,case_3,2024-04-10 17:25:56.880542,complete,Admission NC,positive,F,,,,,,,,,,,,,,,,,,,,,,,,,,
23,case_3,2024-04-10 18:12:56.880542,complete,Return ER,positive,?,,,,,,,,,,,,,,,,,,,,,,,,,,
24,case_3,2024-04-10 19:30:03.880542,complete,Release A,positive,E,,,,,,,,,,,,,,,,,,,,,,,,,,
25,case_3,2024-04-10 19:59:50.880542,complete,Release B,positive,E,,,,,,,,,,,,,,,,,,,,,,,,,,
26,case_3,2024-04-10 20:45:20.880542,complete,IV Antibiotics,positive,L,,,,,,,,,,,,,,,,,,,,,,,,,,
27,case_3,2024-04-10 21:51:29.880542,complete,ER Triage,positive,C,HE,90.0,,,,,,,,,,,,,,,,,,,,,,,,
28,case_4,2024-04-10 15:59:33.880542,complete,Admission NC,positive,J,,,,,,,,,,,,,,,,,,,,,,,,,,
29,case_4,2024-04-10 16:35:29.880542,complete,Admission NC,positive,F,,,,,,,,,,,,,,,,,,,,,,,,,,
30,case_4,2024-04-10 18:14:41.880542,complete,Admission IC,positive,Y,,,,,,,,,,,,,,,,,,,,,,,,,,
31,case_4,2024-04-10 18:53:50.880542,complete,Release B,positive,E,,,,,,,,,,,,,,,,,,,,,,,,,,
32,case_4,2024-04-10 20:05:55.880542,complete,Release B,positive,E,,,,,,,,,,,,,,,,,,,,,,,,,,
33,case_4,2024-04-10 21:13:48.880542,complete,Admission IC,positive,X,,,,,,,,,,,,,,,,,,,,,,,,,,
34,case_4,2024-04-10 22:19:34.880542,complete,Admission NC,positive,F,,,,,,,,,,,,,,,,,,,,,,,,,,
35,case_5,2024-04-10 15:48:17.880542,complete,Return ER,positive,?,,,,,,,,,,,,,,,,,,,,,,,,,,
36,case_5,2024-04-10 17:16:10.880542,complete,Release A,positive,E,,,,,,,,,,,,,,,,,,,,,,,,,,
37,case_5,2024-04-10 17:56:39.880542,complete,ER Triage,positive,C,HE,88.0,,,,,,,,,,,,,,,,,,,,,,,,
38,case_5,2024-04-10 18:50:01.880542,complete,Admission NC,positive,J,,,,,,,,,,,,,,,,,,,,,,,,,,
39,case_5,2024-04-10 19:48:11.880542,complete,Admission IC,positive,J,,,,,,,,,,,,,,,,,,,,,,,,,,
40,case_5,2024-04-10 20:45:06.880542,complete,Admission NC,positive,J,,,,,,,,,,,,,,,,,,,,,,,,,,
41,case_5,2024-04-10 22:27:05.880542,complete,Admission NC,positive,J,,,,,,,,,,,,,,,,,,,,,,,,,,
42,case_6,2024-04-10 16:10:35.880542,complete,Admission NC,positive,J,,,,,,,,,,,,,,,,,,,,,,,,,,
43,case_6,2024-04-10 17:19:59.880542,complete,Return ER,positive,?,,,,,,,,,,,,,,,,,,,,,,,,,,
44,case_6,2024-04-10 18:24:57.880542,complete,Release B,positive,E,,,,,,,,,,,,,,,,,,,,,,,,,,
45,case_6,2024-04-10 18:39:35.880542,complete,Admission NC,positive,K,,,,,,,,,,,,,,,,,,,,,,,,,,
46,case_6,2024-04-10 20:10:04.880542,complete,Release B,positive,E,,,,,,,,,,,,,,,,,,,,,,,,,,
47,case_7,2024-04-10 15:41:26.880542,complete,ER Registration,positive,Y,HE,90.0,false,false,true,false,false,false,false,true,false,false,true,true,false,false,false,false,true,true,false,true,false,false,,
48,case_7,2024-04-10 16:43:02.880542,complete,Admission NC,positive,F,,,,,,,,,,,,,,,,,,,,,,,,,,
49,case_7,2024-04-10 18:02:24.880542,complete,IV Antibiotics,positive,A,,,,,,,,,,,,,,,,,,,,,,,,,,
50,case_7,2024-04-10 19:27:38.880542,complete,Admission NC,positive,F,,,,,,,,,,,,,,,,,,,,,,,,,,
51,case_7,2024-04-10 20:03:57.880542,complete,Release A,positive,Y,,,,,,,,,,,,,,,,,,,,,,,,,,
52,case_8,2024-04-10 16:25:55.880542,complete,Admission NC,positive,J,,,,,,,,,,,,,,,,,,,,,,,,,,
53,case_8,2024-04-10 16:55:11.880542,complete,Admission NC,positive,J,,,,,,,,,,,,,,,,,,,,,,,,,,
54,case_8,2024-04-10 17:37:06.880542,complete,IV Antibiotics,positive,L,,,,,,,,,,,,,,,,,,,,,,,,,,
55,case_8,2024-04-10 18:44:29.880542,complete,ER Sepsis Triage,positive,L,HE,90.0,,,,,,,,,,,,,,,,,,,,,,,,
56,case_8,2024-04-10 20:09:09.880542,complete,IV Antibiotics,positive,L,,,,,,,,,,,,,,,,,,,,,,,,,,
57,case_9,2024-04-10 16:19:35.880542,complete,Admission NC,positive,J,,,,,,,,,,,,,,,,,,,,,,,,,,
58,case_9,2024-04-10 17:31:13.880542,complete,Release A,positive,Y,,,,,,,,,,,,,,,,,,,,,,,,,,
59,case_9,2024-04-10 18:03:14.880542,complete,Admission NC,positive,F,,,,,,,,,,,,,,,,,,,,,,,,,,
60,case_9,2024-04-10 19:11:51.880542,complete,Release B,positive,E,,,,,,,,,,,,,,,,,,,,,,,,,,
61,case_9,2024-04-10 20:21:55.880542,complete,ER Sepsis Triage,positive,Y,HE,90.0,,,,,,,,,,,,,,,,,,,,,,,,
62,case_10,2024-04-10 15:45:18.880542,complete,Admission NC,positive,F,,,,,,,,,,,,,,,,,,,,,,,,,,
63,case_10,2024-04-10 17:01:04.880542,complete,ER Sepsis Triage,positive,Y,HE,90.0,,,,,,,,,,,,,,,,,,,,,,,,
64,case_10,2024-04-10 17:40:51.880542,complete,IV Antibiotics,positive,Y,,,,,,,,,,,,,,,,,,,,,,,,,,
65,case_10,2024-04-10 18:55:57.880542,complete,Return ER,positive,?,,,,,,,,,,,,,,,,,,,,,,,,,,
66,case_10,2024-04-10 20:26:45.880542,complete,ER Sepsis Triage,positive,Y,HE,90.0,,,,,,,,,,,,,,,,,,,,,,,,
67,case_10,2024-04-10 21:22:08.880542,complete,Admission NC,positive,Y,,,,,,,,,,,,,,,,,,,,,,,,,,
68,case_10,2024-04-10 21:36:21.880542,complete,Admission IC,positive,Y,,,,,,,,,,,,,,,,,,,,,,,,,,
69,case_10,2024-04-10 22:33:23.880542,complete,Release B,positive,Y,,,,,,,,,,,,,,,,,,,,,,,,,,
70,case_10,2024-04-11 00:18:31.880542,complete,IV Antibiotics,positive,Y,,,,,,,,,,,,,,,,,,,,,,,,,,
71,case_11,2024-04-10 16:18:21.880542,complete,Admission NC,positive,Y,,,,,,,,,,,,,,,,,,,,,,,,,,
72,case_11,2024-04-10 17:14:39.880542,complete,Return ER,positive,?,,,,,,,,,,,,,,,,,,,,,,,,,,
73,case_11,2024-04-10 17:42:53.880542,complete,Release A,positive,E,,,,,,,,,,,,,,,,,,,,,,,,,,
74,case_11,2024-04-10 19:25:19.880542,complete,ER Triage,positive,C,HE,90.0,,,,,,,,,,,,,,,,,,,,,,,,
75,case_11,2024-04-10 19:56:34.880542,complete,Return ER,positive,?,,,,,,,,,,,,,,,,,,,,,,,,,,
76,case_11,2024-04-10 21:21:52.880542,complete,Leucocytes,positive,Y,HE,90.0,,,,,,,,,,,,,,,,,,,,,,,137.0,
77,case_11,2024-04-10 22:18:45.880542,complete,Admission IC,positive,Y,,,,,,,,,,,,,,,,,,,,,,,,,,
78,case_11,2024-04-10 22:43:29.880542,complete,Admission NC,positive,J,,,,,,,,,,,,,,,,,,,,,,,,,,
79,case_11,2024-04-11 00:13:34.880542,complete,Leucocytes,positive,Y,HE,90.0,,,,,,,,,,,,,,,,,,,,,,,137.0,
80,case_12,2024-04-10 15:46:06.880542,complete,ER Registration,positive,Y,HE,90.0,false,true,true,false,false,false,false,true,false,true,true,true,false,false,false,false,true,false,false,true,true,false,,
81,case_12,2024-04-10 16:40:34.880542,complete,Admission NC,positive,J,,,,,,,,,,,,,,,,,,,,,,,,,,
82,case_12,2024-04-10 17:46:26.880542,complete,Admission NC,positive,J,,,,,,,,,,,,,,,,,,,,,,,,,,
83,case_12,2024-04-10 18:36:38.880542,complete,Return ER,positive,?,,,,,,,,,,,,,,,,,,,,,,,,,,
84,case_12,2024-04-10 20:01:18.880542,complete,Release A,positive,E,,,,,,,,,,,,,,,,,,,,,,,,,,
85,case_12,2024-04-10 20:57:42.880542,complete,Release B,positive,E,,,,,,,,,,,,,,,,,,,,,,,,,,
86,case_12,2024-04-10 22:28:43.880542,complete,Admission NC,positive,F,,,,,,,,,,,,,,,,,,,,,,,,,,
87,case_12,2024-04-10 22:52:19.880542,complete,Leucocytes,positive,Y,HE,90.0,,,,,,,,,,,,,,,,,,,,,,,137.0,
88,case_12,2024-04-10 23:40:27.880542,complete,Admission IC,positive,Y,,,,,,,,,,,,,,,,,,,,,,,,,,
89,case_12,2024-04-11 00:33:10.880542,complete,Admission IC,positive,Y,,,,,,,,,,,,,,,,,,,,,,,,,,
90,case_13,2024-04-10 15:56:53.880542,complete,Admission NC,positive,F,,,,,,,,,,,,,,,,,,,,,,,,,,
91,case_13,2024-04-10 17:22:33.880542,complete,IV Liquid,positive,Y,HE,90.0,,,,,,,,,,,,,,,,,,,,,,,,
92,case_13,2024-04-10 18:21:54.880542,complete,Admission NC,positive,J,,,,,,,,,,,,,,,,,,,,,,,,,,
93,case_13,2024-04-10 18:35:37.880542,complete,ER Registration,positive,Y,HE,90.0,false,false,true,false,true,false,false,true,false,false,true,true,false,false,false,false,true,true,false,true,false,false,,
94,case_13,2024-04-10 19:32:21.880542,complete,IV Liquid,positive,Y,HE,90.0,,,,,,,,,,,,,,,,,,,,,,,,
95,case_13,2024-04-10 21:08:47.880542,complete,Release B,positive,E,,,,,,,,,,,,,,,,,,,,,,,,,,
96,case_13,2024-04-10 21:49:59.880542,complete,Release B,positive,Y,,,,,,,,,,,,,,,,,,,,,,,,,,
97,case_13,2024-04-10 22:56:43.880542,complete,Admission NC,positive,J,,,,,,,,,,,,,,,,,,,,,,,,,,
98,case_13,2024-04-11 00:14:02.880542,complete,Return ER,positive,?,,,,,,,,,,,,,,,,,,,,,,,,,,
99,case_13,2024-04-11 01:22:48.880542,complete,Release B,positive,E,,,,,,,,,,,,,,,,,,,,,,,,,,
100,case_14,2024-04-10 15:42:29.880542,complete,IV Liquid,positive,Y,HE,90.0,,,,,,,,,,,,,,,,,,,,,,,,
101,case_14,2024-04-10 17:01:14.880542,complete,IV Antibiotics,positive,L,,,,,,,,,,,,,,,,,,,,,,,,,,
102,case_14,2024-04-10 18:25:32.880542,complete,Release B,positive,Y,,,,,,,,,,,,,,,,,,,,,,,,,,
103,case_14,2024-04-10 19:28:34.880542,complete,ER Sepsis Triage,positive,Y,HE,90.0,,,,,,,,,,,,,,,,,,,,,,,,
104,case_14,2024-04-10 19:50:58.880542,complete,Return ER,positive,?,,,,,,,,,,,,,,,,,,,,,,,,,,
105,case_14,2024-04-10 20:45:16.880542,complete,IV Liquid,positive,Y,HE,90.0,,,,,,,,,,,,,,,,,,,,,,,,
106,case_14,2024-04-10 21:32:49.880542,complete,IV Antibiotics,positive,L,,,,,,,,,,,,,,,,,,,,,,,,,,
107,case_14,2024-04-10 23:15:42.880542,complete,Release B,positive,E,,,,,,,,,,,,,,,,,,,,,,,,,,
108,case_14,2024-04-10 23:48:58.880542,complete,Admission NC,positive,?,,,,,,,,,,,,,,,,,,,,,,,,,,
109,case_14,2024-04-11 00:59:32.880542,complete,Admission NC,positive,Y,,,,,,,,,,,,,,,,,,,,,,,,,,
110,case_15,2024-04-10 16:25:49.880542,complete,IV Antibiotics,positive,L,,,,,,,,,,,,,,,,,,,,,,,,,,
111,case_15,2024-04-10 16:56:38.880542,complete,Admission NC,positive,F,,,,,,,,,,,,,,,,,,,,,,,,,,
112,case_15,2024-04-10 18:12:08.880542,complete,Admission IC,positive,Y,,,,,,,,,,,,,,,,,,,,,,,,,,
113,case_15,2024-04-10 18:51:10.880542,complete,Admission NC,positive,Y,,,,,,,,,,,,,,,,,,,,,,,,,,
114,case_15,2024-04-10 20:09:04.880542,complete,Admission IC,positive,Y,,,,,,,,,,,,,,,,,,,,,,,,,,
115,case_15,2024-04-10 20:51:36.880542,complete,ER Triage,positive,C,HE,90.0,,,,,,,,,,,,,,,,,,,,,,,,
116,case_15,2024-04-10 21:50:12.880542,complete,Return ER,positive,?,,,,,,,,,,,,,,,,,,,,,,,,,,
117,case_15,2024-04-10 22:55:00.880542,complete,ER Triage,positive,C,HE,90.0,,,,,,,,,,,,,,,,,,,,,,,,
118,case_15,2024-04-10 23:58:18.880542,complete,Admission IC,positive,Y,,,,,,,,,,,,,,,,,,,,,,,,,,
119,case_15,2024-04-11 00:47:40.880542,complete,Admission IC,positive,Y,,,,,,,,,,,,,,,,,,,,,,,,,,
120,case_16,2024-04-10 16:28:58.880542,complete,IV Liquid,positive,Y,HE,90.0,,,,,,,,,,,,,,,,,,,,,,,,
121,case_16,2024-04-10 17:09:57.880542,complete,ER Registration,positive,Y,HE,90.0,true,false,true,false,true,false,false,true,false,false,true,false,false,false,false,false,false,true,false,false,false,false,,
122,case_16,2024-04-10 18:18:02.880542,complete,Admission NC,positive,J,,,,,,,,,,,,,,,,,,,,,,,,,,
123,case_16,2024-04-10 18:42:43.880542,complete,Return ER,positive,?,,,,,,,,,,,,,,,,,,,,,,,,,,
124,case_16,2024-04-10 20:16:30.880542,complete,IV Antibiotics,positive,L,,,,,,,,,,,,,,,,,,,,,,,,,,
125,case_16,2024-04-10 20:49:21.880542,complete,IV Liquid,positive,Y,HE,90.0,,,,,,,,,,,,,,,,,,,,,,,,
126,case_16,2024-04-10 22:18:18.880542,complete,ER Registration,positive,Y,HE,90.0,false,false,true,false,true,false,false,true,false,false,true,true,false,false,false,false,true,true,false,true,false,false,,
127,case_16,2024-04-10 22:48:29.880542,complete,ER Registration,positive,Y,HE,90.0,false,false,false,false,true,true,false,true,false,false,false,true,false,false,false,true,true,true,true,true,false,false,,
128,case_16,2024-04-10 23:41:32.880542,complete,ER Registration,positive,Y,HE,90.0,false,false,true,false,true,false,true,true,false,true,true,true,false,false,false,false,true,true,false,true,false,false,,
129,case_16,2024-04-11 01:24:50.880542,complete,Admission NC,positive,J,,,,,,,,,,,,,,,,,,,,,,,,,,
130,case_17,2024-04-10 16:03:35.880542,complete,Release B,positive,Y,,,,,,,,,,,,,,,,,,,,,,,,,,
131,case_17,2024-04-10 16:33:34.880542,complete,ER Triage,positive,C,HE,90.0,,,,,,,,,,,,,,,,,,,,,,,,
132,case_17,2024-04-10 17:46:18.880542,complete,Admission NC,positive,J,,,,,,,,,,,,,,,,,,,,,,,,,,
133,case_17,2024-04-10 18:43:39.880542,complete,Admission IC,positive,J,,,,,,,,,,,,,,,,,,,,,,,,,,
134,case_17,2024-04-10 20:00:30.880542,complete,Admission NC,positive,J,,,,,,,,,,,,,,,,,,,,,,,,,,
135,case_17,2024-04-10 20:39:52.880542,complete,IV Liquid,positive,Y,HE,90.0,,,,,,,,,,,,,,,,,,,,,,,,
136,case_17,2024-04-10 21:49:18.880542,complete,LacticAcid,positive,Y,,,,,,,,,,,,,,,,,,,,,,,,,,149.0
137,case_17,2024-04-10 22:42:34.880542,complete,Leucocytes,positive,Y,HE,90.0,,,,,,,,,,,,,,,,,,,,,,,137.0,
138,case_17,2024-04-10 23:46:58.880542,complete,IV Antibiotics,positive,L,,,,,,,,,,,,,,,,,,,,,,,,,,
139,case_17,2024-04-11 00:44:40.880542,complete,Admission IC,positive,Y,,,,,,,,,,,,,,,,,,,,,,,,,,
140,case_18,2024-04-10 16:23:32.880542,complete,ER Registration,positive,Y,HE,90.0,false,true,true,false,false,false,false,true,false,true,true,true,false,false,false,false,true,false,false,true,true,true,,
141,case_18,2024-04-10 17:21:47.880542,complete,Admission NC,positive,J,,,,,,,,,,,,,,,,,,,,,,,,,,
142,case_18,2024-04-10 18:18:24.880542,complete,Admission NC,positive,J,,,,,,,,,,,,,,,,,,,,,,,,,,
143,case_18,2024-04-10 19:17:38.880542,complete,Return ER,positive,?,,,,,,,,,,,,,,,,,,,,,,,,,,
144,case_18,2024-04-10 20:05:47.880542,complete,Release A,positive,E,,,,,,,,,,,,,,,,,,,,,,,,,,
145,case_18,2024-04-10 21:08:28.880542,complete,Release B,positive,E,,,,,,,,,,,,,,,,,,,,,,,,,,
146,case_18,2024-04-10 22:21:30.880542,complete,Admission NC,positive,F,,,,,,,,,,,,,,,,,,,,,,,,,,
147,case_18,2024-04-10 23:20:11.880542,complete,Leucocytes,positive,Y,HE,90.0,,,,,,,,,,,,,,,,,,,,,,,137.0,
148,case_18,2024-04-10 23:58:33.880542,complete,Admission IC,positive,Y,,,,,,,,,,,,,,,,,,,,,,,,,,
149,case_18,2024-04-11 00:56:23.880542,complete,Admission IC,positive,Y,,,,,,,,,,,,,,,,,,,,,,,,,,
150,case_19,2024-04-10 16:11:02.880542,complete,Admission NC,positive,F,,,,,,,,,,,,,,,,,,,,,,,,,,
151,case_19,2024-04-10 16:33:20.880542,complete,IV Liquid,positive,Y,HE,90.0,,,,,,,,,,,,,,,,,,,,,,,,
152,case_19,2024-04-10 18:01:46.880542,complete,Admission NC,positive,J,,,,,,,,,,,,,,,,,,,,,,,,,,
153,case_19,2024-04-10 19:09:18.880542,complete,ER Registration,positive,Y,HE,90.0,false,false,true,false,true,false,false,true,false,false,true,true,false,false,false,false,true,true,false,true,false,true,,
154,case_19,2024-04-10 20:09:32.880542,complete,IV Liquid,positive,Y,HE,90.0,,,,,,,,,,,,,,,,,,,,,,,,
155,case_19,2024-04-10 21:09:23.880542,complete,Release B,positive,E,,,,,,,,,,,,,,,,,,,,,,,,,,
156,case_19,2024-04-10 22:17:38.880542,complete,Release B,positive,Y,,,,,,,,,,,,,,,,,,,,,,,,,,
157,case_19,2024-04-10 22:49:21.880542,complete,Admission NC,positive,J,,,,,,,,,,,,,,,,,,,,,,,,,,
158,case_19,2024-04-10 23:59:00.880542,complete,Return ER,positive,?,,,,,,,,,,,,,,,,,,,,,,,,,,
159,case_19,2024-04-11 01:18:22.880542,complete,Release B,positive,E,,,,,,,,,,,,,,,,,,,,,,,,,,
160,case_20,2024-04-10 15:39:00.880542,complete,IV Liquid,positive,Y,HE,90.0,,,,,,,,,,,,,,,,,,,,,,,,
161,case_20,2024-04-10 17:06:27.880542,complete,IV Antibiotics,positive,L,,,,,,,,,,,,,,,,,,,,,,,,,,
162,case_20,2024-04-10 18:21:27.880542,complete,Release B,positive,Y,,,,,,,,,,,,,,,,,,,,,,,,,,
163,case_20,2024-04-10 18:48:03.880542,complete,ER Sepsis Triage,positive,Y,HE,90.0,,,,,,,,,,,,,,,,,,,,,,,,
164,case_20,2024-04-10 19:46:11.880542,complete,Return ER,positive,?,,,,,,,,,,,,,,,,,,,,,,,,,,
165,case_20,2024-04-10 20:41:49.880542,complete,IV Liquid,positive,Y,HE,90.0,,,,,,,,,,,,,,,,,,,,,,,,
166,case_20,2024-04-10 21:48:53.880542,complete,IV Antibiotics,positive,L,,,,,,,,,,,,,,,,,,,,,,,,,,
167,case_20,2024-04-10 23:23:09.880542,complete,Release B,positive,E,,,,,,,,,,,,,,,,,,,,,,,,,,
168,case_20,2024-04-10 23:35:57.880542,complete,Admission NC,positive,?,,,,,,,,,,,,,,,,,,,,,,,,,,
169,case_20,2024-04-11 01:22:45.880542,complete,Admission NC,positive,X,,,,,,,,,,,,,,,,,,,,,,,,,,
170,case_21,2024-04-10 16:16:50.880542,complete,IV Antibiotics,positive,L,,,,,,,,,,,,,,,,,,,,,,,,,,
171,case_21,2024-04-10 16:41:18.880542,complete,Release B,positive,Y,,,,,,,,,,,,,,,,,,,,,,,,,,
172,case_21,2024-04-10 18:06:12.880542,complete,Release A,positive,Y,,,,,,,,,,,,,,,,,,,,,,,,,,
173,case_21,2024-04-10 18:43:30.880542,complete,Admission NC,positive,F,,,,,,,,,,,,,,,,,,,,,,,,,,
174,case_21,2024-04-10 19:54:40.880542,complete,Leucocytes,positive,Y,HE,90.0,,,,,,,,,,,,,,,,,,,,,,,137.0,
175,case_21,2024-04-10 21:01:06.880542,complete,IV Antibiotics,positive,L,,,,,,,,,,,,,,,,,,,,,,,,,,
176,case_21,2024-04-10 22:06:52.880542,complete,Admission NC,positive,Y,,,,,,,,,,,,,,,,,,,,,,,,,,
177,case_21,2024-04-10 22:48:41.880542,complete,Admission IC,positive,Y,,,,,,,,,,,,,,,,,,,,,,,,,,
178,case_22,2024-04-10 15:33:40.880542,complete,Admission NC,positive,F,,,,,,,,,,,,,,,,,,,,,,,,,,
179,case_22,2024-04-10 17:14:54.880542,complete,Admission NC,positive,Y,,,,,,,,,,,,,,,,,,,,,,,,,,
180,case_22,2024-04-10 18:09:14.880542,complete,Release B,positive,E,,,,,,,,,,,,,,,,,,,,,,,,,,
181,case_22,2024-04-10 18:43:41.880542,complete,ER Triage,positive,C,HE,90.0,,,,,,,,,,,,,,,,,,,,,,,,
182,case_22,2024-04-10 20:02:25.880542,complete,ER Triage,positive,C,HE,90.0,,,,,,,,,,,,,,,,,,,,,,,,
183,case_22,2024-04-10 20:35:59.880542,complete,Admission IC,positive,E,,,,,,,,,,,,,,,,,,,,,,,,,,
184,case_22,2024-04-10 22:19:23.880542,complete,Admission IC,positive,Y,,,,,,,,,,,,,,,,,,,,,,,,,,
185,case_22,2024-04-10 23:18:08.880542,complete,Release A,positive,A,,,,,,,,,,,,,,,,,,,,,,,,,,
186,case_23,2024-04-10 15:34:01.880542,complete,IV Antibiotics,positive,L,,,,,,,,,,,,,,,,,,,,,,,,,,
187,case_23,2024-04-10 16:40:08.880542,complete,Release B,positive,Y,,,,,,,,,,,,,,,,,,,,,,,,,,
188,case_23,2024-04-10 18:23:57.880542,complete,Release A,positive,Y,,,,,,,,,,,,,,,,,,,,,,,,,,
189,case_23,2024-04-10 18:41:58.880542,complete,Admission NC,positive,F,,,,,,,,,,,,,,,,,,,,,,,,,,
190,case_23,2024-04-10 20:06:21.880542,complete,Leucocytes,positive,Y,HE,90.0,,,,,,,,,,,,,,,,,,,,,,,137.0,
191,case_23,2024-04-10 21:31:53.880542,complete,IV Antibiotics,positive,L,,,,,,,,,,,,,,,,,,,,,,,,,,
192,case_23,2024-04-10 21:57:02.880542,complete,Admission NC,positive,Y,,,,,,,,,,,,,,,,,,,,,,,,,,
193,case_23,2024-04-10 22:57:24.880542,complete,Admission IC,positive,X,,,,,,,,,,,,,,,,,,,,,,,,,,
194,case_24,2024-04-10 16:07:46.880542,complete,Release B,positive,Y,,,,,,,,,,,,,,,,,,,,,,,,,,
195,case_24,2024-04-10 16:53:18.880542,complete,Release A,positive,Y,,,,,,,,,,,,,,,,,,,,,,,,,,
196,case_24,2024-04-10 17:57:58.880542,complete,ER Sepsis Triage,positive,Y,HE,90.0,,,,,,,,,,,,,,,,,,,,,,,,
197,case_24,2024-04-10 19:22:46.880542,complete,Return ER,positive,X,,,,,,,,,,,,,,,,,,,,,,,,,,
198,case_24,2024-04-10 19:40:52.880542,complete,Admission IC,positive,Y,,,,,,,,,,,,,,,,,,,,,,,,,,
199,case_24,2024-04-10 20:46:43.880542,complete,Admission NC,positive,Y,,,,,,,,,,,,,,,,,,,,,,,,,,
200,case_24,2024-04-10 22:08:07.880542,complete,Admission NC,positive,Y,,,,,,,,,,,,,,,,,,,,,,,,,,
201,case_24,2024-04-10 22:42:34.880542,complete,ER Registration,positive,Y,HE,90.0,false,true,false,false,true,false,false,true,false,false,false,false,false,false,false,true,false,true,false,false,true,false,,
202,case_25,2024-04-10 16:18:59.880542,complete,Release B,positive,E,,,,,,,,,,,,,,,,,,,,,,,,,,
203,case_25,2024-04-10 17:17:52.880542,complete,ER Registration,positive,Y,HE,90.0,true,false,true,false,true,true,true,true,false,true,false,true,false,false,true,false,true,true,true,false,false,false,,
204,case_25,2024-04-10 17:36:14.880542,complete,IV Antibiotics,positive,L,,,,,,,,,,,,,,,,,,,,,,,,,,
205,case_25,2024-04-10 18:55:39.880542,complete,Admission NC,positive,Y,,,,,,,,,,,,,,,,,,,,,,,,,,
206,case_25,2024-04-10 19:37:11.880542,complete,ER Sepsis Triage,positive,Y,HE,90.0,,,,,,,,,,,,,,,,,,,,,,,,
207,case_25,2024-04-10 21:29:43.880542,complete,IV Antibiotics,positive,L,,,,,,,,,,,,,,,,,,,,,,,,,,
208,case_25,2024-04-10 21:43:56.880542,complete,IV Antibiotics,positive,L,,,,,,,,,,,,,,,,,,,,,,,,,,
209,case_25,2024-04-10 22:34:36.880542,complete,Admission NC,positive,Y,,,,,,,,,,,,,,,,,,,,,,,,,,
210,case_26,2024-04-10 15:35:53.880542,complete,Admission NC,positive,J,,,,,,,,,,,,,,,,,,,,,,,,,,
211,case_26,2024-04-10 17:18:11.880542,complete,Admission NC,positive,J,,,,,,,,,,,,,,,,,,,,,,,,,,
212,case_26,2024-04-10 18:24:43.880542,complete,Admission IC,positive,J,,,,,,,,,,,,,,,,,,,,,,,,,,
213,case_26,2024-04-10 18:56:14.880542,complete,Admission NC,positive,J,,,,,,,,,,,,,,,,,,,,,,,,,,
214,case_26,2024-04-10 20:00:07.880542,complete,ER Registration,positive,Y,HE,90.0,false,false,true,false,true,false,false,true,false,false,true,true,false,false,true,false,true,true,false,true,false,false,,
215,case_26,2024-04-10 20:38:02.880542,complete,Release B,positive,E,,,,,,,,,,,,,,,,,,,,,,,,,,
216,case_27,2024-04-10 16:23:56.880542,complete,Admission NC,positive,J,,,,,,,,,,,,,,,,,,,,,,,,,,
217,case_27,2024-04-10 17:24:51.880542,complete,Admission NC,positive,J,,,,,,,,,,,,,,,,,,,,,,,,,,
218,case_27,2024-04-10 18:20:29.880542,complete,Admission IC,positive,J,,,,,,,,,,,,,,,,,,,,,,,,,,
219,case_27,2024-04-10 19:21:05.880542,complete,Admission NC,positive,J,,,,,,,,,,,,,,,,,,,,,,,,,,
220,case_27,2024-04-10 20:30:41.880542,complete,ER Registration,positive,Y,HE,90.0,false,false,true,false,true,false,false,true,false,false,true,true,false,false,true,false,true,true,false,true,false,true,,
221,case_27,2024-04-10 21:03:46.880542,complete,Release B,positive,E,,,,,,,,,,,,,,,,,,,,,,,,,,
222,case_28,2024-04-10 16:18:06.880542,complete,Admission NC,positive,F,,,,,,,,,,,,,,,,,,,,,,,,,,
223,case_28,2024-04-10 16:32:15.880542,complete,LacticAcid,positive,Y,,,,,,,,,,,,,,,,,,,,,,,,,,149.0
224,case_28,2024-04-10 18:15:26.880542,complete,Admission NC,positive,F,,,,,,,,,,,,,,,,,,,,,,,,,,
225,case_28,2024-04-10 19:11:35.880542,complete,Admission IC,positive,Y,,,,,,,,,,,,,,,,,,,,,,,,,,
226,case_28,2024-04-10 20:17:08.880542,complete,ER Registration,positive,Y,HE,90.0,false,false,true,false,true,false,false,true,false,false,true,true,false,false,false,false,true,true,false,true,false,false,,
227,case_28,2024-04-10 20:50:03.880542,complete,IV Liquid,positive,Y,HE,90.0,,,,,,,,,,,,,,,,,,,,,,,,
228,case_29,2024-04-10 15:46:59.880542,complete,Return ER,positive,?,,,,,,,,,,,,,,,,,,,,,,,,,,
229,case_29,2024-04-10 17:05:15.880542,complete,Release A,positive,E,,,,,,,,,,,,,,,,,,,,,,,,,,
230,case_29,2024-04-10 17:47:52.880542,complete,Admission NC,positive,F,,,,,,,,,,,,,,,,,,,,,,,,,,
231,case_29,2024-04-10 19:12:25.880542,complete,Admission NC,positive,F,,,,,,,,,,,,,,,,,,,,,,,,,,
232,case_29,2024-04-10 20:25:37.880542,complete,IV Antibiotics,positive,L,,,,,,,,,,,,,,,,,,,,,,,,,,
233,case_29,2024-04-10 21:07:10.880542,complete,ER Sepsis Triage,positive,Y,HE,90.0,,,,,,,,,,,,,,,,,,,,,,,,
