,case:concept:name,time:timestamp,lifecycle:transition,concept:name,case:label,org:group,Diagnose,Age,InfectionSuspected,DiagnosticBlood,DisfuncOrg,SIRSCritTachypnea,Hypotensie,SIRSCritHeartRate,Infusion,DiagnosticArtAstrup,DiagnosticIC,DiagnosticSputum,DiagnosticLiquor,DiagnosticOther,SIRSCriteria2OrMore,DiagnosticXthorax,SIRSCritTemperature,DiagnosticUrinaryCulture,SIRSCritLeucos,Oligurie,DiagnosticLacticAcid,Hypoxie,DiagnosticUrinarySediment,DiagnosticECG,Leucocytes,LacticAcid
0,case_0,2024-04-10 15:38:23.150195,complete,Admission NC,positive,J,,,,,,,,,,,,,,,,,,,,,,,,,,
1,case_0,2024-04-10 16:53:48.150195,complete,Admission IC,positive,J,,,,,,,,,,,,,,,,,,,,,,,,,,
2,case_0,2024-04-10 17:58:23.150195,complete,Admission NC,positive,J,,,,,,,,,,,,,,,,,,,,,,,,,,
3,case_0,2024-04-10 19:01:44.150195,complete,Admission IC,positive,J,,,,,,,,,,,,,,,,,,,,,,,,,,
4,case_0,2024-04-10 19:59:51.150195,complete,Admission NC,positive,J,,,,,,,,,,,,,,,,,,,,,,,,,,
5,case_0,2024-04-10 20:35:52.150195,complete,ER Triage,positive,C,HE,90.0,,,,,,,,,,,,,,,,,,,,,,,,
6,case_1,2024-04-10 15:50:34.150195,complete,Admission IC,positive,Y,,,,,,,,,,,,,,,,,,,,,,,,,,
7,case_1,2024-04-10 16:50:16.150195,complete,Admission NC,positive,Y,,,,,,,,,,,,,,,,,,,,,,,,,,
8,case_1,2024-04-10 17:55:37.150195,complete,ER Registration,positive,Y,HE,90.0,false,false,true,false,true,false,false,true,false,false,true,true,false,false,false,false,true,true,false,true,false,false,,
9,case_1,2024-04-10 18:43:27.150195,complete,IV Antibiotics,positive,Y,,,,,,,,,,,,,,,,,,,,,,,,,,
10,case_1,2024-04-10 20:11:35.150195,complete,Release A,positive,Y,,,,,,,,,,,,,,,,,,,,,,,,,,
11,case_1,2024-04-10 21:15:10.150195,complete,Admission NC,positive,J,,,,,,,,,,,,,,,,,,,,,,,,,,
12,case_2,2024-04-10 15:54:53.150195,complete,ER Triage,positive,C,HE,90.0,,,,,,,,,,,,,,,,,,,,,,,,
13,case_2,2024-04-10 17:03:32.150195,complete,ER Triage,positive,C,HE,90.0,,,,,,,,,,,,,,,,,,,,,,,,
14,case_2,2024-04-10 18:11:38.150195,complete,Leucocytes,positive,Y,HE,90.0,,,,,,,,,,,,,,,,,,,,,,,137.0,
15,case_2,2024-04-10 19:02:56.150195,complete,Admission NC,positive,J,,,,,,,,,,,,,,,,,,,,,,,,,,
16,case_2,2024-04-10 19:57:39.150195,complete,Admission NC,positive,J,,,,,,,,,,,,,,,,,,,,,,,,,,
17,case_2,2024-04-10 21:20:37.150195,complete,ER Triage,positive,C,HE,90.0,,,,,,,,,,,,,,,,,,,,,,,,
18,case_3,2024-04-10 15:59:09.150195,complete,ER Triage,positive,C,HE,90.0,,,,,,,,,,,,,,,,,,,,,,,,
19,case_3,2024-04-10 17:15:37.150195,complete,ER Registration,positive,Y,HE,90.0,true,true,true,false,true,false,false,true,true,false,true,true,true,false,true,false,true,true,true,true,false,true,,
20,case_3,2024-04-10 18:22:22.150195,complete,LacticAcid,positive,Y,,,,,,,,,,,,,,,,,,,,,,,,,,149.0
21,case_3,2024-04-10 19:26:15.150195,complete,Admission NC,positive,J,,,,,,,,,,,,,,,,,,,,,,,,,,
22,case_3,2024-04-10 19:36:17.150195,complete,Admission NC,positive,F,,,,,,,,,,,,,,,,,,,,,,,,,,
23,case_3,2024-04-10 21:16:50.150195,complete,ER Triage,positive,C,HE,90.0,,,,,,,,,,,,,,,,,,,,,,,,
24,case_4,2024-04-10 15:51:02.150195,complete,Admission NC,positive,J,,,,,,,,,,,,,,,,,,,,,,,,,,
25,case_4,2024-04-10 17:31:12.150195,complete,Admission IC,positive,J,,,,,,,,,,,,,,,,,,,,,,,,,,
26,case_4,2024-04-10 18:01:48.150195,complete,Admission NC,positive,J,,,,,,,,,,,,,,,,,,,,,,,,,,
27,case_4,2024-04-10 19:29:46.150195,complete,Admission IC,positive,J,,,,,,,,,,,,,,,,,,,,,,,,,,
28,case_4,2024-04-10 20:18:50.150195,complete,Admission NC,positive,J,,,,,,,,,,,,,,,,,,,,,,,,,,
29,case_4,2024-04-10 20:58:47.150195,complete,ER Triage,positive,C,HE,89.0,,,,,,,,,,,,,,,,,,,,,,,,
30,case_5,2024-04-10 16:06:49.150195,complete,ER Triage,positive,C,HE,90.0,,,,,,,,,,,,,,,,,,,,,,,,
31,case_5,2024-04-10 16:53:45.150195,complete,Return ER,positive,Y,,,,,,,,,,,,,,,,,,,,,,,,,,
32,case_5,2024-04-10 18:03:03.150195,complete,Leucocytes,positive,Y,HE,90.0,,,,,,,,,,,,,,,,,,,,,,,137.0,
33,case_5,2024-04-10 19:28:04.150195,complete,IV Antibiotics,positive,L,,,,,,,,,,,,,,,,,,,,,,,,,,
34,case_5,2024-04-10 19:57:54.150195,complete,Admission NC,positive,Y,,,,,,,,,,,,,,,,,,,,,,,,,,
35,case_5,2024-04-10 21:04:28.150195,complete,Admission NC,positive,Y,,,,,,,,,,,,,,,,,,,,,,,,,,
36,case_6,2024-04-10 16:14:53.150195,complete,Admission NC,positive,F,,,,,,,,,,,,,,,,,,,,,,,,,,
37,case_6,2024-04-10 16:55:11.150195,complete,ER Registration,positive,Y,HE,90.0,false,false,true,false,true,false,false,false,false,false,true,true,false,false,false,false,true,true,false,true,true,false,,
38,case_6,2024-04-10 18:18:24.150195,complete,Release B,positive,Y,,,,,,,,,,,,,,,,,,,,,,,,,,
39,case_6,2024-04-10 18:50:29.150195,complete,ER Sepsis Triage,positive,X,HE,90.0,,,,,,,,,,,,,,,,,,,,,,,,
40,case_6,2024-04-10 19:49:48.150195,complete,Admission NC,positive,J,,,,,,,,,,,,,,,,,,,,,,,,,,
41,case_6,2024-04-10 20:51:08.150195,complete,Admission NC,positive,J,,,,,,,,,,,,,,,,,,,,,,,,,,
42,case_6,2024-04-10 22:10:51.150195,complete,IV Liquid,positive,Y,HE,90.0,,,,,,,,,,,,,,,,,,,,,,,,
43,case_6,2024-04-10 22:36:07.150195,complete,IV Antibiotics,positive,Y,,,,,,,,,,,,,,,,,,,,,,,,,,
44,case_7,2024-04-10 16:17:20.150195,complete,Return ER,positive,?,,,,,,,,,,,,,,,,,,,,,,,,,,
45,case_7,2024-04-10 17:27:56.150195,complete,Return ER,positive,Y,,,,,,,,,,,,,,,,,,,,,,,,,,
46,case_7,2024-04-10 17:50:10.150195,complete,Admission NC,positive,J,,,,,,,,,,,,,,,,,,,,,,,,,,
47,case_7,2024-04-10 18:36:42.150195,complete,Admission NC,positive,F,,,,,,,,,,,,,,,,,,,,,,,,,,
48,case_7,2024-04-10 19:48:33.150195,complete,Admission NC,positive,F,,,,,,,,,,,,,,,,,,,,,,,,,,
49,case_7,2024-04-10 20:54:51.150195,complete,ER Registration,positive,Y,HE,90.0,false,false,true,false,true,false,false,true,false,false,true,true,false,false,false,false,true,true,false,true,false,false,,
50,case_7,2024-04-10 21:57:58.150195,complete,ER Sepsis Triage,positive,Y,HE,90.0,,,,,,,,,,,,,,,,,,,,,,,,
51,case_7,2024-04-10 23:11:40.150195,complete,Admission IC,positive,Y,,,,,,,,,,,,,,,,,,,,,,,,,,
52,case_8,2024-04-10 16:29:06.150195,complete,Admission NC,positive,J,,,,,,,,,,,,,,,,,,,,,,,,,,
53,case_8,2024-04-10 17:09:11.150195,complete,IV Liquid,positive,Y,HE,90.0,,,,,,,,,,,,,,,,,,,,,,,,
54,case_8,2024-04-10 18:20:43.150195,complete,Admission NC,positive,Y,,,,,,,,,,,,,,,,,,,,,,,,,,
55,case_8,2024-04-10 18:48:48.150195,complete,LacticAcid,positive,X,,,,,,,,,,,,,,,,,,,,,,,,,,149.0
56,case_8,2024-04-10 19:45:46.150195,complete,Admission NC,positive,X,,,,,,,,,,,,,,,,,,,,,,,,,,
57,case_8,2024-04-10 21:18:52.150195,complete,Admission NC,positive,Y,,,,,,,,,,,,,,,,,,,,,,,,,,
58,case_8,2024-04-10 22:13:28.150195,complete,Release B,positive,E,,,,,,,,,,,,,,,,,,,,,,,,,,
59,case_8,2024-04-10 22:42:37.150195,complete,Admission NC,positive,Y,,,,,,,,,,,,,,,,,,,,,,,,,,
60,case_9,2024-04-10 15:35:21.150195,complete,ER Registration,positive,Y,HE,90.0,false,false,true,false,true,false,false,true,false,false,true,true,false,false,false,false,true,true,false,false,false,false,,
61,case_9,2024-04-10 17:21:01.150195,complete,Admission NC,positive,F,,,,,,,,,,,,,,,,,,,,,,,,,,
62,case_9,2024-04-10 18:03:23.150195,complete,Release A,positive,Y,,,,,,,,,,,,,,,,,,,,,,,,,,
63,case_9,2024-04-10 19:29:48.150195,complete,Admission IC,positive,Y,,,,,,,,,,,,,,,,,,,,,,,,,,
64,case_9,2024-04-10 20:25:32.150195,complete,Admission NC,positive,J,,,,,,,,,,,,,,,,,,,,,,,,,,
65,case_9,2024-04-10 21:28:38.150195,complete,Admission IC,positive,J,,,,,,,,,,,,,,,,,,,,,,,,,,
66,case_9,2024-04-10 21:43:23.150195,complete,Admission NC,positive,J,,,,,,,,,,,,,,,,,,,,,,,,,,
67,case_9,2024-04-10 23:16:15.150195,complete,Admission NC,positive,J,,,,,,,,,,,,,,,,,,,,,,,,,,
68,case_10,2024-04-10 16:08:19.150195,complete,IV Liquid,positive,F,HE,90.0,,,,,,,,,,,,,,,,,,,,,,,,
69,case_10,2024-04-10 17:13:39.150195,complete,Admission IC,positive,Y,,,,,,,,,,,,,,,,,,,,,,,,,,
70,case_10,2024-04-10 18:22:05.150195,complete,ER Sepsis Triage,positive,Y,HE,90.0,,,,,,,,,,,,,,,,,,,,,,,,
71,case_10,2024-04-10 19:04:42.150195,complete,Admission IC,positive,Y,,,,,,,,,,,,,,,,,,,,,,,,,,
72,case_10,2024-04-10 19:45:45.150195,complete,Admission NC,positive,Y,,,,,,,,,,,,,,,,,,,,,,,,,,
73,case_10,2024-04-10 20:36:47.150195,complete,Admission NC,positive,J,,,,,,,,,,,,,,,,,,,,,,,,,,
74,case_10,2024-04-10 21:57:20.150195,complete,Release B,positive,E,,,,,,,,,,,,,,,,,,,,,,,,,,
75,case_10,2024-04-10 23:27:04.150195,complete,IV Antibiotics,positive,Y,,,,,,,,,,,,,,,,,,,,,,,,,,
76,case_11,2024-04-10 16:16:54.150195,complete,Admission NC,positive,J,,,,,,,,,,,,,,,,,,,,,,,,,,
77,case_11,2024-04-10 17:02:02.150195,complete,Admission NC,positive,J,,,,,,,,,,,,,,,,,,,,,,,,,,
78,case_11,2024-04-10 18:32:38.150195,complete,Return ER,positive,?,,,,,,,,,,,,,,,,,,,,,,,,,,
79,case_11,2024-04-10 19:04:07.150195,complete,ER Sepsis Triage,positive,Y,HE,90.0,,,,,,,,,,,,,,,,,,,,,,,,
80,case_11,2024-04-10 20:25:46.151197,complete,ER Triage,positive,C,HE,90.0,,,,,,,,,,,,,,,,,,,,,,,,
81,case_12,2024-04-10 16:28:44.151197,complete,Admission NC,positive,J,,,,,,,,,,,,,,,,,,,,,,,,,,
82,case_12,2024-04-10 16:50:13.151197,complete,Release A,positive,Y,,,,,,,,,,,,,,,,,,,,,,,,,,
83,case_12,2024-04-10 18:01:54.151197,complete,Release A,positive,Y,,,,,,,,,,,,,,,,,,,,,,,,,,
84,case_12,2024-04-10 19:27:54.151197,complete,ER Registration,positive,Y,HE,90.0,false,false,true,false,true,false,false,true,false,false,true,true,false,false,false,false,true,true,false,true,false,false,,
85,case_12,2024-04-10 20:29:40.151197,complete,Admission NC,positive,J,,,,,,,,,,,,,,,,,,,,,,,,,,
86,case_13,2024-04-10 16:22:48.151197,complete,ER Triage,positive,C,HE,90.0,,,,,,,,,,,,,,,,,,,,,,,,
87,case_13,2024-04-10 17:06:21.151197,complete,Return ER,positive,Y,,,,,,,,,,,,,,,,,,,,,,,,,,
88,case_13,2024-04-10 18:10:59.151197,complete,Admission NC,positive,F,,,,,,,,,,,,,,,,,,,,,,,,,,
89,case_13,2024-04-10 19:14:37.151197,complete,ER Triage,positive,C,HE,90.0,,,,,,,,,,,,,,,,,,,,,,,,
90,case_13,2024-04-10 20:05:40.151197,complete,Admission NC,positive,F,,,,,,,,,,,,,,,,,,,,,,,,,,
91,case_14,2024-04-10 15:44:54.151197,complete,Return ER,positive,?,,,,,,,,,,,,,,,,,,,,,,,,,,
92,case_14,2024-04-10 17:20:12.151197,complete,Return ER,positive,?,,,,,,,,,,,,,,,,,,,,,,,,,,
93,case_14,2024-04-10 18:14:13.151197,complete,Admission NC,positive,J,,,,,,,,,,,,,,,,,,,,,,,,,,
94,case_14,2024-04-10 19:31:21.151197,complete,Admission IC,positive,J,,,,,,,,,,,,,,,,,,,,,,,,,,
95,case_14,2024-04-10 20:27:11.151197,complete,Admission NC,positive,J,,,,,,,,,,,,,,,,,,,,,,,,,,
96,case_14,2024-04-10 20:45:41.151197,complete,Admission NC,positive,F,,,,,,,,,,,,,,,,,,,,,,,,,,
97,case_14,2024-04-10 22:04:51.151197,complete,Return ER,positive,?,,,,,,,,,,,,,,,,,,,,,,,,,,
98,case_15,2024-04-10 15:44:06.151197,complete,Return ER,positive,?,,,,,,,,,,,,,,,,,,,,,,,,,,
99,case_15,2024-04-10 17:23:18.151197,complete,Release A,positive,E,,,,,,,,,,,,,,,,,,,,,,,,,,
100,case_15,2024-04-10 17:53:37.151197,complete,Admission NC,positive,J,,,,,,,,,,,,,,,,,,,,,,,,,,
101,case_15,2024-04-10 18:41:59.151197,complete,Return ER,positive,?,,,,,,,,,,,,,,,,,,,,,,,,,,
102,case_15,2024-04-10 19:49:28.151197,complete,Admission NC,positive,Y,,,,,,,,,,,,,,,,,,,,,,,,,,
103,case_15,2024-04-10 21:17:29.151197,complete,LacticAcid,positive,Y,,,,,,,,,,,,,,,,,,,,,,,,,,149.0
104,case_15,2024-04-10 22:26:42.151197,complete,Admission NC,positive,J,,,,,,,,,,,,,,,,,,,,,,,,,,
105,case_16,2024-04-10 15:52:18.151197,complete,Admission NC,positive,F,,,,,,,,,,,,,,,,,,,,,,,,,,
106,case_16,2024-04-10 16:48:45.151197,complete,IV Antibiotics,positive,L,,,,,,,,,,,,,,,,,,,,,,,,,,
107,case_16,2024-04-10 17:41:09.151197,complete,Release A,positive,C,,,,,,,,,,,,,,,,,,,,,,,,,,
108,case_16,2024-04-10 19:03:48.151197,complete,Return ER,positive,?,,,,,,,,,,,,,,,,,,,,,,,,,,
109,case_16,2024-04-10 20:04:04.151197,complete,Admission NC,positive,J,,,,,,,,,,,,,,,,,,,,,,,,,,
110,case_16,2024-04-10 21:15:30.151197,complete,Admission NC,positive,F,,,,,,,,,,,,,,,,,,,,,,,,,,
111,case_16,2024-04-10 21:48:35.151197,complete,Release A,positive,Y,,,,,,,,,,,,,,,,,,,,,,,,,,
112,case_17,2024-04-10 15:51:19.151197,complete,Return ER,positive,?,,,,,,,,,,,,,,,,,,,,,,,,,,
113,case_17,2024-04-10 17:31:48.151197,complete,Release A,positive,E,,,,,,,,,,,,,,,,,,,,,,,,,,
114,case_17,2024-04-10 18:19:35.151197,complete,Admission NC,positive,J,,,,,,,,,,,,,,,,,,,,,,,,,,
115,case_17,2024-04-10 19:16:56.151197,complete,Return ER,positive,?,,,,,,,,,,,,,,,,,,,,,,,,,,
116,case_17,2024-04-10 19:55:47.151197,complete,Admission NC,positive,Y,,,,,,,,,,,,,,,,,,,,,,,,,,
117,case_17,2024-04-10 20:53:31.151197,complete,LacticAcid,positive,X,,,,,,,,,,,,,,,,,,,,,,,,,,149.0
118,case_17,2024-04-10 21:42:06.151197,complete,Admission NC,positive,J,,,,,,,,,,,,,,,,,,,,,,,,,,
119,case_18,2024-04-10 16:00:38.151197,complete,Admission NC,positive,F,,,,,,,,,,,,,,,,,,,,,,,,,,
120,case_18,2024-04-10 17:20:04.151197,complete,Leucocytes,positive,Y,HE,90.0,,,,,,,,,,,,,,,,,,,,,,,137.0,
121,case_18,2024-04-10 17:55:58.151197,complete,Return ER,positive,?,,,,,,,,,,,,,,,,,,,,,,,,,,
122,case_18,2024-04-10 19:11:32.151197,complete,IV Antibiotics,positive,L,,,,,,,,,,,,,,,,,,,,,,,,,,
123,case_18,2024-04-10 20:23:39.151197,complete,Admission IC,positive,Y,,,,,,,,,,,,,,,,,,,,,,,,,,
124,case_18,2024-04-10 20:35:01.151197,complete,Release A,positive,Y,,,,,,,,,,,,,,,,,,,,,,,,,,
125,case_18,2024-04-10 22:15:59.151197,complete,ER Triage,positive,C,HE,90.0,,,,,,,,,,,,,,,,,,,,,,,,
126,case_18,2024-04-10 22:34:51.151197,complete,Return ER,positive,?,,,,,,,,,,,,,,,,,,,,,,,,,,
127,case_18,2024-04-10 23:38:26.151197,complete,Admission NC,positive,J,,,,,,,,,,,,,,,,,,,,,,,,,,
128,case_19,2024-04-10 15:37:15.151197,complete,Admission NC,positive,J,,,,,,,,,,,,,,,,,,,,,,,,,,
129,case_19,2024-04-10 17:03:29.151197,complete,Admission NC,positive,F,,,,,,,,,,,,,,,,,,,,,,,,,,
130,case_19,2024-04-10 18:19:22.151197,complete,LacticAcid,positive,Y,,,,,,,,,,,,,,,,,,,,,,,,,,149.0
131,case_19,2024-04-10 18:38:00.151197,complete,IV Antibiotics,positive,L,,,,,,,,,,,,,,,,,,,,,,,,,,
132,case_19,2024-04-10 20:31:29.151197,complete,Admission NC,positive,J,,,,,,,,,,,,,,,,,,,,,,,,,,
133,case_19,2024-04-10 21:16:07.151197,complete,Release B,positive,J,,,,,,,,,,,,,,,,,,,,,,,,,,
134,case_19,2024-04-10 21:47:38.151197,complete,Release B,positive,E,,,,,,,,,,,,,,,,,,,,,,,,,,
135,case_19,2024-04-10 23:09:06.151197,complete,ER Triage,positive,C,HE,90.0,,,,,,,,,,,,,,,,,,,,,,,,
136,case_19,2024-04-10 23:44:01.151197,complete,Admission IC,positive,Y,,,,,,,,,,,,,,,,,,,,,,,,,,
137,case_20,2024-04-10 16:08:49.151197,complete,Admission NC,positive,J,,,,,,,,,,,,,,,,,,,,,,,,,,
138,case_20,2024-04-10 17:21:37.151197,complete,Release B,positive,Y,,,,,,,,,,,,,,,,,,,,,,,,,,
139,case_20,2024-04-10 17:36:31.151197,complete,Return ER,positive,?,,,,,,,,,,,,,,,,,,,,,,,,,,
140,case_20,2024-04-10 18:51:21.151197,complete,IV Antibiotics,positive,L,,,,,,,,,,,,,,,,,,,,,,,,,,
141,case_20,2024-04-10 19:45:10.151197,complete,Admission IC,positive,Y,,,,,,,,,,,,,,,,,,,,,,,,,,
142,case_20,2024-04-10 20:37:46.151197,complete,Release A,positive,Y,,,,,,,,,,,,,,,,,,,,,,,,,,
143,case_20,2024-04-10 21:45:56.151197,complete,ER Triage,positive,C,HE,90.0,,,,,,,,,,,,,,,,,,,,,,,,
144,case_20,2024-04-10 22:56:11.151197,complete,Return ER,positive,?,,,,,,,,,,,,,,,,,,,,,,,,,,
145,case_20,2024-04-10 23:42:25.151197,complete,Admission NC,positive,J,,,,,,,,,,,,,,,,,,,,,,,,,,
146,case_21,2024-04-10 15:59:17.151197,complete,Admission NC,positive,F,,,,,,,,,,,,,,,,,,,,,,,,,,
147,case_21,2024-04-10 17:17:33.151197,complete,ER Triage,positive,C,HE,90.0,,,,,,,,,,,,,,,,,,,,,,,,
148,case_21,2024-04-10 18:10:04.151197,complete,Admission IC,positive,Y,,,,,,,,,,,,,,,,,,,,,,,,,,
149,case_21,2024-04-10 19:24:51.151197,complete,Admission IC,positive,I,,,,,,,,,,,,,,,,,,,,,,,,,,
150,case_21,2024-04-10 19:42:05.151197,complete,Admission NC,positive,Y,,,,,,,,,,,,,,,,,,,,,,,,,,
151,case_21,2024-04-10 21:06:03.151197,complete,ER Triage,positive,Y,HD,90.0,,,,,,,,,,,,,,,,,,,,,,,,
152,case_21,2024-04-10 22:32:05.151197,complete,Admission NC,positive,Y,,,,,,,,,,,,,,,,,,,,,,,,,,
153,case_21,2024-04-10 23:21:37.151197,complete,Return ER,positive,?,,,,,,,,,,,,,,,,,,,,,,,,,,
154,case_21,2024-04-10 23:37:01.151197,complete,Release A,positive,E,,,,,,,,,,,,,,,,,,,,,,,,,,
155,case_22,2024-04-10 15:39:31.151197,complete,IV Antibiotics,positive,L,,,,,,,,,,,,,,,,,,,,,,,,,,
156,case_22,2024-04-10 16:41:18.151197,complete,LacticAcid,positive,F,,,,,,,,,,,,,,,,,,,,,,,,,,149.0
157,case_22,2024-04-10 17:33:57.151197,complete,Release B,positive,Y,,,,,,,,,,,,,,,,,,,,,,,,,,
158,case_22,2024-04-10 18:53:41.151197,complete,IV Antibiotics,positive,Y,,,,,,,,,,,,,,,,,,,,,,,,,,
159,case_22,2024-04-10 20:13:42.151197,complete,ER Sepsis Triage,positive,Y,HE,90.0,,,,,,,,,,,,,,,,,,,,,,,,
160,case_22,2024-04-10 20:58:02.151197,complete,Admission NC,positive,F,,,,,,,,,,,,,,,,,,,,,,,,,,
161,case_22,2024-04-10 22:01:20.151197,complete,IV Liquid,positive,Y,HE,90.0,,,,,,,,,,,,,,,,,,,,,,,,
162,case_22,2024-04-10 23:21:35.151197,complete,Release B,positive,E,,,,,,,,,,,,,,,,,,,,,,,,,,
163,case_22,2024-04-11 00:02:00.151197,complete,IV Antibiotics,positive,Y,,,,,,,,,,,,,,,,,,,,,,,,,,
164,case_22,2024-04-11 00:44:17.151197,complete,Admission NC,positive,Y,,,,,,,,,,,,,,,,,,,,,,,,,,
165,case_23,2024-04-10 15:43:42.151197,complete,Admission NC,positive,J,,,,,,,,,,,,,,,,,,,,,,,,,,
166,case_23,2024-04-10 17:32:27.151197,complete,Admission NC,positive,J,,,,,,,,,,,,,,,,,,,,,,,,,,
167,case_23,2024-04-10 18:01:05.151197,complete,IV Liquid,positive,Y,HE,90.0,,,,,,,,,,,,,,,,,,,,,,,,
168,case_23,2024-04-10 18:45:03.151197,complete,Admission NC,positive,F,,,,,,,,,,,,,,,,,,,,,,,,,,
169,case_23,2024-04-10 19:45:54.151197,complete,Admission IC,positive,Y,,,,,,,,,,,,,,,,,,,,,,,,,,
170,case_23,2024-04-10 21:14:26.151197,complete,Admission NC,positive,Y,,,,,,,,,,,,,,,,,,,,,,,,,,
171,case_23,2024-04-10 21:47:35.151197,complete,Return ER,positive,Y,,,,,,,,,,,,,,,,,,,,,,,,,,
172,case_23,2024-04-10 23:29:07.151197,complete,ER Triage,positive,C,HE,90.0,,,,,,,,,,,,,,,,,,,,,,,,
173,case_23,2024-04-11 00:13:03.151197,complete,Admission NC,positive,F,,,,,,,,,,,,,,,,,,,,,,,,,,
174,case_23,2024-04-11 00:58:40.151197,complete,Leucocytes,positive,Y,HE,90.0,,,,,,,,,,,,,,,,,,,,,,,137.0,
175,case_24,2024-04-10 16:26:35.151197,complete,Admission NC,positive,F,,,,,,,,,,,,,,,,,,,,,,,,,,
176,case_24,2024-04-10 16:43:17.151197,complete,Release B,positive,Y,,,,,,,,,,,,,,,,,,,,,,,,,,
177,case_24,2024-04-10 18:10:03.151197,complete,IV Antibiotics,positive,L,,,,,,,,,,,,,,,,,,,,,,,,,,
178,case_24,2024-04-10 18:42:01.151197,complete,ER Triage,positive,Y,HE,90.0,,,,,,,,,,,,,,,,,,,,,,,,
179,case_24,2024-04-10 20:31:13.151197,complete,ER Sepsis Triage,positive,Y,HE,90.0,,,,,,,,,,,,,,,,,,,,,,,,
180,case_24,2024-04-10 20:37:03.151197,complete,Release B,positive,Y,,,,,,,,,,,,,,,,,,,,,,,,,,
181,case_24,2024-04-10 21:52:52.151197,complete,Return ER,positive,Y,,,,,,,,,,,,,,,,,,,,,,,,,,
182,case_24,2024-04-10 22:41:44.151197,complete,LacticAcid,positive,Y,,,,,,,,,,,,,,,,,,,,,,,,,,148.0
183,case_24,2024-04-11 00:32:50.151197,complete,ER Triage,positive,C,HE,90.0,,,,,,,,,,,,,,,,,,,,,,,,
184,case_24,2024-04-11 01:21:13.151197,complete,Admission NC,positive,F,,,,,,,,,,,,,,,,,,,,,,,,,,
185,case_25,2024-04-10 16:26:01.151197,complete,Admission NC,positive,Y,,,,,,,,,,,,,,,,,,,,,,,,,,
186,case_25,2024-04-10 17:01:29.151197,complete,Admission NC,positive,J,,,,,,,,,,,,,,,,,,,,,,,,,,
187,case_25,2024-04-10 18:04:57.151197,complete,LacticAcid,positive,Y,,,,,,,,,,,,,,,,,,,,,,,,,,149.0
188,case_25,2024-04-10 19:15:10.151197,complete,IV Antibiotics,positive,Y,,,,,,,,,,,,,,,,,,,,,,,,,,
189,case_25,2024-04-10 19:37:04.151197,complete,Admission IC,positive,F,,,,,,,,,,,,,,,,,,,,,,,,,,
190,case_25,2024-04-10 20:35:02.151197,complete,ER Registration,positive,Y,HE,90.0,false,false,false,false,true,false,false,false,false,false,true,true,true,false,false,true,true,true,true,true,true,false,,
191,case_25,2024-04-10 22:13:57.151197,complete,Return ER,positive,?,,,,,,,,,,,,,,,,,,,,,,,,,,
192,case_25,2024-04-10 23:11:06.151197,complete,ER Triage,positive,C,HE,90.0,,,,,,,,,,,,,,,,,,,,,,,,
193,case_25,2024-04-11 00:23:44.151197,complete,Admission NC,positive,J,,,,,,,,,,,,,,,,,,,,,,,,,,
194,case_25,2024-04-11 00:58:22.151197,complete,Leucocytes,positive,Y,HE,90.0,,,,,,,,,,,,,,,,,,,,,,,136.0,
195,case_26,2024-04-10 16:22:23.151197,complete,Admission NC,positive,Y,,,,,,,,,,,,,,,,,,,,,,,,,,
196,case_26,2024-04-10 16:51:25.151197,complete,ER Sepsis Triage,positive,Y,HE,90.0,,,,,,,,,,,,,,,,,,,,,,,,
197,case_26,2024-04-10 18:28:37.151197,complete,Release A,positive,Y,,,,,,,,,,,,,,,,,,,,,,,,,,
198,case_26,2024-04-10 19:16:35.151197,complete,ER Triage,positive,Y,HE,90.0,,,,,,,,,,,,,,,,,,,,,,,,
199,case_26,2024-04-10 19:51:55.151197,complete,Leucocytes,positive,Y,HE,90.0,,,,,,,,,,,,,,,,,,,,,,,137.0,
200,case_26,2024-04-10 21:03:19.151197,complete,Release B,positive,E,,,,,,,,,,,,,,,,,,,,,,,,,,
201,case_26,2024-04-10 21:41:47.151197,complete,Admission NC,positive,Y,,,,,,,,,,,,,,,,,,,,,,,,,,
202,case_26,2024-04-10 22:47:46.151197,complete,ER Triage,positive,C,HE,90.0,,,,,,,,,,,,,,,,,,,,,,,,
203,case_26,2024-04-11 00:15:33.151197,complete,Admission NC,positive,F,,,,,,,,,,,,,,,,,,,,,,,,,,
204,case_26,2024-04-11 01:10:03.151197,complete,Admission NC,positive,W,,,,,,,,,,,,,,,,,,,,,,,,,,
205,case_27,2024-04-10 15:39:28.151197,complete,Admission NC,positive,Y,,,,,,,,,,,,,,,,,,,,,,,,,,
206,case_27,2024-04-10 16:42:33.151197,complete,Leucocytes,positive,Y,HE,90.0,,,,,,,,,,,,,,,,,,,,,,,137.0,
207,case_27,2024-04-10 17:49:12.151197,complete,Admission NC,positive,F,,,,,,,,,,,,,,,,,,,,,,,,,,
208,case_27,2024-04-10 19:02:47.151197,complete,IV Antibiotics,positive,L,,,,,,,,,,,,,,,,,,,,,,,,,,
209,case_27,2024-04-10 19:57:29.151197,complete,LacticAcid,positive,Y,,,,,,,,,,,,,,,,,,,,,,,,,,149.0
210,case_27,2024-04-10 20:46:33.151197,complete,Return ER,positive,Y,,,,,,,,,,,,,,,,,,,,,,,,,,
211,case_27,2024-04-10 22:20:44.151197,complete,IV Liquid,positive,Y,HE,90.0,,,,,,,,,,,,,,,,,,,,,,,,
212,case_27,2024-04-10 22:39:27.151197,complete,Release B,positive,E,,,,,,,,,,,,,,,,,,,,,,,,,,
213,case_27,2024-04-10 23:49:46.151197,complete,ER Registration,positive,Y,HE,90.0,false,false,true,false,true,false,false,true,false,true,true,true,false,false,false,false,true,false,false,true,false,false,,
214,case_27,2024-04-11 01:13:29.151197,complete,IV Liquid,positive,Y,HE,90.0,,,,,,,,,,,,,,,,,,,,,,,,
215,case_28,2024-04-10 16:00:33.151197,complete,Return ER,positive,?,,,,,,,,,,,,,,,,,,,,,,,,,,
216,case_28,2024-04-10 17:26:15.151197,complete,Leucocytes,positive,Y,HE,90.0,,,,,,,,,,,,,,,,,,,,,,,137.0,
217,case_28,2024-04-10 18:12:28.151197,complete,Admission NC,positive,J,,,,,,,,,,,,,,,,,,,,,,,,,,
218,case_28,2024-04-10 18:55:11.151197,complete,IV Liquid,positive,Y,HE,90.0,,,,,,,,,,,,,,,,,,,,,,,,
219,case_28,2024-04-10 20:18:25.151197,complete,Return ER,positive,?,,,,,,,,,,,,,,,,,,,,,,,,,,
220,case_28,2024-04-10 21:17:59.151197,complete,ER Triage,positive,C,HE,90.0,,,,,,,,,,,,,,,,,,,,,,,,
221,case_28,2024-04-10 22:29:26.151197,complete,ER Registration,positive,Y,HE,90.0,false,false,true,false,true,false,false,true,false,false,true,true,false,false,false,false,true,true,false,true,false,false,,
222,case_28,2024-04-10 22:51:53.151197,complete,Release B,positive,E,,,,,,,,,,,,,,,,,,,,,,,,,,
223,case_28,2024-04-11 00:26:35.151197,complete,Leucocytes,positive,Y,HE,90.0,,,,,,,,,,,,,,,,,,,,,,,137.0,
224,case_28,2024-04-11 00:55:27.151197,complete,Admission NC,positive,J,,,,,,,,,,,,,,,,,,,,,,,,,,
225,case_29,2024-04-10 16:29:29.151197,complete,ER Triage,positive,C,HE,90.0,,,,,,,,,,,,,,,,,,,,,,,,
226,case_29,2024-04-10 17:19:03.151197,complete,ER Registration,positive,Y,HE,90.0,false,false,true,false,false,false,true,true,false,false,true,true,false,false,true,false,true,false,false,false,false,false,,
227,case_29,2024-04-10 17:43:25.151197,complete,Release A,positive,Y,,,,,,,,,,,,,,,,,,,,,,,,,,
228,case_29,2024-04-10 19:17:40.151197,complete,Release B,positive,E,,,,,,,,,,,,,,,,,,,,,,,,,,
229,case_29,2024-04-10 20:28:13.151197,complete,Leucocytes,positive,Y,HE,90.0,,,,,,,,,,,,,,,,,,,,,,,137.0,
230,case_29,2024-04-10 20:53:51.151197,complete,ER Sepsis Triage,positive,Y,HE,90.0,,,,,,,,,,,,,,,,,,,,,,,,
231,case_29,2024-04-10 21:54:24.151197,complete,ER Sepsis Triage,positive,Y,HE,90.0,,,,,,,,,,,,,,,,,,,,,,,,
232,case_29,2024-04-10 22:41:34.151197,complete,Admission NC,positive,Y,,,,,,,,,,,,,,,,,,,,,,,,,,
233,case_29,2024-04-11 00:26:06.151197,complete,Admission NC,positive,Y,,,,,,,,,,,,,,,,,,,,,,,,,,
234,case_29,2024-04-11 01:27:54.151197,complete,ER Sepsis Triage,positive,Y,HE,90.0,,,,,,,,,,,,,,,,,,,,,,,,
