,case:concept:name,time:timestamp,lifecycle:transition,concept:name,case:label,org:group,Diagnose,Age,Leucocytes,CRP,LacticAcid,InfectionSuspected,DiagnosticBlood,DisfuncOrg,SIRSCritTachypnea,Hypotensie,SIRSCritHeartRate,Infusion,DiagnosticArtAstrup,DiagnosticIC,DiagnosticSputum,DiagnosticLiquor,DiagnosticOther,SIRSCriteria2OrMore,DiagnosticXthorax,SIRSCritTemperature,DiagnosticUrinaryCulture,SIRSCritLeucos,Oligurie,DiagnosticLacticAcid,Hypoxie,DiagnosticUrinarySediment,DiagnosticECG
0,case_0,2024-04-10 15:50:11.057465,complete,Leucocytes,positive,L,YC,24.0,3213.0,,,,,,,,,,,,,,,,,,,,,,,,
1,case_0,2024-04-10 17:00:09.057465,complete,Leucocytes,positive,L,YB,23.0,138.0,,,,,,,,,,,,,,,,,,,,,,,,
2,case_0,2024-04-10 17:55:26.057465,complete,CRP,positive,A,YA,21.0,,50.0,,,,,,,,,,,,,,,,,,,,,,,
3,case_0,2024-04-10 19:18:28.057465,complete,CRP,positive,A,YB,22.0,,51.0,,,,,,,,,,,,,,,,,,,,,,,
4,case_0,2024-04-10 20:00:37.057465,complete,CRP,positive,I,YB,20.0,,4089.0,,,,,,,,,,,,,,,,,,,,,,,
5,case_0,2024-04-10 20:40:36.057465,complete,Leucocytes,positive,L,YA,22.0,138.0,,,,,,,,,,,,,,,,,,,,,,,,
6,case_0,2024-04-10 22:37:40.057465,complete,Admission NC,positive,L,,,,,,,,,,,,,,,,,,,,,,,,,,,
7,case_0,2024-04-10 23:07:37.057465,complete,Admission NC,positive,F,,,,,,,,,,,,,,,,,,,,,,,,,,,
8,case_0,2024-04-10 23:56:31.057465,complete,CRP,positive,E,YB,20.0,,82.0,,,,,,,,,,,,,,,,,,,,,,,
9,case_1,2024-04-10 16:36:02.057465,complete,CRP,positive,I,YC,20.0,,51.0,,,,,,,,,,,,,,,,,,,,,,,
10,case_1,2024-04-10 17:36:07.057465,complete,Leucocytes,positive,L,YA,22.0,138.0,,,,,,,,,,,,,,,,,,,,,,,,
11,case_1,2024-04-10 17:43:19.057465,complete,Leucocytes,positive,I,YC,21.0,138.0,,,,,,,,,,,,,,,,,,,,,,,,
12,case_1,2024-04-10 18:59:01.057465,complete,Leucocytes,positive,K,YA,22.0,138.0,,,,,,,,,,,,,,,,,,,,,,,,
13,case_1,2024-04-10 19:55:22.057465,complete,CRP,positive,A,YB,20.0,,4491.0,,,,,,,,,,,,,,,,,,,,,,,
14,case_1,2024-04-10 21:23:12.057465,complete,Admission NC,positive,F,,,,,,,,,,,,,,,,,,,,,,,,,,,
15,case_1,2024-04-10 21:56:29.057465,complete,CRP,positive,I,QB,20.0,,50.0,,,,,,,,,,,,,,,,,,,,,,,
16,case_1,2024-04-10 22:44:38.057465,complete,Admission NC,positive,F,,,,,,,,,,,,,,,,,,,,,,,,,,,
17,case_1,2024-04-11 00:24:29.057465,complete,CRP,positive,L,YA,88.0,,54.0,,,,,,,,,,,,,,,,,,,,,,,
18,case_2,2024-04-10 16:25:09.057465,complete,LacticAcid,positive,K,,,,,18.0,,,,,,,,,,,,,,,,,,,,,,
19,case_2,2024-04-10 17:15:19.057465,complete,Return ER,positive,?,,,,,,,,,,,,,,,,,,,,,,,,,,,
20,case_2,2024-04-10 17:57:02.057465,complete,Admission NC,positive,F,,,,,,,,,,,,,,,,,,,,,,,,,,,
21,case_2,2024-04-10 19:35:52.057465,complete,CRP,positive,K,YA,20.0,,50.0,,,,,,,,,,,,,,,,,,,,,,,
22,case_2,2024-04-10 20:18:38.057465,complete,CRP,positive,I,YD,24.0,,2009.0,,,,,,,,,,,,,,,,,,,,,,,
23,case_2,2024-04-10 21:25:06.057465,complete,CRP,positive,L,YB,23.0,,50.0,,,,,,,,,,,,,,,,,,,,,,,
24,case_2,2024-04-10 21:50:14.057465,complete,Leucocytes,positive,J,YC,20.0,138.0,,,,,,,,,,,,,,,,,,,,,,,,
25,case_2,2024-04-10 23:01:38.057465,complete,CRP,positive,I,YA,22.0,,50.0,,,,,,,,,,,,,,,,,,,,,,,
26,case_2,2024-04-11 00:22:11.057465,complete,Admission NC,positive,F,,,,,,,,,,,,,,,,,,,,,,,,,,,
27,case_3,2024-04-10 15:40:24.057465,complete,Leucocytes,positive,I,QA,21.0,3213.0,,,,,,,,,,,,,,,,,,,,,,,,
28,case_3,2024-04-10 17:35:29.057465,complete,Leucocytes,positive,I,YD,22.0,138.0,,,,,,,,,,,,,,,,,,,,,,,,
29,case_3,2024-04-10 18:05:02.057465,complete,CRP,positive,I,YA,21.0,,50.0,,,,,,,,,,,,,,,,,,,,,,,
30,case_3,2024-04-10 18:55:59.057465,complete,Admission NC,positive,J,,,,,,,,,,,,,,,,,,,,,,,,,,,
31,case_3,2024-04-10 20:01:02.057465,complete,CRP,positive,I,YC,21.0,,2009.0,,,,,,,,,,,,,,,,,,,,,,,
32,case_3,2024-04-10 21:31:22.057465,complete,Leucocytes,positive,A,YB,20.0,138.0,,,,,,,,,,,,,,,,,,,,,,,,
33,case_3,2024-04-10 21:59:02.057465,complete,Leucocytes,positive,I,YA,22.0,138.0,,,,,,,,,,,,,,,,,,,,,,,,
34,case_3,2024-04-10 23:15:32.057465,complete,Leucocytes,positive,A,YB,20.0,44.0,,,,,,,,,,,,,,,,,,,,,,,,
35,case_3,2024-04-11 00:19:15.057465,complete,Admission NC,positive,F,,,,,,,,,,,,,,,,,,,,,,,,,,,
36,case_4,2024-04-10 16:28:32.057465,complete,CRP,positive,L,YC,24.0,,497.0,,,,,,,,,,,,,,,,,,,,,,,
37,case_4,2024-04-10 17:24:51.057465,complete,CRP,positive,L,YB,23.0,,87.0,,,,,,,,,,,,,,,,,,,,,,,
38,case_4,2024-04-10 18:29:33.057465,complete,Leucocytes,positive,A,YA,21.0,138.0,,,,,,,,,,,,,,,,,,,,,,,,
39,case_4,2024-04-10 18:44:18.057465,complete,Leucocytes,positive,A,YB,22.0,138.0,,,,,,,,,,,,,,,,,,,,,,,,
40,case_4,2024-04-10 20:35:05.057465,complete,CRP,positive,J,YB,20.0,,4491.0,,,,,,,,,,,,,,,,,,,,,,,
41,case_4,2024-04-10 21:30:26.057465,complete,CRP,positive,L,YA,22.0,,51.0,,,,,,,,,,,,,,,,,,,,,,,
42,case_4,2024-04-10 21:50:04.057465,complete,Admission NC,positive,L,,,,,,,,,,,,,,,,,,,,,,,,,,,
43,case_4,2024-04-10 23:11:54.057465,complete,Leucocytes,positive,A,YB,20.0,44.0,,,,,,,,,,,,,,,,,,,,,,,,
44,case_4,2024-04-10 23:57:09.057465,complete,Admission NC,positive,F,,,,,,,,,,,,,,,,,,,,,,,,,,,
45,case_5,2024-04-10 16:02:35.057465,complete,CRP,positive,I,QA,73.0,,4264.0,,,,,,,,,,,,,,,,,,,,,,,
46,case_5,2024-04-10 17:24:01.057465,complete,CRP,positive,I,YB,23.0,,87.0,,,,,,,,,,,,,,,,,,,,,,,
47,case_5,2024-04-10 17:41:48.057465,complete,Leucocytes,positive,A,YA,21.0,138.0,,,,,,,,,,,,,,,,,,,,,,,,
48,case_5,2024-04-10 19:07:40.057465,complete,Leucocytes,positive,A,YB,22.0,138.0,,,,,,,,,,,,,,,,,,,,,,,,
49,case_5,2024-04-10 19:56:35.057465,complete,CRP,positive,I,YB,20.0,,4491.0,,,,,,,,,,,,,,,,,,,,,,,
50,case_5,2024-04-10 20:58:15.057465,complete,Leucocytes,positive,J,YA,22.0,138.0,,,,,,,,,,,,,,,,,,,,,,,,
51,case_5,2024-04-10 22:24:37.057465,complete,Admission NC,positive,F,,,,,,,,,,,,,,,,,,,,,,,,,,,
52,case_5,2024-04-10 22:45:40.057465,complete,Leucocytes,positive,A,YB,20.0,44.0,,,,,,,,,,,,,,,,,,,,,,,,
53,case_5,2024-04-10 23:55:01.057465,complete,Admission NC,positive,F,,,,,,,,,,,,,,,,,,,,,,,,,,,
54,case_6,2024-04-10 16:23:07.057465,complete,Leucocytes,positive,A,YB,20.0,3213.0,,,,,,,,,,,,,,,,,,,,,,,,
55,case_6,2024-04-10 17:15:58.057465,complete,CRP,positive,I,YA,23.0,,50.0,,,,,,,,,,,,,,,,,,,,,,,
56,case_6,2024-04-10 18:00:09.057465,complete,LacticAcid,positive,A,,,,,115.0,,,,,,,,,,,,,,,,,,,,,,
57,case_6,2024-04-10 19:22:39.057465,complete,Leucocytes,positive,K,QB,20.0,138.0,,,,,,,,,,,,,,,,,,,,,,,,
58,case_6,2024-04-10 20:35:14.057465,complete,CRP,positive,K,YB,24.0,,1374.0,,,,,,,,,,,,,,,,,,,,,,,
59,case_6,2024-04-10 21:29:39.057465,complete,Leucocytes,positive,L,YB,21.0,1678.0,,,,,,,,,,,,,,,,,,,,,,,,
60,case_6,2024-04-10 22:23:16.057465,complete,Admission NC,positive,F,,,,,,,,,,,,,,,,,,,,,,,,,,,
61,case_6,2024-04-10 22:58:35.057465,complete,Leucocytes,positive,I,YA,20.0,1936.0,,,,,,,,,,,,,,,,,,,,,,,,
62,case_6,2024-04-11 00:23:08.057465,complete,Admission NC,positive,F,,,,,,,,,,,,,,,,,,,,,,,,,,,
63,case_7,2024-04-10 16:32:13.057465,complete,CRP,positive,A,YC,20.0,,497.0,,,,,,,,,,,,,,,,,,,,,,,
64,case_7,2024-04-10 17:27:49.057465,complete,Leucocytes,positive,L,YA,22.0,111.0,,,,,,,,,,,,,,,,,,,,,,,,
65,case_7,2024-04-10 18:01:55.057465,complete,CRP,positive,I,YC,21.0,,50.0,,,,,,,,,,,,,,,,,,,,,,,
66,case_7,2024-04-10 19:14:24.057465,complete,CRP,positive,K,YA,22.0,,2856.0,,,,,,,,,,,,,,,,,,,,,,,
67,case_7,2024-04-10 20:00:42.057465,complete,CRP,positive,I,YC,21.0,,52.0,,,,,,,,,,,,,,,,,,,,,,,
68,case_7,2024-04-10 21:18:22.057465,complete,Admission NC,positive,F,,,,,,,,,,,,,,,,,,,,,,,,,,,
69,case_7,2024-04-10 22:16:08.057465,complete,CRP,positive,K,QB,20.0,,51.0,,,,,,,,,,,,,,,,,,,,,,,
70,case_7,2024-04-10 23:35:01.057465,complete,Leucocytes,positive,I,YA,21.0,44.0,,,,,,,,,,,,,,,,,,,,,,,,
71,case_7,2024-04-11 00:36:23.057465,complete,Admission NC,positive,F,,,,,,,,,,,,,,,,,,,,,,,,,,,
72,case_8,2024-04-10 15:54:46.057465,complete,Admission NC,positive,F,,,,,,,,,,,,,,,,,,,,,,,,,,,
73,case_8,2024-04-10 17:07:17.057465,complete,Leucocytes,positive,K,QA,20.0,2981.0,,,,,,,,,,,,,,,,,,,,,,,,
74,case_8,2024-04-10 18:26:56.057465,complete,Leucocytes,positive,A,YC,20.0,138.0,,,,,,,,,,,,,,,,,,,,,,,,
75,case_8,2024-04-10 19:20:35.057465,complete,Admission NC,positive,F,,,,,,,,,,,,,,,,,,,,,,,,,,,
76,case_8,2024-04-10 20:02:42.057465,complete,Release A,positive,?,,,,,,,,,,,,,,,,,,,,,,,,,,,
77,case_8,2024-04-10 21:37:31.057465,complete,Leucocytes,positive,I,YC,21.0,4.0,,,,,,,,,,,,,,,,,,,,,,,,
78,case_8,2024-04-10 22:04:48.057465,complete,CRP,positive,K,YA,22.0,,1238.0,,,,,,,,,,,,,,,,,,,,,,,
79,case_8,2024-04-10 22:44:31.057465,complete,Leucocytes,positive,A,YB,88.0,2883.0,,,,,,,,,,,,,,,,,,,,,,,,
80,case_8,2024-04-11 00:29:55.057465,complete,Leucocytes,positive,L,YA,20.0,138.0,,,,,,,,,,,,,,,,,,,,,,,,
81,case_9,2024-04-10 16:04:20.057465,complete,LacticAcid,positive,K,,,,,4.0,,,,,,,,,,,,,,,,,,,,,,
82,case_9,2024-04-10 17:04:42.057465,complete,Leucocytes,positive,K,QA,20.0,138.0,,,,,,,,,,,,,,,,,,,,,,,,
83,case_9,2024-04-10 18:11:28.057465,complete,CRP,positive,K,YB,20.0,,1521.0,,,,,,,,,,,,,,,,,,,,,,,
84,case_9,2024-04-10 18:48:15.057465,complete,Admission NC,positive,F,,,,,,,,,,,,,,,,,,,,,,,,,,,
85,case_9,2024-04-10 20:18:44.057465,complete,Admission NC,positive,F,,,,,,,,,,,,,,,,,,,,,,,,,,,
86,case_9,2024-04-10 21:29:52.057465,complete,CRP,positive,?,YC,20.0,,2892.0,,,,,,,,,,,,,,,,,,,,,,,
87,case_9,2024-04-10 22:02:25.057465,complete,CRP,positive,I,QB,20.0,,50.0,,,,,,,,,,,,,,,,,,,,,,,
88,case_9,2024-04-10 22:41:25.057465,complete,CRP,positive,E,YA,25.0,,2558.0,,,,,,,,,,,,,,,,,,,,,,,
89,case_9,2024-04-11 00:08:16.057465,complete,CRP,positive,L,JB,21.0,,82.0,,,,,,,,,,,,,,,,,,,,,,,
90,case_10,2024-04-10 16:32:08.057465,complete,CRP,positive,K,YA,54.0,,971.0,,,,,,,,,,,,,,,,,,,,,,,
91,case_10,2024-04-10 17:21:57.057465,complete,LacticAcid,positive,I,,,,,3.0,,,,,,,,,,,,,,,,,,,,,,
92,case_10,2024-04-10 17:43:36.057465,complete,Leucocytes,positive,A,YA,24.0,3327.0,,,,,,,,,,,,,,,,,,,,,,,,
93,case_10,2024-04-10 19:16:37.057465,complete,Admission NC,positive,F,,,,,,,,,,,,,,,,,,,,,,,,,,,
94,case_10,2024-04-10 19:52:18.057465,complete,CRP,positive,I,YB,20.0,,5022.0,,,,,,,,,,,,,,,,,,,,,,,
95,case_10,2024-04-10 21:10:52.057465,complete,CRP,positive,I,YA,23.0,,1970.0,,,,,,,,,,,,,,,,,,,,,,,
96,case_10,2024-04-10 22:31:03.057465,complete,Admission NC,positive,F,,,,,,,,,,,,,,,,,,,,,,,,,,,
97,case_10,2024-04-10 23:30:32.057465,complete,CRP,positive,L,JB,22.0,,50.0,,,,,,,,,,,,,,,,,,,,,,,
98,case_11,2024-04-10 15:53:58.057465,complete,Leucocytes,positive,K,YA,23.0,1087.0,,,,,,,,,,,,,,,,,,,,,,,,
99,case_11,2024-04-10 17:05:13.057465,complete,Leucocytes,positive,L,QA,21.0,3048.0,,,,,,,,,,,,,,,,,,,,,,,,
100,case_11,2024-04-10 17:57:28.057465,complete,CRP,positive,L,YD,22.0,,50.0,,,,,,,,,,,,,,,,,,,,,,,
101,case_11,2024-04-10 19:11:36.057465,complete,CRP,positive,K,YB,22.0,,52.0,,,,,,,,,,,,,,,,,,,,,,,
102,case_11,2024-04-10 20:19:37.057465,complete,Admission NC,positive,?,,,,,,,,,,,,,,,,,,,,,,,,,,,
103,case_11,2024-04-10 21:03:13.057465,complete,Release B,positive,E,,,,,,,,,,,,,,,,,,,,,,,,,,,
104,case_11,2024-04-10 22:32:15.057465,complete,Admission NC,positive,K,,,,,,,,,,,,,,,,,,,,,,,,,,,
105,case_11,2024-04-10 23:15:34.057465,complete,Release B,positive,E,,,,,,,,,,,,,,,,,,,,,,,,,,,
106,case_12,2024-04-10 16:35:34.057465,complete,Leucocytes,positive,K,YA,22.0,1186.0,,,,,,,,,,,,,,,,,,,,,,,,
107,case_12,2024-04-10 17:03:42.057465,complete,CRP,positive,K,YB,22.0,,50.0,,,,,,,,,,,,,,,,,,,,,,,
108,case_12,2024-04-10 18:15:11.057465,complete,Admission NC,positive,F,,,,,,,,,,,,,,,,,,,,,,,,,,,
109,case_12,2024-04-10 19:02:14.057465,complete,Admission NC,positive,F,,,,,,,,,,,,,,,,,,,,,,,,,,,
110,case_12,2024-04-10 19:55:10.057465,complete,LacticAcid,positive,K,,,,,2.0,,,,,,,,,,,,,,,,,,,,,,
111,case_12,2024-04-10 20:50:42.057465,complete,Leucocytes,positive,I,QA,21.0,139.0,,,,,,,,,,,,,,,,,,,,,,,,
112,case_12,2024-04-10 21:59:49.057465,complete,CRP,positive,K,YB,20.0,,4957.0,,,,,,,,,,,,,,,,,,,,,,,
113,case_12,2024-04-10 22:41:49.057465,complete,Leucocytes,positive,L,JB,23.0,428.0,,,,,,,,,,,,,,,,,,,,,,,,
114,case_13,2024-04-10 16:18:24.057465,complete,Leucocytes,positive,K,YA,54.0,1186.0,,,,,,,,,,,,,,,,,,,,,,,,
115,case_13,2024-04-10 17:16:24.057465,complete,CRP,positive,I,YA,22.0,,50.0,,,,,,,,,,,,,,,,,,,,,,,
116,case_13,2024-04-10 18:02:26.057465,complete,Leucocytes,positive,K,YA,24.0,3327.0,,,,,,,,,,,,,,,,,,,,,,,,
117,case_13,2024-04-10 19:25:16.057465,complete,Admission NC,positive,J,,,,,,,,,,,,,,,,,,,,,,,,,,,
118,case_13,2024-04-10 19:40:26.057465,complete,CRP,positive,I,YB,20.0,,5022.0,,,,,,,,,,,,,,,,,,,,,,,
119,case_13,2024-04-10 21:25:41.057465,complete,CRP,positive,I,YA,23.0,,1970.0,,,,,,,,,,,,,,,,,,,,,,,
120,case_13,2024-04-10 21:54:58.057465,complete,CRP,positive,A,YA,25.0,,4957.0,,,,,,,,,,,,,,,,,,,,,,,
121,case_13,2024-04-10 23:01:22.057465,complete,Admission NC,positive,F,,,,,,,,,,,,,,,,,,,,,,,,,,,
122,case_14,2024-04-10 15:54:01.057465,complete,CRP,positive,?,YB,23.0,,394.0,,,,,,,,,,,,,,,,,,,,,,,
123,case_14,2024-04-10 17:25:37.057465,complete,CRP,positive,J,YC,20.0,,50.0,,,,,,,,,,,,,,,,,,,,,,,
124,case_14,2024-04-10 17:55:26.057465,complete,Leucocytes,positive,I,YC,21.0,138.0,,,,,,,,,,,,,,,,,,,,,,,,
125,case_14,2024-04-10 19:31:22.057465,complete,Admission NC,positive,F,,,,,,,,,,,,,,,,,,,,,,,,,,,
126,case_14,2024-04-10 20:20:19.057465,complete,Admission NC,positive,F,,,,,,,,,,,,,,,,,,,,,,,,,,,
127,case_14,2024-04-10 21:24:27.057465,complete,Leucocytes,positive,A,YB,20.0,138.0,,,,,,,,,,,,,,,,,,,,,,,,
128,case_14,2024-04-10 22:25:27.057465,complete,LacticAcid,positive,I,,,,,3.0,,,,,,,,,,,,,,,,,,,,,,
129,case_14,2024-04-10 23:20:29.057465,complete,Leucocytes,positive,L,YA,22.0,428.0,,,,,,,,,,,,,,,,,,,,,,,,
130,case_15,2024-04-10 16:14:17.057465,complete,LacticAcid,positive,L,,,,,2.0,,,,,,,,,,,,,,,,,,,,,,
131,case_15,2024-04-10 17:00:37.057465,complete,Leucocytes,positive,K,YC,20.0,139.0,,,,,,,,,,,,,,,,,,,,,,,,
132,case_15,2024-04-10 18:12:30.057465,complete,Admission NC,positive,J,,,,,,,,,,,,,,,,,,,,,,,,,,,
133,case_15,2024-04-10 19:31:11.057465,complete,Admission NC,positive,J,,,,,,,,,,,,,,,,,,,,,,,,,,,
134,case_15,2024-04-10 20:33:37.057465,complete,CRP,positive,L,YC,27.0,,2227.0,,,,,,,,,,,,,,,,,,,,,,,
135,case_16,2024-04-10 15:56:23.057465,complete,Admission NC,positive,L,,,,,,,,,,,,,,,,,,,,,,,,,,,
136,case_16,2024-04-10 17:26:16.057465,complete,Leucocytes,positive,K,QB,21.0,3433.0,,,,,,,,,,,,,,,,,,,,,,,,
137,case_16,2024-04-10 18:30:42.057465,complete,CRP,positive,?,YA,89.0,,81.0,,,,,,,,,,,,,,,,,,,,,,,
138,case_16,2024-04-10 19:29:53.057465,complete,Admission NC,positive,?,,,,,,,,,,,,,,,,,,,,,,,,,,,
139,case_16,2024-04-10 20:17:37.057465,complete,CRP,positive,I,QA,20.0,,1616.0,,,,,,,,,,,,,,,,,,,,,,,
140,case_17,2024-04-10 15:56:02.057465,complete,CRP,positive,L,YA,20.0,,2137.0,,,,,,,,,,,,,,,,,,,,,,,
141,case_17,2024-04-10 16:50:56.057465,complete,Leucocytes,positive,L,YC,28.0,1763.0,,,,,,,,,,,,,,,,,,,,,,,,
142,case_17,2024-04-10 17:53:46.057465,complete,CRP,positive,K,YA,20.0,,50.0,,,,,,,,,,,,,,,,,,,,,,,
143,case_17,2024-04-10 18:40:41.057465,complete,Admission NC,positive,J,,,,,,,,,,,,,,,,,,,,,,,,,,,
144,case_17,2024-04-10 19:44:24.057465,complete,Admission NC,positive,L,,,,,,,,,,,,,,,,,,,,,,,,,,,
145,case_18,2024-04-10 16:36:04.057465,complete,CRP,positive,L,YB,44.0,,54.0,,,,,,,,,,,,,,,,,,,,,,,
146,case_18,2024-04-10 16:56:17.057465,complete,Admission NC,positive,L,,,,,,,,,,,,,,,,,,,,,,,,,,,
147,case_18,2024-04-10 17:47:47.057465,complete,Admission NC,positive,J,,,,,,,,,,,,,,,,,,,,,,,,,,,
148,case_18,2024-04-10 18:56:39.057465,complete,CRP,positive,K,YB,26.0,,1873.0,,,,,,,,,,,,,,,,,,,,,,,
149,case_18,2024-04-10 20:01:34.057465,complete,CRP,positive,L,YA,20.0,,4005.0,,,,,,,,,,,,,,,,,,,,,,,
150,case_19,2024-04-10 16:38:36.057465,complete,Admission NC,positive,F,,,,,,,,,,,,,,,,,,,,,,,,,,,
151,case_19,2024-04-10 17:25:48.057465,complete,CRP,positive,K,YB,22.0,,780.0,,,,,,,,,,,,,,,,,,,,,,,
152,case_19,2024-04-10 17:41:58.057465,complete,Leucocytes,positive,I,YC,21.0,138.0,,,,,,,,,,,,,,,,,,,,,,,,
153,case_19,2024-04-10 18:44:44.057465,complete,CRP,positive,K,YA,22.0,,5131.0,,,,,,,,,,,,,,,,,,,,,,,
154,case_19,2024-04-10 20:38:06.057465,complete,Release B,positive,E,,,,,,,,,,,,,,,,,,,,,,,,,,,
155,case_19,2024-04-10 21:01:28.057465,complete,Leucocytes,positive,A,YB,20.0,138.0,,,,,,,,,,,,,,,,,,,,,,,,
156,case_19,2024-04-10 22:34:36.057465,complete,Admission NC,positive,F,,,,,,,,,,,,,,,,,,,,,,,,,,,
157,case_19,2024-04-10 23:26:04.057465,complete,Release B,positive,E,,,,,,,,,,,,,,,,,,,,,,,,,,,
158,case_19,2024-04-11 00:27:40.057465,complete,Leucocytes,positive,I,QB,20.0,138.0,,,,,,,,,,,,,,,,,,,,,,,,
159,case_19,2024-04-11 00:46:21.057465,complete,CRP,positive,L,YA,89.0,,50.0,,,,,,,,,,,,,,,,,,,,,,,
160,case_20,2024-04-10 16:33:27.057465,complete,Leucocytes,positive,A,YC,21.0,1381.0,,,,,,,,,,,,,,,,,,,,,,,,
161,case_20,2024-04-10 17:06:51.057465,complete,Admission NC,positive,J,,,,,,,,,,,,,,,,,,,,,,,,,,,
162,case_20,2024-04-10 18:26:13.057465,complete,CRP,positive,K,QB,20.0,,50.0,,,,,,,,,,,,,,,,,,,,,,,
163,case_20,2024-04-10 18:45:41.057465,complete,Leucocytes,positive,K,YB,24.0,138.0,,,,,,,,,,,,,,,,,,,,,,,,
164,case_20,2024-04-10 20:30:11.057465,complete,CRP,positive,I,YB,89.0,,50.0,,,,,,,,,,,,,,,,,,,,,,,
165,case_20,2024-04-10 20:44:48.057465,complete,CRP,positive,K,YA,90.0,,51.0,,,,,,,,,,,,,,,,,,,,,,,
166,case_20,2024-04-10 21:56:37.057465,complete,Leucocytes,positive,?,YA,20.0,138.0,,,,,,,,,,,,,,,,,,,,,,,,
167,case_20,2024-04-10 23:30:50.057465,complete,Leucocytes,positive,K,YA,20.0,172.0,,,,,,,,,,,,,,,,,,,,,,,,
168,case_20,2024-04-11 00:05:45.057465,complete,Admission NC,positive,A,,,,,,,,,,,,,,,,,,,,,,,,,,,
169,case_20,2024-04-11 01:33:43.057465,complete,Leucocytes,positive,L,YD,21.0,2148.0,,,,,,,,,,,,,,,,,,,,,,,,
170,case_21,2024-04-10 16:16:49.057465,complete,Admission NC,positive,?,,,,,,,,,,,,,,,,,,,,,,,,,,,
171,case_21,2024-04-10 17:08:00.057465,complete,CRP,positive,A,YA,25.0,,780.0,,,,,,,,,,,,,,,,,,,,,,,
172,case_21,2024-04-10 18:07:27.057465,complete,CRP,positive,K,YA,21.0,,50.0,,,,,,,,,,,,,,,,,,,,,,,
173,case_21,2024-04-10 18:39:23.057465,complete,Admission NC,positive,C,,,,,,,,,,,,,,,,,,,,,,,,,,,
174,case_21,2024-04-10 20:05:02.057465,complete,CRP,positive,I,YB,20.0,,4119.0,,,,,,,,,,,,,,,,,,,,,,,
175,case_21,2024-04-10 21:16:43.057465,complete,CRP,positive,K,YD,20.0,,5595.0,,,,,,,,,,,,,,,,,,,,,,,
176,case_21,2024-04-10 22:13:57.057465,complete,Leucocytes,positive,K,YA,20.0,197.0,,,,,,,,,,,,,,,,,,,,,,,,
177,case_21,2024-04-10 22:51:26.057465,complete,ER Registration,positive,K,YA,23.0,,,,false,true,false,false,true,false,true,false,true,false,true,true,false,false,true,true,true,false,true,true,true,true
178,case_21,2024-04-10 23:41:18.057465,complete,Leucocytes,positive,K,YB,20.0,3472.0,,,,,,,,,,,,,,,,,,,,,,,,
179,case_21,2024-04-11 00:46:20.057465,complete,CRP,positive,L,YB,26.0,,52.0,,,,,,,,,,,,,,,,,,,,,,,
180,case_22,2024-04-10 15:50:42.057465,complete,CRP,positive,K,YA,24.0,,2955.0,,,,,,,,,,,,,,,,,,,,,,,
181,case_22,2024-04-10 16:49:39.057465,complete,Leucocytes,positive,J,YB,20.0,1988.0,,,,,,,,,,,,,,,,,,,,,,,,
182,case_22,2024-04-10 18:31:14.057465,complete,Admission NC,positive,J,,,,,,,,,,,,,,,,,,,,,,,,,,,
183,case_22,2024-04-10 19:26:48.057465,complete,CRP,positive,I,YA,23.0,,5131.0,,,,,,,,,,,,,,,,,,,,,,,
184,case_22,2024-04-10 20:09:08.057465,complete,Admission NC,positive,F,,,,,,,,,,,,,,,,,,,,,,,,,,,
185,case_22,2024-04-10 21:14:00.057465,complete,CRP,positive,A,YA,25.0,,388.0,,,,,,,,,,,,,,,,,,,,,,,
186,case_22,2024-04-10 22:12:25.057465,complete,Admission NC,positive,F,,,,,,,,,,,,,,,,,,,,,,,,,,,
187,case_22,2024-04-10 22:55:31.057465,complete,Leucocytes,positive,K,YA,21.0,172.0,,,,,,,,,,,,,,,,,,,,,,,,
188,case_22,2024-04-11 00:28:54.057465,complete,CRP,positive,L,YA,21.0,,50.0,,,,,,,,,,,,,,,,,,,,,,,
189,case_22,2024-04-11 01:10:16.057465,complete,Leucocytes,positive,L,YB,20.0,138.0,,,,,,,,,,,,,,,,,,,,,,,,
190,case_23,2024-04-10 16:09:19.057465,complete,Leucocytes,positive,?,YC,20.0,1381.0,,,,,,,,,,,,,,,,,,,,,,,,
191,case_23,2024-04-10 17:20:41.057465,complete,LacticAcid,positive,J,,,,,10.0,,,,,,,,,,,,,,,,,,,,,,
192,case_23,2024-04-10 17:55:10.057465,complete,CRP,positive,K,YA,21.0,,50.0,,,,,,,,,,,,,,,,,,,,,,,
193,case_23,2024-04-10 19:21:58.057465,complete,Leucocytes,positive,L,YB,21.0,138.0,,,,,,,,,,,,,,,,,,,,,,,,
194,case_23,2024-04-10 20:16:06.057465,complete,CRP,positive,K,YA,23.0,,50.0,,,,,,,,,,,,,,,,,,,,,,,
195,case_23,2024-04-10 21:13:04.057465,complete,CRP,positive,K,YA,20.0,,5595.0,,,,,,,,,,,,,,,,,,,,,,,
196,case_23,2024-04-10 22:22:10.057465,complete,Admission NC,positive,F,,,,,,,,,,,,,,,,,,,,,,,,,,,
197,case_23,2024-04-10 22:58:50.057465,complete,CRP,positive,K,YA,20.0,,50.0,,,,,,,,,,,,,,,,,,,,,,,
198,case_23,2024-04-11 00:14:55.057465,complete,Leucocytes,positive,?,YA,21.0,1337.0,,,,,,,,,,,,,,,,,,,,,,,,
199,case_23,2024-04-11 00:56:01.057465,complete,Admission NC,positive,L,,,,,,,,,,,,,,,,,,,,,,,,,,,
200,case_24,2024-04-10 15:55:01.057465,complete,IV Antibiotics,positive,L,,,,,,,,,,,,,,,,,,,,,,,,,,,
201,case_24,2024-04-10 16:53:27.057465,complete,ER Sepsis Triage,positive,L,YD,28.0,,,,,,,,,,,,,,,,,,,,,,,,,
202,case_24,2024-04-10 18:02:08.057465,complete,IV Antibiotics,positive,L,,,,,,,,,,,,,,,,,,,,,,,,,,,
203,case_24,2024-04-10 19:36:58.057465,complete,CRP,positive,K,YA,20.0,,2057.0,,,,,,,,,,,,,,,,,,,,,,,
204,case_24,2024-04-10 19:49:57.057465,complete,CRP,positive,L,YA,90.0,,50.0,,,,,,,,,,,,,,,,,,,,,,,
205,case_24,2024-04-10 20:58:44.057465,complete,Admission NC,positive,F,,,,,,,,,,,,,,,,,,,,,,,,,,,
206,case_24,2024-04-10 22:00:32.057465,complete,Admission NC,positive,A,,,,,,,,,,,,,,,,,,,,,,,,,,,
207,case_25,2024-04-10 16:26:21.057465,complete,CRP,positive,A,B,21.0,,3176.0,,,,,,,,,,,,,,,,,,,,,,,
208,case_25,2024-04-10 16:55:08.057465,complete,Leucocytes,positive,A,YA,22.0,181.0,,,,,,,,,,,,,,,,,,,,,,,,
209,case_25,2024-04-10 18:34:59.057465,complete,Leucocytes,positive,K,YA,22.0,138.0,,,,,,,,,,,,,,,,,,,,,,,,
210,case_25,2024-04-10 19:24:23.057465,complete,CRP,positive,K,YA,20.0,,5435.0,,,,,,,,,,,,,,,,,,,,,,,
211,case_25,2024-04-10 20:17:54.057465,complete,Admission NC,positive,J,,,,,,,,,,,,,,,,,,,,,,,,,,,
212,case_25,2024-04-10 21:14:27.057465,complete,Admission NC,positive,F,,,,,,,,,,,,,,,,,,,,,,,,,,,
213,case_25,2024-04-10 22:10:05.057465,complete,CRP,positive,E,HC,36.0,,1155.0,,,,,,,,,,,,,,,,,,,,,,,
214,case_26,2024-04-10 16:24:54.057465,complete,IV Antibiotics,positive,L,,,,,,,,,,,,,,,,,,,,,,,,,,,
215,case_26,2024-04-10 17:16:02.057465,complete,ER Sepsis Triage,positive,L,YC,28.0,,,,,,,,,,,,,,,,,,,,,,,,,
216,case_26,2024-04-10 18:01:32.057465,complete,IV Antibiotics,positive,L,,,,,,,,,,,,,,,,,,,,,,,,,,,
217,case_26,2024-04-10 18:55:34.057465,complete,CRP,positive,K,YA,90.0,,2057.0,,,,,,,,,,,,,,,,,,,,,,,
218,case_26,2024-04-10 19:47:00.057465,complete,Admission NC,positive,A,,,,,,,,,,,,,,,,,,,,,,,,,,,
219,case_26,2024-04-10 20:45:45.057465,complete,Admission NC,positive,F,,,,,,,,,,,,,,,,,,,,,,,,,,,
220,case_26,2024-04-10 22:33:22.057465,complete,IV Antibiotics,positive,L,,,,,,,,,,,,,,,,,,,,,,,,,,,
221,case_27,2024-04-10 16:30:45.057465,complete,CRP,positive,?,B,21.0,,50.0,,,,,,,,,,,,,,,,,,,,,,,
222,case_27,2024-04-10 16:43:25.057465,complete,Leucocytes,positive,A,YA,22.0,181.0,,,,,,,,,,,,,,,,,,,,,,,,
223,case_27,2024-04-10 18:08:56.057465,complete,CRP,positive,K,YA,22.0,,4280.0,,,,,,,,,,,,,,,,,,,,,,,
224,case_27,2024-04-10 19:32:28.057465,complete,CRP,positive,K,YA,20.0,,5435.0,,,,,,,,,,,,,,,,,,,,,,,
225,case_27,2024-04-10 20:26:55.057465,complete,Leucocytes,positive,L,YD,22.0,875.0,,,,,,,,,,,,,,,,,,,,,,,,
226,case_27,2024-04-10 20:58:30.057465,complete,Admission NC,positive,?,,,,,,,,,,,,,,,,,,,,,,,,,,,
227,case_27,2024-04-10 21:55:18.057465,complete,Admission NC,positive,F,,,,,,,,,,,,,,,,,,,,,,,,,,,
228,case_28,2024-04-10 16:00:52.057465,complete,LacticAcid,positive,L,,,,,2.0,,,,,,,,,,,,,,,,,,,,,,
229,case_28,2024-04-10 17:37:46.057465,complete,Leucocytes,positive,K,YC,27.0,139.0,,,,,,,,,,,,,,,,,,,,,,,,
230,case_28,2024-04-10 18:35:31.057465,complete,CRP,positive,K,YA,20.0,,52.0,,,,,,,,,,,,,,,,,,,,,,,
231,case_28,2024-04-10 18:48:38.057465,complete,Admission NC,positive,A,,,,,,,,,,,,,,,,,,,,,,,,,,,
232,case_28,2024-04-10 19:42:46.057465,complete,Admission NC,positive,F,,,,,,,,,,,,,,,,,,,,,,,,,,,
233,case_28,2024-04-10 20:48:49.057465,complete,CRP,positive,L,YA,24.0,,1691.0,,,,,,,,,,,,,,,,,,,,,,,
234,case_29,2024-04-10 16:22:01.057465,complete,CRP,positive,K,YA,20.0,,3688.0,,,,,,,,,,,,,,,,,,,,,,,
235,case_29,2024-04-10 16:48:08.057465,complete,Leucocytes,positive,A,YA,20.0,138.0,,,,,,,,,,,,,,,,,,,,,,,,
236,case_29,2024-04-10 18:06:21.057465,complete,Return ER,positive,?,,,,,,,,,,,,,,,,,,,,,,,,,,,
237,case_29,2024-04-10 18:41:03.057465,complete,CRP,positive,I,YA,20.0,,889.0,,,,,,,,,,,,,,,,,,,,,,,
238,case_29,2024-04-10 19:49:47.057465,complete,Admission NC,positive,J,,,,,,,,,,,,,,,,,,,,,,,,,,,
239,case_29,2024-04-10 20:43:54.057465,complete,Admission NC,positive,F,,,,,,,,,,,,,,,,,,,,,,,,,,,
