,case:concept:name,time:timestamp,lifecycle:transition,concept:name,case:label,org:group,Diagnose,Age,LacticAcid,Leucocytes,InfectionSuspected,DiagnosticBlood,DisfuncOrg,SIRSCritTachypnea,Hypotensie,SIRSCritHeartRate,Infusion,DiagnosticArtAstrup,DiagnosticIC,DiagnosticSputum,DiagnosticLiquor,DiagnosticOther,SIRSCriteria2OrMore,DiagnosticXthorax,SIRSCritTemperature,DiagnosticUrinaryCulture,SIRSCritLeucos,Oligurie,DiagnosticLacticAcid,Hypoxie,DiagnosticUrinarySediment,DiagnosticECG,CRP
0,case_0,2024-04-10 16:18:31.532158,complete,ER Triage,positive,C,HE,90.0,,,,,,,,,,,,,,,,,,,,,,,,,
1,case_0,2024-04-10 16:38:32.532158,complete,Return ER,positive,?,,,,,,,,,,,,,,,,,,,,,,,,,,,
2,case_0,2024-04-10 18:21:25.532158,complete,Admission IC,positive,?,,,,,,,,,,,,,,,,,,,,,,,,,,,
3,case_0,2024-04-10 19:26:12.532158,complete,Release A,positive,Y,,,,,,,,,,,,,,,,,,,,,,,,,,,
4,case_0,2024-04-10 20:10:46.532158,complete,Admission IC,positive,Y,,,,,,,,,,,,,,,,,,,,,,,,,,,
5,case_0,2024-04-10 21:21:50.532158,complete,Admission NC,positive,F,,,,,,,,,,,,,,,,,,,,,,,,,,,
6,case_0,2024-04-10 21:31:22.532158,complete,Admission IC,positive,Y,,,,,,,,,,,,,,,,,,,,,,,,,,,
7,case_0,2024-04-10 23:24:22.532158,complete,Admission IC,positive,Y,,,,,,,,,,,,,,,,,,,,,,,,,,,
8,case_0,2024-04-10 23:39:38.532158,complete,Admission NC,positive,J,,,,,,,,,,,,,,,,,,,,,,,,,,,
9,case_1,2024-04-10 15:36:35.532158,complete,IV Antibiotics,positive,K,,,,,,,,,,,,,,,,,,,,,,,,,,,
10,case_1,2024-04-10 16:47:34.532158,complete,IV Antibiotics,positive,L,,,,,,,,,,,,,,,,,,,,,,,,,,,
11,case_1,2024-04-10 18:26:33.532158,complete,ER Sepsis Triage,positive,L,YA,20.0,,,,,,,,,,,,,,,,,,,,,,,,,
12,case_1,2024-04-10 19:05:09.532158,complete,IV Antibiotics,positive,L,,,,,,,,,,,,,,,,,,,,,,,,,,,
13,case_1,2024-04-10 20:11:41.532158,complete,Admission NC,positive,J,,,,,,,,,,,,,,,,,,,,,,,,,,,
14,case_1,2024-04-10 21:18:36.532158,complete,Admission IC,positive,J,,,,,,,,,,,,,,,,,,,,,,,,,,,
15,case_1,2024-04-10 22:21:09.533153,complete,Admission NC,positive,J,,,,,,,,,,,,,,,,,,,,,,,,,,,
16,case_1,2024-04-10 23:08:56.533153,complete,LacticAcid,positive,K,,,4.0,,,,,,,,,,,,,,,,,,,,,,,,
17,case_1,2024-04-11 00:20:14.533153,complete,Leucocytes,positive,K,YA,20.0,,142.0,,,,,,,,,,,,,,,,,,,,,,,
18,case_2,2024-04-10 15:45:48.533153,complete,ER Triage,positive,C,HE,90.0,,,,,,,,,,,,,,,,,,,,,,,,,
19,case_2,2024-04-10 16:54:28.533153,complete,ER Sepsis Triage,positive,Y,HE,90.0,,,,,,,,,,,,,,,,,,,,,,,,,
20,case_2,2024-04-10 17:45:06.533153,complete,Leucocytes,positive,A,HE,90.0,,51.0,,,,,,,,,,,,,,,,,,,,,,,
21,case_2,2024-04-10 18:59:24.533153,complete,Admission NC,positive,J,,,,,,,,,,,,,,,,,,,,,,,,,,,
22,case_2,2024-04-10 20:25:30.533153,complete,Admission IC,positive,J,,,,,,,,,,,,,,,,,,,,,,,,,,,
23,case_2,2024-04-10 20:37:04.533153,complete,Admission NC,positive,J,,,,,,,,,,,,,,,,,,,,,,,,,,,
24,case_2,2024-04-10 21:34:40.533153,complete,Leucocytes,positive,Y,HE,90.0,,193.0,,,,,,,,,,,,,,,,,,,,,,,
25,case_2,2024-04-10 22:41:58.533153,complete,LacticAcid,positive,Y,,,8.0,,,,,,,,,,,,,,,,,,,,,,,,
26,case_2,2024-04-10 23:46:54.533153,complete,Leucocytes,positive,Y,XB,20.0,,154.0,,,,,,,,,,,,,,,,,,,,,,,
27,case_3,2024-04-10 16:09:47.533153,complete,ER Triage,positive,C,YA,20.0,,,,,,,,,,,,,,,,,,,,,,,,,
28,case_3,2024-04-10 16:58:57.533153,complete,ER Registration,positive,K,YA,20.0,,,true,true,false,false,false,true,true,false,true,true,false,false,true,true,true,true,false,true,true,false,false,true,
29,case_3,2024-04-10 17:48:34.533153,complete,IV Antibiotics,positive,L,,,,,,,,,,,,,,,,,,,,,,,,,,,
30,case_3,2024-04-10 19:11:11.533153,complete,ER Sepsis Triage,positive,L,YB,22.0,,,,,,,,,,,,,,,,,,,,,,,,,
31,case_3,2024-04-10 19:31:40.533153,complete,IV Antibiotics,positive,L,,,,,,,,,,,,,,,,,,,,,,,,,,,
32,case_3,2024-04-10 21:27:29.533216,complete,ER Sepsis Triage,positive,L,YA,20.0,,,,,,,,,,,,,,,,,,,,,,,,,
33,case_3,2024-04-10 21:56:32.533216,complete,IV Antibiotics,positive,L,,,,,,,,,,,,,,,,,,,,,,,,,,,
34,case_3,2024-04-10 23:17:02.533216,complete,Admission NC,positive,J,,,,,,,,,,,,,,,,,,,,,,,,,,,
35,case_3,2024-04-11 00:21:48.533216,complete,Admission NC,positive,J,,,,,,,,,,,,,,,,,,,,,,,,,,,
36,case_4,2024-04-10 16:01:41.533216,complete,ER Triage,positive,C,HE,90.0,,,,,,,,,,,,,,,,,,,,,,,,,
37,case_4,2024-04-10 17:20:37.533216,complete,Admission NC,positive,F,,,,,,,,,,,,,,,,,,,,,,,,,,,
38,case_4,2024-04-10 18:04:46.533216,complete,Admission NC,positive,F,,,,,,,,,,,,,,,,,,,,,,,,,,,
39,case_4,2024-04-10 19:06:09.533216,complete,IV Antibiotics,positive,L,,,,,,,,,,,,,,,,,,,,,,,,,,,
40,case_4,2024-04-10 19:37:54.533216,complete,IV Antibiotics,positive,L,,,,,,,,,,,,,,,,,,,,,,,,,,,
41,case_5,2024-04-10 16:16:28.533216,complete,ER Triage,positive,C,HE,90.0,,,,,,,,,,,,,,,,,,,,,,,,,
42,case_5,2024-04-10 16:42:19.533216,complete,Admission NC,positive,J,,,,,,,,,,,,,,,,,,,,,,,,,,,
43,case_5,2024-04-10 18:28:59.533216,complete,Admission NC,positive,F,,,,,,,,,,,,,,,,,,,,,,,,,,,
44,case_5,2024-04-10 19:06:08.533216,complete,IV Antibiotics,positive,L,,,,,,,,,,,,,,,,,,,,,,,,,,,
45,case_5,2024-04-10 20:18:34.533216,complete,IV Antibiotics,positive,L,,,,,,,,,,,,,,,,,,,,,,,,,,,
46,case_6,2024-04-10 15:35:45.533216,complete,ER Triage,positive,C,HE,90.0,,,,,,,,,,,,,,,,,,,,,,,,,
47,case_6,2024-04-10 16:50:04.533216,complete,Admission NC,positive,F,,,,,,,,,,,,,,,,,,,,,,,,,,,
48,case_6,2024-04-10 17:59:34.533216,complete,IV Antibiotics,positive,L,,,,,,,,,,,,,,,,,,,,,,,,,,,
49,case_6,2024-04-10 18:37:32.533216,complete,IV Antibiotics,positive,L,,,,,,,,,,,,,,,,,,,,,,,,,,,
50,case_6,2024-04-10 19:59:32.533216,complete,Admission NC,positive,J,,,,,,,,,,,,,,,,,,,,,,,,,,,
51,case_7,2024-04-10 15:36:56.533216,complete,ER Triage,positive,C,HE,43.0,,,,,,,,,,,,,,,,,,,,,,,,,
52,case_7,2024-04-10 16:52:23.533216,complete,Admission IC,positive,Y,,,,,,,,,,,,,,,,,,,,,,,,,,,
53,case_7,2024-04-10 18:07:01.533216,complete,Admission NC,positive,J,,,,,,,,,,,,,,,,,,,,,,,,,,,
54,case_7,2024-04-10 18:46:57.533216,complete,Admission NC,positive,J,,,,,,,,,,,,,,,,,,,,,,,,,,,
55,case_7,2024-04-10 20:11:35.533216,complete,CRP,positive,Y,HE,90.0,,,,,,,,,,,,,,,,,,,,,,,,,220.0
56,case_8,2024-04-10 15:47:32.533216,complete,ER Triage,positive,C,HE,43.0,,,,,,,,,,,,,,,,,,,,,,,,,
57,case_8,2024-04-10 17:23:37.533216,complete,Admission IC,positive,Y,,,,,,,,,,,,,,,,,,,,,,,,,,,
58,case_8,2024-04-10 18:13:34.533216,complete,Admission NC,positive,J,,,,,,,,,,,,,,,,,,,,,,,,,,,
59,case_8,2024-04-10 18:48:59.533216,complete,Admission NC,positive,J,,,,,,,,,,,,,,,,,,,,,,,,,,,
60,case_8,2024-04-10 20:26:58.533216,complete,CRP,positive,Y,HE,90.0,,,,,,,,,,,,,,,,,,,,,,,,,420.0
61,case_9,2024-04-10 15:44:47.533216,complete,ER Triage,positive,C,HE,43.0,,,,,,,,,,,,,,,,,,,,,,,,,
62,case_9,2024-04-10 16:44:41.533216,complete,Admission IC,positive,Y,,,,,,,,,,,,,,,,,,,,,,,,,,,
63,case_9,2024-04-10 18:27:36.533216,complete,Admission NC,positive,J,,,,,,,,,,,,,,,,,,,,,,,,,,,
64,case_9,2024-04-10 19:23:10.533216,complete,Admission NC,positive,J,,,,,,,,,,,,,,,,,,,,,,,,,,,
65,case_9,2024-04-10 20:06:06.533216,complete,CRP,positive,Y,HE,90.0,,,,,,,,,,,,,,,,,,,,,,,,,404.0
66,case_10,2024-04-10 16:20:52.533216,complete,ER Triage,positive,C,HE,43.0,,,,,,,,,,,,,,,,,,,,,,,,,
67,case_10,2024-04-10 17:08:26.533216,complete,Admission NC,positive,F,,,,,,,,,,,,,,,,,,,,,,,,,,,
68,case_10,2024-04-10 18:14:47.533216,complete,Admission NC,positive,J,,,,,,,,,,,,,,,,,,,,,,,,,,,
69,case_10,2024-04-10 19:19:01.533216,complete,CRP,positive,Y,HE,90.0,,,,,,,,,,,,,,,,,,,,,,,,,221.0
70,case_10,2024-04-10 20:19:30.533216,complete,CRP,positive,Y,HE,27.0,,,,,,,,,,,,,,,,,,,,,,,,,51.0
71,case_11,2024-04-10 15:53:57.533216,complete,ER Triage,positive,C,QB,52.0,,,,,,,,,,,,,,,,,,,,,,,,,
72,case_11,2024-04-10 17:00:42.533216,complete,Admission NC,positive,J,,,,,,,,,,,,,,,,,,,,,,,,,,,
73,case_11,2024-04-10 18:30:56.533216,complete,Admission NC,positive,J,,,,,,,,,,,,,,,,,,,,,,,,,,,
74,case_11,2024-04-10 18:58:01.533216,complete,Admission NC,positive,F,,,,,,,,,,,,,,,,,,,,,,,,,,,
75,case_11,2024-04-10 20:22:45.533216,complete,ER Triage,positive,C,YA,20.0,,,,,,,,,,,,,,,,,,,,,,,,,
76,case_12,2024-04-10 16:18:55.533216,complete,ER Triage,positive,C,HE,89.0,,,,,,,,,,,,,,,,,,,,,,,,,
77,case_12,2024-04-10 17:06:18.533216,complete,Admission NC,positive,J,,,,,,,,,,,,,,,,,,,,,,,,,,,
78,case_12,2024-04-10 17:32:12.533216,complete,Admission NC,positive,F,,,,,,,,,,,,,,,,,,,,,,,,,,,
79,case_12,2024-04-10 18:52:19.533216,complete,IV Antibiotics,positive,L,,,,,,,,,,,,,,,,,,,,,,,,,,,
80,case_12,2024-04-10 19:52:46.533216,complete,IV Antibiotics,positive,L,,,,,,,,,,,,,,,,,,,,,,,,,,,
81,case_13,2024-04-10 16:05:09.533216,complete,ER Triage,positive,C,HE,90.0,,,,,,,,,,,,,,,,,,,,,,,,,
82,case_13,2024-04-10 16:57:57.533216,complete,Return ER,positive,?,,,,,,,,,,,,,,,,,,,,,,,,,,,
83,case_13,2024-04-10 18:03:45.533216,complete,Return ER,positive,?,,,,,,,,,,,,,,,,,,,,,,,,,,,
84,case_13,2024-04-10 18:57:36.533216,complete,IV Antibiotics,positive,J,,,,,,,,,,,,,,,,,,,,,,,,,,,
85,case_13,2024-04-10 19:46:54.533216,complete,Admission NC,positive,J,,,,,,,,,,,,,,,,,,,,,,,,,,,
86,case_13,2024-04-10 21:13:23.533216,complete,Admission IC,positive,J,,,,,,,,,,,,,,,,,,,,,,,,,,,
87,case_13,2024-04-10 21:42:13.533216,complete,Admission NC,positive,J,,,,,,,,,,,,,,,,,,,,,,,,,,,
88,case_14,2024-04-10 15:49:13.533216,complete,ER Triage,positive,C,HE,90.0,,,,,,,,,,,,,,,,,,,,,,,,,
89,case_14,2024-04-10 17:18:35.533216,complete,IV Antibiotics,positive,Y,,,,,,,,,,,,,,,,,,,,,,,,,,,
90,case_14,2024-04-10 17:50:44.533216,complete,Return ER,positive,?,,,,,,,,,,,,,,,,,,,,,,,,,,,
91,case_14,2024-04-10 18:43:34.533216,complete,Admission NC,positive,J,,,,,,,,,,,,,,,,,,,,,,,,,,,
92,case_14,2024-04-10 20:17:42.533216,complete,Admission IC,positive,J,,,,,,,,,,,,,,,,,,,,,,,,,,,
93,case_14,2024-04-10 20:44:48.533216,complete,Admission NC,positive,J,,,,,,,,,,,,,,,,,,,,,,,,,,,
94,case_14,2024-04-10 22:16:47.533216,complete,Admission NC,positive,J,,,,,,,,,,,,,,,,,,,,,,,,,,,
95,case_15,2024-04-10 16:04:53.533216,complete,ER Triage,positive,C,HE,90.0,,,,,,,,,,,,,,,,,,,,,,,,,
96,case_15,2024-04-10 17:18:16.533216,complete,IV Liquid,positive,Y,HE,90.0,,,,,,,,,,,,,,,,,,,,,,,,,
97,case_15,2024-04-10 18:02:54.533216,complete,Return ER,positive,?,,,,,,,,,,,,,,,,,,,,,,,,,,,
98,case_15,2024-04-10 18:55:37.533216,complete,Admission NC,positive,F,,,,,,,,,,,,,,,,,,,,,,,,,,,
99,case_15,2024-04-10 19:32:17.533216,complete,Admission NC,positive,J,,,,,,,,,,,,,,,,,,,,,,,,,,,
100,case_15,2024-04-10 21:18:48.533216,complete,IV Antibiotics,positive,L,,,,,,,,,,,,,,,,,,,,,,,,,,,
101,case_15,2024-04-10 22:11:24.533216,complete,Return ER,positive,?,,,,,,,,,,,,,,,,,,,,,,,,,,,
102,case_16,2024-04-10 16:14:10.533216,complete,ER Triage,positive,C,HE,90.0,,,,,,,,,,,,,,,,,,,,,,,,,
103,case_16,2024-04-10 16:52:57.533216,complete,Admission IC,positive,Y,,,,,,,,,,,,,,,,,,,,,,,,,,,
104,case_16,2024-04-10 17:39:03.533216,complete,Return ER,positive,?,,,,,,,,,,,,,,,,,,,,,,,,,,,
105,case_16,2024-04-10 18:57:22.533216,complete,IV Liquid,positive,Y,HE,90.0,,,,,,,,,,,,,,,,,,,,,,,,,
106,case_16,2024-04-10 19:52:50.533216,complete,IV Liquid,positive,Y,HE,90.0,,,,,,,,,,,,,,,,,,,,,,,,,
107,case_16,2024-04-10 21:09:45.533216,complete,Admission NC,positive,J,,,,,,,,,,,,,,,,,,,,,,,,,,,
108,case_16,2024-04-10 22:09:57.533216,complete,Admission NC,positive,J,,,,,,,,,,,,,,,,,,,,,,,,,,,
109,case_17,2024-04-10 16:14:47.533216,complete,ER Triage,positive,C,HE,90.0,,,,,,,,,,,,,,,,,,,,,,,,,
110,case_17,2024-04-10 17:15:31.533216,complete,IV Liquid,positive,Y,HE,90.0,,,,,,,,,,,,,,,,,,,,,,,,,
111,case_17,2024-04-10 17:31:39.533216,complete,Admission NC,positive,J,,,,,,,,,,,,,,,,,,,,,,,,,,,
112,case_17,2024-04-10 18:47:57.533216,complete,Admission IC,positive,J,,,,,,,,,,,,,,,,,,,,,,,,,,,
113,case_17,2024-04-10 19:34:36.533216,complete,Admission NC,positive,J,,,,,,,,,,,,,,,,,,,,,,,,,,,
114,case_17,2024-04-10 21:29:19.533216,complete,Admission IC,positive,J,,,,,,,,,,,,,,,,,,,,,,,,,,,
115,case_17,2024-04-10 22:06:51.533216,complete,Admission NC,positive,J,,,,,,,,,,,,,,,,,,,,,,,,,,,
116,case_17,2024-04-10 23:19:03.533216,complete,Admission NC,positive,J,,,,,,,,,,,,,,,,,,,,,,,,,,,
117,case_18,2024-04-10 16:27:03.533216,complete,Admission NC,positive,J,,,,,,,,,,,,,,,,,,,,,,,,,,,
118,case_18,2024-04-10 17:00:43.533216,complete,Admission NC,positive,J,,,,,,,,,,,,,,,,,,,,,,,,,,,
119,case_18,2024-04-10 17:44:34.533216,complete,Admission IC,positive,J,,,,,,,,,,,,,,,,,,,,,,,,,,,
120,case_18,2024-04-10 18:56:25.533216,complete,Admission NC,positive,J,,,,,,,,,,,,,,,,,,,,,,,,,,,
121,case_18,2024-04-10 20:29:10.533216,complete,Return ER,positive,?,,,,,,,,,,,,,,,,,,,,,,,,,,,
122,case_18,2024-04-10 20:54:01.533216,complete,IV Liquid,positive,Y,HE,90.0,,,,,,,,,,,,,,,,,,,,,,,,,
123,case_18,2024-04-10 22:17:11.533216,complete,Release B,positive,E,,,,,,,,,,,,,,,,,,,,,,,,,,,
124,case_18,2024-04-10 22:54:20.533216,complete,Release B,positive,E,,,,,,,,,,,,,,,,,,,,,,,,,,,
125,case_19,2024-04-10 16:01:25.533216,complete,Admission NC,positive,J,,,,,,,,,,,,,,,,,,,,,,,,,,,
126,case_19,2024-04-10 17:18:34.533216,complete,Admission NC,positive,J,,,,,,,,,,,,,,,,,,,,,,,,,,,
127,case_19,2024-04-10 18:05:40.533216,complete,Admission IC,positive,J,,,,,,,,,,,,,,,,,,,,,,,,,,,
128,case_19,2024-04-10 18:33:45.533216,complete,Admission NC,positive,J,,,,,,,,,,,,,,,,,,,,,,,,,,,
129,case_19,2024-04-10 19:33:09.533216,complete,IV Liquid,positive,Y,HE,90.0,,,,,,,,,,,,,,,,,,,,,,,,,
130,case_19,2024-04-10 21:27:58.533216,complete,IV Liquid,positive,Y,HE,90.0,,,,,,,,,,,,,,,,,,,,,,,,,
131,case_19,2024-04-10 21:49:37.533216,complete,Release B,positive,E,,,,,,,,,,,,,,,,,,,,,,,,,,,
132,case_19,2024-04-10 23:17:59.533216,complete,Release B,positive,Y,,,,,,,,,,,,,,,,,,,,,,,,,,,
133,case_20,2024-04-10 15:32:51.533216,complete,ER Triage,positive,C,W,20.0,,,,,,,,,,,,,,,,,,,,,,,,,
134,case_20,2024-04-10 16:52:20.533216,complete,Admission NC,positive,F,,,,,,,,,,,,,,,,,,,,,,,,,,,
135,case_20,2024-04-10 17:47:34.533216,complete,ER Sepsis Triage,positive,I,YA,20.0,,,,,,,,,,,,,,,,,,,,,,,,,
136,case_20,2024-04-10 19:08:50.533216,complete,CRP,positive,K,YA,90.0,,,,,,,,,,,,,,,,,,,,,,,,,424.0
137,case_20,2024-04-10 20:01:20.533216,complete,Admission NC,positive,J,,,,,,,,,,,,,,,,,,,,,,,,,,,
138,case_20,2024-04-10 20:32:00.533216,complete,IV Antibiotics,positive,L,,,,,,,,,,,,,,,,,,,,,,,,,,,
139,case_20,2024-04-10 21:44:03.533216,complete,ER Sepsis Triage,positive,L,YB,21.0,,,,,,,,,,,,,,,,,,,,,,,,,
140,case_20,2024-04-10 23:19:07.533216,complete,IV Antibiotics,positive,L,,,,,,,,,,,,,,,,,,,,,,,,,,,
141,case_21,2024-04-10 16:12:59.533216,complete,ER Triage,positive,C,QB,20.0,,,,,,,,,,,,,,,,,,,,,,,,,
142,case_21,2024-04-10 17:15:16.533216,complete,Admission IC,positive,K,,,,,,,,,,,,,,,,,,,,,,,,,,,
143,case_21,2024-04-10 18:23:43.533216,complete,Admission IC,positive,K,,,,,,,,,,,,,,,,,,,,,,,,,,,
144,case_21,2024-04-10 18:45:28.533216,complete,Admission IC,positive,K,,,,,,,,,,,,,,,,,,,,,,,,,,,
145,case_21,2024-04-10 20:13:37.533216,complete,Admission NC,positive,J,,,,,,,,,,,,,,,,,,,,,,,,,,,
146,case_21,2024-04-10 21:14:00.533216,complete,Admission NC,positive,J,,,,,,,,,,,,,,,,,,,,,,,,,,,
147,case_21,2024-04-10 21:45:54.533216,complete,CRP,positive,K,YA,20.0,,,,,,,,,,,,,,,,,,,,,,,,,60.0
148,case_21,2024-04-10 23:12:24.533216,complete,Admission NC,positive,J,,,,,,,,,,,,,,,,,,,,,,,,,,,
149,case_22,2024-04-10 16:19:12.533216,complete,ER Triage,positive,C,HE,90.0,,,,,,,,,,,,,,,,,,,,,,,,,
150,case_22,2024-04-10 17:19:46.533216,complete,ER Triage,positive,C,HE,90.0,,,,,,,,,,,,,,,,,,,,,,,,,
151,case_22,2024-04-10 18:26:20.533216,complete,IV Antibiotics,positive,L,,,,,,,,,,,,,,,,,,,,,,,,,,,
152,case_22,2024-04-10 18:39:52.533216,complete,Admission NC,positive,F,,,,,,,,,,,,,,,,,,,,,,,,,,,
153,case_22,2024-04-10 19:47:58.533216,complete,Admission NC,positive,F,,,,,,,,,,,,,,,,,,,,,,,,,,,
154,case_22,2024-04-10 21:08:17.533216,complete,Admission NC,positive,J,,,,,,,,,,,,,,,,,,,,,,,,,,,
155,case_22,2024-04-10 21:48:07.533216,complete,Admission NC,positive,J,,,,,,,,,,,,,,,,,,,,,,,,,,,
156,case_22,2024-04-10 23:17:55.533216,complete,IV Antibiotics,positive,L,,,,,,,,,,,,,,,,,,,,,,,,,,,
157,case_22,2024-04-11 00:16:07.533216,complete,IV Antibiotics,positive,L,,,,,,,,,,,,,,,,,,,,,,,,,,,
158,case_22,2024-04-11 01:17:19.533216,complete,IV Antibiotics,positive,L,,,,,,,,,,,,,,,,,,,,,,,,,,,
159,case_23,2024-04-10 15:42:41.533216,complete,ER Triage,positive,C,HE,90.0,,,,,,,,,,,,,,,,,,,,,,,,,
160,case_23,2024-04-10 16:55:50.533216,complete,LacticAcid,positive,Y,,,8.0,,,,,,,,,,,,,,,,,,,,,,,,
161,case_23,2024-04-10 17:32:47.533216,complete,Leucocytes,positive,Y,HE,90.0,,2041.0,,,,,,,,,,,,,,,,,,,,,,,
162,case_23,2024-04-10 19:01:29.533216,complete,Admission NC,positive,J,,,,,,,,,,,,,,,,,,,,,,,,,,,
163,case_23,2024-04-10 19:46:53.533216,complete,Release B,positive,E,,,,,,,,,,,,,,,,,,,,,,,,,,,
164,case_23,2024-04-10 20:55:59.533216,complete,Release B,positive,E,,,,,,,,,,,,,,,,,,,,,,,,,,,
165,case_23,2024-04-10 22:29:33.533216,complete,Release B,positive,E,,,,,,,,,,,,,,,,,,,,,,,,,,,
166,case_23,2024-04-10 23:01:02.533216,complete,IV Antibiotics,positive,L,,,,,,,,,,,,,,,,,,,,,,,,,,,
167,case_23,2024-04-10 23:40:56.533216,complete,Admission NC,positive,F,,,,,,,,,,,,,,,,,,,,,,,,,,,
168,case_23,2024-04-11 00:41:54.533216,complete,ER Registration,positive,Y,HE,90.0,,,false,false,true,false,true,false,false,true,false,false,true,true,false,false,false,false,true,true,false,true,false,false,
169,case_24,2024-04-10 15:44:55.533216,complete,ER Triage,positive,C,HE,90.0,,,,,,,,,,,,,,,,,,,,,,,,,
170,case_24,2024-04-10 17:26:53.533216,complete,ER Triage,positive,C,HE,89.0,,,,,,,,,,,,,,,,,,,,,,,,,
171,case_24,2024-04-10 18:30:02.533216,complete,IV Antibiotics,positive,L,,,,,,,,,,,,,,,,,,,,,,,,,,,
172,case_24,2024-04-10 18:33:53.533216,complete,Admission NC,positive,F,,,,,,,,,,,,,,,,,,,,,,,,,,,
173,case_24,2024-04-10 20:28:17.533216,complete,Admission NC,positive,F,,,,,,,,,,,,,,,,,,,,,,,,,,,
174,case_24,2024-04-10 21:09:41.533216,complete,Admission NC,positive,J,,,,,,,,,,,,,,,,,,,,,,,,,,,
175,case_24,2024-04-10 21:50:15.533216,complete,Admission NC,positive,J,,,,,,,,,,,,,,,,,,,,,,,,,,,
176,case_24,2024-04-10 23:10:14.533216,complete,IV Antibiotics,positive,L,,,,,,,,,,,,,,,,,,,,,,,,,,,
177,case_24,2024-04-11 00:15:44.533216,complete,IV Antibiotics,positive,L,,,,,,,,,,,,,,,,,,,,,,,,,,,
178,case_24,2024-04-11 00:34:56.533216,complete,IV Antibiotics,positive,L,,,,,,,,,,,,,,,,,,,,,,,,,,,
179,case_25,2024-04-10 15:34:42.533216,complete,Admission NC,positive,A,,,,,,,,,,,,,,,,,,,,,,,,,,,
180,case_25,2024-04-10 16:32:08.533216,complete,ER Sepsis Triage,positive,A,YA,20.0,,,,,,,,,,,,,,,,,,,,,,,,,
181,case_25,2024-04-10 17:46:55.533216,complete,Leucocytes,positive,A,YA,20.0,,139.0,,,,,,,,,,,,,,,,,,,,,,,
182,case_25,2024-04-10 19:11:29.533216,complete,LacticAcid,positive,I,,,27.0,,,,,,,,,,,,,,,,,,,,,,,,
183,case_25,2024-04-10 19:47:34.533216,complete,Return ER,positive,?,,,,,,,,,,,,,,,,,,,,,,,,,,,
184,case_25,2024-04-10 20:48:45.533216,complete,Release A,positive,E,,,,,,,,,,,,,,,,,,,,,,,,,,,
185,case_25,2024-04-10 22:03:35.533216,complete,Return ER,positive,?,,,,,,,,,,,,,,,,,,,,,,,,,,,
186,case_25,2024-04-10 22:48:09.533216,complete,ER Registration,positive,K,YA,20.0,,,true,true,false,true,false,true,true,false,true,true,false,false,true,true,false,true,false,false,true,false,true,true,
187,case_25,2024-04-10 23:39:47.533216,complete,Admission NC,positive,F,,,,,,,,,,,,,,,,,,,,,,,,,,,
188,case_25,2024-04-11 01:24:35.533216,complete,Release A,positive,K,,,,,,,,,,,,,,,,,,,,,,,,,,,
189,case_26,2024-04-10 16:04:15.533216,complete,ER Triage,positive,C,HE,86.0,,,,,,,,,,,,,,,,,,,,,,,,,
190,case_26,2024-04-10 16:31:18.533216,complete,Admission NC,positive,J,,,,,,,,,,,,,,,,,,,,,,,,,,,
191,case_26,2024-04-10 18:29:59.533216,complete,Admission NC,positive,F,,,,,,,,,,,,,,,,,,,,,,,,,,,
192,case_26,2024-04-10 19:18:15.533216,complete,Admission NC,positive,J,,,,,,,,,,,,,,,,,,,,,,,,,,,
193,case_26,2024-04-10 19:46:19.533216,complete,Admission IC,positive,J,,,,,,,,,,,,,,,,,,,,,,,,,,,
194,case_26,2024-04-10 20:57:42.533216,complete,Admission NC,positive,J,,,,,,,,,,,,,,,,,,,,,,,,,,,
195,case_27,2024-04-10 16:03:12.533216,complete,ER Triage,positive,C,HE,86.0,,,,,,,,,,,,,,,,,,,,,,,,,
196,case_27,2024-04-10 17:22:45.533216,complete,IV Liquid,positive,J,HE,90.0,,,,,,,,,,,,,,,,,,,,,,,,,
197,case_27,2024-04-10 18:07:32.533216,complete,Admission NC,positive,J,,,,,,,,,,,,,,,,,,,,,,,,,,,
198,case_27,2024-04-10 19:00:42.533216,complete,Admission IC,positive,J,,,,,,,,,,,,,,,,,,,,,,,,,,,
199,case_27,2024-04-10 19:54:03.533216,complete,Admission NC,positive,J,,,,,,,,,,,,,,,,,,,,,,,,,,,
200,case_27,2024-04-10 21:17:06.533216,complete,IV Antibiotics,positive,J,,,,,,,,,,,,,,,,,,,,,,,,,,,
201,case_28,2024-04-10 16:12:02.533216,complete,ER Triage,positive,C,HE,74.0,,,,,,,,,,,,,,,,,,,,,,,,,
202,case_28,2024-04-10 16:42:16.533216,complete,Admission NC,positive,J,,,,,,,,,,,,,,,,,,,,,,,,,,,
203,case_28,2024-04-10 17:35:01.533216,complete,Admission NC,positive,F,,,,,,,,,,,,,,,,,,,,,,,,,,,
204,case_28,2024-04-10 18:50:08.533216,complete,IV Antibiotics,positive,L,,,,,,,,,,,,,,,,,,,,,,,,,,,
205,case_28,2024-04-10 19:34:32.533216,complete,IV Antibiotics,positive,L,,,,,,,,,,,,,,,,,,,,,,,,,,,
206,case_28,2024-04-10 21:22:50.533216,complete,IV Antibiotics,positive,L,,,,,,,,,,,,,,,,,,,,,,,,,,,
207,case_29,2024-04-10 16:30:22.533216,complete,ER Triage,positive,C,HE,86.0,,,,,,,,,,,,,,,,,,,,,,,,,
208,case_29,2024-04-10 16:44:48.533216,complete,Admission NC,positive,J,,,,,,,,,,,,,,,,,,,,,,,,,,,
209,case_29,2024-04-10 17:57:10.533216,complete,Admission NC,positive,J,,,,,,,,,,,,,,,,,,,,,,,,,,,
210,case_29,2024-04-10 18:50:07.533216,complete,LacticAcid,positive,Y,,,8.0,,,,,,,,,,,,,,,,,,,,,,,,
211,case_29,2024-04-10 20:03:00.533216,complete,Leucocytes,positive,Y,HE,90.0,,451.0,,,,,,,,,,,,,,,,,,,,,,,
212,case_29,2024-04-10 21:19:24.533216,complete,LacticAcid,positive,Y,,,149.0,,,,,,,,,,,,,,,,,,,,,,,,
