,case:concept:name,time:timestamp,lifecycle:transition,concept:name,case:label,org:group,Diagnose,Age,Leucocytes,LacticAcid,CRP
0,case_0,2024-04-10 15:56:03.176003,complete,ER Triage,positive,C,R,20.0,,,
1,case_0,2024-04-10 16:50:02.176003,complete,Leucocytes,positive,K,YA,20.0,848.0,,
2,case_0,2024-04-10 18:06:38.176003,complete,LacticAcid,positive,I,,,,2.0,
3,case_0,2024-04-10 18:50:56.176003,complete,Leucocytes,positive,?,YD,20.0,138.0,,
4,case_0,2024-04-10 20:18:20.176003,complete,CRP,positive,L,YA,20.0,,,3003.0
5,case_0,2024-04-10 21:20:08.176003,complete,Admission NC,positive,F,,,,,
6,case_0,2024-04-10 21:56:59.176003,complete,Admission NC,positive,A,,,,,
7,case_0,2024-04-10 23:30:08.176003,complete,LacticAcid,positive,K,,,,8.0,
8,case_0,2024-04-10 23:46:27.176003,complete,Leucocytes,positive,I,QB,20.0,138.0,,
9,case_1,2024-04-10 16:09:34.176003,complete,ER Triage,positive,?,R,21.0,,,
10,case_1,2024-04-10 17:09:33.176003,complete,CRP,positive,I,YA,20.0,,,3145.0
11,case_1,2024-04-10 17:34:52.176003,complete,Leucocytes,positive,K,YA,20.0,138.0,,
12,case_1,2024-04-10 19:07:20.176003,complete,Leucocytes,positive,L,YA,20.0,138.0,,
13,case_1,2024-04-10 19:55:54.176003,complete,Leucocytes,positive,I,YB,21.0,138.0,,
14,case_1,2024-04-10 20:51:30.176003,complete,Admission NC,positive,F,,,,,
15,case_1,2024-04-10 22:26:40.176003,complete,Admission NC,positive,J,,,,,
16,case_1,2024-04-10 22:44:22.176003,complete,Leucocytes,positive,I,YA,20.0,2947.0,,
17,case_1,2024-04-11 00:09:51.176003,complete,LacticAcid,positive,?,,,,16.0,
18,case_2,2024-04-10 16:14:58.176003,complete,ER Triage,positive,C,B,21.0,,,
19,case_2,2024-04-10 16:45:31.176003,complete,Leucocytes,positive,A,YA,20.0,1428.0,,
20,case_2,2024-04-10 17:45:30.176003,complete,Leucocytes,positive,K,YA,20.0,138.0,,
21,case_2,2024-04-10 18:31:35.176003,complete,CRP,positive,?,QB,22.0,,,3573.0
22,case_2,2024-04-10 19:39:36.176003,complete,Leucocytes,positive,A,YC,20.0,138.0,,
23,case_2,2024-04-10 21:15:35.176003,complete,Admission NC,positive,J,,,,,
24,case_2,2024-04-10 22:11:24.176003,complete,Admission NC,positive,J,,,,,
25,case_3,2024-04-10 16:02:53.176003,complete,ER Triage,positive,C,B,22.0,,,
26,case_3,2024-04-10 17:29:38.176003,complete,CRP,positive,I,YC,20.0,,,1074.0
27,case_3,2024-04-10 17:48:12.176003,complete,Leucocytes,positive,K,YA,20.0,139.0,,
28,case_3,2024-04-10 19:05:58.176003,complete,CRP,positive,K,YD,25.0,,,2828.0
29,case_3,2024-04-10 20:18:38.176003,complete,Admission NC,positive,L,,,,,
30,case_3,2024-04-10 21:02:46.176003,complete,Leucocytes,positive,A,YA,21.0,107.0,,
31,case_3,2024-04-10 21:36:34.176003,complete,Admission NC,positive,J,,,,,
32,case_4,2024-04-10 15:35:14.176003,complete,ER Triage,positive,C,YB,23.0,,,
33,case_4,2024-04-10 17:24:48.176003,complete,Admission NC,positive,E,,,,,
34,case_4,2024-04-10 18:28:15.176003,complete,LacticAcid,positive,?,,,,2.0,
35,case_4,2024-04-10 18:37:20.176003,complete,Leucocytes,positive,K,YC,20.0,138.0,,
36,case_4,2024-04-10 20:13:24.176003,complete,CRP,positive,K,YA,25.0,,,3708.0
37,case_4,2024-04-10 21:22:13.176003,complete,CRP,positive,K,YB,21.0,,,53.0
38,case_4,2024-04-10 22:28:04.176003,complete,Admission NC,positive,J,,,,,
39,case_5,2024-04-10 15:53:01.176003,complete,ER Triage,positive,C,B,20.0,,,
40,case_5,2024-04-10 17:12:12.176003,complete,Admission NC,positive,J,,,,,
41,case_5,2024-04-10 18:16:20.176003,complete,CRP,positive,I,YA,20.0,,,50.0
42,case_5,2024-04-10 18:40:31.176003,complete,CRP,positive,K,YA,20.0,,,2828.0
43,case_5,2024-04-10 20:18:56.176003,complete,Leucocytes,positive,?,QB,22.0,139.0,,
44,case_5,2024-04-10 21:24:41.176003,complete,Leucocytes,positive,A,YA,21.0,138.0,,
45,case_5,2024-04-10 22:21:15.176003,complete,Admission NC,positive,F,,,,,
46,case_6,2024-04-10 16:11:25.176003,complete,CRP,positive,K,YC,21.0,,,3112.0
47,case_6,2024-04-10 17:09:40.176003,complete,Leucocytes,positive,A,YA,20.0,139.0,,
48,case_6,2024-04-10 17:32:42.176003,complete,Admission NC,positive,F,,,,,
49,case_6,2024-04-10 18:37:08.176003,complete,CRP,positive,K,YA,20.0,,,3573.0
50,case_6,2024-04-10 19:53:43.176003,complete,Leucocytes,positive,?,QB,22.0,138.0,,
51,case_6,2024-04-10 20:59:20.176003,complete,CRP,positive,A,YA,21.0,,,50.0
52,case_6,2024-04-10 22:26:09.176003,complete,Admission NC,positive,?,,,,,
53,case_7,2024-04-10 15:53:36.176003,complete,ER Triage,positive,C,QA,22.0,,,
54,case_7,2024-04-10 17:00:11.176003,complete,Leucocytes,positive,K,YB,22.0,1428.0,,
55,case_7,2024-04-10 18:17:30.176003,complete,Admission NC,positive,F,,,,,
56,case_7,2024-04-10 19:03:52.176003,complete,CRP,positive,K,YA,20.0,,,3573.0
57,case_7,2024-04-10 19:53:14.176003,complete,CRP,positive,K,YA,23.0,,,50.0
58,case_7,2024-04-10 21:20:25.176003,complete,Leucocytes,positive,J,YC,22.0,138.0,,
59,case_7,2024-04-10 21:33:59.176003,complete,Admission NC,positive,A,,,,,
60,case_8,2024-04-10 15:58:27.176003,complete,ER Triage,positive,C,K,20.0,,,
61,case_8,2024-04-10 17:10:31.176003,complete,CRP,positive,I,YC,20.0,,,2109.0
62,case_8,2024-04-10 18:02:58.176003,complete,Leucocytes,positive,K,YA,20.0,138.0,,
63,case_8,2024-04-10 18:53:20.176003,complete,Leucocytes,positive,K,YD,25.0,138.0,,
64,case_8,2024-04-10 20:26:28.176003,complete,Leucocytes,positive,A,YC,20.0,138.0,,
65,case_8,2024-04-10 20:31:44.176003,complete,Admission NC,positive,J,,,,,
66,case_8,2024-04-10 21:36:00.176003,complete,Admission NC,positive,J,,,,,
67,case_8,2024-04-10 22:32:06.176003,complete,LacticAcid,positive,I,,,,9.0,
68,case_9,2024-04-10 15:54:38.176003,complete,ER Triage,positive,C,K,20.0,,,
69,case_9,2024-04-10 17:12:06.176003,complete,Leucocytes,positive,?,YA,20.0,2195.0,,
70,case_9,2024-04-10 17:33:08.176003,complete,Leucocytes,positive,K,YA,20.0,138.0,,
71,case_9,2024-04-10 19:14:19.176003,complete,Leucocytes,positive,?,QB,22.0,138.0,,
72,case_9,2024-04-10 19:57:51.176003,complete,Leucocytes,positive,A,YA,21.0,138.0,,
73,case_9,2024-04-10 21:22:52.176003,complete,CRP,positive,I,QD,20.0,,,2789.0
74,case_9,2024-04-10 22:30:52.176003,complete,Admission NC,positive,J,,,,,
75,case_9,2024-04-10 23:11:42.176003,complete,Admission NC,positive,J,,,,,
76,case_10,2024-04-10 15:59:49.176003,complete,ER Triage,positive,C,K,21.0,,,
77,case_10,2024-04-10 17:29:00.176003,complete,CRP,positive,K,YA,20.0,,,2109.0
78,case_10,2024-04-10 17:43:29.176003,complete,Leucocytes,positive,K,YA,21.0,138.0,,
79,case_10,2024-04-10 18:44:54.176003,complete,Leucocytes,positive,J,YC,22.0,138.0,,
80,case_10,2024-04-10 20:26:15.176003,complete,Leucocytes,positive,K,YB,21.0,138.0,,
81,case_10,2024-04-10 20:45:22.176003,complete,CRP,positive,E,YA,20.0,,,50.0
82,case_10,2024-04-10 21:54:43.176003,complete,Admission NC,positive,F,,,,,
83,case_10,2024-04-10 23:01:24.176003,complete,Admission NC,positive,F,,,,,
84,case_11,2024-04-10 15:33:13.176003,complete,ER Triage,positive,C,K,20.0,,,
85,case_11,2024-04-10 17:10:22.176003,complete,CRP,positive,?,YA,20.0,,,2109.0
86,case_11,2024-04-10 17:40:45.176003,complete,Leucocytes,positive,K,YA,20.0,138.0,,
87,case_11,2024-04-10 19:17:43.176003,complete,Leucocytes,positive,?,QB,22.0,138.0,,
88,case_11,2024-04-10 19:40:54.176003,complete,Leucocytes,positive,A,YA,21.0,138.0,,
89,case_11,2024-04-10 20:32:48.176003,complete,CRP,positive,I,QD,20.0,,,2789.0
90,case_11,2024-04-10 21:44:17.176003,complete,Admission NC,positive,J,,,,,
91,case_11,2024-04-10 23:28:03.176003,complete,Admission NC,positive,J,,,,,
92,case_12,2024-04-10 15:35:04.176003,complete,CRP,positive,?,K,20.0,,,3623.0
93,case_12,2024-04-10 16:47:48.176003,complete,CRP,positive,K,YA,20.0,,,2109.0
94,case_12,2024-04-10 17:51:58.176003,complete,Leucocytes,positive,K,YB,25.0,138.0,,
95,case_12,2024-04-10 18:31:55.176003,complete,Leucocytes,positive,A,YC,20.0,138.0,,
96,case_12,2024-04-10 19:39:52.176003,complete,Leucocytes,positive,I,YB,27.0,138.0,,
97,case_12,2024-04-10 20:38:46.176003,complete,CRP,positive,K,YA,22.0,,,50.0
98,case_12,2024-04-10 21:32:51.176003,complete,Admission NC,positive,J,,,,,
99,case_12,2024-04-10 23:14:00.176003,complete,Admission NC,positive,F,,,,,
100,case_13,2024-04-10 16:21:57.176003,complete,Leucocytes,positive,K,YA,20.0,3706.0,,
101,case_13,2024-04-10 16:46:44.176003,complete,CRP,positive,K,YA,20.0,,,50.0
102,case_13,2024-04-10 17:44:59.176003,complete,CRP,positive,A,YA,20.0,,,50.0
103,case_13,2024-04-10 19:17:48.176003,complete,Admission NC,positive,F,,,,,
104,case_13,2024-04-10 20:20:28.176003,complete,Admission NC,positive,A,,,,,
105,case_14,2024-04-10 15:41:45.176003,complete,ER Triage,positive,C,YA,21.0,,,
106,case_14,2024-04-10 16:49:38.176003,complete,Leucocytes,positive,K,YB,22.0,138.0,,
107,case_14,2024-04-10 18:12:47.176003,complete,Admission NC,positive,F,,,,,
108,case_14,2024-04-10 18:47:42.176003,complete,CRP,positive,K,YA,20.0,,,1794.0
109,case_14,2024-04-10 19:58:21.176003,complete,Admission NC,positive,J,,,,,
110,case_15,2024-04-10 15:40:34.176003,complete,ER Triage,positive,C,YA,20.0,,,
111,case_15,2024-04-10 16:34:04.176003,complete,CRP,positive,L,YC,20.0,,,51.0
112,case_15,2024-04-10 17:37:52.176003,complete,CRP,positive,I,YC,20.0,,,3183.0
113,case_15,2024-04-10 19:01:00.176003,complete,Admission NC,positive,J,,,,,
114,case_15,2024-04-10 19:46:50.176003,complete,Admission NC,positive,J,,,,,
115,case_16,2024-04-10 15:52:31.176003,complete,CRP,positive,K,YB,20.0,,,2092.0
116,case_16,2024-04-10 16:51:20.176003,complete,Admission NC,positive,F,,,,,
117,case_16,2024-04-10 17:59:08.176003,complete,CRP,positive,L,YC,20.0,,,3183.0
118,case_16,2024-04-10 18:37:40.176003,complete,Admission NC,positive,F,,,,,
119,case_16,2024-04-10 19:53:23.176003,complete,CRP,positive,I,YC,20.0,,,50.0
120,case_17,2024-04-10 16:12:37.176003,complete,ER Triage,positive,C,YB,43.0,,,
121,case_17,2024-04-10 16:33:47.176003,complete,CRP,positive,K,YC,20.0,,,850.0
122,case_17,2024-04-10 17:53:06.176003,complete,CRP,positive,I,YB,21.0,,,50.0
123,case_17,2024-04-10 18:57:48.176003,complete,Admission NC,positive,C,,,,,
124,case_17,2024-04-10 20:25:52.176003,complete,Admission NC,positive,J,,,,,
125,case_18,2024-04-10 16:27:28.176003,complete,ER Triage,positive,K,QB,20.0,,,
126,case_18,2024-04-10 16:56:54.176003,complete,CRP,positive,J,YA,28.0,,,51.0
127,case_18,2024-04-10 18:22:24.176003,complete,CRP,positive,I,YA,22.0,,,2191.0
128,case_18,2024-04-10 19:12:53.176003,complete,Admission NC,positive,J,,,,,
129,case_18,2024-04-10 20:12:18.176003,complete,Admission NC,positive,J,,,,,
130,case_19,2024-04-10 16:26:19.176003,complete,ER Triage,positive,C,IE,21.0,,,
131,case_19,2024-04-10 16:53:56.176003,complete,Admission NC,positive,A,,,,,
132,case_19,2024-04-10 17:33:26.176003,complete,CRP,positive,K,YB,21.0,,,3183.0
133,case_19,2024-04-10 18:39:12.176003,complete,Admission NC,positive,F,,,,,
134,case_19,2024-04-10 20:09:43.176003,complete,Admission IC,positive,E,,,,,
135,case_20,2024-04-10 16:15:01.176003,complete,ER Triage,positive,C,YA,43.0,,,
136,case_20,2024-04-10 16:42:17.176003,complete,Leucocytes,positive,K,YB,24.0,1749.0,,
137,case_20,2024-04-10 17:33:37.176003,complete,Release B,positive,A,,,,,
138,case_20,2024-04-10 18:57:24.176003,complete,Admission NC,positive,A,,,,,
139,case_20,2024-04-10 20:22:02.176003,complete,Admission NC,positive,F,,,,,
140,case_21,2024-04-10 16:25:45.176003,complete,ER Triage,positive,C,YA,20.0,,,
141,case_21,2024-04-10 16:56:53.176003,complete,Release B,positive,E,,,,,
142,case_21,2024-04-10 17:59:11.176003,complete,Admission NC,positive,J,,,,,
143,case_21,2024-04-10 18:56:31.176003,complete,Admission NC,positive,J,,,,,
144,case_21,2024-04-10 19:43:23.176003,complete,LacticAcid,positive,A,,,,8.0,
145,case_21,2024-04-10 21:17:14.176003,complete,Leucocytes,positive,I,YA,20.0,140.0,,
146,case_21,2024-04-10 21:40:14.176003,complete,LacticAcid,positive,K,,,,5.0,
147,case_21,2024-04-10 22:50:10.176003,complete,Leucocytes,positive,K,YD,20.0,138.0,,
148,case_21,2024-04-11 00:14:05.176003,complete,Leucocytes,positive,K,YD,20.0,1558.0,,
149,case_21,2024-04-11 01:13:07.176003,complete,CRP,positive,K,QD,23.0,,,51.0
150,case_22,2024-04-10 16:22:15.176003,complete,ER Triage,positive,C,YB,23.0,,,
151,case_22,2024-04-10 17:10:54.176003,complete,CRP,positive,I,YB,20.0,,,50.0
152,case_22,2024-04-10 18:09:24.176003,complete,Admission NC,positive,?,,,,,
153,case_22,2024-04-10 18:37:50.176003,complete,Admission NC,positive,F,,,,,
154,case_22,2024-04-10 20:15:49.176003,complete,LacticAcid,positive,I,,,,8.0,
155,case_22,2024-04-10 20:31:30.176003,complete,Leucocytes,positive,J,YA,20.0,138.0,,
156,case_22,2024-04-10 21:54:59.176003,complete,LacticAcid,positive,I,,,,6.0,
157,case_22,2024-04-10 23:30:04.176003,complete,Leucocytes,positive,K,YA,20.0,138.0,,
158,case_22,2024-04-10 23:42:33.176003,complete,LacticAcid,positive,I,,,,8.0,
159,case_22,2024-04-11 00:55:29.176003,complete,Leucocytes,positive,K,YB,20.0,141.0,,
160,case_23,2024-04-10 16:16:26.176003,complete,ER Triage,positive,C,YC,21.0,,,
161,case_23,2024-04-10 17:10:37.176003,complete,Admission NC,positive,J,,,,,
162,case_23,2024-04-10 18:23:07.176003,complete,Admission IC,positive,J,,,,,
163,case_23,2024-04-10 19:03:17.176003,complete,Admission NC,positive,J,,,,,
164,case_23,2024-04-10 19:32:10.176003,complete,CRP,positive,J,YB,20.0,,,4097.0
165,case_23,2024-04-10 21:28:38.176003,complete,Admission NC,positive,J,,,,,
166,case_23,2024-04-10 21:50:58.176003,complete,Admission IC,positive,J,,,,,
167,case_23,2024-04-10 23:10:57.176003,complete,Admission NC,positive,J,,,,,
168,case_23,2024-04-10 23:32:27.176003,complete,Admission NC,positive,J,,,,,
169,case_23,2024-04-11 01:17:46.176003,complete,Admission NC,positive,F,,,,,
170,case_24,2024-04-10 16:00:40.176003,complete,Admission NC,positive,F,,,,,
171,case_24,2024-04-10 16:47:40.176003,complete,LacticAcid,positive,K,,,,4.0,
172,case_24,2024-04-10 17:40:46.176003,complete,Leucocytes,positive,K,YA,20.0,138.0,,
173,case_24,2024-04-10 19:17:06.176003,complete,LacticAcid,positive,K,,,,4.0,
174,case_24,2024-04-10 20:08:11.176003,complete,Leucocytes,positive,K,YA,20.0,138.0,,
175,case_24,2024-04-10 21:13:40.176003,complete,Admission NC,positive,A,,,,,
176,case_24,2024-04-10 21:50:06.176003,complete,LacticAcid,positive,A,,,,3.0,
177,case_24,2024-04-10 22:59:16.176003,complete,Leucocytes,positive,I,YA,20.0,139.0,,
178,case_24,2024-04-10 23:53:50.176003,complete,LacticAcid,positive,K,,,,2.0,
179,case_24,2024-04-11 01:00:17.176003,complete,Leucocytes,positive,I,YA,20.0,139.0,,
180,case_25,2024-04-10 16:24:21.176003,complete,Release A,positive,I,,,,,
181,case_25,2024-04-10 17:00:04.176003,complete,CRP,positive,K,YA,20.0,,,2470.0
182,case_25,2024-04-10 18:21:33.176003,complete,CRP,positive,K,YA,20.0,,,1604.0
183,case_25,2024-04-10 18:40:24.176003,complete,LacticAcid,positive,K,,,,2.0,
184,case_25,2024-04-10 20:04:38.176003,complete,Leucocytes,positive,K,YA,20.0,139.0,,
185,case_25,2024-04-10 21:07:08.176003,complete,Admission NC,positive,J,,,,,
186,case_25,2024-04-10 22:07:19.176003,complete,LacticAcid,positive,K,,,,2.0,
187,case_25,2024-04-10 23:11:07.176003,complete,Leucocytes,positive,I,YA,21.0,139.0,,
188,case_25,2024-04-11 00:15:35.176003,complete,Admission IC,positive,K,,,,,
189,case_25,2024-04-11 01:06:39.176003,complete,Admission NC,positive,F,,,,,
190,case_26,2024-04-10 16:22:40.176003,complete,Admission NC,positive,F,,,,,
191,case_26,2024-04-10 16:39:11.176003,complete,IV Antibiotics,positive,L,,,,,
192,case_26,2024-04-10 18:05:28.176003,complete,ER Sepsis Triage,positive,L,YA,20.0,,,
193,case_26,2024-04-10 18:54:17.176003,complete,IV Antibiotics,positive,L,,,,,
194,case_26,2024-04-10 19:34:12.176003,complete,LacticAcid,positive,K,,,,2.0,
195,case_26,2024-04-10 21:07:04.176003,complete,Leucocytes,positive,K,YA,20.0,138.0,,
196,case_26,2024-04-10 21:37:47.176003,complete,Leucocytes,positive,K,YB,20.0,138.0,,
197,case_26,2024-04-10 22:58:53.176003,complete,LacticAcid,positive,K,,,,2.0,
198,case_26,2024-04-10 23:45:57.176003,complete,Leucocytes,positive,I,YA,20.0,138.0,,
199,case_26,2024-04-11 00:43:20.176003,complete,Admission NC,positive,A,,,,,
200,case_27,2024-04-10 15:40:15.176003,complete,CRP,positive,I,QA,22.0,,,2602.0
201,case_27,2024-04-10 16:50:43.176003,complete,CRP,positive,K,YB,22.0,,,2261.0
202,case_27,2024-04-10 18:18:58.176003,complete,CRP,positive,K,YA,20.0,,,50.0
203,case_27,2024-04-10 18:37:40.176003,complete,CRP,positive,K,YA,23.0,,,538.0
204,case_27,2024-04-10 20:10:40.176003,complete,Admission NC,positive,F,,,,,
205,case_27,2024-04-10 21:03:51.176003,complete,Admission NC,positive,J,,,,,
206,case_28,2024-04-10 15:46:02.176003,complete,ER Sepsis Triage,positive,K,YC,86.0,,,
207,case_28,2024-04-10 17:17:18.176003,complete,Leucocytes,positive,K,YB,21.0,2892.0,,
208,case_28,2024-04-10 17:51:01.176003,complete,Admission NC,positive,C,,,,,
209,case_28,2024-04-10 19:29:52.176003,complete,CRP,positive,A,YA,21.0,,,5700.0
210,case_28,2024-04-10 20:28:16.176003,complete,CRP,positive,A,YA,20.0,,,50.0
211,case_28,2024-04-10 21:17:15.176003,complete,Admission NC,positive,A,,,,,
212,case_29,2024-04-10 16:01:25.176003,complete,ER Triage,positive,C,RC,20.0,,,
213,case_29,2024-04-10 17:03:19.176003,complete,Leucocytes,positive,K,YA,22.0,661.0,,
214,case_29,2024-04-10 18:02:45.176003,complete,CRP,positive,K,YB,22.0,,,3488.0
215,case_29,2024-04-10 18:52:09.176003,complete,Admission NC,positive,F,,,,,
216,case_29,2024-04-10 20:17:54.176003,complete,Admission NC,positive,J,,,,,
217,case_29,2024-04-10 20:42:55.176003,complete,Leucocytes,positive,K,YA,20.0,593.0,,
