,case:concept:name,time:timestamp,lifecycle:transition,concept:name,case:label,org:group,Diagnose,Age
0,case_0,2024-04-10 15:34:44.642564,complete,ER Triage,positive,C,YA,20.0
1,case_0,2024-04-10 16:44:19.642564,complete,Admission IC,positive,K,,
2,case_0,2024-04-10 17:32:25.642564,complete,Admission IC,positive,K,,
3,case_0,2024-04-10 19:29:05.642564,complete,Admission NC,positive,J,,
4,case_0,2024-04-10 20:08:44.642564,complete,Admission NC,positive,J,,
5,case_1,2024-04-10 15:56:21.642564,complete,ER Triage,positive,C,YC,20.0
6,case_1,2024-04-10 17:15:04.642564,complete,Admission IC,positive,K,,
7,case_1,2024-04-10 18:08:40.642564,complete,Admission IC,positive,K,,
8,case_1,2024-04-10 19:29:39.642564,complete,Admission NC,positive,J,,
9,case_1,2024-04-10 20:27:10.642564,complete,Admission NC,positive,J,,
10,case_2,2024-04-10 15:43:01.642564,complete,ER Triage,positive,C,YA,20.0
11,case_2,2024-04-10 17:13:22.642564,complete,Admission IC,positive,?,,
12,case_2,2024-04-10 17:48:09.642564,complete,Admission IC,positive,K,,
13,case_2,2024-04-10 18:45:38.642564,complete,Admission NC,positive,J,,
14,case_2,2024-04-10 19:48:03.642564,complete,Admission NC,positive,J,,
15,case_3,2024-04-10 16:26:17.642564,complete,ER Triage,positive,C,YB,20.0
16,case_3,2024-04-10 17:12:43.642564,complete,Admission IC,positive,?,,
17,case_3,2024-04-10 18:26:21.642564,complete,Admission IC,positive,A,,
18,case_3,2024-04-10 19:08:28.642564,complete,Admission NC,positive,J,,
19,case_3,2024-04-10 20:00:34.642564,complete,Admission NC,positive,J,,
20,case_4,2024-04-10 16:12:04.642564,complete,ER Triage,positive,C,YA,20.0
21,case_4,2024-04-10 16:46:07.642564,complete,Admission IC,positive,K,,
22,case_4,2024-04-10 18:18:25.642564,complete,Admission IC,positive,I,,
23,case_4,2024-04-10 18:47:05.642564,complete,Admission NC,positive,J,,
24,case_4,2024-04-10 20:22:35.642564,complete,Admission NC,positive,J,,
25,case_5,2024-04-10 16:00:34.642564,complete,ER Triage,positive,C,YA,20.0
26,case_5,2024-04-10 16:38:32.642564,complete,Admission IC,positive,K,,
27,case_5,2024-04-10 17:48:32.642564,complete,Admission IC,positive,?,,
28,case_5,2024-04-10 18:38:20.642564,complete,Admission NC,positive,J,,
29,case_5,2024-04-10 20:23:44.642564,complete,Admission NC,positive,J,,
30,case_6,2024-04-10 15:41:07.642564,complete,ER Triage,positive,C,YC,20.0
31,case_6,2024-04-10 17:05:19.642564,complete,Admission IC,positive,K,,
32,case_6,2024-04-10 18:27:32.642564,complete,Admission IC,positive,K,,
33,case_6,2024-04-10 19:23:22.642564,complete,Admission IC,positive,K,,
34,case_6,2024-04-10 20:14:24.642564,complete,Admission IC,positive,?,,
35,case_6,2024-04-10 21:27:51.642564,complete,Admission IC,positive,K,,
36,case_6,2024-04-10 22:27:15.642564,complete,Admission NC,positive,J,,
37,case_6,2024-04-10 22:35:31.642564,complete,Admission NC,positive,J,,
38,case_7,2024-04-10 16:15:55.642564,complete,ER Triage,positive,C,YA,20.0
39,case_7,2024-04-10 16:43:48.642564,complete,Admission IC,positive,K,,
40,case_7,2024-04-10 17:54:06.642564,complete,Admission IC,positive,K,,
41,case_7,2024-04-10 19:22:12.642564,complete,Admission IC,positive,?,,
42,case_7,2024-04-10 19:47:35.642564,complete,Admission IC,positive,K,,
43,case_7,2024-04-10 20:34:58.642564,complete,Admission IC,positive,K,,
44,case_7,2024-04-10 21:34:39.642564,complete,Admission NC,positive,J,,
45,case_7,2024-04-10 22:45:54.642564,complete,Admission NC,positive,J,,
46,case_8,2024-04-10 15:33:11.642564,complete,ER Triage,positive,C,YA,20.0
47,case_8,2024-04-10 16:50:18.642564,complete,Admission IC,positive,K,,
48,case_8,2024-04-10 18:10:54.642564,complete,Admission IC,positive,?,,
49,case_8,2024-04-10 19:08:18.642564,complete,Admission IC,positive,K,,
50,case_8,2024-04-10 19:46:49.642564,complete,Admission IC,positive,K,,
51,case_8,2024-04-10 20:49:22.642564,complete,Admission IC,positive,K,,
52,case_8,2024-04-10 21:42:25.642564,complete,Admission NC,positive,J,,
53,case_8,2024-04-10 22:46:06.642564,complete,Admission NC,positive,J,,
54,case_9,2024-04-10 15:41:55.642564,complete,ER Triage,positive,C,YA,20.0
55,case_9,2024-04-10 17:08:55.642564,complete,Admission IC,positive,?,,
56,case_9,2024-04-10 17:32:59.642564,complete,Admission IC,positive,K,,
57,case_9,2024-04-10 18:40:23.642564,complete,Admission IC,positive,K,,
58,case_9,2024-04-10 19:57:05.642564,complete,Admission IC,positive,K,,
59,case_9,2024-04-10 21:14:09.642564,complete,Admission IC,positive,K,,
60,case_9,2024-04-10 21:59:23.642564,complete,Admission NC,positive,J,,
61,case_9,2024-04-10 23:29:05.642564,complete,Admission NC,positive,J,,
62,case_10,2024-04-10 16:16:48.642564,complete,ER Triage,positive,C,YA,20.0
63,case_10,2024-04-10 16:37:07.642564,complete,Admission IC,positive,I,,
64,case_10,2024-04-10 17:53:36.642564,complete,Admission IC,positive,?,,
65,case_10,2024-04-10 18:48:57.642564,complete,Admission IC,positive,A,,
66,case_10,2024-04-10 20:29:52.642564,complete,Admission IC,positive,K,,
67,case_10,2024-04-10 20:34:22.642564,complete,Admission NC,positive,J,,
68,case_10,2024-04-10 22:29:45.642564,complete,Admission NC,positive,J,,
69,case_11,2024-04-10 15:56:54.642564,complete,ER Triage,positive,C,YB,20.0
70,case_11,2024-04-10 17:23:49.642564,complete,Admission IC,positive,I,,
71,case_11,2024-04-10 17:46:28.642564,complete,Admission IC,positive,K,,
72,case_11,2024-04-10 19:07:03.642564,complete,Admission IC,positive,?,,
73,case_11,2024-04-10 19:42:47.642564,complete,Admission IC,positive,I,,
74,case_11,2024-04-10 20:36:32.642564,complete,Admission NC,positive,J,,
75,case_11,2024-04-10 22:18:40.642564,complete,Admission NC,positive,J,,
76,case_12,2024-04-10 15:47:52.642564,complete,ER Triage,positive,C,YD,20.0
77,case_12,2024-04-10 17:09:46.642564,complete,Admission IC,positive,A,,
78,case_12,2024-04-10 18:25:35.642564,complete,Admission IC,positive,K,,
79,case_12,2024-04-10 19:08:27.642564,complete,Admission IC,positive,K,,
80,case_12,2024-04-10 19:35:28.642564,complete,Admission IC,positive,K,,
81,case_12,2024-04-10 20:47:50.642564,complete,Admission NC,positive,J,,
82,case_12,2024-04-10 22:16:08.642564,complete,Admission NC,positive,J,,
83,case_13,2024-04-10 16:10:48.642564,complete,ER Triage,positive,C,YA,20.0
84,case_13,2024-04-10 16:47:41.642564,complete,Admission IC,positive,K,,
85,case_13,2024-04-10 17:41:15.642564,complete,Admission IC,positive,K,,
86,case_13,2024-04-10 19:12:26.642564,complete,Admission IC,positive,?,,
87,case_13,2024-04-10 20:27:50.642564,complete,Admission IC,positive,K,,
88,case_13,2024-04-10 20:43:49.642564,complete,Admission NC,positive,J,,
89,case_13,2024-04-10 21:50:12.642564,complete,Admission NC,positive,J,,
90,case_14,2024-04-10 16:26:21.642564,complete,ER Triage,positive,C,YA,20.0
91,case_14,2024-04-10 17:09:51.642564,complete,Admission IC,positive,?,,
92,case_14,2024-04-10 17:38:08.642564,complete,Admission IC,positive,K,,
93,case_14,2024-04-10 19:28:32.642564,complete,Admission IC,positive,K,,
94,case_14,2024-04-10 19:43:16.642564,complete,Admission IC,positive,K,,
95,case_14,2024-04-10 20:34:43.642564,complete,Admission NC,positive,J,,
96,case_14,2024-04-10 21:43:47.642564,complete,Admission NC,positive,J,,
97,case_15,2024-04-10 15:53:11.642564,complete,ER Triage,positive,C,YA,20.0
98,case_15,2024-04-10 16:59:51.642564,complete,Admission IC,positive,K,,
99,case_15,2024-04-10 18:30:12.642564,complete,Admission IC,positive,K,,
100,case_15,2024-04-10 19:02:23.642564,complete,Admission IC,positive,?,,
101,case_15,2024-04-10 20:06:54.642564,complete,Admission IC,positive,K,,
102,case_15,2024-04-10 21:20:05.642564,complete,Admission IC,positive,K,,
103,case_15,2024-04-10 21:46:06.642564,complete,Admission IC,positive,K,,
104,case_15,2024-04-10 23:14:42.642564,complete,Admission IC,positive,K,,
105,case_15,2024-04-10 23:51:04.642564,complete,Admission NC,positive,J,,
106,case_15,2024-04-11 01:00:36.642564,complete,Admission NC,positive,J,,
107,case_16,2024-04-10 15:32:54.642564,complete,ER Triage,positive,C,YB,20.0
108,case_16,2024-04-10 17:10:05.642564,complete,Admission IC,positive,?,,
109,case_16,2024-04-10 18:23:55.642564,complete,Admission IC,positive,A,,
110,case_16,2024-04-10 19:20:04.642564,complete,Admission IC,positive,K,,
111,case_16,2024-04-10 19:48:46.642564,complete,Admission IC,positive,K,,
112,case_16,2024-04-10 21:30:28.642564,complete,Admission IC,positive,K,,
113,case_16,2024-04-10 22:20:14.642564,complete,Admission IC,positive,?,,
114,case_16,2024-04-10 22:32:33.642564,complete,Admission IC,positive,K,,
115,case_16,2024-04-11 00:26:08.642564,complete,Admission NC,positive,J,,
116,case_16,2024-04-11 01:27:22.642564,complete,Admission NC,positive,J,,
117,case_17,2024-04-10 16:17:05.642564,complete,ER Triage,positive,C,YA,20.0
118,case_17,2024-04-10 17:19:57.642564,complete,Admission IC,positive,K,,
119,case_17,2024-04-10 18:26:11.642564,complete,Admission IC,positive,I,,
120,case_17,2024-04-10 19:25:50.642564,complete,Admission IC,positive,?,,
121,case_17,2024-04-10 20:24:34.642564,complete,Admission IC,positive,A,,
122,case_17,2024-04-10 20:32:14.642564,complete,Admission IC,positive,K,,
123,case_17,2024-04-10 21:54:57.642564,complete,Admission IC,positive,K,,
124,case_17,2024-04-10 23:08:03.642564,complete,Admission IC,positive,K,,
125,case_17,2024-04-10 23:53:06.642564,complete,Admission NC,positive,J,,
126,case_17,2024-04-11 00:43:19.642564,complete,Admission NC,positive,J,,
127,case_18,2024-04-10 15:36:39.642564,complete,ER Triage,positive,C,YA,20.0
128,case_18,2024-04-10 17:14:35.642564,complete,Admission IC,positive,K,,
129,case_18,2024-04-10 18:10:42.642564,complete,Admission IC,positive,?,,
130,case_18,2024-04-10 18:38:59.642564,complete,Admission IC,positive,K,,
131,case_18,2024-04-10 20:07:11.642564,complete,Admission IC,positive,K,,
132,case_18,2024-04-10 20:36:49.642564,complete,Admission IC,positive,K,,
133,case_18,2024-04-10 22:19:24.642564,complete,Admission IC,positive,K,,
134,case_18,2024-04-10 23:02:33.642564,complete,Admission IC,positive,K,,
135,case_18,2024-04-11 00:17:42.642564,complete,Admission NC,positive,J,,
136,case_18,2024-04-11 00:51:29.642564,complete,Admission NC,positive,J,,
137,case_19,2024-04-10 16:30:27.642564,complete,ER Triage,positive,C,YC,20.0
138,case_19,2024-04-10 17:09:38.642564,complete,Admission IC,positive,K,,
139,case_19,2024-04-10 18:30:54.642564,complete,Admission IC,positive,K,,
140,case_19,2024-04-10 19:02:44.642564,complete,Admission IC,positive,K,,
141,case_19,2024-04-10 20:17:32.642564,complete,Admission IC,positive,?,,
142,case_19,2024-04-10 20:37:49.642564,complete,Admission IC,positive,K,,
143,case_19,2024-04-10 22:18:50.642564,complete,Admission IC,positive,K,,
144,case_19,2024-04-10 23:13:02.642564,complete,Admission IC,positive,K,,
145,case_19,2024-04-11 00:14:43.642564,complete,Admission NC,positive,J,,
146,case_19,2024-04-11 00:56:53.642564,complete,Admission NC,positive,J,,
147,case_20,2024-04-10 15:55:43.642564,complete,ER Triage,positive,C,YD,20.0
148,case_20,2024-04-10 17:13:57.642564,complete,Admission IC,positive,A,,
149,case_20,2024-04-10 18:29:24.642564,complete,Admission IC,positive,K,,
150,case_20,2024-04-10 19:11:12.642564,complete,Admission IC,positive,K,,
151,case_20,2024-04-10 20:26:51.642564,complete,Admission IC,positive,K,,
152,case_20,2024-04-10 21:01:30.642564,complete,Admission IC,positive,?,,
153,case_20,2024-04-10 21:46:39.642564,complete,Admission IC,positive,K,,
154,case_20,2024-04-10 22:53:11.642564,complete,Admission IC,positive,K,,
155,case_20,2024-04-10 23:44:57.642564,complete,Admission NC,positive,J,,
156,case_20,2024-04-11 01:04:45.642564,complete,Admission NC,positive,J,,
157,case_21,2024-04-10 15:58:20.642564,complete,ER Triage,positive,C,YA,20.0
158,case_21,2024-04-10 16:35:24.642564,complete,Admission IC,positive,?,,
159,case_21,2024-04-10 18:14:14.642564,complete,Admission IC,positive,K,,
160,case_21,2024-04-10 19:09:49.642564,complete,Admission IC,positive,K,,
161,case_21,2024-04-10 19:38:38.642564,complete,Admission IC,positive,K,,
162,case_21,2024-04-10 20:44:08.642564,complete,Admission IC,positive,K,,
163,case_21,2024-04-10 21:44:45.642564,complete,Admission IC,positive,K,,
164,case_21,2024-04-10 23:03:07.642564,complete,Admission IC,positive,K,,
165,case_21,2024-04-11 00:06:42.642564,complete,Admission NC,positive,J,,
166,case_21,2024-04-11 00:49:35.642564,complete,Admission NC,positive,J,,
167,case_22,2024-04-10 15:32:01.642564,complete,ER Triage,positive,C,YA,20.0
168,case_22,2024-04-10 17:14:59.642564,complete,Admission IC,positive,K,,
169,case_22,2024-04-10 18:28:48.642564,complete,Admission IC,positive,?,,
170,case_22,2024-04-10 19:20:17.642564,complete,Admission IC,positive,K,,
171,case_22,2024-04-10 20:10:35.642564,complete,Admission IC,positive,K,,
172,case_22,2024-04-10 21:13:49.642564,complete,Admission IC,positive,K,,
173,case_22,2024-04-10 21:32:06.642564,complete,Admission IC,positive,K,,
174,case_22,2024-04-10 23:10:06.642564,complete,Admission NC,positive,J,,
175,case_22,2024-04-11 00:22:03.642564,complete,Admission NC,positive,J,,
176,case_23,2024-04-10 15:44:13.642564,complete,ER Triage,positive,C,YB,20.0
177,case_23,2024-04-10 17:04:31.642564,complete,Admission IC,positive,A,,
178,case_23,2024-04-10 17:52:28.642564,complete,Admission IC,positive,I,,
179,case_23,2024-04-10 18:43:00.642564,complete,Admission IC,positive,K,,
180,case_23,2024-04-10 19:53:11.642564,complete,Admission IC,positive,K,,
181,case_23,2024-04-10 20:52:29.642564,complete,Admission IC,positive,K,,
182,case_23,2024-04-10 22:09:42.642564,complete,Admission IC,positive,K,,
183,case_23,2024-04-10 22:41:02.642564,complete,Admission NC,positive,J,,
184,case_23,2024-04-11 00:27:00.642564,complete,Admission NC,positive,J,,
185,case_24,2024-04-10 15:47:41.642564,complete,ER Triage,positive,C,YA,20.0
186,case_24,2024-04-10 17:21:34.642564,complete,Admission IC,positive,K,,
187,case_24,2024-04-10 18:22:09.642564,complete,Admission IC,positive,K,,
188,case_24,2024-04-10 18:49:29.642564,complete,Admission IC,positive,?,,
189,case_24,2024-04-10 19:35:26.642564,complete,Admission IC,positive,K,,
190,case_24,2024-04-10 21:06:48.642564,complete,Admission IC,positive,K,,
191,case_24,2024-04-10 22:03:09.642564,complete,Admission IC,positive,K,,
192,case_24,2024-04-10 23:19:39.642564,complete,Admission NC,positive,J,,
193,case_24,2024-04-11 00:04:41.642564,complete,Admission NC,positive,J,,
194,case_25,2024-04-10 15:33:53.642564,complete,ER Triage,positive,C,YA,20.0
195,case_25,2024-04-10 16:51:40.642564,complete,Admission IC,positive,K,,
196,case_25,2024-04-10 17:35:25.642564,complete,Admission IC,positive,I,,
197,case_25,2024-04-10 18:44:12.642564,complete,Admission IC,positive,?,,
198,case_25,2024-04-10 19:31:25.642564,complete,Admission IC,positive,A,,
199,case_25,2024-04-10 20:40:55.642564,complete,Admission IC,positive,K,,
200,case_25,2024-04-10 21:35:36.642564,complete,Admission IC,positive,K,,
201,case_25,2024-04-10 22:52:23.642564,complete,Admission NC,positive,J,,
202,case_25,2024-04-11 00:21:10.642564,complete,Admission NC,positive,J,,
203,case_26,2024-04-10 15:49:06.642564,complete,ER Triage,positive,C,YA,20.0
204,case_26,2024-04-10 17:01:04.642564,complete,Admission IC,positive,K,,
205,case_26,2024-04-10 17:35:03.642564,complete,Admission IC,positive,I,,
206,case_26,2024-04-10 18:51:06.642564,complete,Admission IC,positive,?,,
207,case_26,2024-04-10 19:49:52.642564,complete,Admission NC,positive,J,,
208,case_26,2024-04-10 21:26:22.642564,complete,Admission NC,positive,J,,
209,case_27,2024-04-10 16:07:36.642564,complete,ER Triage,positive,C,YC,20.0
210,case_27,2024-04-10 16:36:37.642564,complete,Admission IC,positive,K,,
211,case_27,2024-04-10 18:06:54.642564,complete,Admission IC,positive,K,,
212,case_27,2024-04-10 19:17:57.642564,complete,Admission IC,positive,K,,
213,case_27,2024-04-10 20:01:30.642564,complete,Admission NC,positive,J,,
214,case_27,2024-04-10 20:33:59.642564,complete,Admission NC,positive,J,,
215,case_28,2024-04-10 16:22:37.642564,complete,ER Triage,positive,C,YA,20.0
216,case_28,2024-04-10 17:01:14.642564,complete,Admission IC,positive,?,,
217,case_28,2024-04-10 18:01:12.642564,complete,Admission IC,positive,K,,
218,case_28,2024-04-10 18:48:57.642564,complete,Admission IC,positive,K,,
219,case_28,2024-04-10 20:09:51.642564,complete,Admission NC,positive,J,,
220,case_28,2024-04-10 20:34:12.642564,complete,Admission NC,positive,J,,
221,case_29,2024-04-10 16:05:00.642564,complete,ER Triage,positive,C,YD,20.0
222,case_29,2024-04-10 17:29:04.642564,complete,Admission IC,positive,A,,
223,case_29,2024-04-10 18:15:30.642564,complete,Admission IC,positive,K,,
224,case_29,2024-04-10 19:05:36.642564,complete,Admission IC,positive,K,,
225,case_29,2024-04-10 20:24:42.642564,complete,Admission NC,positive,J,,
226,case_29,2024-04-10 20:56:43.642564,complete,Admission NC,positive,J,,
