,case:concept:name,time:timestamp,lifecycle:transition,concept:name,case:label,org:group,Diagnose,Age,Leucocytes,InfectionSuspected,DiagnosticBlood,DisfuncOrg,SIRSCritTachypnea,Hypotensie,SIRSCritHeartRate,Infusion,DiagnosticArtAstrup,DiagnosticIC,DiagnosticSputum,DiagnosticLiquor,DiagnosticOther,SIRSCriteria2OrMore,DiagnosticXthorax,SIRSCritTemperature,DiagnosticUrinaryCulture,SIRSCritLeucos,Oligurie,DiagnosticLacticAcid,Hypoxie,DiagnosticUrinarySediment,DiagnosticECG,LacticAcid,CRP
0,case_0,2024-04-10 15:39:30.606527,complete,Admission NC,positive,J,,,,,,,,,,,,,,,,,,,,,,,,,,,
1,case_0,2024-04-10 16:52:13.606527,complete,Admission NC,positive,Y,,,,,,,,,,,,,,,,,,,,,,,,,,,
2,case_0,2024-04-10 17:42:45.606527,complete,Leucocytes,positive,Y,HE,90.0,111.0,,,,,,,,,,,,,,,,,,,,,,,,
3,case_0,2024-04-10 19:24:54.606527,complete,Leucocytes,positive,Y,XC,28.0,100.0,,,,,,,,,,,,,,,,,,,,,,,,
4,case_0,2024-04-10 20:36:11.606527,complete,IV Antibiotics,positive,L,,,,,,,,,,,,,,,,,,,,,,,,,,,
5,case_0,2024-04-10 20:59:49.606527,complete,ER Sepsis Triage,positive,L,HE,89.0,,,,,,,,,,,,,,,,,,,,,,,,,
6,case_0,2024-04-10 22:14:56.606527,complete,IV Antibiotics,positive,L,,,,,,,,,,,,,,,,,,,,,,,,,,,
7,case_0,2024-04-10 23:38:34.606527,complete,ER Sepsis Triage,positive,L,ND,90.0,,,,,,,,,,,,,,,,,,,,,,,,,
8,case_0,2024-04-10 23:44:16.606527,complete,IV Antibiotics,positive,L,,,,,,,,,,,,,,,,,,,,,,,,,,,
9,case_1,2024-04-10 15:53:01.606527,complete,Release B,positive,E,,,,,,,,,,,,,,,,,,,,,,,,,,,
10,case_1,2024-04-10 17:10:02.606527,complete,IV Antibiotics,positive,L,,,,,,,,,,,,,,,,,,,,,,,,,,,
11,case_1,2024-04-10 18:23:22.606527,complete,ER Sepsis Triage,positive,Y,HE,90.0,,,,,,,,,,,,,,,,,,,,,,,,,
12,case_1,2024-04-10 19:08:17.606527,complete,Leucocytes,positive,Y,HE,90.0,115.0,,,,,,,,,,,,,,,,,,,,,,,,
13,case_1,2024-04-10 20:24:32.606527,complete,ER Registration,positive,Y,HE,90.0,,false,false,true,false,true,false,true,true,false,false,true,true,false,false,false,false,true,true,false,true,true,false,,
14,case_1,2024-04-10 20:51:19.606527,complete,Admission NC,positive,F,,,,,,,,,,,,,,,,,,,,,,,,,,,
15,case_1,2024-04-10 22:15:09.606527,complete,Admission NC,positive,F,,,,,,,,,,,,,,,,,,,,,,,,,,,
16,case_1,2024-04-10 22:39:12.606527,complete,ER Sepsis Triage,positive,Y,GA,90.0,,,,,,,,,,,,,,,,,,,,,,,,,
17,case_1,2024-04-10 23:58:58.606527,complete,ER Sepsis Triage,positive,U,JC,87.0,,,,,,,,,,,,,,,,,,,,,,,,,
18,case_2,2024-04-10 15:46:25.606527,complete,IV Antibiotics,positive,L,,,,,,,,,,,,,,,,,,,,,,,,,,,
19,case_2,2024-04-10 16:55:30.606527,complete,Admission NC,positive,Y,,,,,,,,,,,,,,,,,,,,,,,,,,,
20,case_2,2024-04-10 18:13:23.606527,complete,ER Triage,positive,C,XC,83.0,,,,,,,,,,,,,,,,,,,,,,,,,
21,case_2,2024-04-10 19:38:19.606527,complete,Release B,positive,E,,,,,,,,,,,,,,,,,,,,,,,,,,,
22,case_2,2024-04-10 20:03:30.606527,complete,IV Antibiotics,positive,W,,,,,,,,,,,,,,,,,,,,,,,,,,,
23,case_2,2024-04-10 21:03:24.606527,complete,Release B,positive,E,,,,,,,,,,,,,,,,,,,,,,,,,,,
24,case_2,2024-04-10 21:41:45.606527,complete,Admission NC,positive,K,,,,,,,,,,,,,,,,,,,,,,,,,,,
25,case_2,2024-04-10 22:43:14.606527,complete,Release B,positive,E,,,,,,,,,,,,,,,,,,,,,,,,,,,
26,case_2,2024-04-11 00:00:26.606527,complete,Release B,positive,E,,,,,,,,,,,,,,,,,,,,,,,,,,,
27,case_3,2024-04-10 15:59:47.606527,complete,LacticAcid,positive,E,,,,,,,,,,,,,,,,,,,,,,,,,,149.0,
28,case_3,2024-04-10 16:50:13.606527,complete,Admission NC,positive,Y,,,,,,,,,,,,,,,,,,,,,,,,,,,
29,case_3,2024-04-10 17:49:49.606527,complete,Release A,positive,Y,,,,,,,,,,,,,,,,,,,,,,,,,,,
30,case_3,2024-04-10 18:53:33.606527,complete,Admission NC,positive,Y,,,,,,,,,,,,,,,,,,,,,,,,,,,
31,case_3,2024-04-10 20:16:53.606527,complete,Release A,positive,Y,,,,,,,,,,,,,,,,,,,,,,,,,,,
32,case_3,2024-04-10 21:25:44.606527,complete,ER Triage,positive,C,HE,90.0,,,,,,,,,,,,,,,,,,,,,,,,,
33,case_3,2024-04-10 22:04:23.606527,complete,IV Antibiotics,positive,Y,,,,,,,,,,,,,,,,,,,,,,,,,,,
34,case_3,2024-04-10 22:54:43.606527,complete,ER Triage,positive,C,SD,90.0,,,,,,,,,,,,,,,,,,,,,,,,,
35,case_3,2024-04-11 00:34:19.606527,complete,Admission IC,positive,W,,,,,,,,,,,,,,,,,,,,,,,,,,,
36,case_4,2024-04-10 16:16:42.606527,complete,Return ER,positive,?,,,,,,,,,,,,,,,,,,,,,,,,,,,
37,case_4,2024-04-10 17:23:27.606527,complete,ER Registration,positive,Y,HE,23.0,,false,false,true,false,false,false,false,true,false,false,true,true,false,true,false,false,false,true,false,true,false,false,,
38,case_4,2024-04-10 18:25:27.606527,complete,ER Triage,positive,C,HE,81.0,,,,,,,,,,,,,,,,,,,,,,,,,
39,case_4,2024-04-10 18:40:44.606527,complete,Admission NC,positive,Y,,,,,,,,,,,,,,,,,,,,,,,,,,,
40,case_4,2024-04-10 20:28:40.606527,complete,Release A,positive,Y,,,,,,,,,,,,,,,,,,,,,,,,,,,
41,case_4,2024-04-10 20:51:50.606527,complete,Release A,positive,Y,,,,,,,,,,,,,,,,,,,,,,,,,,,
42,case_4,2024-04-10 22:05:11.606527,complete,Admission NC,positive,F,,,,,,,,,,,,,,,,,,,,,,,,,,,
43,case_4,2024-04-10 23:00:04.606527,complete,ER Triage,positive,C,WD,90.0,,,,,,,,,,,,,,,,,,,,,,,,,
44,case_4,2024-04-11 00:26:42.606527,complete,ER Sepsis Triage,positive,A,NA,89.0,,,,,,,,,,,,,,,,,,,,,,,,,
45,case_5,2024-04-10 15:41:27.606527,complete,Release B,positive,E,,,,,,,,,,,,,,,,,,,,,,,,,,,
46,case_5,2024-04-10 17:25:20.606527,complete,Admission NC,positive,K,,,,,,,,,,,,,,,,,,,,,,,,,,,
47,case_5,2024-04-10 18:37:50.606527,complete,Release B,positive,E,,,,,,,,,,,,,,,,,,,,,,,,,,,
48,case_5,2024-04-10 18:55:18.606527,complete,Admission NC,positive,K,,,,,,,,,,,,,,,,,,,,,,,,,,,
49,case_5,2024-04-10 19:56:01.606527,complete,Release B,positive,E,,,,,,,,,,,,,,,,,,,,,,,,,,,
50,case_5,2024-04-10 21:18:02.606527,complete,Admission NC,positive,K,,,,,,,,,,,,,,,,,,,,,,,,,,,
51,case_5,2024-04-10 22:08:47.606527,complete,Release B,positive,E,,,,,,,,,,,,,,,,,,,,,,,,,,,
52,case_6,2024-04-10 15:57:16.606527,complete,Admission NC,positive,J,,,,,,,,,,,,,,,,,,,,,,,,,,,
53,case_6,2024-04-10 17:11:12.606527,complete,Admission NC,positive,J,,,,,,,,,,,,,,,,,,,,,,,,,,,
54,case_6,2024-04-10 17:48:01.606527,complete,Admission IC,positive,J,,,,,,,,,,,,,,,,,,,,,,,,,,,
55,case_6,2024-04-10 19:11:42.606527,complete,Admission NC,positive,J,,,,,,,,,,,,,,,,,,,,,,,,,,,
56,case_6,2024-04-10 20:18:54.606527,complete,Release A,positive,Y,,,,,,,,,,,,,,,,,,,,,,,,,,,
57,case_6,2024-04-10 21:13:17.606527,complete,Admission NC,positive,J,,,,,,,,,,,,,,,,,,,,,,,,,,,
58,case_6,2024-04-10 21:46:30.606527,complete,ER Triage,positive,C,FC,77.0,,,,,,,,,,,,,,,,,,,,,,,,,
59,case_7,2024-04-10 16:11:27.606527,complete,Return ER,positive,?,,,,,,,,,,,,,,,,,,,,,,,,,,,
60,case_7,2024-04-10 16:44:51.606527,complete,Release A,positive,Y,,,,,,,,,,,,,,,,,,,,,,,,,,,
61,case_7,2024-04-10 18:02:29.606527,complete,Release A,positive,Y,,,,,,,,,,,,,,,,,,,,,,,,,,,
62,case_7,2024-04-10 18:59:45.606527,complete,Admission NC,positive,F,,,,,,,,,,,,,,,,,,,,,,,,,,,
63,case_7,2024-04-10 20:16:36.606527,complete,ER Sepsis Triage,positive,Y,PB,89.0,,,,,,,,,,,,,,,,,,,,,,,,,
64,case_7,2024-04-10 21:30:04.606527,complete,Release B,positive,E,,,,,,,,,,,,,,,,,,,,,,,,,,,
65,case_7,2024-04-10 22:07:03.606527,complete,Admission NC,positive,F,,,,,,,,,,,,,,,,,,,,,,,,,,,
66,case_8,2024-04-10 16:03:03.606527,complete,Return ER,positive,?,,,,,,,,,,,,,,,,,,,,,,,,,,,
67,case_8,2024-04-10 17:21:13.606527,complete,Return ER,positive,Y,,,,,,,,,,,,,,,,,,,,,,,,,,,
68,case_8,2024-04-10 17:55:19.606527,complete,ER Triage,positive,C,HE,66.0,,,,,,,,,,,,,,,,,,,,,,,,,
69,case_8,2024-04-10 19:12:52.606527,complete,Release A,positive,Y,,,,,,,,,,,,,,,,,,,,,,,,,,,
70,case_8,2024-04-10 20:07:23.606527,complete,Admission NC,positive,F,,,,,,,,,,,,,,,,,,,,,,,,,,,
71,case_8,2024-04-10 21:38:03.606527,complete,Admission NC,positive,F,,,,,,,,,,,,,,,,,,,,,,,,,,,
72,case_9,2024-04-10 16:11:35.606527,complete,Return ER,positive,?,,,,,,,,,,,,,,,,,,,,,,,,,,,
73,case_9,2024-04-10 17:34:22.606527,complete,Admission NC,positive,Y,,,,,,,,,,,,,,,,,,,,,,,,,,,
74,case_9,2024-04-10 18:28:30.606527,complete,Release B,positive,E,,,,,,,,,,,,,,,,,,,,,,,,,,,
75,case_9,2024-04-10 19:23:42.606527,complete,ER Sepsis Triage,positive,Y,HE,90.0,,,,,,,,,,,,,,,,,,,,,,,,,
76,case_9,2024-04-10 20:27:15.606527,complete,Admission NC,positive,F,,,,,,,,,,,,,,,,,,,,,,,,,,,
77,case_9,2024-04-10 21:18:27.606527,complete,ER Triage,positive,Y,HB,90.0,,,,,,,,,,,,,,,,,,,,,,,,,
78,case_10,2024-04-10 16:20:06.606527,complete,Return ER,positive,?,,,,,,,,,,,,,,,,,,,,,,,,,,,
79,case_10,2024-04-10 17:00:22.606527,complete,Return ER,positive,?,,,,,,,,,,,,,,,,,,,,,,,,,,,
80,case_10,2024-04-10 17:59:35.606527,complete,ER Triage,positive,C,HE,89.0,,,,,,,,,,,,,,,,,,,,,,,,,
81,case_10,2024-04-10 19:18:43.606527,complete,Admission NC,positive,F,,,,,,,,,,,,,,,,,,,,,,,,,,,
82,case_10,2024-04-10 20:34:46.606527,complete,ER Registration,positive,Y,FB,79.0,,false,false,true,false,true,false,false,true,false,false,true,true,false,false,false,false,true,true,false,true,false,false,,
83,case_10,2024-04-10 20:56:24.606527,complete,Admission NC,positive,F,,,,,,,,,,,,,,,,,,,,,,,,,,,
84,case_11,2024-04-10 16:07:47.606527,complete,CRP,positive,Y,HE,90.0,,,,,,,,,,,,,,,,,,,,,,,,,5036.0
85,case_11,2024-04-10 16:55:28.606527,complete,Admission NC,positive,Y,,,,,,,,,,,,,,,,,,,,,,,,,,,
86,case_11,2024-04-10 18:38:35.606527,complete,Admission NC,positive,F,,,,,,,,,,,,,,,,,,,,,,,,,,,
87,case_11,2024-04-10 19:15:50.606527,complete,Return ER,positive,?,,,,,,,,,,,,,,,,,,,,,,,,,,,
88,case_11,2024-04-10 20:37:42.606527,complete,ER Registration,positive,Y,HE,90.0,,false,false,true,false,true,false,false,true,false,false,true,true,false,false,false,false,true,true,false,true,false,false,,
89,case_11,2024-04-10 21:18:10.606527,complete,ER Triage,positive,Y,HE,90.0,,,,,,,,,,,,,,,,,,,,,,,,,
90,case_12,2024-04-10 16:08:21.606527,complete,CRP,positive,Y,HE,20.0,,,,,,,,,,,,,,,,,,,,,,,,,5501.0
91,case_12,2024-04-10 17:07:38.606527,complete,Return ER,positive,Y,,,,,,,,,,,,,,,,,,,,,,,,,,,
92,case_12,2024-04-10 18:05:41.606527,complete,Admission NC,positive,F,,,,,,,,,,,,,,,,,,,,,,,,,,,
93,case_12,2024-04-10 18:47:51.606527,complete,Admission NC,positive,F,,,,,,,,,,,,,,,,,,,,,,,,,,,
94,case_12,2024-04-10 20:16:03.606527,complete,Admission NC,positive,F,,,,,,,,,,,,,,,,,,,,,,,,,,,
95,case_12,2024-04-10 21:18:15.606527,complete,ER Triage,positive,C,HE,90.0,,,,,,,,,,,,,,,,,,,,,,,,,
96,case_13,2024-04-10 15:58:36.606527,complete,CRP,positive,Y,HE,90.0,,,,,,,,,,,,,,,,,,,,,,,,,5302.0
97,case_13,2024-04-10 17:22:06.606527,complete,Admission NC,positive,Y,,,,,,,,,,,,,,,,,,,,,,,,,,,
98,case_13,2024-04-10 18:09:53.606527,complete,Admission NC,positive,F,,,,,,,,,,,,,,,,,,,,,,,,,,,
99,case_13,2024-04-10 18:54:09.606527,complete,Return ER,positive,?,,,,,,,,,,,,,,,,,,,,,,,,,,,
100,case_13,2024-04-10 20:00:32.606527,complete,ER Registration,positive,Y,HE,90.0,,false,false,true,false,true,false,false,true,false,false,true,true,false,false,false,false,true,true,false,true,false,false,,
101,case_13,2024-04-10 20:44:29.606527,complete,ER Triage,positive,C,HE,90.0,,,,,,,,,,,,,,,,,,,,,,,,,
102,case_14,2024-04-10 16:15:57.606527,complete,CRP,positive,J,HE,20.0,,,,,,,,,,,,,,,,,,,,,,,,,4713.0
103,case_14,2024-04-10 17:08:11.606527,complete,Admission NC,positive,F,,,,,,,,,,,,,,,,,,,,,,,,,,,
104,case_14,2024-04-10 18:35:46.606527,complete,CRP,positive,E,HE,89.0,,,,,,,,,,,,,,,,,,,,,,,,,3740.0
105,case_14,2024-04-10 18:54:57.606527,complete,IV Antibiotics,positive,L,,,,,,,,,,,,,,,,,,,,,,,,,,,
106,case_14,2024-04-10 20:21:55.606527,complete,Admission NC,positive,L,,,,,,,,,,,,,,,,,,,,,,,,,,,
107,case_14,2024-04-10 20:56:57.606527,complete,IV Antibiotics,positive,L,,,,,,,,,,,,,,,,,,,,,,,,,,,
108,case_15,2024-04-10 16:00:57.606527,complete,Admission NC,positive,J,,,,,,,,,,,,,,,,,,,,,,,,,,,
109,case_15,2024-04-10 16:46:40.606527,complete,Admission NC,positive,Y,,,,,,,,,,,,,,,,,,,,,,,,,,,
110,case_15,2024-04-10 18:16:18.606527,complete,CRP,positive,E,HE,89.0,,,,,,,,,,,,,,,,,,,,,,,,,3647.0
111,case_15,2024-04-10 19:23:11.606527,complete,Admission NC,positive,J,,,,,,,,,,,,,,,,,,,,,,,,,,,
112,case_15,2024-04-10 19:44:33.606527,complete,Admission IC,positive,J,,,,,,,,,,,,,,,,,,,,,,,,,,,
113,case_15,2024-04-10 20:52:11.606527,complete,Admission NC,positive,J,,,,,,,,,,,,,,,,,,,,,,,,,,,
114,case_16,2024-04-10 15:40:42.606527,complete,Return ER,positive,?,,,,,,,,,,,,,,,,,,,,,,,,,,,
115,case_16,2024-04-10 17:01:41.606527,complete,Return ER,positive,Y,,,,,,,,,,,,,,,,,,,,,,,,,,,
116,case_16,2024-04-10 18:20:29.606527,complete,ER Registration,positive,Y,GA,20.0,,false,false,true,false,true,false,false,true,false,false,true,true,false,false,false,false,true,true,false,true,false,false,,
117,case_16,2024-04-10 19:13:27.606527,complete,Admission NC,positive,F,,,,,,,,,,,,,,,,,,,,,,,,,,,
118,case_16,2024-04-10 20:05:48.606527,complete,Admission NC,positive,F,,,,,,,,,,,,,,,,,,,,,,,,,,,
119,case_16,2024-04-10 20:55:45.606527,complete,ER Triage,positive,C,HE,27.0,,,,,,,,,,,,,,,,,,,,,,,,,
120,case_17,2024-04-10 16:35:18.606527,complete,Admission NC,positive,J,,,,,,,,,,,,,,,,,,,,,,,,,,,
121,case_17,2024-04-10 16:48:02.606527,complete,Admission IC,positive,J,,,,,,,,,,,,,,,,,,,,,,,,,,,
122,case_17,2024-04-10 18:14:58.606527,complete,Admission NC,positive,J,,,,,,,,,,,,,,,,,,,,,,,,,,,
123,case_17,2024-04-10 18:46:35.606527,complete,Admission IC,positive,J,,,,,,,,,,,,,,,,,,,,,,,,,,,
124,case_17,2024-04-10 20:18:14.606527,complete,Admission NC,positive,J,,,,,,,,,,,,,,,,,,,,,,,,,,,
125,case_17,2024-04-10 21:18:46.606527,complete,Admission NC,positive,J,,,,,,,,,,,,,,,,,,,,,,,,,,,
126,case_17,2024-04-10 22:10:30.606527,complete,Admission IC,positive,J,,,,,,,,,,,,,,,,,,,,,,,,,,,
127,case_17,2024-04-10 23:07:31.606527,complete,Admission NC,positive,J,,,,,,,,,,,,,,,,,,,,,,,,,,,
128,case_18,2024-04-10 16:09:31.606527,complete,Return ER,positive,?,,,,,,,,,,,,,,,,,,,,,,,,,,,
129,case_18,2024-04-10 17:27:52.606527,complete,Admission NC,positive,J,,,,,,,,,,,,,,,,,,,,,,,,,,,
130,case_18,2024-04-10 18:32:10.606527,complete,Admission IC,positive,J,,,,,,,,,,,,,,,,,,,,,,,,,,,
131,case_18,2024-04-10 19:05:38.606527,complete,Admission NC,positive,J,,,,,,,,,,,,,,,,,,,,,,,,,,,
132,case_18,2024-04-10 19:47:57.606527,complete,Release B,positive,E,,,,,,,,,,,,,,,,,,,,,,,,,,,
133,case_18,2024-04-10 21:32:21.606527,complete,Admission NC,positive,J,,,,,,,,,,,,,,,,,,,,,,,,,,,
134,case_18,2024-04-10 22:37:52.606527,complete,Admission IC,positive,J,,,,,,,,,,,,,,,,,,,,,,,,,,,
135,case_18,2024-04-10 22:54:41.606527,complete,Admission NC,positive,J,,,,,,,,,,,,,,,,,,,,,,,,,,,
136,case_19,2024-04-10 16:24:26.606527,complete,Admission NC,positive,F,,,,,,,,,,,,,,,,,,,,,,,,,,,
137,case_19,2024-04-10 16:52:57.606527,complete,Admission NC,positive,J,,,,,,,,,,,,,,,,,,,,,,,,,,,
138,case_19,2024-04-10 18:30:43.606527,complete,Admission IC,positive,J,,,,,,,,,,,,,,,,,,,,,,,,,,,
139,case_19,2024-04-10 19:36:26.606527,complete,Admission NC,positive,J,,,,,,,,,,,,,,,,,,,,,,,,,,,
140,case_19,2024-04-10 20:07:56.606527,complete,Release B,positive,E,,,,,,,,,,,,,,,,,,,,,,,,,,,
141,case_19,2024-04-10 20:51:00.606527,complete,IV Antibiotics,positive,L,,,,,,,,,,,,,,,,,,,,,,,,,,,
142,case_19,2024-04-10 21:43:49.606527,complete,Release A,positive,I,,,,,,,,,,,,,,,,,,,,,,,,,,,
143,case_19,2024-04-10 23:09:23.606527,complete,IV Antibiotics,positive,L,,,,,,,,,,,,,,,,,,,,,,,,,,,
144,case_20,2024-04-10 15:54:01.606527,complete,Return ER,positive,?,,,,,,,,,,,,,,,,,,,,,,,,,,,
145,case_20,2024-04-10 16:53:15.606527,complete,Admission NC,positive,C,,,,,,,,,,,,,,,,,,,,,,,,,,,
146,case_20,2024-04-10 18:22:51.606527,complete,Admission IC,positive,I,,,,,,,,,,,,,,,,,,,,,,,,,,,
147,case_20,2024-04-10 19:38:59.606527,complete,Admission NC,positive,J,,,,,,,,,,,,,,,,,,,,,,,,,,,
148,case_20,2024-04-10 20:22:51.606527,complete,Release B,positive,E,,,,,,,,,,,,,,,,,,,,,,,,,,,
149,case_20,2024-04-10 20:54:25.606527,complete,LacticAcid,positive,E,,,,,,,,,,,,,,,,,,,,,,,,,,42.0,
150,case_20,2024-04-10 22:27:31.606527,complete,Return ER,positive,?,,,,,,,,,,,,,,,,,,,,,,,,,,,
151,case_20,2024-04-10 23:34:59.606527,complete,IV Antibiotics,positive,L,,,,,,,,,,,,,,,,,,,,,,,,,,,
152,case_21,2024-04-10 15:41:35.606527,complete,Admission NC,positive,F,,,,,,,,,,,,,,,,,,,,,,,,,,,
153,case_21,2024-04-10 17:28:17.606527,complete,LacticAcid,positive,L,,,,,,,,,,,,,,,,,,,,,,,,,,8.0,
154,case_21,2024-04-10 17:49:06.606527,complete,Leucocytes,positive,I,HE,81.0,143.0,,,,,,,,,,,,,,,,,,,,,,,,
155,case_21,2024-04-10 19:33:21.606527,complete,LacticAcid,positive,I,,,,,,,,,,,,,,,,,,,,,,,,,,26.0,
156,case_21,2024-04-10 20:21:08.606527,complete,ER Triage,positive,I,MD,20.0,,,,,,,,,,,,,,,,,,,,,,,,,
157,case_21,2024-04-10 20:51:08.606527,complete,LacticAcid,positive,I,,,,,,,,,,,,,,,,,,,,,,,,,,8.0,
158,case_21,2024-04-10 21:49:41.606527,complete,Leucocytes,positive,I,HE,90.0,148.0,,,,,,,,,,,,,,,,,,,,,,,,
159,case_21,2024-04-10 23:05:06.606527,complete,Admission NC,positive,L,,,,,,,,,,,,,,,,,,,,,,,,,,,
160,case_22,2024-04-10 16:27:37.606527,complete,Release B,positive,E,,,,,,,,,,,,,,,,,,,,,,,,,,,
161,case_22,2024-04-10 17:18:04.606527,complete,LacticAcid,positive,L,,,,,,,,,,,,,,,,,,,,,,,,,,8.0,
162,case_22,2024-04-10 18:32:05.606527,complete,Leucocytes,positive,I,HE,20.0,145.0,,,,,,,,,,,,,,,,,,,,,,,,
163,case_22,2024-04-10 18:43:29.606527,complete,Admission NC,positive,F,,,,,,,,,,,,,,,,,,,,,,,,,,,
164,case_22,2024-04-10 20:00:23.606527,complete,Release A,positive,I,,,,,,,,,,,,,,,,,,,,,,,,,,,
165,case_22,2024-04-10 21:15:07.606527,complete,Admission NC,positive,J,,,,,,,,,,,,,,,,,,,,,,,,,,,
166,case_22,2024-04-10 22:12:19.606527,complete,ER Triage,positive,C,HE,20.0,,,,,,,,,,,,,,,,,,,,,,,,,
167,case_22,2024-04-10 22:58:19.606527,complete,ER Sepsis Triage,positive,I,HE,34.0,,,,,,,,,,,,,,,,,,,,,,,,,
168,case_23,2024-04-10 15:42:36.606527,complete,Admission NC,positive,J,,,,,,,,,,,,,,,,,,,,,,,,,,,
169,case_23,2024-04-10 17:38:51.606527,complete,Admission NC,positive,J,,,,,,,,,,,,,,,,,,,,,,,,,,,
170,case_23,2024-04-10 18:37:24.606527,complete,Admission IC,positive,J,,,,,,,,,,,,,,,,,,,,,,,,,,,
171,case_23,2024-04-10 18:41:53.606527,complete,Admission NC,positive,J,,,,,,,,,,,,,,,,,,,,,,,,,,,
172,case_23,2024-04-10 19:58:23.606527,complete,Release B,positive,E,,,,,,,,,,,,,,,,,,,,,,,,,,,
173,case_24,2024-04-10 15:42:19.606527,complete,ER Registration,positive,Y,HE,74.0,,true,true,false,true,false,true,true,false,true,true,false,false,true,true,true,true,true,false,true,false,true,false,,
174,case_24,2024-04-10 16:56:55.606527,complete,Admission NC,positive,L,,,,,,,,,,,,,,,,,,,,,,,,,,,
175,case_24,2024-04-10 17:47:35.606527,complete,ER Triage,positive,C,AA,81.0,,,,,,,,,,,,,,,,,,,,,,,,,
176,case_24,2024-04-10 19:29:17.606527,complete,Admission NC,positive,F,,,,,,,,,,,,,,,,,,,,,,,,,,,
177,case_24,2024-04-10 20:02:11.606527,complete,ER Registration,positive,J,HE,84.0,,true,true,false,true,false,true,true,false,true,true,false,false,true,true,true,true,false,false,true,false,true,false,,
178,case_25,2024-04-10 16:36:17.606527,complete,Return ER,positive,?,,,,,,,,,,,,,,,,,,,,,,,,,,,
179,case_25,2024-04-10 17:22:33.606527,complete,Release B,positive,E,,,,,,,,,,,,,,,,,,,,,,,,,,,
180,case_25,2024-04-10 18:16:47.606527,complete,Admission NC,positive,K,,,,,,,,,,,,,,,,,,,,,,,,,,,
181,case_25,2024-04-10 19:23:24.606527,complete,Release B,positive,E,,,,,,,,,,,,,,,,,,,,,,,,,,,
182,case_25,2024-04-10 20:01:50.606527,complete,Admission NC,positive,K,,,,,,,,,,,,,,,,,,,,,,,,,,,
183,case_25,2024-04-10 21:23:27.606527,complete,Release B,positive,E,,,,,,,,,,,,,,,,,,,,,,,,,,,
184,case_25,2024-04-10 22:38:14.606527,complete,Admission NC,positive,K,,,,,,,,,,,,,,,,,,,,,,,,,,,
185,case_25,2024-04-10 22:40:15.606527,complete,Release B,positive,E,,,,,,,,,,,,,,,,,,,,,,,,,,,
186,case_25,2024-04-10 23:44:36.606527,complete,Admission NC,positive,K,,,,,,,,,,,,,,,,,,,,,,,,,,,
187,case_25,2024-04-11 00:59:17.606527,complete,Release B,positive,E,,,,,,,,,,,,,,,,,,,,,,,,,,,
188,case_26,2024-04-10 15:56:12.606527,complete,Admission NC,positive,J,,,,,,,,,,,,,,,,,,,,,,,,,,,
189,case_26,2024-04-10 16:59:58.606527,complete,Admission NC,positive,J,,,,,,,,,,,,,,,,,,,,,,,,,,,
190,case_26,2024-04-10 17:52:55.606527,complete,Admission IC,positive,J,,,,,,,,,,,,,,,,,,,,,,,,,,,
191,case_26,2024-04-10 18:41:55.606527,complete,Admission NC,positive,J,,,,,,,,,,,,,,,,,,,,,,,,,,,
192,case_26,2024-04-10 20:34:38.606527,complete,Admission NC,positive,F,,,,,,,,,,,,,,,,,,,,,,,,,,,
193,case_26,2024-04-10 20:44:43.606527,complete,Release A,positive,I,,,,,,,,,,,,,,,,,,,,,,,,,,,
194,case_26,2024-04-10 22:31:46.606527,complete,Release B,positive,E,,,,,,,,,,,,,,,,,,,,,,,,,,,
195,case_26,2024-04-10 23:17:47.606527,complete,IV Antibiotics,positive,L,,,,,,,,,,,,,,,,,,,,,,,,,,,
196,case_26,2024-04-10 23:56:44.606527,complete,ER Sepsis Triage,positive,L,HE,20.0,,,,,,,,,,,,,,,,,,,,,,,,,
197,case_26,2024-04-11 01:17:02.606527,complete,IV Antibiotics,positive,L,,,,,,,,,,,,,,,,,,,,,,,,,,,
198,case_27,2024-04-10 15:47:41.606527,complete,Release B,positive,E,,,,,,,,,,,,,,,,,,,,,,,,,,,
199,case_27,2024-04-10 16:45:29.606527,complete,Admission NC,positive,W,,,,,,,,,,,,,,,,,,,,,,,,,,,
200,case_27,2024-04-10 17:59:31.606527,complete,Admission NC,positive,R,,,,,,,,,,,,,,,,,,,,,,,,,,,
201,case_27,2024-04-10 18:52:18.606527,complete,Admission NC,positive,J,,,,,,,,,,,,,,,,,,,,,,,,,,,
202,case_27,2024-04-10 19:59:54.606527,complete,Return ER,positive,?,,,,,,,,,,,,,,,,,,,,,,,,,,,
203,case_27,2024-04-10 20:49:30.606527,complete,ER Triage,positive,L,PE,90.0,,,,,,,,,,,,,,,,,,,,,,,,,
204,case_27,2024-04-10 21:48:44.606527,complete,ER Triage,positive,C,HE,20.0,,,,,,,,,,,,,,,,,,,,,,,,,
205,case_27,2024-04-10 23:03:27.606527,complete,Admission NC,positive,J,,,,,,,,,,,,,,,,,,,,,,,,,,,
206,case_27,2024-04-11 00:11:15.606527,complete,Admission IC,positive,J,,,,,,,,,,,,,,,,,,,,,,,,,,,
207,case_27,2024-04-11 00:42:34.606527,complete,Admission NC,positive,J,,,,,,,,,,,,,,,,,,,,,,,,,,,
208,case_28,2024-04-10 15:52:33.606527,complete,Admission NC,positive,J,,,,,,,,,,,,,,,,,,,,,,,,,,,
209,case_28,2024-04-10 17:03:56.606527,complete,Admission NC,positive,J,,,,,,,,,,,,,,,,,,,,,,,,,,,
210,case_28,2024-04-10 17:41:35.606527,complete,Admission IC,positive,J,,,,,,,,,,,,,,,,,,,,,,,,,,,
211,case_28,2024-04-10 19:31:47.606527,complete,Admission NC,positive,J,,,,,,,,,,,,,,,,,,,,,,,,,,,
212,case_28,2024-04-10 20:38:30.606527,complete,Admission NC,positive,J,,,,,,,,,,,,,,,,,,,,,,,,,,,
213,case_28,2024-04-10 21:20:14.606527,complete,Release A,positive,I,,,,,,,,,,,,,,,,,,,,,,,,,,,
214,case_28,2024-04-10 22:24:22.606527,complete,ER Triage,positive,C,HE,20.0,,,,,,,,,,,,,,,,,,,,,,,,,
215,case_28,2024-04-10 23:14:04.606527,complete,IV Antibiotics,positive,L,,,,,,,,,,,,,,,,,,,,,,,,,,,
216,case_28,2024-04-10 23:41:47.606527,complete,ER Sepsis Triage,positive,L,HE,89.0,,,,,,,,,,,,,,,,,,,,,,,,,
217,case_28,2024-04-11 01:32:21.606527,complete,IV Antibiotics,positive,L,,,,,,,,,,,,,,,,,,,,,,,,,,,
218,case_29,2024-04-10 16:28:11.606527,complete,Admission NC,positive,J,,,,,,,,,,,,,,,,,,,,,,,,,,,
219,case_29,2024-04-10 16:41:03.606527,complete,Admission NC,positive,J,,,,,,,,,,,,,,,,,,,,,,,,,,,
220,case_29,2024-04-10 17:47:57.606527,complete,Admission IC,positive,J,,,,,,,,,,,,,,,,,,,,,,,,,,,
221,case_29,2024-04-10 19:12:37.606527,complete,Admission NC,positive,J,,,,,,,,,,,,,,,,,,,,,,,,,,,
222,case_29,2024-04-10 20:32:39.606527,complete,Release A,positive,I,,,,,,,,,,,,,,,,,,,,,,,,,,,
223,case_29,2024-04-10 20:44:03.606527,complete,Admission NC,positive,F,,,,,,,,,,,,,,,,,,,,,,,,,,,
224,case_29,2024-04-10 21:46:46.606527,complete,ER Triage,positive,C,HE,20.0,,,,,,,,,,,,,,,,,,,,,,,,,
225,case_29,2024-04-10 22:50:04.606527,complete,IV Antibiotics,positive,L,,,,,,,,,,,,,,,,,,,,,,,,,,,
226,case_29,2024-04-10 23:44:12.606527,complete,ER Sepsis Triage,positive,L,HE,20.0,,,,,,,,,,,,,,,,,,,,,,,,,
227,case_29,2024-04-11 00:47:59.606527,complete,IV Antibiotics,positive,L,,,,,,,,,,,,,,,,,,,,,,,,,,,
