,case:concept:name,time:timestamp,lifecycle:transition,concept:name,case:label,org:group,Diagnose,Age,Leucocytes,CRP,LacticAcid
0,case_0,2024-04-10 16:20:07.784365,complete,Leucocytes,positive,E,YA,24.0,3213.0,,
1,case_0,2024-04-10 16:53:15.784365,complete,Leucocytes,positive,L,YB,23.0,138.0,,
2,case_0,2024-04-10 18:34:56.784365,complete,CRP,positive,A,YA,21.0,,50.0,
3,case_0,2024-04-10 18:44:40.784365,complete,CRP,positive,A,YB,22.0,,50.0,
4,case_0,2024-04-10 19:54:35.784365,complete,CRP,positive,I,YA,20.0,,4089.0,
5,case_0,2024-04-10 21:36:01.784365,complete,CRP,positive,L,YC,22.0,,51.0,
6,case_0,2024-04-10 22:03:27.784365,complete,Admission NC,positive,?,,,,,
7,case_0,2024-04-10 23:01:38.784365,complete,Admission NC,positive,E,,,,,
8,case_0,2024-04-11 00:03:51.784365,complete,CRP,positive,L,YA,20.0,,82.0,
9,case_1,2024-04-10 15:48:52.784365,complete,CRP,positive,K,YA,20.0,,3180.0,
10,case_1,2024-04-10 16:51:26.784365,complete,CRP,positive,J,YA,23.0,,5191.0,
11,case_1,2024-04-10 17:57:49.784365,complete,Leucocytes,positive,L,YB,79.0,138.0,,
12,case_1,2024-04-10 19:08:09.784365,complete,CRP,positive,?,YC,20.0,,50.0,
13,case_1,2024-04-10 19:45:44.784365,complete,CRP,positive,I,YA,22.0,,4491.0,
14,case_1,2024-04-10 20:59:08.784365,complete,Admission NC,positive,F,,,,,
15,case_1,2024-04-10 21:50:09.784365,complete,Admission NC,positive,F,,,,,
16,case_1,2024-04-10 22:57:43.784365,complete,Leucocytes,positive,I,YC,21.0,2883.0,,
17,case_1,2024-04-11 00:21:20.784365,complete,CRP,positive,E,YA,20.0,,82.0,
18,case_2,2024-04-10 15:50:00.784365,complete,CRP,positive,L,YC,24.0,,50.0,
19,case_2,2024-04-10 17:30:17.784365,complete,LacticAcid,positive,L,,,,,2.0
20,case_2,2024-04-10 17:36:51.784365,complete,Leucocytes,positive,I,YD,22.0,138.0,,
21,case_2,2024-04-10 19:22:04.784365,complete,LacticAcid,positive,K,,,,,4.0
22,case_2,2024-04-10 20:24:57.784365,complete,Leucocytes,positive,I,YA,22.0,138.0,,
23,case_2,2024-04-10 21:29:58.784365,complete,CRP,positive,I,YC,21.0,,51.0,
24,case_2,2024-04-10 21:51:12.784365,complete,Admission NC,positive,A,,,,,
25,case_2,2024-04-10 23:18:51.784365,complete,Admission NC,positive,F,,,,,
26,case_2,2024-04-10 23:42:25.784365,complete,CRP,positive,E,YA,20.0,,3302.0,
27,case_3,2024-04-10 15:49:24.784365,complete,CRP,positive,A,YD,22.0,,497.0,
28,case_3,2024-04-10 16:56:30.784365,complete,Leucocytes,positive,K,YB,35.0,111.0,,
29,case_3,2024-04-10 18:34:52.784365,complete,CRP,positive,A,YB,22.0,,50.0,
30,case_3,2024-04-10 19:13:14.784365,complete,IV Antibiotics,positive,L,,,,,
31,case_3,2024-04-10 20:01:09.784365,complete,CRP,positive,I,YA,42.0,,2009.0,
32,case_3,2024-04-10 20:59:34.784365,complete,Leucocytes,positive,L,YA,22.0,138.0,,
33,case_3,2024-04-10 21:54:32.784365,complete,Admission NC,positive,F,,,,,
34,case_3,2024-04-10 23:01:31.784365,complete,Leucocytes,positive,A,YB,20.0,138.0,,
35,case_3,2024-04-10 23:41:23.784365,complete,Admission NC,positive,F,,,,,
36,case_4,2024-04-10 16:26:24.784365,complete,LacticAcid,positive,K,,,,,18.0
37,case_4,2024-04-10 17:32:57.784365,complete,Return ER,positive,?,,,,,
38,case_4,2024-04-10 18:28:19.784365,complete,Admission NC,positive,J,,,,,
39,case_4,2024-04-10 18:39:17.784365,complete,CRP,positive,K,YA,20.0,,50.0,
40,case_4,2024-04-10 20:10:12.784365,complete,CRP,positive,I,YD,24.0,,2009.0,
41,case_4,2024-04-10 21:30:55.784365,complete,CRP,positive,L,YB,23.0,,51.0,
42,case_4,2024-04-10 22:22:52.784365,complete,CRP,positive,J,YC,20.0,,51.0,
43,case_4,2024-04-10 22:46:05.784365,complete,Leucocytes,positive,I,YA,22.0,138.0,,
44,case_4,2024-04-11 00:28:18.784365,complete,Admission NC,positive,F,,,,,
45,case_5,2024-04-10 16:12:45.784365,complete,CRP,positive,?,YB,23.0,,497.0,
46,case_5,2024-04-10 17:20:03.784365,complete,Leucocytes,positive,A,YA,21.0,138.0,,
47,case_5,2024-04-10 18:31:43.784365,complete,Leucocytes,positive,A,YB,22.0,138.0,,
48,case_5,2024-04-10 18:38:33.784365,complete,Admission NC,positive,F,,,,,
49,case_5,2024-04-10 19:41:37.784365,complete,CRP,positive,I,YA,20.0,,52.0,
50,case_5,2024-04-10 21:34:27.784365,complete,Admission NC,positive,J,,,,,
51,case_5,2024-04-10 21:54:54.784365,complete,Admission NC,positive,F,,,,,
52,case_5,2024-04-10 22:37:38.784365,complete,Leucocytes,positive,I,YC,22.0,44.0,,
53,case_5,2024-04-11 00:00:33.784365,complete,Leucocytes,positive,L,YB,28.0,138.0,,
54,case_6,2024-04-10 16:20:53.784365,complete,Leucocytes,positive,L,S,22.0,3213.0,,
55,case_6,2024-04-10 17:03:28.784365,complete,Leucocytes,positive,L,QA,21.0,2981.0,,
56,case_6,2024-04-10 18:03:00.784365,complete,Leucocytes,positive,?,YC,20.0,138.0,,
57,case_6,2024-04-10 18:37:31.784365,complete,Leucocytes,positive,I,YC,21.0,138.0,,
58,case_6,2024-04-10 20:34:38.784365,complete,Leucocytes,positive,J,YC,21.0,138.0,,
59,case_6,2024-04-10 21:29:22.784365,complete,CRP,positive,L,YA,20.0,,50.0,
60,case_6,2024-04-10 22:21:54.784365,complete,CRP,positive,I,YC,22.0,,51.0,
61,case_6,2024-04-10 22:54:58.784365,complete,Admission NC,positive,?,,,,,
62,case_6,2024-04-11 00:04:06.784365,complete,Admission NC,positive,J,,,,,
63,case_7,2024-04-10 16:13:04.784365,complete,CRP,positive,I,QA,21.0,,4264.0,
64,case_7,2024-04-10 17:22:32.784365,complete,CRP,positive,J,YD,22.0,,87.0,
65,case_7,2024-04-10 17:50:48.784365,complete,IV Antibiotics,positive,L,,,,,
66,case_7,2024-04-10 18:45:47.784365,complete,Leucocytes,positive,K,YB,22.0,138.0,,
67,case_7,2024-04-10 20:00:25.784365,complete,CRP,positive,I,YB,22.0,,2009.0,
68,case_7,2024-04-10 21:30:07.784365,complete,CRP,positive,A,YB,20.0,,51.0,
69,case_7,2024-04-10 22:32:46.784365,complete,Admission NC,positive,F,,,,,
70,case_7,2024-04-10 22:38:36.784365,complete,Leucocytes,positive,I,YA,22.0,44.0,,
71,case_7,2024-04-11 00:27:30.784365,complete,Admission NC,positive,F,,,,,
72,case_8,2024-04-10 16:29:47.784365,complete,LacticAcid,positive,L,,,,,2.0
73,case_8,2024-04-10 16:59:14.784365,complete,Leucocytes,positive,K,YC,27.0,139.0,,
74,case_8,2024-04-10 18:18:00.784365,complete,CRP,positive,K,YA,20.0,,52.0,
75,case_8,2024-04-10 19:03:55.784365,complete,Admission NC,positive,A,,,,,
76,case_8,2024-04-10 20:35:47.784365,complete,Admission NC,positive,F,,,,,
77,case_8,2024-04-10 20:43:08.784365,complete,CRP,positive,L,YA,24.0,,1691.0,
78,case_9,2024-04-10 16:05:15.784365,complete,Leucocytes,positive,K,YA,20.0,2108.0,,
79,case_9,2024-04-10 17:13:47.784365,complete,Leucocytes,positive,L,YA,22.0,138.0,,
80,case_9,2024-04-10 18:03:18.784365,complete,Leucocytes,positive,L,YA,20.0,138.0,,
81,case_9,2024-04-10 19:09:52.784365,complete,Admission NC,positive,F,,,,,
82,case_9,2024-04-10 20:24:05.784365,complete,CRP,positive,I,QA,21.0,,50.0,
83,case_9,2024-04-10 20:38:51.784365,complete,Admission NC,positive,F,,,,,
84,case_10,2024-04-10 16:06:06.784365,complete,CRP,positive,K,YC,22.0,,1970.0,
85,case_10,2024-04-10 16:53:15.784365,complete,LacticAcid,positive,K,,,,,2.0
86,case_10,2024-04-10 18:02:51.784365,complete,Leucocytes,positive,K,YC,20.0,138.0,,
87,case_10,2024-04-10 19:03:16.784365,complete,Admission NC,positive,F,,,,,
88,case_10,2024-04-10 20:13:58.784365,complete,Admission NC,positive,J,,,,,
89,case_10,2024-04-10 21:28:01.784365,complete,Leucocytes,positive,L,YA,20.0,550.0,,
90,case_11,2024-04-10 15:42:26.784365,complete,CRP,positive,K,YA,20.0,,3688.0,
91,case_11,2024-04-10 16:39:34.784365,complete,Admission NC,positive,E,,,,,
92,case_11,2024-04-10 17:53:12.784365,complete,Return ER,positive,?,,,,,
93,case_11,2024-04-10 19:22:13.784365,complete,CRP,positive,K,YA,20.0,,889.0,
94,case_11,2024-04-10 20:30:28.784365,complete,Admission NC,positive,F,,,,,
95,case_11,2024-04-10 21:04:45.784365,complete,CRP,positive,L,YA,23.0,,3109.0,
96,case_12,2024-04-10 16:05:05.784365,complete,CRP,positive,L,YB,44.0,,54.0,
97,case_12,2024-04-10 16:39:18.784365,complete,Leucocytes,positive,L,YA,21.0,138.0,,
98,case_12,2024-04-10 18:19:52.784365,complete,Admission NC,positive,J,,,,,
99,case_12,2024-04-10 18:58:46.784365,complete,CRP,positive,I,QC,20.0,,1873.0,
100,case_12,2024-04-10 20:15:17.784365,complete,Admission NC,positive,L,,,,,
101,case_13,2024-04-10 16:32:50.784365,complete,Leucocytes,positive,L,YB,44.0,3717.0,,
102,case_13,2024-04-10 17:35:51.784365,complete,CRP,positive,L,YA,20.0,,50.0,
103,case_13,2024-04-10 17:45:25.784365,complete,Admission NC,positive,J,,,,,
104,case_13,2024-04-10 19:19:08.784365,complete,Admission NC,positive,J,,,,,
105,case_13,2024-04-10 20:02:09.784365,complete,CRP,positive,L,YC,28.0,,4005.0,
106,case_14,2024-04-10 16:27:40.784365,complete,LacticAcid,positive,L,,,,,2.0
107,case_14,2024-04-10 17:02:45.784365,complete,Leucocytes,positive,L,YB,20.0,139.0,,
108,case_14,2024-04-10 17:55:42.784365,complete,Admission NC,positive,J,,,,,
109,case_14,2024-04-10 19:33:37.784365,complete,Admission NC,positive,J,,,,,
110,case_14,2024-04-10 20:34:34.784365,complete,CRP,positive,?,QD,20.0,,2227.0,
111,case_15,2024-04-10 16:07:08.784365,complete,IV Antibiotics,positive,L,,,,,
112,case_15,2024-04-10 16:39:54.784365,complete,ER Sepsis Triage,positive,L,YC,28.0,,,
113,case_15,2024-04-10 18:23:13.784365,complete,IV Antibiotics,positive,L,,,,,
114,case_15,2024-04-10 19:11:10.784365,complete,CRP,positive,K,YA,90.0,,2057.0,
115,case_15,2024-04-10 19:37:44.784365,complete,Admission NC,positive,A,,,,,
116,case_15,2024-04-10 21:23:12.784365,complete,Admission NC,positive,F,,,,,
117,case_15,2024-04-10 21:47:03.784365,complete,IV Antibiotics,positive,L,,,,,
118,case_16,2024-04-10 15:43:36.784365,complete,CRP,positive,A,B,22.0,,4381.0,
119,case_16,2024-04-10 17:27:14.784365,complete,Leucocytes,positive,K,YC,90.0,1443.0,,
120,case_16,2024-04-10 17:54:18.784365,complete,Admission NC,positive,J,,,,,
121,case_16,2024-04-10 18:53:44.784365,complete,Leucocytes,positive,K,YA,22.0,139.0,,
122,case_16,2024-04-10 19:48:32.784365,complete,CRP,positive,K,YA,20.0,,4596.0,
123,case_16,2024-04-10 20:46:45.784365,complete,Leucocytes,positive,I,YA,25.0,57.0,,
124,case_16,2024-04-10 21:44:16.784365,complete,Admission NC,positive,F,,,,,
125,case_17,2024-04-10 16:20:07.784365,complete,CRP,positive,A,B,22.0,,4381.0,
126,case_17,2024-04-10 17:23:38.784365,complete,Leucocytes,positive,K,YC,90.0,1443.0,,
127,case_17,2024-04-10 17:41:23.784365,complete,Admission NC,positive,F,,,,,
128,case_17,2024-04-10 18:59:36.784365,complete,Leucocytes,positive,K,YA,22.0,139.0,,
129,case_17,2024-04-10 19:44:02.784365,complete,Leucocytes,positive,K,YA,20.0,138.0,,
130,case_17,2024-04-10 21:34:17.784365,complete,CRP,positive,I,HC,22.0,,50.0,
131,case_17,2024-04-10 21:51:28.784365,complete,Admission NC,positive,J,,,,,
132,case_18,2024-04-10 16:00:58.784365,complete,Admission NC,positive,J,,,,,
133,case_18,2024-04-10 16:36:15.784365,complete,CRP,positive,L,YB,22.0,,2662.0,
134,case_18,2024-04-10 18:20:21.784365,complete,Leucocytes,positive,K,YC,20.0,138.0,,
135,case_18,2024-04-10 18:59:16.784365,complete,CRP,positive,K,YC,20.0,,3671.0,
136,case_18,2024-04-10 19:55:10.784365,complete,Leucocytes,positive,K,YA,25.0,875.0,,
137,case_18,2024-04-10 21:15:36.784365,complete,CRP,positive,I,YA,24.0,,50.0,
138,case_18,2024-04-10 21:49:10.784365,complete,Admission NC,positive,E,,,,,
139,case_19,2024-04-10 15:53:45.784365,complete,Admission NC,positive,L,,,,,
140,case_19,2024-04-10 17:30:54.784365,complete,Leucocytes,positive,I,YC,20.0,435.0,,
141,case_19,2024-04-10 17:39:31.784365,complete,Admission NC,positive,L,,,,,
142,case_19,2024-04-10 18:57:01.784365,complete,CRP,positive,K,YA,22.0,,3671.0,
143,case_19,2024-04-10 20:32:43.784365,complete,CRP,positive,K,YA,20.0,,4596.0,
144,case_19,2024-04-10 21:17:12.784365,complete,Leucocytes,positive,I,YD,22.0,57.0,,
145,case_19,2024-04-10 21:50:08.784365,complete,CRP,positive,E,QA,21.0,,1155.0,
146,case_20,2024-04-10 16:11:32.784365,complete,CRP,positive,J,YB,23.0,,3739.0,
147,case_20,2024-04-10 16:59:32.784365,complete,Leucocytes,positive,J,YC,20.0,138.0,,
148,case_20,2024-04-10 17:54:13.784365,complete,Admission NC,positive,F,,,,,
149,case_20,2024-04-10 19:34:21.784365,complete,CRP,positive,A,YC,21.0,,581.0,
150,case_20,2024-04-10 20:20:27.784365,complete,Release B,positive,E,,,,,
151,case_20,2024-04-10 21:06:13.784365,complete,Admission NC,positive,K,,,,,
152,case_20,2024-04-10 22:16:22.784365,complete,Release B,positive,E,,,,,
153,case_20,2024-04-10 23:19:00.784365,complete,Leucocytes,positive,L,YC,21.0,428.0,,
154,case_21,2024-04-10 16:19:09.784365,complete,CRP,positive,?,YB,23.0,,2777.0,
155,case_21,2024-04-10 17:30:05.784365,complete,LacticAcid,positive,I,,,,,121.0
156,case_21,2024-04-10 18:27:41.784365,complete,Leucocytes,positive,K,YC,20.0,138.0,,
157,case_21,2024-04-10 19:09:55.784365,complete,Leucocytes,positive,I,YC,21.0,138.0,,
158,case_21,2024-04-10 20:14:44.784365,complete,Leucocytes,positive,A,YB,20.0,138.0,,
159,case_21,2024-04-10 20:40:44.784365,complete,Admission NC,positive,F,,,,,
160,case_21,2024-04-10 22:26:35.784365,complete,Admission NC,positive,F,,,,,
161,case_21,2024-04-10 22:37:09.784365,complete,CRP,positive,L,YA,34.0,,51.0,
162,case_22,2024-04-10 16:00:57.784365,complete,Leucocytes,positive,?,YB,54.0,2844.0,,
163,case_22,2024-04-10 17:20:31.784365,complete,Leucocytes,positive,K,YD,22.0,3048.0,,
164,case_22,2024-04-10 17:53:09.784365,complete,CRP,positive,K,YB,22.0,,50.0,
165,case_22,2024-04-10 19:32:23.784365,complete,LacticAcid,positive,I,,,,,10.0
166,case_22,2024-04-10 20:03:14.784365,complete,Admission NC,positive,F,,,,,
167,case_22,2024-04-10 21:19:32.784365,complete,CRP,positive,A,YB,20.0,,51.0,
168,case_22,2024-04-10 22:20:35.784365,complete,Admission NC,positive,F,,,,,
169,case_22,2024-04-10 23:28:56.784365,complete,CRP,positive,L,YA,34.0,,3478.0,
170,case_23,2024-04-10 16:14:27.784365,complete,CRP,positive,K,YA,20.0,,3597.0,
171,case_23,2024-04-10 16:58:05.784365,complete,Leucocytes,positive,K,YD,24.0,331.0,,
172,case_23,2024-04-10 18:34:34.784365,complete,Leucocytes,positive,I,YD,90.0,138.0,,
173,case_23,2024-04-10 18:56:49.784365,complete,CRP,positive,A,YA,21.0,,50.0,
174,case_23,2024-04-10 20:15:35.784365,complete,Leucocytes,positive,K,YC,88.0,2065.0,,
175,case_23,2024-04-10 21:11:13.784365,complete,Admission NC,positive,F,,,,,
176,case_23,2024-04-10 22:31:14.784365,complete,Admission NC,positive,F,,,,,
177,case_23,2024-04-10 22:39:32.784365,complete,CRP,positive,I,YC,37.0,,619.0,
178,case_24,2024-04-10 16:03:08.784365,complete,CRP,positive,L,YC,24.0,,5074.0,
179,case_24,2024-04-10 16:46:37.784365,complete,Leucocytes,positive,L,YB,23.0,3048.0,,
180,case_24,2024-04-10 18:13:32.784365,complete,CRP,positive,A,YA,21.0,,50.0,
181,case_24,2024-04-10 18:44:09.784365,complete,Admission NC,positive,L,,,,,
182,case_24,2024-04-10 20:12:58.784365,complete,CRP,positive,I,YB,22.0,,1397.0,
183,case_24,2024-04-10 21:02:29.784365,complete,CRP,positive,I,YA,20.0,,51.0,
184,case_24,2024-04-10 21:48:01.784365,complete,Admission NC,positive,F,,,,,
185,case_24,2024-04-10 23:26:46.784365,complete,Leucocytes,positive,E,YC,34.0,428.0,,
186,case_25,2024-04-10 15:42:56.784365,complete,CRP,positive,K,YB,20.0,,4611.0,
187,case_25,2024-04-10 17:17:36.784365,complete,Leucocytes,positive,K,YA,20.0,368.0,,
188,case_25,2024-04-10 17:58:55.784365,complete,Leucocytes,positive,L,YB,24.0,985.0,,
189,case_25,2024-04-10 19:09:43.784365,complete,CRP,positive,I,YB,20.0,,96.0,
190,case_25,2024-04-10 19:55:43.784365,complete,Leucocytes,positive,I,YA,23.0,138.0,,
191,case_25,2024-04-10 20:58:56.784365,complete,Leucocytes,positive,K,YA,20.0,2262.0,,
192,case_25,2024-04-10 22:08:44.784365,complete,Admission NC,positive,F,,,,,
193,case_25,2024-04-10 23:01:42.784365,complete,CRP,positive,K,YA,20.0,,4419.0,
194,case_25,2024-04-11 00:18:26.784365,complete,Leucocytes,positive,I,YD,21.0,1090.0,,
195,case_25,2024-04-11 00:58:56.784365,complete,Admission NC,positive,F,,,,,
196,case_26,2024-04-10 15:54:17.784365,complete,LacticAcid,positive,I,,,,,3.0
197,case_26,2024-04-10 17:07:20.784365,complete,Leucocytes,positive,L,YA,20.0,368.0,,
198,case_26,2024-04-10 18:10:38.784365,complete,CRP,positive,K,YC,22.0,,50.0,
199,case_26,2024-04-10 19:30:16.784365,complete,Admission NC,positive,F,,,,,
200,case_26,2024-04-10 20:27:21.784365,complete,CRP,positive,I,QB,20.0,,4119.0,
201,case_26,2024-04-10 21:12:57.784365,complete,Admission NC,positive,J,,,,,
202,case_26,2024-04-10 22:08:59.784365,complete,CRP,positive,K,YB,24.0,,4054.0,
203,case_26,2024-04-10 23:18:32.784365,complete,CRP,positive,I,YB,21.0,,50.0,
204,case_26,2024-04-11 00:25:54.784365,complete,CRP,positive,I,YA,20.0,,1664.0,
205,case_26,2024-04-11 00:55:26.784365,complete,CRP,positive,L,JA,23.0,,1921.0,
206,case_27,2024-04-10 16:03:29.784365,complete,Admission NC,positive,A,,,,,
207,case_27,2024-04-10 16:46:24.784365,complete,CRP,positive,A,YA,25.0,,780.0,
208,case_27,2024-04-10 17:36:43.784365,complete,CRP,positive,K,YA,21.0,,50.0,
209,case_27,2024-04-10 18:54:26.784365,complete,CRP,positive,L,YB,21.0,,96.0,
210,case_27,2024-04-10 19:38:17.784365,complete,Release B,positive,E,,,,,
211,case_27,2024-04-10 20:57:59.784365,complete,Leucocytes,positive,K,YA,23.0,2321.0,,
212,case_27,2024-04-10 22:06:50.784365,complete,CRP,positive,K,YA,20.0,,2133.0,
213,case_27,2024-04-10 23:05:54.784365,complete,CRP,positive,K,YA,20.0,,51.0,
214,case_27,2024-04-11 00:14:46.784365,complete,Admission NC,positive,F,,,,,
215,case_27,2024-04-11 00:51:51.784365,complete,Leucocytes,positive,L,YD,21.0,2148.0,,
216,case_28,2024-04-10 16:23:46.784365,complete,Leucocytes,positive,K,QA,21.0,3581.0,,
217,case_28,2024-04-10 17:15:19.784365,complete,Leucocytes,positive,A,YA,20.0,138.0,,
218,case_28,2024-04-10 17:36:26.784365,complete,Admission NC,positive,J,,,,,
219,case_28,2024-04-10 19:35:41.784365,complete,Leucocytes,positive,?,YA,20.0,2334.0,,
220,case_28,2024-04-10 19:37:36.784365,complete,Leucocytes,positive,K,YA,20.0,3499.0,,
221,case_28,2024-04-10 21:02:58.784365,complete,CRP,positive,K,YD,20.0,,3929.0,
222,case_28,2024-04-10 22:16:27.784365,complete,Admission NC,positive,J,,,,,
223,case_28,2024-04-10 23:17:50.784365,complete,Leucocytes,positive,I,YA,21.0,2054.0,,
224,case_28,2024-04-11 00:12:21.784365,complete,Leucocytes,positive,L,QA,20.0,546.0,,
225,case_28,2024-04-11 00:38:55.784365,complete,Leucocytes,positive,K,YD,20.0,138.0,,
226,case_29,2024-04-10 15:49:40.784365,complete,Admission NC,positive,J,,,,,
227,case_29,2024-04-10 16:55:38.784365,complete,CRP,positive,I,YC,21.0,,780.0,
228,case_29,2024-04-10 18:36:06.784365,complete,Leucocytes,positive,K,QB,20.0,985.0,,
229,case_29,2024-04-10 19:24:42.784365,complete,Leucocytes,positive,K,YB,24.0,138.0,,
230,case_29,2024-04-10 19:43:53.784365,complete,CRP,positive,I,YB,21.0,,51.0,
231,case_29,2024-04-10 20:50:41.784365,complete,CRP,positive,K,YA,23.0,,51.0,
232,case_29,2024-04-10 22:00:01.784365,complete,Leucocytes,positive,?,YA,20.0,138.0,,
233,case_29,2024-04-10 23:16:13.784365,complete,Leucocytes,positive,K,YA,20.0,139.0,,
234,case_29,2024-04-10 23:40:12.784365,complete,Admission NC,positive,F,,,,,
235,case_29,2024-04-11 01:24:56.784365,complete,Leucocytes,positive,J,YA,24.0,2148.0,,
