,case:concept:name,time:timestamp,lifecycle:transition,concept:name,case:label,org:group,Diagnose,Age,Leucocytes,CRP,LacticAcid
0,case_0,2024-04-10 16:35:33.029561,complete,Leucocytes,positive,J,YB,24.0,314.0,,
1,case_0,2024-04-10 17:24:13.029561,complete,CRP,positive,L,YA,20.0,,50.0,
2,case_0,2024-04-10 18:13:42.029561,complete,CRP,positive,K,YB,20.0,,4629.0,
3,case_0,2024-04-10 19:14:25.029561,complete,Admission NC,positive,L,,,,,
4,case_0,2024-04-10 19:46:19.029561,complete,Admission NC,positive,F,,,,,
5,case_0,2024-04-10 20:46:08.029561,complete,Leucocytes,positive,B,HE,20.0,550.0,,
6,case_1,2024-04-10 16:01:46.029561,complete,CRP,positive,E,YB,24.0,,2657.0,
7,case_1,2024-04-10 16:55:38.029561,complete,Leucocytes,positive,L,YA,20.0,139.0,,
8,case_1,2024-04-10 18:08:48.029561,complete,CRP,positive,L,YA,21.0,,5664.0,
9,case_1,2024-04-10 19:07:19.029561,complete,Admission NC,positive,A,,,,,
10,case_1,2024-04-10 19:45:05.029561,complete,CRP,positive,F,YC,20.0,,51.0,
11,case_1,2024-04-10 20:55:09.029561,complete,Admission NC,positive,C,,,,,
12,case_2,2024-04-10 16:08:48.029561,complete,Leucocytes,positive,J,YB,24.0,314.0,,
13,case_2,2024-04-10 17:27:32.029561,complete,CRP,positive,J,YA,20.0,,50.0,
14,case_2,2024-04-10 17:46:15.029561,complete,CRP,positive,I,YA,21.0,,4629.0,
15,case_2,2024-04-10 18:44:30.029561,complete,Admission NC,positive,A,,,,,
16,case_2,2024-04-10 20:17:53.029561,complete,Admission NC,positive,F,,,,,
17,case_2,2024-04-10 21:21:26.029561,complete,Leucocytes,positive,B,HE,20.0,550.0,,
18,case_3,2024-04-10 16:15:46.029561,complete,CRP,positive,K,YA,22.0,,50.0,
19,case_3,2024-04-10 16:37:08.029561,complete,Leucocytes,positive,J,QA,20.0,138.0,,
20,case_3,2024-04-10 17:58:06.029561,complete,Leucocytes,positive,A,YA,21.0,138.0,,
21,case_3,2024-04-10 19:02:23.029561,complete,Leucocytes,positive,A,YC,20.0,138.0,,
22,case_3,2024-04-10 19:55:51.029561,complete,Admission NC,positive,?,,,,,
23,case_3,2024-04-10 20:56:23.029561,complete,Admission NC,positive,E,,,,,
24,case_4,2024-04-10 16:05:09.029561,complete,CRP,positive,L,YB,21.0,,1832.0,
25,case_4,2024-04-10 17:24:26.029561,complete,CRP,positive,L,YD,20.0,,1397.0,
26,case_4,2024-04-10 18:34:20.029561,complete,Admission NC,positive,E,,,,,
27,case_4,2024-04-10 18:43:48.029561,complete,Leucocytes,positive,I,YA,21.0,2.0,,
28,case_4,2024-04-10 19:37:04.029561,complete,Admission NC,positive,L,,,,,
29,case_4,2024-04-10 20:38:57.029561,complete,CRP,positive,L,YA,20.0,,677.0,
30,case_5,2024-04-10 16:02:01.029561,complete,CRP,positive,L,YA,87.0,,51.0,
31,case_5,2024-04-10 17:08:04.029561,complete,Leucocytes,positive,L,YC,21.0,674.0,,
32,case_5,2024-04-10 17:56:37.029561,complete,Leucocytes,positive,I,YD,20.0,138.0,,
33,case_5,2024-04-10 19:34:11.029561,complete,Admission NC,positive,?,,,,,
34,case_5,2024-04-10 20:31:20.029561,complete,Admission NC,positive,L,,,,,
35,case_5,2024-04-10 20:51:34.029561,complete,CRP,positive,L,YA,21.0,,3214.0,
36,case_6,2024-04-10 15:55:19.029561,complete,Admission NC,positive,F,,,,,
37,case_6,2024-04-10 16:53:53.029561,complete,Leucocytes,positive,I,YA,20.0,2717.0,,
38,case_6,2024-04-10 18:23:56.029561,complete,Admission NC,positive,J,,,,,
39,case_6,2024-04-10 19:08:33.029561,complete,LacticAcid,positive,?,,,,,4.0
40,case_6,2024-04-10 19:45:50.029561,complete,Leucocytes,positive,?,YC,21.0,428.0,,
41,case_6,2024-04-10 20:38:09.029561,complete,CRP,positive,F,YB,20.0,,4650.0,
42,case_7,2024-04-10 16:31:10.029561,complete,CRP,positive,L,YB,24.0,,1970.0,
43,case_7,2024-04-10 16:44:57.029561,complete,Leucocytes,positive,L,YA,20.0,139.0,,
44,case_7,2024-04-10 17:43:25.029561,complete,CRP,positive,K,YA,21.0,,5664.0,
45,case_7,2024-04-10 19:19:26.029561,complete,Admission NC,positive,A,,,,,
46,case_7,2024-04-10 19:43:42.029561,complete,Admission NC,positive,B,,,,,
47,case_7,2024-04-10 21:29:08.029561,complete,Leucocytes,positive,I,HE,20.0,550.0,,
48,case_8,2024-04-10 16:14:24.029561,complete,CRP,positive,L,YB,21.0,,1832.0,
49,case_8,2024-04-10 16:57:41.029561,complete,Admission NC,positive,E,,,,,
50,case_8,2024-04-10 18:19:22.029561,complete,Admission NC,positive,J,,,,,
51,case_8,2024-04-10 19:13:19.029561,complete,CRP,positive,I,YB,21.0,,622.0,
52,case_8,2024-04-10 19:39:17.029561,complete,CRP,positive,I,YD,21.0,,113.0,
53,case_8,2024-04-10 20:57:27.029561,complete,CRP,positive,L,YA,20.0,,677.0,
54,case_9,2024-04-10 16:35:40.029561,complete,CRP,positive,K,YC,24.0,,50.0,
55,case_9,2024-04-10 17:35:15.029561,complete,Admission NC,positive,J,,,,,
56,case_9,2024-04-10 17:43:56.029561,complete,CRP,positive,L,YA,20.0,,3567.0,
57,case_9,2024-04-10 19:13:56.029561,complete,CRP,positive,A,YB,21.0,,50.0,
58,case_9,2024-04-10 19:57:19.029561,complete,Leucocytes,positive,?,YC,20.0,138.0,,
59,case_9,2024-04-10 21:33:11.029561,complete,Admission NC,positive,E,,,,,
60,case_10,2024-04-10 16:24:14.029561,complete,Leucocytes,positive,L,YB,44.0,3717.0,,
61,case_10,2024-04-10 17:04:32.029561,complete,CRP,positive,J,YA,20.0,,50.0,
62,case_10,2024-04-10 18:33:48.029561,complete,CRP,positive,J,YB,37.0,,50.0,
63,case_10,2024-04-10 18:36:44.029561,complete,Admission NC,positive,L,,,,,
64,case_10,2024-04-10 20:28:51.029561,complete,Admission NC,positive,L,,,,,
65,case_11,2024-04-10 16:33:48.029561,complete,CRP,positive,K,YA,20.0,,50.0,
66,case_11,2024-04-10 16:48:16.029561,complete,Admission NC,positive,A,,,,,
67,case_11,2024-04-10 18:34:55.029561,complete,CRP,positive,A,AA,37.0,,51.0,
68,case_11,2024-04-10 19:09:32.029561,complete,Admission NC,positive,F,,,,,
69,case_11,2024-04-10 19:48:25.029561,complete,Leucocytes,positive,J,YA,42.0,138.0,,
70,case_12,2024-04-10 16:01:50.029561,complete,CRP,positive,L,YA,44.0,,1452.0,
71,case_12,2024-04-10 16:56:37.029561,complete,Admission NC,positive,L,,,,,
72,case_12,2024-04-10 17:59:42.029561,complete,CRP,positive,I,YA,37.0,,1862.0,
73,case_12,2024-04-10 19:27:23.029561,complete,Admission NC,positive,F,,,,,
74,case_12,2024-04-10 19:38:00.029561,complete,CRP,positive,E,YB,20.0,,4005.0,
75,case_13,2024-04-10 16:02:45.029561,complete,CRP,positive,L,YB,44.0,,2137.0,
76,case_13,2024-04-10 17:31:08.029561,complete,Leucocytes,positive,J,YA,20.0,138.0,,
77,case_13,2024-04-10 18:19:17.029561,complete,CRP,positive,J,YB,37.0,,50.0,
78,case_13,2024-04-10 19:11:37.029561,complete,Admission NC,positive,L,,,,,
79,case_13,2024-04-10 20:15:35.029561,complete,Admission NC,positive,L,,,,,
80,case_14,2024-04-10 15:43:41.029561,complete,IV Antibiotics,positive,L,,,,,
81,case_14,2024-04-10 17:11:23.029561,complete,ER Sepsis Triage,positive,L,YD,21.0,,,
82,case_14,2024-04-10 18:35:12.029561,complete,IV Antibiotics,positive,L,,,,,
83,case_14,2024-04-10 18:40:37.029561,complete,IV Antibiotics,positive,L,,,,,
84,case_14,2024-04-10 20:17:52.029561,complete,Admission NC,positive,?,,,,,
85,case_14,2024-04-10 20:52:55.029561,complete,Leucocytes,positive,L,YD,21.0,139.0,,
86,case_14,2024-04-10 22:08:04.029561,complete,Admission NC,positive,L,,,,,
87,case_15,2024-04-10 15:37:38.029561,complete,CRP,positive,J,YC,24.0,,3176.0,
88,case_15,2024-04-10 16:40:45.029561,complete,CRP,positive,E,YA,20.0,,1145.0,
89,case_15,2024-04-10 17:52:55.029561,complete,CRP,positive,I,YA,21.0,,51.0,
90,case_15,2024-04-10 18:49:57.029561,complete,Leucocytes,positive,K,YC,22.0,1957.0,,
91,case_15,2024-04-10 19:37:49.029561,complete,Admission NC,positive,E,,,,,
92,case_15,2024-04-10 21:01:07.029561,complete,CRP,positive,E,YA,21.0,,52.0,
93,case_15,2024-04-10 22:01:07.029561,complete,Admission NC,positive,F,,,,,
94,case_16,2024-04-10 15:37:55.029561,complete,Leucocytes,positive,A,YA,20.0,3611.0,,
95,case_16,2024-04-10 16:52:56.029561,complete,Leucocytes,positive,I,YA,20.0,1443.0,,
96,case_16,2024-04-10 18:05:41.029561,complete,CRP,positive,K,YC,24.0,,50.0,
97,case_16,2024-04-10 19:24:34.029561,complete,Admission NC,positive,A,,,,,
98,case_16,2024-04-10 19:38:15.029561,complete,CRP,positive,L,YA,23.0,,50.0,
99,case_16,2024-04-10 21:26:15.029561,complete,CRP,positive,L,YA,24.0,,50.0,
100,case_16,2024-04-10 22:02:03.029561,complete,Admission NC,positive,F,,,,,
101,case_17,2024-04-10 16:17:13.029561,complete,LacticAcid,positive,L,,,,,2.0
102,case_17,2024-04-10 16:50:54.029561,complete,Leucocytes,positive,L,YA,20.0,331.0,,
103,case_17,2024-04-10 18:10:37.029561,complete,Release B,positive,E,,,,,
104,case_17,2024-04-10 18:43:07.029561,complete,Release B,positive,E,,,,,
105,case_17,2024-04-10 20:10:27.029561,complete,CRP,positive,L,QA,21.0,,1040.0,
106,case_17,2024-04-10 20:53:20.029561,complete,Admission NC,positive,F,,,,,
107,case_17,2024-04-10 22:20:12.029561,complete,Admission NC,positive,J,,,,,
108,case_17,2024-04-10 22:49:02.029561,complete,Release B,positive,E,,,,,
109,case_18,2024-04-10 15:58:23.029561,complete,CRP,positive,L,YB,24.0,,2777.0,
110,case_18,2024-04-10 17:01:48.029561,complete,Leucocytes,positive,J,YA,20.0,768.0,,
111,case_18,2024-04-10 17:56:39.029561,complete,Leucocytes,positive,K,YB,20.0,138.0,,
112,case_18,2024-04-10 18:40:06.029561,complete,Admission NC,positive,L,,,,,
113,case_18,2024-04-10 20:15:56.029561,complete,CRP,positive,K,YC,21.0,,186.0,
114,case_18,2024-04-10 21:33:30.029561,complete,CRP,positive,L,YB,20.0,,2917.0,
115,case_18,2024-04-10 22:18:14.029561,complete,Leucocytes,positive,K,HE,20.0,3376.0,,
116,case_18,2024-04-10 22:39:18.029561,complete,Admission NC,positive,J,,,,,
117,case_19,2024-04-10 15:35:47.029561,complete,Leucocytes,positive,K,YC,54.0,2159.0,,
118,case_19,2024-04-10 16:38:14.029561,complete,Leucocytes,positive,L,YC,22.0,331.0,,
119,case_19,2024-04-10 18:06:28.029561,complete,Leucocytes,positive,J,YD,21.0,138.0,,
120,case_19,2024-04-10 19:17:18.029561,complete,CRP,positive,I,VD,20.0,,51.0,
121,case_19,2024-04-10 20:18:08.029561,complete,Admission NC,positive,J,,,,,
122,case_19,2024-04-10 20:45:11.029561,complete,Admission NC,positive,F,,,,,
123,case_19,2024-04-10 21:49:10.029561,complete,CRP,positive,I,YB,20.0,,51.0,
124,case_19,2024-04-10 22:56:22.029561,complete,CRP,positive,I,HE,34.0,,53.0,
125,case_20,2024-04-10 16:33:14.029561,complete,Leucocytes,positive,K,YC,22.0,446.0,,
126,case_20,2024-04-10 17:06:08.029561,complete,Leucocytes,positive,I,YA,89.0,2153.0,,
127,case_20,2024-04-10 18:07:17.029561,complete,CRP,positive,L,YA,20.0,,3190.0,
128,case_20,2024-04-10 19:22:24.029561,complete,Leucocytes,positive,J,VD,20.0,138.0,,
129,case_20,2024-04-10 20:20:07.029561,complete,Release B,positive,E,,,,,
130,case_20,2024-04-10 20:55:53.029561,complete,Admission NC,positive,J,,,,,
131,case_20,2024-04-10 21:48:47.029561,complete,Release B,positive,E,,,,,
132,case_20,2024-04-10 23:26:49.029561,complete,Admission NC,positive,J,,,,,
133,case_21,2024-04-10 15:40:08.029561,complete,CRP,positive,K,QB,20.0,,50.0,
134,case_21,2024-04-10 16:49:48.029561,complete,Admission NC,positive,E,,,,,
135,case_21,2024-04-10 18:00:31.029561,complete,CRP,positive,I,YA,75.0,,2018.0,
136,case_21,2024-04-10 18:43:19.029561,complete,CRP,positive,J,YD,44.0,,532.0,
137,case_21,2024-04-10 19:54:53.029561,complete,CRP,positive,I,YB,66.0,,605.0,
138,case_21,2024-04-10 21:32:30.029561,complete,Admission NC,positive,J,,,,,
139,case_21,2024-04-10 22:03:39.029561,complete,LacticAcid,positive,I,,,,,9.0
140,case_21,2024-04-10 22:44:12.029561,complete,CRP,positive,L,HE,73.0,,3656.0,
141,case_22,2024-04-10 16:11:23.029561,complete,Admission NC,positive,J,,,,,
142,case_22,2024-04-10 17:31:09.029561,complete,Leucocytes,positive,J,YA,22.0,805.0,,
143,case_22,2024-04-10 18:21:46.029561,complete,LacticAcid,positive,I,,,,,7.0
144,case_22,2024-04-10 19:29:50.029561,complete,Leucocytes,positive,I,YB,22.0,2627.0,,
145,case_22,2024-04-10 20:00:43.029561,complete,Admission NC,positive,J,,,,,
146,case_22,2024-04-10 21:00:57.029561,complete,CRP,positive,I,YA,20.0,,1970.0,
147,case_22,2024-04-10 22:05:03.029561,complete,LacticAcid,positive,I,,,,,8.0
148,case_22,2024-04-10 23:00:16.029561,complete,Leucocytes,positive,E,YD,35.0,138.0,,
149,case_23,2024-04-10 16:02:07.029561,complete,CRP,positive,A,YD,54.0,,51.0,
150,case_23,2024-04-10 17:26:09.029561,complete,CRP,positive,J,YB,74.0,,51.0,
151,case_23,2024-04-10 17:48:46.029561,complete,Admission NC,positive,F,,,,,
152,case_23,2024-04-10 18:49:38.029561,complete,CRP,positive,K,YB,20.0,,53.0,
153,case_23,2024-04-10 20:09:03.029561,complete,Leucocytes,positive,J,YB,20.0,138.0,,
154,case_23,2024-04-10 21:12:19.029561,complete,CRP,positive,I,YB,20.0,,1970.0,
155,case_23,2024-04-10 21:46:32.029561,complete,CRP,positive,I,YA,90.0,,3453.0,
156,case_23,2024-04-10 23:02:07.029561,complete,Admission NC,positive,E,,,,,
157,case_24,2024-04-10 15:44:13.029561,complete,CRP,positive,F,YC,90.0,,51.0,
158,case_24,2024-04-10 17:29:07.029561,complete,Admission NC,positive,E,,,,,
159,case_24,2024-04-10 18:32:04.029561,complete,CRP,positive,I,YC,20.0,,51.0,
160,case_24,2024-04-10 19:32:10.029561,complete,Leucocytes,positive,I,YA,68.0,138.0,,
161,case_24,2024-04-10 19:56:52.029561,complete,Admission NC,positive,F,,,,,
162,case_24,2024-04-10 21:15:18.029561,complete,CRP,positive,I,HE,21.0,,54.0,
163,case_24,2024-04-10 21:45:04.029561,complete,CRP,positive,I,HE,21.0,,1119.0,
164,case_24,2024-04-10 22:53:22.029561,complete,Leucocytes,positive,J,V,34.0,138.0,,
165,case_25,2024-04-10 16:19:19.029561,complete,CRP,positive,L,YB,20.0,,51.0,
166,case_25,2024-04-10 17:17:49.029561,complete,Leucocytes,positive,L,QA,21.0,3128.0,,
167,case_25,2024-04-10 17:58:28.029561,complete,CRP,positive,I,YB,20.0,,51.0,
168,case_25,2024-04-10 19:12:47.029561,complete,Admission NC,positive,F,,,,,
169,case_25,2024-04-10 20:13:46.029561,complete,Leucocytes,positive,I,DA,22.0,3160.0,,
170,case_25,2024-04-10 20:43:03.029561,complete,CRP,positive,J,YC,20.0,,1059.0,
171,case_25,2024-04-10 22:01:07.029561,complete,Admission NC,positive,F,,,,,
172,case_25,2024-04-10 23:12:21.029561,complete,CRP,positive,I,V,34.0,,51.0,
173,case_26,2024-04-10 16:10:08.029561,complete,Leucocytes,positive,E,YB,23.0,3581.0,,
174,case_26,2024-04-10 16:52:03.029561,complete,CRP,positive,K,YA,20.0,,780.0,
175,case_26,2024-04-10 18:17:17.029561,complete,Leucocytes,positive,I,YA,21.0,3.0,,
176,case_26,2024-04-10 19:29:09.029561,complete,IV Antibiotics,positive,L,,,,,
177,case_26,2024-04-10 20:21:34.029561,complete,Admission NC,positive,F,,,,,
178,case_26,2024-04-10 21:33:58.029561,complete,Admission NC,positive,F,,,,,
179,case_26,2024-04-10 22:02:15.029561,complete,Leucocytes,positive,I,YC,22.0,138.0,,
180,case_26,2024-04-10 22:41:49.029561,complete,LacticAcid,positive,L,,,,,3.0
181,case_26,2024-04-10 23:59:42.029561,complete,Leucocytes,positive,I,HE,88.0,139.0,,
182,case_26,2024-04-11 01:14:08.029561,complete,CRP,positive,J,HE,20.0,,50.0,
183,case_27,2024-04-10 15:49:46.029561,complete,CRP,positive,L,YA,20.0,,51.0,
184,case_27,2024-04-10 17:11:13.029561,complete,Leucocytes,positive,L,YC,21.0,1943.0,,
185,case_27,2024-04-10 18:13:11.029561,complete,Leucocytes,positive,I,YA,23.0,138.0,,
186,case_27,2024-04-10 19:05:23.029561,complete,Leucocytes,positive,K,QA,21.0,138.0,,
187,case_27,2024-04-10 19:49:46.029561,complete,Admission NC,positive,J,,,,,
188,case_27,2024-04-10 21:16:19.029561,complete,Admission NC,positive,L,,,,,
189,case_27,2024-04-10 21:51:10.029561,complete,CRP,positive,K,QA,20.0,,5240.0,
190,case_27,2024-04-10 22:54:55.029561,complete,LacticAcid,positive,I,,,,,3.0
191,case_27,2024-04-10 23:37:42.029561,complete,Leucocytes,positive,J,HD,20.0,2389.0,,
192,case_27,2024-04-11 01:16:55.029561,complete,Leucocytes,positive,L,HB,20.0,139.0,,
193,case_28,2024-04-10 15:38:23.029561,complete,LacticAcid,positive,J,,,,,2.0
194,case_28,2024-04-10 17:32:24.029561,complete,Leucocytes,positive,L,YA,20.0,863.0,,
195,case_28,2024-04-10 18:34:17.029561,complete,LacticAcid,positive,L,,,,,2.0
196,case_28,2024-04-10 19:11:37.029561,complete,Leucocytes,positive,J,YA,88.0,138.0,,
197,case_28,2024-04-10 19:53:52.029561,complete,Admission NC,positive,J,,,,,
198,case_28,2024-04-10 21:05:05.029561,complete,Admission NC,positive,J,,,,,
199,case_28,2024-04-10 22:04:31.029561,complete,IV Antibiotics,positive,L,,,,,
200,case_28,2024-04-10 23:06:18.029561,complete,IV Antibiotics,positive,L,,,,,
201,case_28,2024-04-11 00:33:45.029561,complete,IV Antibiotics,positive,L,,,,,
202,case_29,2024-04-10 16:24:48.029561,complete,LacticAcid,positive,L,,,,,2.0
203,case_29,2024-04-10 17:17:33.029561,complete,Leucocytes,positive,J,YC,21.0,863.0,,
204,case_29,2024-04-10 18:26:41.029561,complete,LacticAcid,positive,I,,,,,2.0
205,case_29,2024-04-10 19:34:56.029561,complete,Leucocytes,positive,I,YA,25.0,2324.0,,
206,case_29,2024-04-10 20:22:29.029561,complete,Admission NC,positive,F,,,,,
207,case_29,2024-04-10 21:23:36.029561,complete,Admission NC,positive,L,,,,,
208,case_29,2024-04-10 22:22:26.029561,complete,IV Antibiotics,positive,L,,,,,
209,case_29,2024-04-10 22:50:54.029561,complete,IV Antibiotics,positive,L,,,,,
210,case_29,2024-04-10 23:35:59.029561,complete,IV Antibiotics,positive,L,,,,,
