,case:concept:name,time:timestamp,lifecycle:transition,concept:name,case:label,org:group,Diagnose,Age,InfectionSuspected,DiagnosticBlood,DisfuncOrg,SIRSCritTachypnea,Hypotensie,SIRSCritHeartRate,Infusion,DiagnosticArtAstrup,DiagnosticIC,DiagnosticSputum,DiagnosticLiquor,DiagnosticOther,SIRSCriteria2OrMore,DiagnosticXthorax,SIRSCritTemperature,DiagnosticUrinaryCulture,SIRSCritLeucos,Oligurie,DiagnosticLacticAcid,Hypoxie,DiagnosticUrinarySediment,DiagnosticECG,LacticAcid,Leucocytes,CRP
0,case_0,2024-04-10 15:51:43.393257,complete,ER Triage,positive,C,HE,90.0,,,,,,,,,,,,,,,,,,,,,,,,,
1,case_0,2024-04-10 17:17:51.393257,complete,Admission NC,positive,J,,,,,,,,,,,,,,,,,,,,,,,,,,,
2,case_0,2024-04-10 17:58:55.393257,complete,Admission IC,positive,J,,,,,,,,,,,,,,,,,,,,,,,,,,,
3,case_0,2024-04-10 19:22:59.393257,complete,Admission NC,positive,J,,,,,,,,,,,,,,,,,,,,,,,,,,,
4,case_0,2024-04-10 19:39:52.393257,complete,Admission IC,positive,J,,,,,,,,,,,,,,,,,,,,,,,,,,,
5,case_0,2024-04-10 21:10:41.393257,complete,Admission NC,positive,J,,,,,,,,,,,,,,,,,,,,,,,,,,,
6,case_0,2024-04-10 22:09:25.393257,complete,Admission NC,positive,J,,,,,,,,,,,,,,,,,,,,,,,,,,,
7,case_1,2024-04-10 15:42:18.393257,complete,ER Triage,positive,C,YA,90.0,,,,,,,,,,,,,,,,,,,,,,,,,
8,case_1,2024-04-10 16:59:30.393257,complete,Admission IC,positive,K,,,,,,,,,,,,,,,,,,,,,,,,,,,
9,case_1,2024-04-10 17:53:28.393257,complete,Return ER,positive,?,,,,,,,,,,,,,,,,,,,,,,,,,,,
10,case_1,2024-04-10 18:34:58.393257,complete,IV Liquid,positive,K,YA,20.0,,,,,,,,,,,,,,,,,,,,,,,,,
11,case_1,2024-04-10 20:23:01.393257,complete,Admission IC,positive,K,,,,,,,,,,,,,,,,,,,,,,,,,,,
12,case_1,2024-04-10 21:04:50.393257,complete,Admission NC,positive,F,,,,,,,,,,,,,,,,,,,,,,,,,,,
13,case_1,2024-04-10 22:06:50.393257,complete,Admission NC,positive,J,,,,,,,,,,,,,,,,,,,,,,,,,,,
14,case_2,2024-04-10 16:27:35.393257,complete,ER Triage,positive,C,YA,51.0,,,,,,,,,,,,,,,,,,,,,,,,,
15,case_2,2024-04-10 16:39:17.393257,complete,Admission NC,positive,J,,,,,,,,,,,,,,,,,,,,,,,,,,,
16,case_2,2024-04-10 17:37:48.393257,complete,Return ER,positive,K,,,,,,,,,,,,,,,,,,,,,,,,,,,
17,case_2,2024-04-10 18:44:17.393257,complete,IV Antibiotics,positive,K,,,,,,,,,,,,,,,,,,,,,,,,,,,
18,case_2,2024-04-10 20:13:03.393257,complete,IV Antibiotics,positive,K,,,,,,,,,,,,,,,,,,,,,,,,,,,
19,case_2,2024-04-10 21:27:18.393257,complete,Admission IC,positive,?,,,,,,,,,,,,,,,,,,,,,,,,,,,
20,case_2,2024-04-10 22:08:15.393257,complete,Admission NC,positive,J,,,,,,,,,,,,,,,,,,,,,,,,,,,
21,case_3,2024-04-10 15:52:13.393257,complete,ER Triage,positive,C,YA,90.0,,,,,,,,,,,,,,,,,,,,,,,,,
22,case_3,2024-04-10 17:06:52.393257,complete,Admission IC,positive,K,,,,,,,,,,,,,,,,,,,,,,,,,,,
23,case_3,2024-04-10 18:08:37.393257,complete,Return ER,positive,?,,,,,,,,,,,,,,,,,,,,,,,,,,,
24,case_3,2024-04-10 18:50:58.393257,complete,Admission IC,positive,L,,,,,,,,,,,,,,,,,,,,,,,,,,,
25,case_3,2024-04-10 19:49:55.393257,complete,Admission IC,positive,I,,,,,,,,,,,,,,,,,,,,,,,,,,,
26,case_3,2024-04-10 21:10:29.393257,complete,Admission NC,positive,A,,,,,,,,,,,,,,,,,,,,,,,,,,,
27,case_3,2024-04-10 22:23:47.393257,complete,Admission NC,positive,J,,,,,,,,,,,,,,,,,,,,,,,,,,,
28,case_4,2024-04-10 16:07:40.393257,complete,ER Triage,positive,C,HE,86.0,,,,,,,,,,,,,,,,,,,,,,,,,
29,case_4,2024-04-10 16:49:54.393257,complete,Admission NC,positive,Y,,,,,,,,,,,,,,,,,,,,,,,,,,,
30,case_4,2024-04-10 17:49:35.393257,complete,ER Triage,positive,C,HE,90.0,,,,,,,,,,,,,,,,,,,,,,,,,
31,case_4,2024-04-10 18:57:29.393257,complete,Release B,positive,E,,,,,,,,,,,,,,,,,,,,,,,,,,,
32,case_4,2024-04-10 20:11:38.393257,complete,Admission NC,positive,K,,,,,,,,,,,,,,,,,,,,,,,,,,,
33,case_4,2024-04-10 21:10:18.393257,complete,Release B,positive,E,,,,,,,,,,,,,,,,,,,,,,,,,,,
34,case_5,2024-04-10 15:50:52.393257,complete,ER Triage,positive,C,HE,86.0,,,,,,,,,,,,,,,,,,,,,,,,,
35,case_5,2024-04-10 17:26:06.393257,complete,ER Registration,positive,Y,HE,90.0,true,true,true,false,true,false,false,true,true,false,true,true,true,false,true,false,true,true,true,true,false,true,,,
36,case_5,2024-04-10 18:29:22.393257,complete,ER Triage,positive,C,HE,90.0,,,,,,,,,,,,,,,,,,,,,,,,,
37,case_5,2024-04-10 19:14:17.393257,complete,Admission IC,positive,Y,,,,,,,,,,,,,,,,,,,,,,,,,,,
38,case_5,2024-04-10 19:34:49.393257,complete,Admission NC,positive,J,,,,,,,,,,,,,,,,,,,,,,,,,,,
39,case_5,2024-04-10 21:04:59.393257,complete,Admission NC,positive,J,,,,,,,,,,,,,,,,,,,,,,,,,,,
40,case_6,2024-04-10 15:57:04.393257,complete,ER Triage,positive,C,HE,86.0,,,,,,,,,,,,,,,,,,,,,,,,,
41,case_6,2024-04-10 16:40:38.393257,complete,ER Registration,positive,Y,HE,90.0,true,true,true,false,true,false,false,true,true,false,true,true,true,false,true,false,true,true,true,true,false,true,,,
42,case_6,2024-04-10 18:01:19.393257,complete,ER Triage,positive,C,HE,90.0,,,,,,,,,,,,,,,,,,,,,,,,,
43,case_6,2024-04-10 18:59:49.393257,complete,Admission IC,positive,Y,,,,,,,,,,,,,,,,,,,,,,,,,,,
44,case_6,2024-04-10 20:26:04.393257,complete,Admission NC,positive,F,,,,,,,,,,,,,,,,,,,,,,,,,,,
45,case_6,2024-04-10 20:38:23.393257,complete,Admission NC,positive,J,,,,,,,,,,,,,,,,,,,,,,,,,,,
46,case_7,2024-04-10 15:34:01.393257,complete,ER Triage,positive,C,HE,86.0,,,,,,,,,,,,,,,,,,,,,,,,,
47,case_7,2024-04-10 17:26:38.393257,complete,ER Registration,positive,Y,HE,90.0,true,true,false,true,false,true,true,true,true,true,false,true,true,true,true,false,false,true,true,false,true,true,,,
48,case_7,2024-04-10 17:40:15.393257,complete,ER Triage,positive,C,MD,20.0,,,,,,,,,,,,,,,,,,,,,,,,,
49,case_7,2024-04-10 18:45:08.393257,complete,Admission NC,positive,J,,,,,,,,,,,,,,,,,,,,,,,,,,,
50,case_7,2024-04-10 20:11:58.393257,complete,Admission NC,positive,J,,,,,,,,,,,,,,,,,,,,,,,,,,,
51,case_7,2024-04-10 20:57:36.393257,complete,ER Registration,positive,A,YA,20.0,true,true,false,true,false,false,true,false,true,true,false,false,true,false,false,true,false,false,true,false,true,true,,,
52,case_8,2024-04-10 15:40:14.393257,complete,ER Triage,positive,C,HE,86.0,,,,,,,,,,,,,,,,,,,,,,,,,
53,case_8,2024-04-10 17:11:39.393257,complete,ER Registration,positive,Y,HE,90.0,true,true,false,true,false,true,false,false,true,true,true,false,true,false,true,true,true,false,true,false,true,true,,,
54,case_8,2024-04-10 17:32:59.393257,complete,ER Triage,positive,C,OC,20.0,,,,,,,,,,,,,,,,,,,,,,,,,
55,case_8,2024-04-10 18:59:00.393257,complete,Admission IC,positive,K,,,,,,,,,,,,,,,,,,,,,,,,,,,
56,case_8,2024-04-10 20:00:41.393257,complete,Admission NC,positive,F,,,,,,,,,,,,,,,,,,,,,,,,,,,
57,case_8,2024-04-10 21:24:59.393257,complete,Admission NC,positive,J,,,,,,,,,,,,,,,,,,,,,,,,,,,
58,case_9,2024-04-10 16:21:05.393257,complete,ER Triage,positive,C,HE,86.0,,,,,,,,,,,,,,,,,,,,,,,,,
59,case_9,2024-04-10 17:21:10.393257,complete,Admission NC,positive,Y,,,,,,,,,,,,,,,,,,,,,,,,,,,
60,case_9,2024-04-10 18:03:39.393257,complete,ER Triage,positive,C,HE,90.0,,,,,,,,,,,,,,,,,,,,,,,,,
61,case_9,2024-04-10 19:10:16.393257,complete,Admission NC,positive,F,,,,,,,,,,,,,,,,,,,,,,,,,,,
62,case_9,2024-04-10 20:17:04.393257,complete,ER Triage,positive,C,PE,90.0,,,,,,,,,,,,,,,,,,,,,,,,,
63,case_9,2024-04-10 20:38:13.393257,complete,ER Registration,positive,K,YA,20.0,true,true,false,false,false,false,false,false,true,true,false,false,true,true,true,true,false,true,true,true,false,true,,,
64,case_10,2024-04-10 16:30:54.393257,complete,ER Triage,positive,C,HE,86.0,,,,,,,,,,,,,,,,,,,,,,,,,
65,case_10,2024-04-10 16:57:43.393257,complete,Admission NC,positive,J,,,,,,,,,,,,,,,,,,,,,,,,,,,
66,case_10,2024-04-10 17:35:50.393257,complete,LacticAcid,positive,F,,,,,,,,,,,,,,,,,,,,,,,,,8.0,,
67,case_10,2024-04-10 18:47:38.393257,complete,Leucocytes,positive,Y,HE,90.0,,,,,,,,,,,,,,,,,,,,,,,,1024.0,
68,case_10,2024-04-10 20:04:02.393257,complete,Admission NC,positive,Y,,,,,,,,,,,,,,,,,,,,,,,,,,,
69,case_10,2024-04-10 21:02:35.393257,complete,LacticAcid,positive,Y,,,,,,,,,,,,,,,,,,,,,,,,,149.0,,
70,case_11,2024-04-10 15:35:07.393257,complete,ER Triage,positive,C,HE,86.0,,,,,,,,,,,,,,,,,,,,,,,,,
71,case_11,2024-04-10 17:07:24.393257,complete,Admission NC,positive,J,,,,,,,,,,,,,,,,,,,,,,,,,,,
72,case_11,2024-04-10 18:22:26.393257,complete,LacticAcid,positive,F,,,,,,,,,,,,,,,,,,,,,,,,,8.0,,
73,case_11,2024-04-10 18:39:43.393257,complete,Leucocytes,positive,Y,HE,90.0,,,,,,,,,,,,,,,,,,,,,,,,967.0,
74,case_11,2024-04-10 19:32:32.393257,complete,Admission NC,positive,Y,,,,,,,,,,,,,,,,,,,,,,,,,,,
75,case_11,2024-04-10 21:27:39.393257,complete,LacticAcid,positive,Y,,,,,,,,,,,,,,,,,,,,,,,,,149.0,,
76,case_12,2024-04-10 16:15:38.393257,complete,ER Triage,positive,C,HE,86.0,,,,,,,,,,,,,,,,,,,,,,,,,
77,case_12,2024-04-10 17:02:05.393257,complete,Admission NC,positive,J,,,,,,,,,,,,,,,,,,,,,,,,,,,
78,case_12,2024-04-10 18:28:23.393257,complete,LacticAcid,positive,F,,,,,,,,,,,,,,,,,,,,,,,,,8.0,,
79,case_12,2024-04-10 19:07:37.393257,complete,Leucocytes,positive,Y,HE,90.0,,,,,,,,,,,,,,,,,,,,,,,,827.0,
80,case_12,2024-04-10 20:04:40.393257,complete,Admission NC,positive,Y,,,,,,,,,,,,,,,,,,,,,,,,,,,
81,case_12,2024-04-10 21:22:59.393257,complete,LacticAcid,positive,Y,,,,,,,,,,,,,,,,,,,,,,,,,149.0,,
82,case_13,2024-04-10 16:16:48.393257,complete,ER Triage,positive,C,HE,86.0,,,,,,,,,,,,,,,,,,,,,,,,,
83,case_13,2024-04-10 16:36:28.393257,complete,Admission NC,positive,J,,,,,,,,,,,,,,,,,,,,,,,,,,,
84,case_13,2024-04-10 18:21:07.393257,complete,LacticAcid,positive,F,,,,,,,,,,,,,,,,,,,,,,,,,8.0,,
85,case_13,2024-04-10 19:28:34.393257,complete,Leucocytes,positive,Y,HE,90.0,,,,,,,,,,,,,,,,,,,,,,,,839.0,
86,case_13,2024-04-10 20:20:51.393257,complete,Admission NC,positive,Y,,,,,,,,,,,,,,,,,,,,,,,,,,,
87,case_13,2024-04-10 21:17:26.393257,complete,LacticAcid,positive,Y,,,,,,,,,,,,,,,,,,,,,,,,,149.0,,
88,case_14,2024-04-10 16:25:40.393257,complete,ER Triage,positive,C,HE,43.0,,,,,,,,,,,,,,,,,,,,,,,,,
89,case_14,2024-04-10 16:38:15.393257,complete,Admission NC,positive,F,,,,,,,,,,,,,,,,,,,,,,,,,,,
90,case_14,2024-04-10 18:17:48.393257,complete,Admission NC,positive,F,,,,,,,,,,,,,,,,,,,,,,,,,,,
91,case_14,2024-04-10 19:16:53.393257,complete,IV Antibiotics,positive,L,,,,,,,,,,,,,,,,,,,,,,,,,,,
92,case_14,2024-04-10 19:43:02.393257,complete,IV Antibiotics,positive,L,,,,,,,,,,,,,,,,,,,,,,,,,,,
93,case_15,2024-04-10 15:45:56.393257,complete,ER Triage,positive,C,HE,43.0,,,,,,,,,,,,,,,,,,,,,,,,,
94,case_15,2024-04-10 17:29:18.393257,complete,Admission NC,positive,F,,,,,,,,,,,,,,,,,,,,,,,,,,,
95,case_15,2024-04-10 17:47:27.393257,complete,IV Antibiotics,positive,L,,,,,,,,,,,,,,,,,,,,,,,,,,,
96,case_15,2024-04-10 18:36:08.393257,complete,IV Antibiotics,positive,L,,,,,,,,,,,,,,,,,,,,,,,,,,,
97,case_15,2024-04-10 19:53:00.393257,complete,Admission NC,positive,J,,,,,,,,,,,,,,,,,,,,,,,,,,,
98,case_16,2024-04-10 15:48:12.393257,complete,ER Triage,positive,C,HE,43.0,,,,,,,,,,,,,,,,,,,,,,,,,
99,case_16,2024-04-10 16:47:34.393257,complete,Admission NC,positive,F,,,,,,,,,,,,,,,,,,,,,,,,,,,
100,case_16,2024-04-10 18:24:27.393257,complete,IV Antibiotics,positive,L,,,,,,,,,,,,,,,,,,,,,,,,,,,
101,case_16,2024-04-10 18:33:15.393257,complete,IV Antibiotics,positive,L,,,,,,,,,,,,,,,,,,,,,,,,,,,
102,case_16,2024-04-10 19:53:45.393257,complete,Admission NC,positive,F,,,,,,,,,,,,,,,,,,,,,,,,,,,
103,case_17,2024-04-10 16:19:36.393257,complete,ER Triage,positive,C,HE,43.0,,,,,,,,,,,,,,,,,,,,,,,,,
104,case_17,2024-04-10 16:50:53.393257,complete,Admission NC,positive,J,,,,,,,,,,,,,,,,,,,,,,,,,,,
105,case_17,2024-04-10 18:23:31.393257,complete,Admission NC,positive,F,,,,,,,,,,,,,,,,,,,,,,,,,,,
106,case_17,2024-04-10 18:35:58.393257,complete,IV Antibiotics,positive,L,,,,,,,,,,,,,,,,,,,,,,,,,,,
107,case_17,2024-04-10 19:46:54.393257,complete,IV Antibiotics,positive,L,,,,,,,,,,,,,,,,,,,,,,,,,,,
108,case_18,2024-04-10 16:29:55.393257,complete,Admission NC,positive,F,,,,,,,,,,,,,,,,,,,,,,,,,,,
109,case_18,2024-04-10 16:55:39.393257,complete,Admission NC,positive,F,,,,,,,,,,,,,,,,,,,,,,,,,,,
110,case_18,2024-04-10 17:35:21.393257,complete,LacticAcid,positive,I,,,,,,,,,,,,,,,,,,,,,,,,,149.0,,
111,case_18,2024-04-10 18:31:51.393257,complete,IV Antibiotics,positive,Y,,,,,,,,,,,,,,,,,,,,,,,,,,,
112,case_18,2024-04-10 19:45:54.393257,complete,IV Antibiotics,positive,L,,,,,,,,,,,,,,,,,,,,,,,,,,,
113,case_18,2024-04-10 21:23:08.393257,complete,Release A,positive,Y,,,,,,,,,,,,,,,,,,,,,,,,,,,
114,case_18,2024-04-10 22:17:16.393257,complete,Release A,positive,Y,,,,,,,,,,,,,,,,,,,,,,,,,,,
115,case_18,2024-04-10 23:10:37.393257,complete,Release A,positive,Y,,,,,,,,,,,,,,,,,,,,,,,,,,,
116,case_18,2024-04-10 23:54:39.393257,complete,Release A,positive,Y,,,,,,,,,,,,,,,,,,,,,,,,,,,
117,case_19,2024-04-10 15:53:04.393257,complete,Admission IC,positive,Y,,,,,,,,,,,,,,,,,,,,,,,,,,,
118,case_19,2024-04-10 16:35:27.393257,complete,Admission IC,positive,Y,,,,,,,,,,,,,,,,,,,,,,,,,,,
119,case_19,2024-04-10 17:51:41.393257,complete,Admission NC,positive,J,,,,,,,,,,,,,,,,,,,,,,,,,,,
120,case_19,2024-04-10 18:49:48.393257,complete,LacticAcid,positive,Y,,,,,,,,,,,,,,,,,,,,,,,,,8.0,,
121,case_19,2024-04-10 19:32:10.393257,complete,Leucocytes,positive,Y,HE,90.0,,,,,,,,,,,,,,,,,,,,,,,,1352.0,
122,case_19,2024-04-10 21:26:29.393257,complete,LacticAcid,positive,Y,,,,,,,,,,,,,,,,,,,,,,,,,8.0,,
123,case_19,2024-04-10 21:39:00.393257,complete,Leucocytes,positive,Y,HE,90.0,,,,,,,,,,,,,,,,,,,,,,,,169.0,
124,case_19,2024-04-10 23:25:21.393257,complete,Release A,positive,Y,,,,,,,,,,,,,,,,,,,,,,,,,,,
125,case_19,2024-04-11 00:08:15.393257,complete,Admission NC,positive,J,,,,,,,,,,,,,,,,,,,,,,,,,,,
126,case_20,2024-04-10 16:00:14.393257,complete,Admission NC,positive,F,,,,,,,,,,,,,,,,,,,,,,,,,,,
127,case_20,2024-04-10 17:09:09.393257,complete,LacticAcid,positive,Y,,,,,,,,,,,,,,,,,,,,,,,,,8.0,,
128,case_20,2024-04-10 17:39:48.393257,complete,Leucocytes,positive,Y,HE,90.0,,,,,,,,,,,,,,,,,,,,,,,,972.0,
129,case_20,2024-04-10 18:40:10.393257,complete,Admission NC,positive,J,,,,,,,,,,,,,,,,,,,,,,,,,,,
130,case_20,2024-04-10 19:55:47.393257,complete,LacticAcid,positive,Y,,,,,,,,,,,,,,,,,,,,,,,,,8.0,,
131,case_20,2024-04-10 20:34:09.393257,complete,Leucocytes,positive,Y,HE,90.0,,,,,,,,,,,,,,,,,,,,,,,,189.0,
132,case_20,2024-04-10 22:20:29.393257,complete,ER Triage,positive,C,HE,90.0,,,,,,,,,,,,,,,,,,,,,,,,,
133,case_20,2024-04-10 23:18:23.393257,complete,LacticAcid,positive,Y,,,,,,,,,,,,,,,,,,,,,,,,,8.0,,
134,case_20,2024-04-10 23:58:09.393257,complete,Leucocytes,positive,Y,HE,90.0,,,,,,,,,,,,,,,,,,,,,,,,195.0,
135,case_21,2024-04-10 15:39:52.393257,complete,Admission NC,positive,F,,,,,,,,,,,,,,,,,,,,,,,,,,,
136,case_21,2024-04-10 16:52:00.393257,complete,LacticAcid,positive,Y,,,,,,,,,,,,,,,,,,,,,,,,,8.0,,
137,case_21,2024-04-10 18:29:43.393257,complete,Leucocytes,positive,I,HE,90.0,,,,,,,,,,,,,,,,,,,,,,,,1016.0,
138,case_21,2024-04-10 18:45:38.393257,complete,Admission NC,positive,J,,,,,,,,,,,,,,,,,,,,,,,,,,,
139,case_21,2024-04-10 20:13:01.393257,complete,LacticAcid,positive,Y,,,,,,,,,,,,,,,,,,,,,,,,,8.0,,
140,case_21,2024-04-10 21:04:32.393257,complete,Leucocytes,positive,Y,HE,90.0,,,,,,,,,,,,,,,,,,,,,,,,191.0,
141,case_21,2024-04-10 21:34:38.393257,complete,ER Triage,positive,C,HE,90.0,,,,,,,,,,,,,,,,,,,,,,,,,
142,case_21,2024-04-10 23:20:29.393257,complete,LacticAcid,positive,Y,,,,,,,,,,,,,,,,,,,,,,,,,8.0,,
143,case_21,2024-04-11 00:14:21.393257,complete,Leucocytes,positive,Y,HE,90.0,,,,,,,,,,,,,,,,,,,,,,,,196.0,
144,case_22,2024-04-10 15:37:21.393257,complete,ER Triage,positive,C,HE,90.0,,,,,,,,,,,,,,,,,,,,,,,,,
145,case_22,2024-04-10 16:33:17.393257,complete,Return ER,positive,?,,,,,,,,,,,,,,,,,,,,,,,,,,,
146,case_22,2024-04-10 18:08:37.393257,complete,Release A,positive,E,,,,,,,,,,,,,,,,,,,,,,,,,,,
147,case_22,2024-04-10 19:02:56.393257,complete,Release B,positive,E,,,,,,,,,,,,,,,,,,,,,,,,,,,
148,case_22,2024-04-10 19:40:50.393257,complete,Admission NC,positive,K,,,,,,,,,,,,,,,,,,,,,,,,,,,
149,case_22,2024-04-10 21:01:41.393257,complete,Release B,positive,E,,,,,,,,,,,,,,,,,,,,,,,,,,,
150,case_22,2024-04-10 22:26:56.393257,complete,Admission NC,positive,J,,,,,,,,,,,,,,,,,,,,,,,,,,,
151,case_22,2024-04-10 23:08:34.393257,complete,Admission NC,positive,J,,,,,,,,,,,,,,,,,,,,,,,,,,,
152,case_22,2024-04-10 23:51:04.393257,complete,Admission NC,positive,J,,,,,,,,,,,,,,,,,,,,,,,,,,,
153,case_22,2024-04-11 01:11:48.393257,complete,Admission NC,positive,J,,,,,,,,,,,,,,,,,,,,,,,,,,,
154,case_23,2024-04-10 16:29:37.393257,complete,Admission NC,positive,F,,,,,,,,,,,,,,,,,,,,,,,,,,,
155,case_23,2024-04-10 17:27:41.393257,complete,Admission IC,positive,A,,,,,,,,,,,,,,,,,,,,,,,,,,,
156,case_23,2024-04-10 18:23:49.393257,complete,Admission IC,positive,K,,,,,,,,,,,,,,,,,,,,,,,,,,,
157,case_23,2024-04-10 19:27:08.393257,complete,ER Triage,positive,K,YA,20.0,,,,,,,,,,,,,,,,,,,,,,,,,
158,case_23,2024-04-10 19:52:08.393257,complete,Release B,positive,E,,,,,,,,,,,,,,,,,,,,,,,,,,,
159,case_23,2024-04-10 20:38:43.393257,complete,Admission NC,positive,K,,,,,,,,,,,,,,,,,,,,,,,,,,,
160,case_23,2024-04-10 22:06:49.393257,complete,Release B,positive,E,,,,,,,,,,,,,,,,,,,,,,,,,,,
161,case_23,2024-04-10 22:33:34.393257,complete,Admission NC,positive,K,,,,,,,,,,,,,,,,,,,,,,,,,,,
162,case_23,2024-04-10 23:34:37.393257,complete,Release B,positive,E,,,,,,,,,,,,,,,,,,,,,,,,,,,
163,case_23,2024-04-11 01:29:39.393257,complete,Release B,positive,E,,,,,,,,,,,,,,,,,,,,,,,,,,,
164,case_24,2024-04-10 15:34:50.393257,complete,IV Antibiotics,positive,I,,,,,,,,,,,,,,,,,,,,,,,,,,,
165,case_24,2024-04-10 16:32:39.393257,complete,Release B,positive,E,,,,,,,,,,,,,,,,,,,,,,,,,,,
166,case_24,2024-04-10 18:03:43.393257,complete,Release B,positive,I,,,,,,,,,,,,,,,,,,,,,,,,,,,
167,case_24,2024-04-10 19:24:29.393257,complete,Release B,positive,E,,,,,,,,,,,,,,,,,,,,,,,,,,,
168,case_24,2024-04-10 20:08:16.393257,complete,Admission NC,positive,K,,,,,,,,,,,,,,,,,,,,,,,,,,,
169,case_24,2024-04-10 21:25:12.393257,complete,Release B,positive,E,,,,,,,,,,,,,,,,,,,,,,,,,,,
170,case_24,2024-04-10 21:39:25.393257,complete,IV Liquid,positive,I,YB,22.0,,,,,,,,,,,,,,,,,,,,,,,,,
171,case_24,2024-04-10 23:30:19.393257,complete,Admission NC,positive,E,,,,,,,,,,,,,,,,,,,,,,,,,,,
172,case_24,2024-04-10 23:45:40.393257,complete,Return ER,positive,?,,,,,,,,,,,,,,,,,,,,,,,,,,,
173,case_24,2024-04-11 01:12:08.393257,complete,Admission NC,positive,J,,,,,,,,,,,,,,,,,,,,,,,,,,,
174,case_25,2024-04-10 16:03:47.393257,complete,Admission NC,positive,F,,,,,,,,,,,,,,,,,,,,,,,,,,,
175,case_25,2024-04-10 16:53:35.393257,complete,ER Registration,positive,A,YA,20.0,true,false,false,true,false,false,true,true,true,false,false,false,true,true,true,true,false,true,false,false,true,false,,,
176,case_25,2024-04-10 18:29:25.393257,complete,ER Triage,positive,C,YA,20.0,,,,,,,,,,,,,,,,,,,,,,,,,
177,case_25,2024-04-10 18:39:27.393257,complete,Release B,positive,E,,,,,,,,,,,,,,,,,,,,,,,,,,,
178,case_25,2024-04-10 19:33:22.393257,complete,Admission NC,positive,K,,,,,,,,,,,,,,,,,,,,,,,,,,,
179,case_25,2024-04-10 21:02:41.393257,complete,Release B,positive,E,,,,,,,,,,,,,,,,,,,,,,,,,,,
180,case_25,2024-04-10 21:51:27.393257,complete,ER Triage,positive,C,YA,20.0,,,,,,,,,,,,,,,,,,,,,,,,,
181,case_25,2024-04-10 23:14:32.393257,complete,ER Triage,positive,C,YA,20.0,,,,,,,,,,,,,,,,,,,,,,,,,
182,case_25,2024-04-11 00:26:14.393257,complete,LacticAcid,positive,K,,,,,,,,,,,,,,,,,,,,,,,,,8.0,,
183,case_25,2024-04-11 00:57:08.393257,complete,Leucocytes,positive,K,YB,20.0,,,,,,,,,,,,,,,,,,,,,,,,144.0,
184,case_26,2024-04-10 16:02:45.393257,complete,Admission NC,positive,A,,,,,,,,,,,,,,,,,,,,,,,,,,,
185,case_26,2024-04-10 17:21:48.393257,complete,ER Registration,positive,I,YA,20.0,true,true,false,true,false,true,true,false,true,true,false,false,true,true,true,true,false,false,true,false,true,false,,,
186,case_26,2024-04-10 18:16:58.393257,complete,ER Triage,positive,K,YA,20.0,,,,,,,,,,,,,,,,,,,,,,,,,
187,case_26,2024-04-10 18:34:48.393257,complete,Release B,positive,E,,,,,,,,,,,,,,,,,,,,,,,,,,,
188,case_26,2024-04-10 19:51:08.393257,complete,Admission NC,positive,K,,,,,,,,,,,,,,,,,,,,,,,,,,,
189,case_26,2024-04-10 20:49:58.393257,complete,Release B,positive,E,,,,,,,,,,,,,,,,,,,,,,,,,,,
190,case_26,2024-04-10 21:32:21.393257,complete,ER Triage,positive,C,YA,20.0,,,,,,,,,,,,,,,,,,,,,,,,,
191,case_26,2024-04-10 23:13:54.393257,complete,ER Triage,positive,C,YA,20.0,,,,,,,,,,,,,,,,,,,,,,,,,
192,case_26,2024-04-11 00:03:26.393257,complete,LacticAcid,positive,K,,,,,,,,,,,,,,,,,,,,,,,,,7.0,,
193,case_26,2024-04-11 01:20:21.393257,complete,Leucocytes,positive,I,YA,20.0,,,,,,,,,,,,,,,,,,,,,,,,144.0,
194,case_27,2024-04-10 16:25:02.393257,complete,IV Antibiotics,positive,L,,,,,,,,,,,,,,,,,,,,,,,,,,,
195,case_27,2024-04-10 16:48:45.393257,complete,Admission IC,positive,Y,,,,,,,,,,,,,,,,,,,,,,,,,,,
196,case_27,2024-04-10 18:13:52.393257,complete,Release B,positive,E,,,,,,,,,,,,,,,,,,,,,,,,,,,
197,case_27,2024-04-10 19:13:18.393257,complete,Admission NC,positive,K,,,,,,,,,,,,,,,,,,,,,,,,,,,
198,case_27,2024-04-10 20:25:43.393257,complete,Release B,positive,E,,,,,,,,,,,,,,,,,,,,,,,,,,,
199,case_27,2024-04-10 20:52:32.393257,complete,Admission NC,positive,K,,,,,,,,,,,,,,,,,,,,,,,,,,,
200,case_27,2024-04-10 22:27:12.393257,complete,Release B,positive,E,,,,,,,,,,,,,,,,,,,,,,,,,,,
201,case_27,2024-04-10 23:26:16.393257,complete,Release B,positive,E,,,,,,,,,,,,,,,,,,,,,,,,,,,
202,case_28,2024-04-10 16:25:01.393257,complete,Admission NC,positive,F,,,,,,,,,,,,,,,,,,,,,,,,,,,
203,case_28,2024-04-10 17:06:57.393257,complete,Admission IC,positive,Y,,,,,,,,,,,,,,,,,,,,,,,,,,,
204,case_28,2024-04-10 17:36:20.393257,complete,Release B,positive,E,,,,,,,,,,,,,,,,,,,,,,,,,,,
205,case_28,2024-04-10 19:07:26.393257,complete,Admission NC,positive,K,,,,,,,,,,,,,,,,,,,,,,,,,,,
206,case_28,2024-04-10 19:44:09.393257,complete,Release B,positive,E,,,,,,,,,,,,,,,,,,,,,,,,,,,
207,case_28,2024-04-10 20:36:35.393257,complete,Admission NC,positive,K,,,,,,,,,,,,,,,,,,,,,,,,,,,
208,case_28,2024-04-10 21:49:08.393257,complete,Release B,positive,E,,,,,,,,,,,,,,,,,,,,,,,,,,,
209,case_28,2024-04-10 22:43:40.393257,complete,Release B,positive,E,,,,,,,,,,,,,,,,,,,,,,,,,,,
210,case_29,2024-04-10 15:41:21.393257,complete,Admission NC,positive,F,,,,,,,,,,,,,,,,,,,,,,,,,,,
211,case_29,2024-04-10 16:47:01.393257,complete,Admission NC,positive,F,,,,,,,,,,,,,,,,,,,,,,,,,,,
212,case_29,2024-04-10 18:23:29.393257,complete,Leucocytes,positive,N,YA,20.0,,,,,,,,,,,,,,,,,,,,,,,,139.0,
213,case_29,2024-04-10 19:30:14.393257,complete,CRP,positive,I,YA,20.0,,,,,,,,,,,,,,,,,,,,,,,,,53.0
214,case_29,2024-04-10 20:12:21.393257,complete,LacticAcid,positive,K,,,,,,,,,,,,,,,,,,,,,,,,,8.0,,
215,case_29,2024-04-10 21:10:21.393257,complete,Leucocytes,positive,I,YA,20.0,,,,,,,,,,,,,,,,,,,,,,,,140.0,
216,case_29,2024-04-10 22:01:38.393257,complete,Leucocytes,positive,K,YA,20.0,,,,,,,,,,,,,,,,,,,,,,,,138.0,
217,case_29,2024-04-10 22:42:29.393257,complete,Leucocytes,positive,K,YA,20.0,,,,,,,,,,,,,,,,,,,,,,,,138.0,
