,case:concept:name,time:timestamp,lifecycle:transition,concept:name,case:label,org:group,Diagnose,Age
0,case_0,2024-04-10 16:00:04.772345,complete,Admission NC,positive,F,,
1,case_0,2024-04-10 17:25:08.772345,complete,Release B,positive,E,,
2,case_0,2024-04-10 18:06:10.772345,complete,Admission NC,positive,K,,
3,case_0,2024-04-10 19:16:44.772345,complete,Release B,positive,E,,
4,case_0,2024-04-10 20:29:49.772345,complete,Admission NC,positive,K,,
5,case_0,2024-04-10 21:37:20.772345,complete,Release B,positive,E,,
6,case_1,2024-04-10 15:57:12.772345,complete,Return ER,positive,?,,
7,case_1,2024-04-10 17:08:48.772345,complete,Return ER,positive,H,,
8,case_1,2024-04-10 18:26:03.772345,complete,IV Antibiotics,positive,B,,
9,case_1,2024-04-10 18:53:04.772345,complete,Admission NC,positive,P,,
10,case_1,2024-04-10 20:02:58.772345,complete,IV Antibiotics,positive,R,,
11,case_1,2024-04-10 21:21:18.772345,complete,Admission NC,positive,A,,
12,case_2,2024-04-10 16:01:58.772345,complete,Return ER,positive,?,,
13,case_2,2024-04-10 17:16:38.772345,complete,Return ER,positive,H,,
14,case_2,2024-04-10 18:17:32.772345,complete,IV Antibiotics,positive,B,,
15,case_2,2024-04-10 19:17:04.772345,complete,Admission NC,positive,V,,
16,case_2,2024-04-10 20:38:06.772345,complete,IV Antibiotics,positive,S,,
17,case_2,2024-04-10 21:03:54.772345,complete,Admission NC,positive,A,,
18,case_3,2024-04-10 16:27:51.772345,complete,Admission NC,positive,F,,
19,case_3,2024-04-10 17:22:24.772345,complete,Return ER,positive,H,,
20,case_3,2024-04-10 18:04:20.772345,complete,Release A,positive,A,,
21,case_3,2024-04-10 19:36:07.772345,complete,Release A,positive,S,,
22,case_3,2024-04-10 20:31:14.772345,complete,Admission NC,positive,A,,
23,case_3,2024-04-10 20:48:01.772345,complete,Release A,positive,A,,
24,case_4,2024-04-10 16:32:01.772345,complete,Admission NC,positive,F,,
25,case_4,2024-04-10 17:06:21.772345,complete,ER Sepsis Triage,positive,W,XB,84.0
26,case_4,2024-04-10 18:19:18.772345,complete,ER Triage,positive,A,XD,90.0
27,case_4,2024-04-10 18:43:06.772345,complete,Admission NC,positive,B,,
28,case_4,2024-04-10 19:50:22.772345,complete,ER Triage,positive,P,TC,83.0
29,case_4,2024-04-10 21:00:35.772345,complete,ER Triage,positive,A,YD,40.0
30,case_5,2024-04-10 16:17:42.772345,complete,Return ER,positive,?,,
31,case_5,2024-04-10 17:23:57.772345,complete,Return ER,positive,H,,
32,case_5,2024-04-10 17:59:16.772345,complete,IV Antibiotics,positive,B,,
33,case_5,2024-04-10 18:43:59.772345,complete,Admission NC,positive,V,,
34,case_5,2024-04-10 20:16:28.772345,complete,IV Antibiotics,positive,R,,
35,case_5,2024-04-10 20:42:50.772345,complete,Admission NC,positive,A,,
36,case_6,2024-04-10 16:02:58.772345,complete,Return ER,positive,?,,
37,case_6,2024-04-10 17:17:10.772345,complete,Return ER,positive,G,,
38,case_6,2024-04-10 18:20:40.772345,complete,IV Antibiotics,positive,B,,
39,case_6,2024-04-10 18:59:58.772345,complete,Admission NC,positive,P,,
40,case_6,2024-04-10 20:37:34.772345,complete,IV Antibiotics,positive,R,,
41,case_6,2024-04-10 21:21:03.772345,complete,Admission NC,positive,A,,
42,case_7,2024-04-10 16:00:41.772345,complete,Return ER,positive,?,,
43,case_7,2024-04-10 17:11:42.772345,complete,Release A,positive,B,,
44,case_7,2024-04-10 18:30:27.772345,complete,IV Antibiotics,positive,O,,
45,case_7,2024-04-10 18:42:19.772345,complete,Admission NC,positive,J,,
46,case_7,2024-04-10 20:17:56.772345,complete,Admission IC,positive,J,,
47,case_7,2024-04-10 21:36:31.772345,complete,Admission NC,positive,J,,
48,case_7,2024-04-10 22:06:49.772345,complete,Admission NC,positive,J,,
49,case_7,2024-04-10 23:21:09.772345,complete,Admission IC,positive,J,,
50,case_7,2024-04-11 00:01:14.772345,complete,Admission NC,positive,J,,
51,case_8,2024-04-10 16:32:08.772345,complete,ER Triage,positive,C,QE,74.0
52,case_8,2024-04-10 16:50:35.772345,complete,Release A,positive,B,,
53,case_8,2024-04-10 17:55:38.772345,complete,Release A,positive,B,,
54,case_8,2024-04-10 19:12:50.772345,complete,Release A,positive,D,,
55,case_8,2024-04-10 19:54:15.772345,complete,ER Triage,positive,B,QC,83.0
56,case_8,2024-04-10 21:02:50.772345,complete,ER Triage,positive,P,YB,56.0
57,case_8,2024-04-10 22:25:08.772345,complete,Release A,positive,O,,
58,case_8,2024-04-10 22:46:51.772345,complete,Admission NC,positive,A,,
59,case_8,2024-04-11 00:14:31.772345,complete,Admission NC,positive,Q,,
60,case_9,2024-04-10 16:03:20.772345,complete,ER Triage,positive,C,XA,90.0
61,case_9,2024-04-10 17:29:09.772345,complete,Release A,positive,B,,
62,case_9,2024-04-10 17:43:04.772345,complete,Release A,positive,Q,,
63,case_9,2024-04-10 18:39:56.772345,complete,Release A,positive,D,,
64,case_9,2024-04-10 20:32:45.772345,complete,ER Triage,positive,B,IA,90.0
65,case_9,2024-04-10 20:58:10.772345,complete,ER Triage,positive,P,YB,90.0
66,case_9,2024-04-10 21:58:53.772345,complete,Release A,positive,U,,
67,case_9,2024-04-10 23:20:16.772345,complete,Admission NC,positive,A,,
68,case_9,2024-04-10 23:51:16.772345,complete,Admission NC,positive,W,,
69,case_10,2024-04-10 16:03:03.772345,complete,ER Triage,positive,C,XA,90.0
70,case_10,2024-04-10 17:18:03.772345,complete,Release A,positive,B,,
71,case_10,2024-04-10 17:40:46.772345,complete,Release A,positive,Q,,
72,case_10,2024-04-10 19:31:47.772345,complete,Release A,positive,D,,
73,case_10,2024-04-10 20:08:45.772345,complete,ER Triage,positive,B,IA,90.0
74,case_10,2024-04-10 21:20:08.772345,complete,ER Triage,positive,P,YB,90.0
75,case_10,2024-04-10 22:17:01.772345,complete,Release A,positive,A,,
76,case_10,2024-04-10 23:16:44.772345,complete,Admission NC,positive,A,,
77,case_10,2024-04-10 23:45:27.772345,complete,Admission NC,positive,W,,
78,case_11,2024-04-10 16:04:47.772345,complete,Return ER,positive,?,,
79,case_11,2024-04-10 17:10:10.772345,complete,Release A,positive,B,,
80,case_11,2024-04-10 18:36:40.772345,complete,IV Antibiotics,positive,R,,
81,case_11,2024-04-10 19:32:25.772345,complete,Admission NC,positive,J,,
82,case_11,2024-04-10 20:13:45.772345,complete,Admission IC,positive,J,,
83,case_11,2024-04-10 20:50:09.772345,complete,Admission NC,positive,J,,
84,case_11,2024-04-10 22:04:00.772345,complete,Admission NC,positive,J,,
85,case_11,2024-04-10 22:58:47.772345,complete,Admission IC,positive,J,,
86,case_11,2024-04-11 00:36:25.772345,complete,Admission NC,positive,J,,
87,case_12,2024-04-10 16:06:54.772345,complete,Return ER,positive,?,,
88,case_12,2024-04-10 17:13:34.772345,complete,Release A,positive,W,,
89,case_12,2024-04-10 18:02:59.772345,complete,IV Antibiotics,positive,O,,
90,case_12,2024-04-10 19:07:58.772345,complete,Admission NC,positive,J,,
91,case_12,2024-04-10 19:47:41.772345,complete,Admission IC,positive,J,,
92,case_12,2024-04-10 21:12:31.772345,complete,Admission NC,positive,J,,
93,case_12,2024-04-10 22:19:40.772345,complete,Admission NC,positive,J,,
94,case_12,2024-04-10 23:13:05.772345,complete,Admission IC,positive,J,,
95,case_12,2024-04-11 00:37:26.772345,complete,Admission NC,positive,J,,
96,case_13,2024-04-10 16:21:46.772345,complete,ER Triage,positive,C,AC,74.0
97,case_13,2024-04-10 17:21:19.772345,complete,Release A,positive,B,,
98,case_13,2024-04-10 17:55:04.772345,complete,Release A,positive,B,,
99,case_13,2024-04-10 18:43:03.772345,complete,Release A,positive,D,,
100,case_13,2024-04-10 20:33:22.772345,complete,ER Triage,positive,B,QC,83.0
101,case_13,2024-04-10 21:19:44.772345,complete,ER Triage,positive,P,YB,56.0
102,case_13,2024-04-10 22:30:45.772345,complete,Release A,positive,O,,
103,case_13,2024-04-10 23:17:41.772345,complete,Admission NC,positive,A,,
104,case_13,2024-04-11 00:16:19.772345,complete,Admission NC,positive,Q,,
105,case_14,2024-04-10 16:11:23.772345,complete,Return ER,positive,?,,
106,case_14,2024-04-10 17:17:10.772345,complete,Release A,positive,B,,
107,case_14,2024-04-10 18:17:02.772345,complete,Admission NC,positive,J,,
108,case_14,2024-04-10 18:44:16.772345,complete,Admission IC,positive,J,,
109,case_14,2024-04-10 20:23:51.772345,complete,Admission NC,positive,J,,
110,case_15,2024-04-10 15:54:41.772345,complete,Admission NC,positive,F,,
111,case_15,2024-04-10 17:33:49.772345,complete,Release A,positive,B,,
112,case_15,2024-04-10 17:57:18.772345,complete,Release A,positive,A,,
113,case_15,2024-04-10 19:03:13.772345,complete,Release A,positive,A,,
114,case_15,2024-04-10 20:35:46.772345,complete,Admission NC,positive,A,,
115,case_16,2024-04-10 16:01:23.772345,complete,Admission NC,positive,F,,
116,case_16,2024-04-10 17:23:26.772345,complete,Release A,positive,B,,
117,case_16,2024-04-10 18:03:06.772345,complete,Release A,positive,N,,
118,case_16,2024-04-10 18:50:33.772345,complete,Release A,positive,V,,
119,case_16,2024-04-10 20:28:16.772345,complete,Admission NC,positive,P,,
120,case_17,2024-04-10 16:29:49.772345,complete,Admission NC,positive,F,,
121,case_17,2024-04-10 17:29:03.772345,complete,Release A,positive,Y,,
122,case_17,2024-04-10 18:08:49.772345,complete,Release A,positive,A,,
123,case_17,2024-04-10 19:23:08.772345,complete,Release A,positive,V,,
124,case_17,2024-04-10 19:38:32.772345,complete,Admission NC,positive,A,,
125,case_18,2024-04-10 16:05:51.772345,complete,Return ER,positive,?,,
126,case_18,2024-04-10 16:44:03.772345,complete,Release A,positive,D,,
127,case_18,2024-04-10 18:12:11.772345,complete,Admission NC,positive,J,,
128,case_18,2024-04-10 18:45:21.772345,complete,Admission IC,positive,J,,
129,case_18,2024-04-10 19:38:48.772345,complete,Admission NC,positive,J,,
130,case_19,2024-04-10 16:31:03.772345,complete,Admission NC,positive,F,,
131,case_19,2024-04-10 16:58:29.772345,complete,Release A,positive,D,,
132,case_19,2024-04-10 17:39:58.772345,complete,Release A,positive,A,,
133,case_19,2024-04-10 19:13:27.772345,complete,Release A,positive,A,,
134,case_19,2024-04-10 20:04:09.772345,complete,Admission NC,positive,A,,
135,case_20,2024-04-10 16:03:14.772345,complete,Admission NC,positive,F,,
136,case_20,2024-04-10 16:56:46.772345,complete,Release A,positive,B,,
137,case_20,2024-04-10 17:48:03.772345,complete,Release A,positive,A,,
138,case_20,2024-04-10 19:08:52.772345,complete,Release A,positive,A,,
139,case_20,2024-04-10 19:51:39.772345,complete,Admission NC,positive,O,,
140,case_21,2024-04-10 16:08:07.772345,complete,Return ER,positive,?,,
141,case_21,2024-04-10 17:17:06.772345,complete,Release A,positive,B,,
142,case_21,2024-04-10 18:31:31.772345,complete,Admission NC,positive,J,,
143,case_21,2024-04-10 19:19:31.772345,complete,Admission IC,positive,J,,
144,case_21,2024-04-10 20:10:52.772345,complete,Admission NC,positive,J,,
145,case_21,2024-04-10 21:27:51.772345,complete,Admission IC,positive,J,,
146,case_21,2024-04-10 22:33:23.772345,complete,Admission NC,positive,J,,
147,case_22,2024-04-10 15:40:50.772345,complete,Admission NC,positive,F,,
148,case_22,2024-04-10 17:20:54.772345,complete,Release A,positive,B,,
149,case_22,2024-04-10 18:12:35.772345,complete,Release A,positive,A,,
150,case_22,2024-04-10 19:26:33.772345,complete,ER Triage,positive,V,ID,78.0
151,case_22,2024-04-10 19:45:07.772345,complete,Return ER,positive,?,,
152,case_22,2024-04-10 20:39:09.772345,complete,Release A,positive,A,,
153,case_22,2024-04-10 21:53:02.772345,complete,Admission NC,positive,A,,
154,case_23,2024-04-10 15:48:53.772345,complete,Admission NC,positive,B,,
155,case_23,2024-04-10 17:33:29.772345,complete,Release A,positive,B,,
156,case_23,2024-04-10 18:31:36.772345,complete,Release A,positive,A,,
157,case_23,2024-04-10 19:04:21.772345,complete,ER Sepsis Triage,positive,W,EA,86.0
158,case_23,2024-04-10 20:07:01.772345,complete,Release A,positive,G,,
159,case_23,2024-04-10 21:19:06.772345,complete,Release A,positive,D,,
160,case_23,2024-04-10 21:44:01.772345,complete,Admission NC,positive,A,,
161,case_24,2024-04-10 16:09:17.772345,complete,Admission NC,positive,F,,
162,case_24,2024-04-10 17:23:18.772345,complete,Release A,positive,B,,
163,case_24,2024-04-10 18:13:57.772345,complete,Release A,positive,A,,
164,case_24,2024-04-10 18:42:08.773344,complete,ER Triage,positive,V,RB,78.0
165,case_24,2024-04-10 20:27:42.773344,complete,Return ER,positive,?,,
166,case_24,2024-04-10 21:32:19.773344,complete,Release A,positive,A,,
167,case_24,2024-04-10 22:35:53.773344,complete,Admission NC,positive,A,,
168,case_25,2024-04-10 16:23:07.773344,complete,Return ER,positive,?,,
169,case_25,2024-04-10 17:31:08.773344,complete,Release A,positive,X,,
170,case_25,2024-04-10 18:02:23.773344,complete,IV Antibiotics,positive,B,,
171,case_25,2024-04-10 18:45:13.773344,complete,IV Antibiotics,positive,B,,
172,case_25,2024-04-10 19:50:18.773344,complete,IV Antibiotics,positive,S,,
173,case_25,2024-04-10 20:57:57.773344,complete,Admission NC,positive,J,,
174,case_25,2024-04-10 22:27:26.773344,complete,Admission IC,positive,J,,
175,case_25,2024-04-10 23:26:13.773344,complete,Admission NC,positive,J,,
176,case_25,2024-04-11 00:16:29.773344,complete,Admission IC,positive,J,,
177,case_25,2024-04-11 01:04:51.773344,complete,Admission NC,positive,J,,
178,case_26,2024-04-10 16:35:24.773344,complete,Admission NC,positive,V,,
179,case_26,2024-04-10 17:32:41.773344,complete,Release A,positive,U,,
180,case_26,2024-04-10 18:19:45.773344,complete,ER Triage,positive,B,TC,81.0
181,case_26,2024-04-10 19:07:23.773344,complete,ER Triage,positive,A,OD,78.0
182,case_26,2024-04-10 19:42:52.773344,complete,ER Triage,positive,A,UC,90.0
183,case_26,2024-04-10 20:41:37.773344,complete,ER Triage,positive,U,PA,80.0
184,case_26,2024-04-10 22:33:55.773344,complete,Admission NC,positive,M,,
185,case_26,2024-04-10 22:41:52.773344,complete,Release A,positive,A,,
186,case_26,2024-04-11 00:12:23.773344,complete,Release A,positive,A,,
187,case_26,2024-04-11 00:45:10.773344,complete,Return ER,positive,T,,
188,case_27,2024-04-10 16:29:22.773344,complete,ER Triage,positive,C,VA,90.0
189,case_27,2024-04-10 16:44:24.773344,complete,Release A,positive,B,,
190,case_27,2024-04-10 18:03:48.773344,complete,Admission NC,positive,Y,,
191,case_27,2024-04-10 18:46:26.773344,complete,Admission NC,positive,Q,,
192,case_27,2024-04-10 20:33:47.773344,complete,Release A,positive,A,,
193,case_27,2024-04-10 20:46:55.773344,complete,Release A,positive,P,,
194,case_27,2024-04-10 21:56:37.773344,complete,Release A,positive,M,,
195,case_27,2024-04-10 23:25:33.773344,complete,Return ER,positive,A,,
196,case_28,2024-04-10 15:51:11.773344,complete,Return ER,positive,?,,
197,case_28,2024-04-10 16:45:42.773344,complete,Release A,positive,V,,
198,case_28,2024-04-10 17:39:04.773344,complete,IV Antibiotics,positive,Y,,
199,case_28,2024-04-10 19:11:21.773344,complete,Admission NC,positive,J,,
200,case_28,2024-04-10 19:54:02.773344,complete,Admission IC,positive,J,,
201,case_28,2024-04-10 21:08:37.773344,complete,Admission NC,positive,J,,
202,case_28,2024-04-10 22:31:38.773344,complete,Admission IC,positive,J,,
203,case_28,2024-04-10 23:31:19.773344,complete,Admission NC,positive,J,,
204,case_29,2024-04-10 15:55:15.773344,complete,ER Triage,positive,C,VC,90.0
205,case_29,2024-04-10 16:45:02.773344,complete,Release A,positive,B,,
206,case_29,2024-04-10 17:54:19.773344,complete,Admission NC,positive,Y,,
207,case_29,2024-04-10 19:15:20.773344,complete,Admission NC,positive,Q,,
208,case_29,2024-04-10 19:46:35.773344,complete,Release A,positive,A,,
209,case_29,2024-04-10 20:51:40.773344,complete,Release A,positive,A,,
210,case_29,2024-04-10 22:28:56.773344,complete,Release A,positive,M,,
211,case_29,2024-04-10 23:33:43.773344,complete,Return ER,positive,A,,
