,case:concept:name,time:timestamp,lifecycle:transition,concept:name,case:label,org:group,Diagnose,Age
0,case_0,2024-04-10 16:30:21.777593,complete,Return ER,positive,?,,
1,case_0,2024-04-10 17:26:01.777593,complete,Release A,positive,B,,
2,case_0,2024-04-10 18:10:53.777593,complete,IV Antibiotics,positive,O,,
3,case_0,2024-04-10 19:27:41.777593,complete,Admission NC,positive,J,,
4,case_0,2024-04-10 19:49:28.777593,complete,Admission IC,positive,J,,
5,case_0,2024-04-10 21:11:56.777593,complete,Admission NC,positive,J,,
6,case_0,2024-04-10 21:47:24.777593,complete,Admission NC,positive,J,,
7,case_0,2024-04-10 23:03:09.777593,complete,Admission IC,positive,J,,
8,case_0,2024-04-11 00:28:08.777593,complete,Admission NC,positive,J,,
9,case_1,2024-04-10 15:43:26.777593,complete,ER Triage,positive,C,AC,90.0
10,case_1,2024-04-10 16:44:13.777593,complete,Release A,positive,B,,
11,case_1,2024-04-10 18:14:02.777593,complete,Release A,positive,R,,
12,case_1,2024-04-10 18:45:40.777593,complete,Release A,positive,D,,
13,case_1,2024-04-10 20:21:05.777593,complete,ER Triage,positive,S,IA,90.0
14,case_1,2024-04-10 21:26:42.777593,complete,ER Triage,positive,R,YB,90.0
15,case_1,2024-04-10 21:58:16.777593,complete,Release A,positive,G,,
16,case_1,2024-04-10 23:32:20.777593,complete,Admission NC,positive,A,,
17,case_1,2024-04-11 00:06:43.777593,complete,Admission NC,positive,P,,
18,case_2,2024-04-10 15:57:00.777593,complete,ER Triage,positive,C,AC,90.0
19,case_2,2024-04-10 17:11:19.777593,complete,Admission NC,positive,B,,
20,case_2,2024-04-10 17:56:25.777593,complete,Release A,positive,R,,
21,case_2,2024-04-10 19:13:09.777593,complete,ER Triage,positive,D,EE,62.0
22,case_2,2024-04-10 19:45:13.777593,complete,ER Triage,positive,B,GC,90.0
23,case_2,2024-04-10 20:57:48.777593,complete,ER Triage,positive,R,ZD,90.0
24,case_2,2024-04-10 22:33:48.777593,complete,ER Sepsis Triage,positive,D,KC,69.0
25,case_2,2024-04-10 23:15:09.777593,complete,Admission NC,positive,A,,
26,case_2,2024-04-10 23:45:40.777593,complete,ER Triage,positive,W,AB,31.0
27,case_3,2024-04-10 16:17:15.777593,complete,ER Triage,positive,C,QB,74.0
28,case_3,2024-04-10 17:29:18.777593,complete,Release A,positive,B,,
29,case_3,2024-04-10 18:03:07.777593,complete,Release A,positive,R,,
30,case_3,2024-04-10 18:55:51.777593,complete,Release A,positive,D,,
31,case_3,2024-04-10 19:51:31.777593,complete,ER Triage,positive,S,IA,75.0
32,case_3,2024-04-10 20:54:48.777593,complete,ER Triage,positive,P,YB,72.0
33,case_3,2024-04-10 21:38:35.777593,complete,Release A,positive,P,,
34,case_3,2024-04-10 22:43:48.777593,complete,Admission NC,positive,A,,
35,case_3,2024-04-11 00:13:22.777593,complete,Admission NC,positive,W,,
36,case_4,2024-04-10 15:50:02.777593,complete,Return ER,positive,?,,
37,case_4,2024-04-10 16:45:22.777593,complete,Release A,positive,B,,
38,case_4,2024-04-10 18:23:54.777593,complete,IV Antibiotics,positive,R,,
39,case_4,2024-04-10 19:15:19.777593,complete,Admission NC,positive,J,,
40,case_4,2024-04-10 19:49:04.777593,complete,Admission IC,positive,J,,
41,case_4,2024-04-10 20:37:31.777593,complete,Admission NC,positive,J,,
42,case_4,2024-04-10 22:13:39.777593,complete,Admission NC,positive,J,,
43,case_4,2024-04-10 23:11:49.777593,complete,Admission IC,positive,J,,
44,case_4,2024-04-11 00:35:33.777593,complete,Admission NC,positive,J,,
45,case_5,2024-04-10 16:15:56.777593,complete,Return ER,positive,?,,
46,case_5,2024-04-10 16:44:38.777593,complete,Release A,positive,W,,
47,case_5,2024-04-10 17:54:25.777593,complete,IV Antibiotics,positive,O,,
48,case_5,2024-04-10 18:51:14.777593,complete,Admission NC,positive,J,,
49,case_5,2024-04-10 19:49:32.777593,complete,Admission IC,positive,J,,
50,case_5,2024-04-10 21:18:35.777593,complete,Admission NC,positive,J,,
51,case_5,2024-04-10 21:40:23.777593,complete,Admission NC,positive,J,,
52,case_5,2024-04-10 23:00:26.777593,complete,Admission IC,positive,J,,
53,case_5,2024-04-10 23:45:35.777593,complete,Admission NC,positive,J,,
54,case_6,2024-04-10 15:41:11.777593,complete,Admission NC,positive,F,,
55,case_6,2024-04-10 17:16:09.777593,complete,Release B,positive,E,,
56,case_6,2024-04-10 17:50:30.777593,complete,Admission NC,positive,K,,
57,case_6,2024-04-10 19:24:12.777593,complete,Release B,positive,E,,
58,case_6,2024-04-10 20:09:03.777593,complete,Admission NC,positive,K,,
59,case_6,2024-04-10 21:08:47.777593,complete,Release B,positive,E,,
60,case_7,2024-04-10 15:38:12.777593,complete,Return ER,positive,?,,
61,case_7,2024-04-10 17:17:03.777593,complete,Return ER,positive,G,,
62,case_7,2024-04-10 17:38:23.777593,complete,IV Antibiotics,positive,B,,
63,case_7,2024-04-10 18:55:12.777593,complete,Admission NC,positive,V,,
64,case_7,2024-04-10 20:00:26.777593,complete,IV Antibiotics,positive,R,,
65,case_7,2024-04-10 20:44:56.777593,complete,Admission NC,positive,A,,
66,case_8,2024-04-10 16:14:46.777593,complete,Return ER,positive,?,,
67,case_8,2024-04-10 17:20:08.777593,complete,Return ER,positive,H,,
68,case_8,2024-04-10 18:23:52.777593,complete,IV Antibiotics,positive,B,,
69,case_8,2024-04-10 19:12:59.777593,complete,Admission NC,positive,V,,
70,case_8,2024-04-10 19:37:34.777593,complete,IV Antibiotics,positive,U,,
71,case_8,2024-04-10 20:54:03.777593,complete,Admission NC,positive,A,,
72,case_9,2024-04-10 16:05:19.777593,complete,Return ER,positive,?,,
73,case_9,2024-04-10 17:33:10.777593,complete,Return ER,positive,H,,
74,case_9,2024-04-10 18:12:26.777593,complete,IV Antibiotics,positive,Y,,
75,case_9,2024-04-10 19:12:49.777593,complete,Admission NC,positive,V,,
76,case_9,2024-04-10 19:41:25.777593,complete,IV Antibiotics,positive,Q,,
77,case_9,2024-04-10 21:12:55.777593,complete,Admission NC,positive,A,,
78,case_10,2024-04-10 16:23:52.777593,complete,Return ER,positive,?,,
79,case_10,2024-04-10 17:01:11.777593,complete,Return ER,positive,H,,
80,case_10,2024-04-10 18:08:05.777593,complete,IV Antibiotics,positive,B,,
81,case_10,2024-04-10 18:54:33.777593,complete,Admission NC,positive,R,,
82,case_10,2024-04-10 19:54:28.777593,complete,IV Antibiotics,positive,S,,
83,case_10,2024-04-10 21:31:42.777593,complete,Admission NC,positive,A,,
84,case_11,2024-04-10 16:28:29.777593,complete,Return ER,positive,?,,
85,case_11,2024-04-10 16:53:13.777593,complete,Return ER,positive,H,,
86,case_11,2024-04-10 18:18:47.777593,complete,IV Antibiotics,positive,B,,
87,case_11,2024-04-10 19:21:16.777593,complete,Admission NC,positive,A,,
88,case_11,2024-04-10 20:31:04.777593,complete,IV Antibiotics,positive,P,,
89,case_11,2024-04-10 20:38:42.777593,complete,Admission NC,positive,A,,
90,case_12,2024-04-10 16:25:07.777593,complete,Return ER,positive,?,,
91,case_12,2024-04-10 17:11:32.777593,complete,Return ER,positive,H,,
92,case_12,2024-04-10 18:08:17.777593,complete,IV Antibiotics,positive,B,,
93,case_12,2024-04-10 19:33:52.777593,complete,Admission NC,positive,V,,
94,case_12,2024-04-10 19:45:49.777593,complete,IV Antibiotics,positive,R,,
95,case_12,2024-04-10 21:19:41.777593,complete,Admission NC,positive,A,,
96,case_13,2024-04-10 15:46:08.777593,complete,Return ER,positive,?,,
97,case_13,2024-04-10 17:19:30.777593,complete,Release A,positive,U,,
98,case_13,2024-04-10 17:44:28.777593,complete,IV Antibiotics,positive,H,,
99,case_13,2024-04-10 18:56:43.777593,complete,Admission NC,positive,J,,
100,case_13,2024-04-10 20:05:04.777593,complete,Admission IC,positive,J,,
101,case_13,2024-04-10 21:16:16.777593,complete,Admission NC,positive,J,,
102,case_13,2024-04-10 22:30:50.777593,complete,Admission IC,positive,J,,
103,case_13,2024-04-10 22:47:17.777593,complete,Admission NC,positive,J,,
104,case_13,2024-04-11 00:28:27.777593,complete,Admission IC,positive,J,,
105,case_13,2024-04-11 01:03:11.777593,complete,Admission NC,positive,J,,
106,case_14,2024-04-10 16:28:22.777593,complete,Admission NC,positive,F,,
107,case_14,2024-04-10 17:29:58.777593,complete,Release A,positive,B,,
108,case_14,2024-04-10 18:09:53.777593,complete,ER Triage,positive,G,TC,89.0
109,case_14,2024-04-10 19:00:20.777593,complete,ER Triage,positive,A,WC,78.0
110,case_14,2024-04-10 20:23:33.777593,complete,Release A,positive,A,,
111,case_14,2024-04-10 21:26:50.777593,complete,ER Triage,positive,O,KD,72.0
112,case_14,2024-04-10 21:48:08.777593,complete,Admission NC,positive,M,,
113,case_14,2024-04-10 23:26:59.777593,complete,Release A,positive,A,,
114,case_14,2024-04-10 23:56:31.777593,complete,ER Triage,positive,O,HA,79.0
115,case_14,2024-04-11 00:58:01.777593,complete,ER Triage,positive,A,RD,90.0
116,case_15,2024-04-10 16:07:38.777593,complete,Admission NC,positive,F,,
117,case_15,2024-04-10 17:20:15.777593,complete,Release A,positive,T,,
118,case_15,2024-04-10 18:30:09.777593,complete,ER Triage,positive,B,TB,81.0
119,case_15,2024-04-10 19:04:01.777593,complete,ER Triage,positive,S,WC,78.0
120,case_15,2024-04-10 20:21:55.777593,complete,ER Triage,positive,A,WD,90.0
121,case_15,2024-04-10 21:12:51.777593,complete,ER Triage,positive,A,BA,90.0
122,case_15,2024-04-10 22:00:11.777593,complete,Admission NC,positive,A,,
123,case_15,2024-04-10 23:33:46.777593,complete,Release A,positive,A,,
124,case_15,2024-04-10 23:59:39.777593,complete,ER Triage,positive,A,YA,79.0
125,case_15,2024-04-11 01:22:44.777593,complete,ER Triage,positive,N,QE,76.0
126,case_16,2024-04-10 15:57:07.777593,complete,Admission NC,positive,F,,
127,case_16,2024-04-10 17:18:24.777593,complete,Release A,positive,B,,
128,case_16,2024-04-10 18:05:08.777593,complete,ER Triage,positive,B,TC,89.0
129,case_16,2024-04-10 19:14:06.777593,complete,ER Triage,positive,A,NC,90.0
130,case_16,2024-04-10 19:52:58.777593,complete,ER Triage,positive,A,ME,90.0
131,case_16,2024-04-10 21:25:51.777593,complete,ER Triage,positive,T,Z,90.0
132,case_16,2024-04-10 22:24:36.777593,complete,Admission NC,positive,M,,
133,case_16,2024-04-10 23:16:40.777593,complete,Release A,positive,R,,
134,case_16,2024-04-11 00:21:35.777593,complete,ER Triage,positive,A,TA,87.0
135,case_16,2024-04-11 01:36:36.777593,complete,ER Triage,positive,A,AB,90.0
136,case_17,2024-04-10 15:43:10.777593,complete,Admission NC,positive,F,,
137,case_17,2024-04-10 16:54:59.777593,complete,Release A,positive,B,,
138,case_17,2024-04-10 18:36:18.777593,complete,ER Triage,positive,G,ED,89.0
139,case_17,2024-04-10 19:25:17.777593,complete,ER Triage,positive,A,MC,90.0
140,case_17,2024-04-10 20:33:13.777593,complete,ER Triage,positive,T,MA,90.0
141,case_17,2024-04-10 21:03:11.777593,complete,ER Triage,positive,A,CC,90.0
142,case_17,2024-04-10 22:19:14.777593,complete,Admission NC,positive,M,,
143,case_17,2024-04-10 23:22:08.777593,complete,Release A,positive,R,,
144,case_17,2024-04-10 23:52:17.777593,complete,ER Triage,positive,Y,L,87.0
145,case_17,2024-04-11 00:46:24.777593,complete,ER Triage,positive,A,RD,90.0
146,case_18,2024-04-10 15:38:38.777593,complete,Return ER,positive,?,,
147,case_18,2024-04-10 17:28:49.777593,complete,Release A,positive,B,,
148,case_18,2024-04-10 18:35:54.777593,complete,IV Antibiotics,positive,V,,
149,case_18,2024-04-10 18:54:34.777593,complete,Admission NC,positive,Q,,
150,case_18,2024-04-10 20:13:33.777593,complete,IV Antibiotics,positive,B,,
151,case_18,2024-04-10 21:08:00.777593,complete,Admission NC,positive,J,,
152,case_18,2024-04-10 21:50:21.777593,complete,Admission IC,positive,J,,
153,case_18,2024-04-10 23:25:52.777593,complete,Admission NC,positive,J,,
154,case_19,2024-04-10 16:16:03.777593,complete,ER Triage,positive,C,MC,90.0
155,case_19,2024-04-10 16:41:49.777593,complete,ER Sepsis Triage,positive,U,ME,90.0
156,case_19,2024-04-10 17:45:23.777593,complete,Admission NC,positive,Y,,
157,case_19,2024-04-10 19:16:24.777593,complete,Admission NC,positive,Q,,
158,case_19,2024-04-10 19:51:50.777593,complete,Release A,positive,A,,
159,case_19,2024-04-10 21:22:22.777593,complete,ER Sepsis Triage,positive,S,UA,90.0
160,case_19,2024-04-10 22:08:43.777593,complete,ER Triage,positive,M,YA,89.0
161,case_19,2024-04-10 22:46:51.777593,complete,ER Triage,positive,A,BA,33.0
162,case_20,2024-04-10 16:16:53.777593,complete,ER Triage,positive,C,VC,90.0
163,case_20,2024-04-10 16:47:39.777593,complete,ER Sepsis Triage,positive,B,NA,69.0
164,case_20,2024-04-10 18:33:01.777593,complete,Admission NC,positive,B,,
165,case_20,2024-04-10 19:06:53.777593,complete,Admission NC,positive,Q,,
166,case_20,2024-04-10 20:11:21.777593,complete,Release A,positive,A,,
167,case_20,2024-04-10 21:02:47.777593,complete,ER Triage,positive,G,AA,72.0
168,case_20,2024-04-10 21:58:52.777593,complete,ER Triage,positive,A,ZA,85.0
169,case_20,2024-04-10 23:25:58.777593,complete,ER Triage,positive,O,BA,20.0
170,case_21,2024-04-10 16:34:20.777593,complete,ER Triage,positive,C,ED,90.0
171,case_21,2024-04-10 17:11:02.777593,complete,ER Sepsis Triage,positive,B,EC,84.0
172,case_21,2024-04-10 17:54:10.777593,complete,Admission NC,positive,Y,,
173,case_21,2024-04-10 19:11:58.777593,complete,Admission NC,positive,Q,,
174,case_21,2024-04-10 20:15:35.777593,complete,Release A,positive,A,,
175,case_21,2024-04-10 21:31:02.777593,complete,ER Triage,positive,A,ZA,90.0
176,case_21,2024-04-10 22:09:06.777593,complete,ER Triage,positive,M,YA,89.0
177,case_21,2024-04-10 23:34:00.777593,complete,ER Triage,positive,A,BA,20.0
178,case_22,2024-04-10 16:19:52.777593,complete,Return ER,positive,?,,
179,case_22,2024-04-10 16:38:05.777593,complete,Release A,positive,B,,
180,case_22,2024-04-10 18:31:02.777593,complete,Admission NC,positive,J,,
181,case_22,2024-04-10 18:45:24.777593,complete,Admission IC,positive,J,,
182,case_22,2024-04-10 19:51:55.777593,complete,Admission NC,positive,J,,
183,case_23,2024-04-10 15:38:07.777593,complete,Admission NC,positive,F,,
184,case_23,2024-04-10 17:33:04.777593,complete,Release A,positive,B,,
185,case_23,2024-04-10 18:09:43.777593,complete,Release A,positive,A,,
186,case_23,2024-04-10 19:33:54.777593,complete,Release A,positive,A,,
187,case_23,2024-04-10 20:01:53.777593,complete,Admission NC,positive,B,,
188,case_24,2024-04-10 15:38:19.777593,complete,Return ER,positive,?,,
189,case_24,2024-04-10 16:50:43.777593,complete,Release A,positive,B,,
190,case_24,2024-04-10 18:09:37.777593,complete,Admission NC,positive,J,,
191,case_24,2024-04-10 18:49:29.777593,complete,Admission IC,positive,J,,
192,case_24,2024-04-10 20:12:28.777593,complete,Admission NC,positive,J,,
193,case_24,2024-04-10 21:19:32.777593,complete,Admission IC,positive,J,,
194,case_24,2024-04-10 21:58:42.777593,complete,Admission NC,positive,J,,
195,case_25,2024-04-10 16:14:49.777593,complete,Admission NC,positive,F,,
196,case_25,2024-04-10 17:30:50.777593,complete,Release A,positive,B,,
197,case_25,2024-04-10 18:01:01.777593,complete,Release A,positive,A,,
198,case_25,2024-04-10 18:57:42.777593,complete,ER Triage,positive,V,ID,75.0
199,case_25,2024-04-10 20:33:39.777593,complete,ER Triage,positive,B,ID,90.0
200,case_25,2024-04-10 21:11:54.777593,complete,Release A,positive,A,,
201,case_25,2024-04-10 21:43:58.777593,complete,Admission NC,positive,A,,
202,case_26,2024-04-10 15:52:02.777593,complete,Admission NC,positive,F,,
203,case_26,2024-04-10 16:45:39.777593,complete,Release A,positive,Y,,
204,case_26,2024-04-10 18:00:51.777593,complete,Release A,positive,A,,
205,case_26,2024-04-10 18:59:36.777593,complete,ER Triage,positive,O,ID,75.0
206,case_26,2024-04-10 20:10:44.777593,complete,ER Triage,positive,P,AA,90.0
207,case_26,2024-04-10 21:00:37.777593,complete,Release A,positive,A,,
208,case_26,2024-04-10 21:45:02.777593,complete,Admission NC,positive,A,,
209,case_27,2024-04-10 15:53:56.777593,complete,Admission NC,positive,F,,
210,case_27,2024-04-10 17:30:00.777593,complete,Release A,positive,B,,
211,case_27,2024-04-10 17:41:28.777593,complete,Release A,positive,A,,
212,case_27,2024-04-10 19:15:06.777593,complete,ER Triage,positive,V,ID,86.0
213,case_27,2024-04-10 20:12:39.777593,complete,ER Triage,positive,A,IA,90.0
214,case_27,2024-04-10 21:34:37.777593,complete,Release A,positive,W,,
215,case_27,2024-04-10 22:20:37.777593,complete,Admission NC,positive,A,,
216,case_28,2024-04-10 16:13:30.777593,complete,Admission NC,positive,F,,
217,case_28,2024-04-10 17:36:18.777593,complete,Release A,positive,B,,
218,case_28,2024-04-10 18:11:04.777593,complete,Release A,positive,A,,
219,case_28,2024-04-10 19:36:37.777593,complete,ER Triage,positive,S,RB,78.0
220,case_28,2024-04-10 20:11:37.777593,complete,ER Triage,positive,O,IA,75.0
221,case_28,2024-04-10 21:06:46.777593,complete,Release A,positive,O,,
222,case_28,2024-04-10 22:05:39.777593,complete,Admission NC,positive,A,,
223,case_29,2024-04-10 16:36:39.777593,complete,Admission NC,positive,F,,
224,case_29,2024-04-10 17:27:43.777593,complete,Release A,positive,B,,
225,case_29,2024-04-10 18:33:44.777593,complete,Release A,positive,A,,
226,case_29,2024-04-10 18:56:42.777593,complete,ER Triage,positive,V,ID,75.0
227,case_29,2024-04-10 19:59:17.777593,complete,ER Triage,positive,P,IA,90.0
228,case_29,2024-04-10 21:15:18.777593,complete,Release A,positive,A,,
229,case_29,2024-04-10 22:21:15.777593,complete,Admission NC,positive,A,,
