,case:concept:name,time:timestamp,lifecycle:transition,concept:name,case:label,org:group,Diagnose,Age,Leucocytes,CRP,LacticAcid,InfectionSuspected,DiagnosticBlood,DisfuncOrg,SIRSCritTachypnea,Hypotensie,SIRSCritHeartRate,Infusion,DiagnosticArtAstrup,DiagnosticIC,DiagnosticSputum,DiagnosticLiquor,DiagnosticOther,SIRSCriteria2OrMore,DiagnosticXthorax,SIRSCritTemperature,DiagnosticUrinaryCulture,SIRSCritLeucos,Oligurie,DiagnosticLacticAcid,Hypoxie,DiagnosticUrinarySediment,DiagnosticECG
0,case_0,2024-04-10 15:47:28.645506,complete,Leucocytes,positive,K,YB,20.0,1601.0,,,,,,,,,,,,,,,,,,,,,,,,
1,case_0,2024-04-10 16:41:28.645506,complete,CRP,positive,K,YB,22.0,,2283.0,,,,,,,,,,,,,,,,,,,,,,,
2,case_0,2024-04-10 17:58:35.645506,complete,Admission NC,positive,F,,,,,,,,,,,,,,,,,,,,,,,,,,,
3,case_0,2024-04-10 18:46:42.645506,complete,CRP,positive,K,YB,21.0,,96.0,,,,,,,,,,,,,,,,,,,,,,,
4,case_0,2024-04-10 19:56:09.645506,complete,CRP,positive,K,YA,23.0,,3066.0,,,,,,,,,,,,,,,,,,,,,,,
5,case_0,2024-04-10 21:04:19.645506,complete,Leucocytes,positive,K,YA,20.0,2321.0,,,,,,,,,,,,,,,,,,,,,,,,
6,case_0,2024-04-10 22:30:50.645506,complete,CRP,positive,K,YA,20.0,,50.0,,,,,,,,,,,,,,,,,,,,,,,
7,case_0,2024-04-10 23:00:04.645506,complete,Leucocytes,positive,?,YA,20.0,1270.0,,,,,,,,,,,,,,,,,,,,,,,,
8,case_0,2024-04-11 00:14:25.645506,complete,Admission NC,positive,F,,,,,,,,,,,,,,,,,,,,,,,,,,,
9,case_0,2024-04-11 00:49:04.645506,complete,Leucocytes,positive,K,Z,23.0,2148.0,,,,,,,,,,,,,,,,,,,,,,,,
10,case_1,2024-04-10 15:53:14.645506,complete,CRP,positive,I,YA,23.0,,4789.0,,,,,,,,,,,,,,,,,,,,,,,
11,case_1,2024-04-10 17:09:13.645506,complete,Leucocytes,positive,K,YA,20.0,138.0,,,,,,,,,,,,,,,,,,,,,,,,
12,case_1,2024-04-10 18:03:31.645506,complete,Admission NC,positive,F,,,,,,,,,,,,,,,,,,,,,,,,,,,
13,case_1,2024-04-10 18:44:26.645506,complete,CRP,positive,K,YA,20.0,,1298.0,,,,,,,,,,,,,,,,,,,,,,,
14,case_1,2024-04-10 20:05:56.645506,complete,CRP,positive,?,YA,20.0,,4375.0,,,,,,,,,,,,,,,,,,,,,,,
15,case_1,2024-04-10 21:02:02.645506,complete,Admission NC,positive,J,,,,,,,,,,,,,,,,,,,,,,,,,,,
16,case_1,2024-04-10 21:58:36.645506,complete,CRP,positive,K,YD,21.0,,3108.0,,,,,,,,,,,,,,,,,,,,,,,
17,case_1,2024-04-10 22:43:09.645506,complete,CRP,positive,K,QA,20.0,,4422.0,,,,,,,,,,,,,,,,,,,,,,,
18,case_1,2024-04-10 23:46:26.645506,complete,CRP,positive,I,YA,20.0,,50.0,,,,,,,,,,,,,,,,,,,,,,,
19,case_1,2024-04-11 01:26:41.645506,complete,CRP,positive,K,Z,20.0,,50.0,,,,,,,,,,,,,,,,,,,,,,,
20,case_2,2024-04-10 15:40:16.645506,complete,Leucocytes,positive,K,YA,20.0,1601.0,,,,,,,,,,,,,,,,,,,,,,,,
21,case_2,2024-04-10 16:39:21.645506,complete,CRP,positive,K,YD,20.0,,2283.0,,,,,,,,,,,,,,,,,,,,,,,
22,case_2,2024-04-10 17:50:42.645506,complete,Leucocytes,positive,K,YA,23.0,1358.0,,,,,,,,,,,,,,,,,,,,,,,,
23,case_2,2024-04-10 18:58:35.645506,complete,CRP,positive,I,YA,24.0,,1250.0,,,,,,,,,,,,,,,,,,,,,,,
24,case_2,2024-04-10 20:07:45.645506,complete,CRP,positive,K,YB,20.0,,717.0,,,,,,,,,,,,,,,,,,,,,,,
25,case_2,2024-04-10 20:56:42.645506,complete,CRP,positive,K,KA,20.0,,50.0,,,,,,,,,,,,,,,,,,,,,,,
26,case_2,2024-04-10 22:01:32.645506,complete,Admission NC,positive,F,,,,,,,,,,,,,,,,,,,,,,,,,,,
27,case_2,2024-04-10 23:09:34.645506,complete,CRP,positive,K,QA,21.0,,50.0,,,,,,,,,,,,,,,,,,,,,,,
28,case_2,2024-04-10 23:35:46.645506,complete,CRP,positive,K,YA,20.0,,2243.0,,,,,,,,,,,,,,,,,,,,,,,
29,case_2,2024-04-11 01:29:19.645506,complete,Admission NC,positive,J,,,,,,,,,,,,,,,,,,,,,,,,,,,
30,case_3,2024-04-10 15:46:01.645506,complete,CRP,positive,K,YA,22.0,,895.0,,,,,,,,,,,,,,,,,,,,,,,
31,case_3,2024-04-10 16:56:27.645506,complete,CRP,positive,K,YA,20.0,,427.0,,,,,,,,,,,,,,,,,,,,,,,
32,case_3,2024-04-10 18:29:12.645506,complete,Leucocytes,positive,A,YD,21.0,138.0,,,,,,,,,,,,,,,,,,,,,,,,
33,case_3,2024-04-10 19:32:40.645506,complete,Leucocytes,positive,K,YA,20.0,138.0,,,,,,,,,,,,,,,,,,,,,,,,
34,case_3,2024-04-10 20:04:11.645506,complete,CRP,positive,K,YA,20.0,,50.0,,,,,,,,,,,,,,,,,,,,,,,
35,case_3,2024-04-10 21:25:47.645506,complete,CRP,positive,A,YA,21.0,,5465.0,,,,,,,,,,,,,,,,,,,,,,,
36,case_3,2024-04-10 22:32:34.645506,complete,CRP,positive,K,XC,21.0,,50.0,,,,,,,,,,,,,,,,,,,,,,,
37,case_3,2024-04-10 22:45:29.645506,complete,Admission NC,positive,J,,,,,,,,,,,,,,,,,,,,,,,,,,,
38,case_3,2024-04-11 00:19:39.645506,complete,Admission NC,positive,A,,,,,,,,,,,,,,,,,,,,,,,,,,,
39,case_3,2024-04-11 01:10:05.645506,complete,CRP,positive,I,JA,22.0,,3434.0,,,,,,,,,,,,,,,,,,,,,,,
40,case_4,2024-04-10 16:27:50.645506,complete,Leucocytes,positive,K,YA,20.0,3276.0,,,,,,,,,,,,,,,,,,,,,,,,
41,case_4,2024-04-10 17:14:06.645506,complete,Admission NC,positive,E,,,,,,,,,,,,,,,,,,,,,,,,,,,
42,case_4,2024-04-10 18:31:11.645506,complete,Leucocytes,positive,K,YA,20.0,1358.0,,,,,,,,,,,,,,,,,,,,,,,,
43,case_4,2024-04-10 19:28:35.645506,complete,CRP,positive,?,YB,20.0,,1298.0,,,,,,,,,,,,,,,,,,,,,,,
44,case_4,2024-04-10 20:24:20.645506,complete,CRP,positive,L,YA,21.0,,4375.0,,,,,,,,,,,,,,,,,,,,,,,
45,case_4,2024-04-10 21:00:26.645506,complete,CRP,positive,K,KA,20.0,,50.0,,,,,,,,,,,,,,,,,,,,,,,
46,case_4,2024-04-10 22:25:47.645506,complete,Admission NC,positive,F,,,,,,,,,,,,,,,,,,,,,,,,,,,
47,case_4,2024-04-10 23:26:11.645506,complete,CRP,positive,K,YA,24.0,,51.0,,,,,,,,,,,,,,,,,,,,,,,
48,case_4,2024-04-10 23:46:39.645506,complete,CRP,positive,I,YA,20.0,,50.0,,,,,,,,,,,,,,,,,,,,,,,
49,case_4,2024-04-11 01:18:36.645506,complete,CRP,positive,K,YA,21.0,,50.0,,,,,,,,,,,,,,,,,,,,,,,
50,case_5,2024-04-10 16:11:43.645506,complete,Leucocytes,positive,K,YA,22.0,1381.0,,,,,,,,,,,,,,,,,,,,,,,,
51,case_5,2024-04-10 16:48:57.645506,complete,Leucocytes,positive,K,YA,20.0,7.0,,,,,,,,,,,,,,,,,,,,,,,,
52,case_5,2024-04-10 18:15:59.645506,complete,CRP,positive,A,YD,21.0,,51.0,,,,,,,,,,,,,,,,,,,,,,,
53,case_5,2024-04-10 18:58:33.645506,complete,Leucocytes,positive,K,YA,20.0,3138.0,,,,,,,,,,,,,,,,,,,,,,,,
54,case_5,2024-04-10 19:36:21.645506,complete,CRP,positive,K,YA,20.0,,50.0,,,,,,,,,,,,,,,,,,,,,,,
55,case_5,2024-04-10 21:20:38.645506,complete,CRP,positive,A,YA,21.0,,50.0,,,,,,,,,,,,,,,,,,,,,,,
56,case_5,2024-04-10 21:59:54.645506,complete,Admission NC,positive,J,,,,,,,,,,,,,,,,,,,,,,,,,,,
57,case_5,2024-04-10 23:14:14.645506,complete,Admission NC,positive,A,,,,,,,,,,,,,,,,,,,,,,,,,,,
58,case_5,2024-04-11 00:16:16.645506,complete,CRP,positive,K,YB,20.0,,1965.0,,,,,,,,,,,,,,,,,,,,,,,
59,case_5,2024-04-11 01:13:31.645506,complete,CRP,positive,I,YC,20.0,,3434.0,,,,,,,,,,,,,,,,,,,,,,,
60,case_6,2024-04-10 15:38:43.645506,complete,Leucocytes,positive,A,YC,20.0,2735.0,,,,,,,,,,,,,,,,,,,,,,,,
61,case_6,2024-04-10 17:04:25.645506,complete,Leucocytes,positive,A,YA,20.0,3806.0,,,,,,,,,,,,,,,,,,,,,,,,
62,case_6,2024-04-10 17:41:19.645506,complete,Admission NC,positive,A,,,,,,,,,,,,,,,,,,,,,,,,,,,
63,case_6,2024-04-10 18:50:05.645506,complete,Leucocytes,positive,I,YA,20.0,2334.0,,,,,,,,,,,,,,,,,,,,,,,,
64,case_6,2024-04-10 20:31:51.645506,complete,Leucocytes,positive,?,YA,21.0,3499.0,,,,,,,,,,,,,,,,,,,,,,,,
65,case_6,2024-04-10 21:16:11.645506,complete,CRP,positive,K,YA,20.0,,50.0,,,,,,,,,,,,,,,,,,,,,,,
66,case_6,2024-04-10 22:13:29.645506,complete,Leucocytes,positive,K,YD,22.0,2303.0,,,,,,,,,,,,,,,,,,,,,,,,
67,case_6,2024-04-10 22:55:46.645506,complete,CRP,positive,I,YA,22.0,,50.0,,,,,,,,,,,,,,,,,,,,,,,
68,case_6,2024-04-11 00:19:43.645506,complete,Leucocytes,positive,K,YD,23.0,3426.0,,,,,,,,,,,,,,,,,,,,,,,,
69,case_6,2024-04-11 00:53:35.645506,complete,Admission NC,positive,J,,,,,,,,,,,,,,,,,,,,,,,,,,,
70,case_7,2024-04-10 15:47:34.645506,complete,CRP,positive,A,YC,23.0,,5415.0,,,,,,,,,,,,,,,,,,,,,,,
71,case_7,2024-04-10 17:11:11.645506,complete,LacticAcid,positive,K,,,,,2.0,,,,,,,,,,,,,,,,,,,,,,
72,case_7,2024-04-10 17:40:50.645506,complete,Leucocytes,positive,F,YC,20.0,145.0,,,,,,,,,,,,,,,,,,,,,,,,
73,case_7,2024-04-10 19:18:11.645506,complete,CRP,positive,I,YA,20.0,,3573.0,,,,,,,,,,,,,,,,,,,,,,,
74,case_7,2024-04-10 19:55:32.645506,complete,CRP,positive,I,YA,78.0,,50.0,,,,,,,,,,,,,,,,,,,,,,,
75,case_7,2024-04-10 21:18:44.645506,complete,CRP,positive,K,YA,21.0,,2519.0,,,,,,,,,,,,,,,,,,,,,,,
76,case_7,2024-04-10 21:39:23.645506,complete,Admission NC,positive,J,,,,,,,,,,,,,,,,,,,,,,,,,,,
77,case_7,2024-04-10 23:03:21.645506,complete,Admission IC,positive,J,,,,,,,,,,,,,,,,,,,,,,,,,,,
78,case_7,2024-04-11 00:10:03.645506,complete,Admission NC,positive,J,,,,,,,,,,,,,,,,,,,,,,,,,,,
79,case_8,2024-04-10 16:20:30.645506,complete,CRP,positive,K,YB,20.0,,497.0,,,,,,,,,,,,,,,,,,,,,,,
80,case_8,2024-04-10 17:27:00.645506,complete,Leucocytes,positive,K,YA,22.0,3812.0,,,,,,,,,,,,,,,,,,,,,,,,
81,case_8,2024-04-10 17:44:53.645506,complete,CRP,positive,I,YC,21.0,,50.0,,,,,,,,,,,,,,,,,,,,,,,
82,case_8,2024-04-10 19:25:37.645506,complete,Leucocytes,positive,K,YB,21.0,139.0,,,,,,,,,,,,,,,,,,,,,,,,
83,case_8,2024-04-10 20:01:41.645506,complete,CRP,positive,L,YB,20.0,,50.0,,,,,,,,,,,,,,,,,,,,,,,
84,case_8,2024-04-10 21:29:09.645506,complete,Leucocytes,positive,?,YB,20.0,138.0,,,,,,,,,,,,,,,,,,,,,,,,
85,case_8,2024-04-10 22:16:38.645506,complete,CRP,positive,K,YB,21.0,,50.0,,,,,,,,,,,,,,,,,,,,,,,
86,case_8,2024-04-10 23:24:48.646506,complete,Admission NC,positive,F,,,,,,,,,,,,,,,,,,,,,,,,,,,
87,case_8,2024-04-10 23:54:49.646506,complete,Admission NC,positive,J,,,,,,,,,,,,,,,,,,,,,,,,,,,
88,case_9,2024-04-10 16:12:13.646506,complete,LacticAcid,positive,I,,,,,2.0,,,,,,,,,,,,,,,,,,,,,,
89,case_9,2024-04-10 17:32:31.646506,complete,Leucocytes,positive,I,YD,28.0,363.0,,,,,,,,,,,,,,,,,,,,,,,,
90,case_9,2024-04-10 18:23:07.646506,complete,Admission NC,positive,F,,,,,,,,,,,,,,,,,,,,,,,,,,,
91,case_9,2024-04-10 18:49:42.646506,complete,Admission NC,positive,F,,,,,,,,,,,,,,,,,,,,,,,,,,,
92,case_9,2024-04-10 19:42:01.646506,complete,CRP,positive,?,YA,20.0,,2825.0,,,,,,,,,,,,,,,,,,,,,,,
93,case_10,2024-04-10 16:27:39.646506,complete,Admission NC,positive,F,,,,,,,,,,,,,,,,,,,,,,,,,,,
94,case_10,2024-04-10 16:43:23.646506,complete,LacticAcid,positive,L,,,,,2.0,,,,,,,,,,,,,,,,,,,,,,
95,case_10,2024-04-10 18:00:13.646506,complete,Leucocytes,positive,K,YC,29.0,139.0,,,,,,,,,,,,,,,,,,,,,,,,
96,case_10,2024-04-10 19:22:17.646506,complete,Admission NC,positive,F,,,,,,,,,,,,,,,,,,,,,,,,,,,
97,case_10,2024-04-10 20:06:31.646506,complete,CRP,positive,A,YA,20.0,,2825.0,,,,,,,,,,,,,,,,,,,,,,,
98,case_11,2024-04-10 16:17:47.646506,complete,Admission NC,positive,J,,,,,,,,,,,,,,,,,,,,,,,,,,,
99,case_11,2024-04-10 17:06:54.646506,complete,Admission NC,positive,J,,,,,,,,,,,,,,,,,,,,,,,,,,,
100,case_11,2024-04-10 18:08:00.646506,complete,CRP,positive,K,YA,22.0,,911.0,,,,,,,,,,,,,,,,,,,,,,,
101,case_11,2024-04-10 19:05:00.646506,complete,Leucocytes,positive,I,YA,20.0,1129.0,,,,,,,,,,,,,,,,,,,,,,,,
102,case_11,2024-04-10 19:43:15.646506,complete,Leucocytes,positive,A,YA,20.0,3209.0,,,,,,,,,,,,,,,,,,,,,,,,
103,case_12,2024-04-10 15:57:26.646506,complete,CRP,positive,K,IE,20.0,,5312.0,,,,,,,,,,,,,,,,,,,,,,,
104,case_12,2024-04-10 16:37:37.646506,complete,IV Antibiotics,positive,K,,,,,,,,,,,,,,,,,,,,,,,,,,,
105,case_12,2024-04-10 18:29:45.646506,complete,CRP,positive,K,YA,20.0,,3254.0,,,,,,,,,,,,,,,,,,,,,,,
106,case_12,2024-04-10 19:25:04.646506,complete,Admission NC,positive,F,,,,,,,,,,,,,,,,,,,,,,,,,,,
107,case_12,2024-04-10 20:17:07.646506,complete,Admission NC,positive,F,,,,,,,,,,,,,,,,,,,,,,,,,,,
108,case_13,2024-04-10 15:46:52.646506,complete,Leucocytes,positive,K,YB,21.0,188.0,,,,,,,,,,,,,,,,,,,,,,,,
109,case_13,2024-04-10 16:40:01.646506,complete,Admission NC,positive,J,,,,,,,,,,,,,,,,,,,,,,,,,,,
110,case_13,2024-04-10 18:13:50.646506,complete,Admission NC,positive,E,,,,,,,,,,,,,,,,,,,,,,,,,,,
111,case_13,2024-04-10 19:03:44.646506,complete,CRP,positive,A,YB,20.0,,4853.0,,,,,,,,,,,,,,,,,,,,,,,
112,case_13,2024-04-10 19:53:33.646506,complete,Leucocytes,positive,K,YB,20.0,3462.0,,,,,,,,,,,,,,,,,,,,,,,,
113,case_14,2024-04-10 15:56:39.646506,complete,CRP,positive,K,YA,21.0,,1877.0,,,,,,,,,,,,,,,,,,,,,,,
114,case_14,2024-04-10 17:24:36.646506,complete,Leucocytes,positive,A,YD,22.0,138.0,,,,,,,,,,,,,,,,,,,,,,,,
115,case_14,2024-04-10 17:40:42.646506,complete,Admission NC,positive,?,,,,,,,,,,,,,,,,,,,,,,,,,,,
116,case_14,2024-04-10 18:37:57.646506,complete,Admission NC,positive,A,,,,,,,,,,,,,,,,,,,,,,,,,,,
117,case_14,2024-04-10 19:37:24.646506,complete,Leucocytes,positive,K,YB,20.0,3462.0,,,,,,,,,,,,,,,,,,,,,,,,
118,case_15,2024-04-10 15:40:02.646506,complete,Admission NC,positive,?,,,,,,,,,,,,,,,,,,,,,,,,,,,
119,case_15,2024-04-10 17:21:25.646506,complete,CRP,positive,K,YD,20.0,,3207.0,,,,,,,,,,,,,,,,,,,,,,,
120,case_15,2024-04-10 17:54:19.646506,complete,CRP,positive,K,YB,20.0,,51.0,,,,,,,,,,,,,,,,,,,,,,,
121,case_15,2024-04-10 19:20:56.646506,complete,CRP,positive,A,YA,20.0,,4853.0,,,,,,,,,,,,,,,,,,,,,,,
122,case_15,2024-04-10 19:35:44.646506,complete,Admission NC,positive,A,,,,,,,,,,,,,,,,,,,,,,,,,,,
123,case_16,2024-04-10 16:24:03.646506,complete,Leucocytes,positive,K,YC,21.0,2547.0,,,,,,,,,,,,,,,,,,,,,,,,
124,case_16,2024-04-10 16:33:48.646506,complete,Admission NC,positive,F,,,,,,,,,,,,,,,,,,,,,,,,,,,
125,case_16,2024-04-10 18:25:34.646506,complete,CRP,positive,K,YA,21.0,,2723.0,,,,,,,,,,,,,,,,,,,,,,,
126,case_16,2024-04-10 18:53:58.646506,complete,CRP,positive,K,YB,22.0,,4853.0,,,,,,,,,,,,,,,,,,,,,,,
127,case_16,2024-04-10 19:37:27.646506,complete,Admission NC,positive,F,,,,,,,,,,,,,,,,,,,,,,,,,,,
128,case_17,2024-04-10 16:27:20.646506,complete,CRP,positive,?,YA,22.0,,2657.0,,,,,,,,,,,,,,,,,,,,,,,
129,case_17,2024-04-10 17:07:47.646506,complete,LacticAcid,positive,C,,,,,2.0,,,,,,,,,,,,,,,,,,,,,,
130,case_17,2024-04-10 18:07:52.646506,complete,Leucocytes,positive,A,YA,20.0,139.0,,,,,,,,,,,,,,,,,,,,,,,,
131,case_17,2024-04-10 19:28:53.646506,complete,Admission NC,positive,F,,,,,,,,,,,,,,,,,,,,,,,,,,,
132,case_17,2024-04-10 20:02:05.646506,complete,Admission NC,positive,F,,,,,,,,,,,,,,,,,,,,,,,,,,,
133,case_17,2024-04-10 21:14:55.646506,complete,CRP,positive,I,YC,20.0,,1691.0,,,,,,,,,,,,,,,,,,,,,,,
134,case_18,2024-04-10 15:57:47.646506,complete,Admission NC,positive,J,,,,,,,,,,,,,,,,,,,,,,,,,,,
135,case_18,2024-04-10 17:12:36.646506,complete,Leucocytes,positive,I,YC,20.0,931.0,,,,,,,,,,,,,,,,,,,,,,,,
136,case_18,2024-04-10 17:39:07.646506,complete,Leucocytes,positive,I,YA,23.0,14.0,,,,,,,,,,,,,,,,,,,,,,,,
137,case_18,2024-04-10 18:33:30.646506,complete,CRP,positive,K,YA,21.0,,50.0,,,,,,,,,,,,,,,,,,,,,,,
138,case_18,2024-04-10 20:32:52.646506,complete,Leucocytes,positive,K,YC,20.0,138.0,,,,,,,,,,,,,,,,,,,,,,,,
139,case_18,2024-04-10 21:09:44.646506,complete,Admission NC,positive,J,,,,,,,,,,,,,,,,,,,,,,,,,,,
140,case_19,2024-04-10 16:07:27.646506,complete,Admission NC,positive,J,,,,,,,,,,,,,,,,,,,,,,,,,,,
141,case_19,2024-04-10 16:46:08.646506,complete,Leucocytes,positive,I,YA,23.0,931.0,,,,,,,,,,,,,,,,,,,,,,,,
142,case_19,2024-04-10 17:38:39.646506,complete,Leucocytes,positive,K,YA,21.0,138.0,,,,,,,,,,,,,,,,,,,,,,,,
143,case_19,2024-04-10 18:56:55.646506,complete,Leucocytes,positive,K,YC,20.0,1493.0,,,,,,,,,,,,,,,,,,,,,,,,
144,case_19,2024-04-10 20:22:57.646506,complete,CRP,positive,K,YA,24.0,,3105.0,,,,,,,,,,,,,,,,,,,,,,,
145,case_19,2024-04-10 21:24:19.646506,complete,Admission NC,positive,J,,,,,,,,,,,,,,,,,,,,,,,,,,,
146,case_20,2024-04-10 16:08:10.646506,complete,Leucocytes,positive,I,YA,21.0,3079.0,,,,,,,,,,,,,,,,,,,,,,,,
147,case_20,2024-04-10 16:44:25.646506,complete,Leucocytes,positive,A,YA,21.0,931.0,,,,,,,,,,,,,,,,,,,,,,,,
148,case_20,2024-04-10 18:32:17.646506,complete,CRP,positive,K,YD,20.0,,5664.0,,,,,,,,,,,,,,,,,,,,,,,
149,case_20,2024-04-10 19:20:06.646506,complete,Admission NC,positive,A,,,,,,,,,,,,,,,,,,,,,,,,,,,
150,case_20,2024-04-10 20:25:21.646506,complete,CRP,positive,I,YA,22.0,,3105.0,,,,,,,,,,,,,,,,,,,,,,,
151,case_20,2024-04-10 21:02:41.646506,complete,Admission NC,positive,J,,,,,,,,,,,,,,,,,,,,,,,,,,,
152,case_21,2024-04-10 16:14:39.646506,complete,LacticAcid,positive,K,,,,,2.0,,,,,,,,,,,,,,,,,,,,,,
153,case_21,2024-04-10 16:57:17.646506,complete,Leucocytes,positive,I,QE,22.0,2950.0,,,,,,,,,,,,,,,,,,,,,,,,
154,case_21,2024-04-10 17:57:41.646506,complete,CRP,positive,K,YA,20.0,,50.0,,,,,,,,,,,,,,,,,,,,,,,
155,case_21,2024-04-10 18:46:42.646506,complete,LacticAcid,positive,A,,,,,2.0,,,,,,,,,,,,,,,,,,,,,,
156,case_21,2024-04-10 19:38:30.646506,complete,Leucocytes,positive,K,YC,22.0,140.0,,,,,,,,,,,,,,,,,,,,,,,,
157,case_21,2024-04-10 21:01:59.646506,complete,Admission NC,positive,F,,,,,,,,,,,,,,,,,,,,,,,,,,,
158,case_21,2024-04-10 22:04:12.646506,complete,Admission NC,positive,F,,,,,,,,,,,,,,,,,,,,,,,,,,,
159,case_21,2024-04-10 22:57:45.646506,complete,CRP,positive,K,YC,20.0,,619.0,,,,,,,,,,,,,,,,,,,,,,,
160,case_22,2024-04-10 15:54:55.646506,complete,Leucocytes,positive,K,YA,21.0,446.0,,,,,,,,,,,,,,,,,,,,,,,,
161,case_22,2024-04-10 17:32:44.646506,complete,Release B,positive,E,,,,,,,,,,,,,,,,,,,,,,,,,,,
162,case_22,2024-04-10 18:19:15.646506,complete,Release B,positive,K,,,,,,,,,,,,,,,,,,,,,,,,,,,
163,case_22,2024-04-10 18:39:40.646506,complete,Leucocytes,positive,?,YA,20.0,138.0,,,,,,,,,,,,,,,,,,,,,,,,
164,case_22,2024-04-10 19:48:44.646506,complete,CRP,positive,I,YA,22.0,,51.0,,,,,,,,,,,,,,,,,,,,,,,
165,case_22,2024-04-10 21:18:01.646506,complete,Admission NC,positive,A,,,,,,,,,,,,,,,,,,,,,,,,,,,
166,case_22,2024-04-10 21:59:31.646506,complete,CRP,positive,K,YA,24.0,,5353.0,,,,,,,,,,,,,,,,,,,,,,,
167,case_22,2024-04-10 23:17:27.646506,complete,Admission NC,positive,F,,,,,,,,,,,,,,,,,,,,,,,,,,,
168,case_23,2024-04-10 15:34:16.646506,complete,Admission NC,positive,F,,,,,,,,,,,,,,,,,,,,,,,,,,,
169,case_23,2024-04-10 16:45:04.646506,complete,Release B,positive,E,,,,,,,,,,,,,,,,,,,,,,,,,,,
170,case_23,2024-04-10 17:55:46.646506,complete,Release B,positive,K,,,,,,,,,,,,,,,,,,,,,,,,,,,
171,case_23,2024-04-10 18:41:28.646506,complete,Leucocytes,positive,K,YB,20.0,138.0,,,,,,,,,,,,,,,,,,,,,,,,
172,case_23,2024-04-10 19:59:14.646506,complete,CRP,positive,?,YA,20.0,,50.0,,,,,,,,,,,,,,,,,,,,,,,
173,case_23,2024-04-10 20:38:03.646506,complete,CRP,positive,I,YA,22.0,,51.0,,,,,,,,,,,,,,,,,,,,,,,
174,case_23,2024-04-10 22:09:28.646506,complete,CRP,positive,K,YA,20.0,,5353.0,,,,,,,,,,,,,,,,,,,,,,,
175,case_23,2024-04-10 23:11:49.646506,complete,Admission NC,positive,F,,,,,,,,,,,,,,,,,,,,,,,,,,,
176,case_24,2024-04-10 15:42:10.646506,complete,Leucocytes,positive,I,YB,22.0,3144.0,,,,,,,,,,,,,,,,,,,,,,,,
177,case_24,2024-04-10 17:20:15.646506,complete,Admission NC,positive,J,,,,,,,,,,,,,,,,,,,,,,,,,,,
178,case_24,2024-04-10 18:30:29.646506,complete,Leucocytes,positive,I,YA,21.0,138.0,,,,,,,,,,,,,,,,,,,,,,,,
179,case_24,2024-04-10 18:51:05.646506,complete,CRP,positive,I,QA,21.0,,51.0,,,,,,,,,,,,,,,,,,,,,,,
180,case_24,2024-04-10 20:08:36.646506,complete,Admission NC,positive,J,,,,,,,,,,,,,,,,,,,,,,,,,,,
181,case_24,2024-04-10 21:12:53.646506,complete,CRP,positive,K,YD,21.0,,1970.0,,,,,,,,,,,,,,,,,,,,,,,
182,case_24,2024-04-10 21:42:06.646506,complete,CRP,positive,K,YA,21.0,,50.0,,,,,,,,,,,,,,,,,,,,,,,
183,case_24,2024-04-10 23:15:14.646506,complete,CRP,positive,A,V,20.0,,51.0,,,,,,,,,,,,,,,,,,,,,,,
184,case_25,2024-04-10 16:13:17.646506,complete,Admission NC,positive,J,,,,,,,,,,,,,,,,,,,,,,,,,,,
185,case_25,2024-04-10 17:18:58.646506,complete,Release B,positive,E,,,,,,,,,,,,,,,,,,,,,,,,,,,
186,case_25,2024-04-10 17:51:14.646506,complete,Release B,positive,A,,,,,,,,,,,,,,,,,,,,,,,,,,,
187,case_25,2024-04-10 19:32:38.646506,complete,Leucocytes,positive,K,YB,20.0,138.0,,,,,,,,,,,,,,,,,,,,,,,,
188,case_25,2024-04-10 20:02:28.646506,complete,Leucocytes,positive,?,YA,20.0,138.0,,,,,,,,,,,,,,,,,,,,,,,,
189,case_25,2024-04-10 21:04:07.646506,complete,CRP,positive,I,YA,22.0,,50.0,,,,,,,,,,,,,,,,,,,,,,,
190,case_25,2024-04-10 21:41:23.646506,complete,CRP,positive,K,YA,20.0,,51.0,,,,,,,,,,,,,,,,,,,,,,,
191,case_25,2024-04-10 23:13:19.646506,complete,Admission NC,positive,C,,,,,,,,,,,,,,,,,,,,,,,,,,,
192,case_26,2024-04-10 16:28:10.646506,complete,Leucocytes,positive,K,YC,22.0,2738.0,,,,,,,,,,,,,,,,,,,,,,,,
193,case_26,2024-04-10 17:27:54.646506,complete,Leucocytes,positive,K,YC,20.0,2088.0,,,,,,,,,,,,,,,,,,,,,,,,
194,case_26,2024-04-10 17:51:24.646506,complete,LacticAcid,positive,I,,,,,2.0,,,,,,,,,,,,,,,,,,,,,,
195,case_26,2024-04-10 18:50:15.646506,complete,Leucocytes,positive,L,YA,22.0,138.0,,,,,,,,,,,,,,,,,,,,,,,,
196,case_26,2024-04-10 20:22:41.646506,complete,Admission NC,positive,J,,,,,,,,,,,,,,,,,,,,,,,,,,,
197,case_26,2024-04-10 21:09:10.646506,complete,Admission NC,positive,A,,,,,,,,,,,,,,,,,,,,,,,,,,,
198,case_26,2024-04-10 21:39:55.646506,complete,CRP,positive,A,YA,20.0,,510.0,,,,,,,,,,,,,,,,,,,,,,,
199,case_27,2024-04-10 15:38:13.646506,complete,CRP,positive,C,B,20.0,,2213.0,,,,,,,,,,,,,,,,,,,,,,,
200,case_27,2024-04-10 17:06:06.646506,complete,CRP,positive,K,YA,20.0,,1956.0,,,,,,,,,,,,,,,,,,,,,,,
201,case_27,2024-04-10 18:27:28.646506,complete,Admission NC,positive,F,,,,,,,,,,,,,,,,,,,,,,,,,,,
202,case_27,2024-04-10 19:18:53.646506,complete,CRP,positive,K,QA,21.0,,3671.0,,,,,,,,,,,,,,,,,,,,,,,
203,case_27,2024-04-10 19:51:15.646506,complete,CRP,positive,A,YA,22.0,,3397.0,,,,,,,,,,,,,,,,,,,,,,,
204,case_27,2024-04-10 20:36:07.646506,complete,IV Antibiotics,positive,L,,,,,,,,,,,,,,,,,,,,,,,,,,,
205,case_27,2024-04-10 22:24:21.646506,complete,Admission NC,positive,A,,,,,,,,,,,,,,,,,,,,,,,,,,,
206,case_28,2024-04-10 16:25:55.646506,complete,CRP,positive,K,YA,20.0,,417.0,,,,,,,,,,,,,,,,,,,,,,,
207,case_28,2024-04-10 17:20:25.646506,complete,Admission NC,positive,F,,,,,,,,,,,,,,,,,,,,,,,,,,,
208,case_28,2024-04-10 18:26:46.646506,complete,CRP,positive,K,YA,21.0,,5038.0,,,,,,,,,,,,,,,,,,,,,,,
209,case_28,2024-04-10 18:44:47.646506,complete,Admission NC,positive,A,,,,,,,,,,,,,,,,,,,,,,,,,,,
210,case_28,2024-04-10 19:49:42.646506,complete,CRP,positive,J,YA,21.0,,4923.0,,,,,,,,,,,,,,,,,,,,,,,
211,case_28,2024-04-10 21:18:05.646506,complete,Leucocytes,positive,K,YA,21.0,138.0,,,,,,,,,,,,,,,,,,,,,,,,
212,case_28,2024-04-10 22:02:17.646506,complete,Leucocytes,positive,K,QB,22.0,166.0,,,,,,,,,,,,,,,,,,,,,,,,
213,case_29,2024-04-10 16:17:21.646506,complete,CRP,positive,K,YD,22.0,,2810.0,,,,,,,,,,,,,,,,,,,,,,,
214,case_29,2024-04-10 16:59:52.646506,complete,Leucocytes,positive,I,YA,20.0,138.0,,,,,,,,,,,,,,,,,,,,,,,,
215,case_29,2024-04-10 18:32:14.646506,complete,Admission NC,positive,J,,,,,,,,,,,,,,,,,,,,,,,,,,,
216,case_29,2024-04-10 18:54:30.646506,complete,CRP,positive,I,YA,21.0,,50.0,,,,,,,,,,,,,,,,,,,,,,,
217,case_29,2024-04-10 20:30:58.646506,complete,Admission NC,positive,J,,,,,,,,,,,,,,,,,,,,,,,,,,,
218,case_29,2024-04-10 21:05:43.646506,complete,ER Registration,positive,A,YA,21.0,,,,true,false,false,true,true,false,true,false,true,true,true,true,false,false,true,false,false,true,false,true,true,false
219,case_29,2024-04-10 21:45:00.646506,complete,Leucocytes,positive,K,YD,20.0,3456.0,,,,,,,,,,,,,,,,,,,,,,,,
