,case:concept:name,time:timestamp,lifecycle:transition,concept:name,case:label,org:group,Diagnose,Age,CRP,Leucocytes,LacticAcid
0,case_0,2024-04-10 15:54:43.105955,complete,CRP,positive,L,YB,23.0,4611.0,,
1,case_0,2024-04-10 17:22:08.105955,complete,Leucocytes,positive,A,YA,21.0,,1395.0,
2,case_0,2024-04-10 18:13:38.105955,complete,Admission NC,positive,F,,,,,
3,case_0,2024-04-10 18:56:18.105955,complete,Leucocytes,positive,I,YB,24.0,,3358.0,
4,case_0,2024-04-10 20:28:45.105955,complete,Admission NC,positive,?,,,,,
5,case_0,2024-04-10 21:21:12.105955,complete,Leucocytes,positive,K,YB,20.0,,2638.0,
6,case_0,2024-04-10 22:25:37.105955,complete,Leucocytes,positive,?,YC,20.0,,2303.0,
7,case_0,2024-04-10 23:32:52.105955,complete,Leucocytes,positive,J,YA,20.0,,138.0,
8,case_0,2024-04-11 00:17:44.105955,complete,Leucocytes,positive,I,QC,20.0,,1628.0,
9,case_0,2024-04-11 01:30:18.105955,complete,CRP,positive,I,YA,20.0,50.0,,
10,case_1,2024-04-10 15:44:14.105955,complete,LacticAcid,positive,A,,,,,3.0
11,case_1,2024-04-10 16:35:32.105955,complete,Leucocytes,positive,?,YA,20.0,,139.0,
12,case_1,2024-04-10 18:17:38.105955,complete,CRP,positive,I,YB,25.0,3011.0,,
13,case_1,2024-04-10 19:21:41.105955,complete,LacticAcid,positive,K,,,,,3.0
14,case_1,2024-04-10 20:32:37.105955,complete,Leucocytes,positive,?,YB,20.0,,138.0,
15,case_1,2024-04-10 21:22:27.105955,complete,Admission NC,positive,A,,,,,
16,case_1,2024-04-10 21:43:03.105955,complete,Release B,positive,E,,,,,
17,case_1,2024-04-10 22:39:46.105955,complete,Admission NC,positive,K,,,,,
18,case_1,2024-04-11 00:24:45.105955,complete,Release B,positive,E,,,,,
19,case_1,2024-04-11 00:59:04.105955,complete,CRP,positive,I,Z,21.0,50.0,,
20,case_2,2024-04-10 16:23:18.105955,complete,Leucocytes,positive,I,YA,21.0,,3315.0,
21,case_2,2024-04-10 16:58:37.105955,complete,Leucocytes,positive,K,YB,22.0,,138.0,
22,case_2,2024-04-10 17:42:39.105955,complete,Leucocytes,positive,K,YC,22.0,,933.0,
23,case_2,2024-04-10 19:22:24.105955,complete,CRP,positive,J,YB,20.0,50.0,,
24,case_2,2024-04-10 20:24:27.105955,complete,Admission NC,positive,F,,,,,
25,case_2,2024-04-10 21:19:11.105955,complete,CRP,positive,K,YA,21.0,1704.0,,
26,case_2,2024-04-10 21:36:26.105955,complete,Admission NC,positive,A,,,,,
27,case_2,2024-04-10 23:17:50.105955,complete,Leucocytes,positive,K,YA,20.0,,1815.0,
28,case_2,2024-04-11 00:10:43.105955,complete,CRP,positive,A,YA,20.0,2389.0,,
29,case_2,2024-04-11 00:38:18.105955,complete,CRP,positive,I,YD,21.0,2080.0,,
30,case_3,2024-04-10 15:36:44.105955,complete,Admission NC,positive,J,,,,,
31,case_3,2024-04-10 17:11:15.105955,complete,CRP,positive,I,YA,20.0,780.0,,
32,case_3,2024-04-10 18:31:14.105955,complete,Leucocytes,positive,K,YC,23.0,,138.0,
33,case_3,2024-04-10 18:55:54.105955,complete,CRP,positive,I,YA,20.0,51.0,,
34,case_3,2024-04-10 19:35:10.105955,complete,CRP,positive,K,YA,20.0,50.0,,
35,case_3,2024-04-10 21:14:13.105955,complete,CRP,positive,K,YC,20.0,1905.0,,
36,case_3,2024-04-10 21:38:53.105955,complete,Leucocytes,positive,I,XC,20.0,,138.0,
37,case_3,2024-04-10 23:20:53.105955,complete,Admission NC,positive,J,,,,,
38,case_3,2024-04-10 23:36:31.105955,complete,Leucocytes,positive,I,YA,21.0,,546.0,
39,case_3,2024-04-11 01:24:42.105955,complete,CRP,positive,A,YA,22.0,3434.0,,
40,case_4,2024-04-10 16:17:24.105955,complete,CRP,positive,K,YA,20.0,50.0,,
41,case_4,2024-04-10 16:40:02.105955,complete,Leucocytes,positive,K,YB,20.0,,368.0,
42,case_4,2024-04-10 17:55:17.105955,complete,Leucocytes,positive,K,YC,20.0,,1860.0,
43,case_4,2024-04-10 18:38:46.105955,complete,Leucocytes,positive,K,YA,22.0,,1531.0,
44,case_4,2024-04-10 19:45:24.105955,complete,Admission NC,positive,J,,,,,
45,case_4,2024-04-10 21:01:04.105955,complete,CRP,positive,?,YB,20.0,1905.0,,
46,case_4,2024-04-10 22:15:36.105955,complete,Admission NC,positive,J,,,,,
47,case_4,2024-04-10 22:55:41.105955,complete,CRP,positive,K,YA,20.0,4419.0,,
48,case_4,2024-04-11 00:02:27.105955,complete,Leucocytes,positive,K,YA,20.0,,546.0,
49,case_4,2024-04-11 01:25:59.105955,complete,CRP,positive,A,YA,21.0,50.0,,
50,case_5,2024-04-10 15:42:24.105955,complete,Leucocytes,positive,K,YA,22.0,,2332.0,
51,case_5,2024-04-10 16:54:45.105955,complete,Leucocytes,positive,A,YA,22.0,,1225.0,
52,case_5,2024-04-10 18:30:11.105955,complete,Leucocytes,positive,K,YB,24.0,,138.0,
53,case_5,2024-04-10 19:08:59.105955,complete,Admission NC,positive,F,,,,,
54,case_5,2024-04-10 20:12:21.105955,complete,Admission NC,positive,F,,,,,
55,case_5,2024-04-10 21:14:48.105955,complete,CRP,positive,K,YC,20.0,5453.0,,
56,case_6,2024-04-10 15:38:58.105955,complete,CRP,positive,K,YA,23.0,816.0,,
57,case_6,2024-04-10 17:07:26.105955,complete,Admission NC,positive,L,,,,,
58,case_6,2024-04-10 18:22:44.105955,complete,Leucocytes,positive,A,YA,20.0,,138.0,
59,case_6,2024-04-10 18:42:40.105955,complete,Admission NC,positive,F,,,,,
60,case_6,2024-04-10 19:59:37.105955,complete,Leucocytes,positive,A,QA,21.0,,2685.0,
61,case_6,2024-04-10 20:37:28.105955,complete,Leucocytes,positive,?,YC,20.0,,883.0,
62,case_7,2024-04-10 16:07:17.105955,complete,CRP,positive,A,YA,21.0,52.0,,
63,case_7,2024-04-10 16:35:32.105955,complete,Leucocytes,positive,L,YA,22.0,,244.0,
64,case_7,2024-04-10 17:45:11.105955,complete,Admission NC,positive,F,,,,,
65,case_7,2024-04-10 18:49:05.105955,complete,Admission NC,positive,J,,,,,
66,case_7,2024-04-10 19:45:14.105955,complete,LacticAcid,positive,K,,,,,80.0
67,case_7,2024-04-10 20:40:28.105955,complete,Leucocytes,positive,A,YA,20.0,,138.0,
68,case_8,2024-04-10 16:04:10.105955,complete,Leucocytes,positive,I,YC,20.0,,3079.0,
69,case_8,2024-04-10 17:33:09.105955,complete,Leucocytes,positive,I,YA,23.0,,138.0,
70,case_8,2024-04-10 18:32:01.105955,complete,CRP,positive,K,YA,21.0,5664.0,,
71,case_8,2024-04-10 19:13:37.105955,complete,Leucocytes,positive,K,YC,20.0,,138.0,
72,case_8,2024-04-10 19:48:31.105955,complete,Admission NC,positive,J,,,,,
73,case_8,2024-04-10 21:10:26.105955,complete,Admission NC,positive,A,,,,,
74,case_9,2024-04-10 15:42:09.105955,complete,Leucocytes,positive,K,YA,21.0,,314.0,
75,case_9,2024-04-10 17:34:09.105955,complete,Leucocytes,positive,A,YA,21.0,,931.0,
76,case_9,2024-04-10 18:14:20.105955,complete,CRP,positive,K,YD,20.0,3567.0,,
77,case_9,2024-04-10 18:46:24.105955,complete,Leucocytes,positive,K,YB,20.0,,138.0,
78,case_9,2024-04-10 19:39:46.105955,complete,Admission NC,positive,L,,,,,
79,case_9,2024-04-10 21:27:23.105955,complete,Admission NC,positive,F,,,,,
80,case_10,2024-04-10 16:34:23.105955,complete,CRP,positive,?,YA,22.0,3477.0,,
81,case_10,2024-04-10 16:58:00.105955,complete,Admission NC,positive,J,,,,,
82,case_10,2024-04-10 18:13:52.105955,complete,Admission NC,positive,F,,,,,
83,case_10,2024-04-10 18:49:27.105955,complete,CRP,positive,K,YD,21.0,889.0,,
84,case_10,2024-04-10 20:22:52.105955,complete,CRP,positive,K,YB,21.0,593.0,,
85,case_10,2024-04-10 20:39:15.105955,complete,CRP,positive,K,YA,21.0,51.0,,
86,case_11,2024-04-10 15:44:51.105955,complete,Leucocytes,positive,K,YC,20.0,,2738.0,
87,case_11,2024-04-10 17:33:44.105955,complete,Leucocytes,positive,A,YA,21.0,,2088.0,
88,case_11,2024-04-10 17:49:43.105955,complete,Leucocytes,positive,L,YA,22.0,,138.0,
89,case_11,2024-04-10 18:56:01.105955,complete,Admission NC,positive,J,,,,,
90,case_11,2024-04-10 19:54:46.105955,complete,Admission NC,positive,F,,,,,
91,case_11,2024-04-10 20:38:52.105955,complete,Leucocytes,positive,K,YC,20.0,,2779.0,
92,case_11,2024-04-10 22:09:00.105955,complete,CRP,positive,K,YC,20.0,5551.0,,
93,case_12,2024-04-10 16:09:39.105955,complete,CRP,positive,?,B,21.0,2213.0,,
94,case_12,2024-04-10 17:28:58.105955,complete,Leucocytes,positive,A,YA,22.0,,181.0,
95,case_12,2024-04-10 18:29:48.105955,complete,Leucocytes,positive,K,YC,23.0,,138.0,
96,case_12,2024-04-10 19:05:44.105955,complete,Admission NC,positive,A,,,,,
97,case_12,2024-04-10 20:14:39.105955,complete,CRP,positive,A,YA,23.0,3397.0,,
98,case_12,2024-04-10 21:23:17.105955,complete,CRP,positive,I,YA,21.0,52.0,,
99,case_12,2024-04-10 21:50:53.105955,complete,Admission NC,positive,J,,,,,
100,case_13,2024-04-10 15:51:48.105955,complete,CRP,positive,K,B,24.0,2213.0,,
101,case_13,2024-04-10 17:26:29.105955,complete,CRP,positive,I,YC,20.0,2662.0,,
102,case_13,2024-04-10 18:20:57.105955,complete,Leucocytes,positive,A,YA,22.0,,139.0,
103,case_13,2024-04-10 18:40:24.105955,complete,CRP,positive,?,YA,22.0,5435.0,,
104,case_13,2024-04-10 20:32:40.105955,complete,CRP,positive,K,YD,21.0,3397.0,,
105,case_13,2024-04-10 20:44:24.105955,complete,Admission NC,positive,A,,,,,
106,case_13,2024-04-10 21:48:48.105955,complete,Admission NC,positive,?,,,,,
107,case_14,2024-04-10 16:34:20.105955,complete,Leucocytes,positive,K,YA,21.0,,296.0,
108,case_14,2024-04-10 17:14:25.105955,complete,Leucocytes,positive,A,YA,21.0,,1744.0,
109,case_14,2024-04-10 18:03:19.105955,complete,Leucocytes,positive,K,YD,20.0,,138.0,
110,case_14,2024-04-10 18:45:23.105955,complete,Leucocytes,positive,K,YB,20.0,,3685.0,
111,case_14,2024-04-10 19:54:03.105955,complete,Admission NC,positive,L,,,,,
112,case_14,2024-04-10 21:21:07.105955,complete,Admission NC,positive,F,,,,,
113,case_14,2024-04-10 22:13:24.105955,complete,Leucocytes,positive,K,YA,20.0,,3456.0,
114,case_15,2024-04-10 15:57:23.105955,complete,Leucocytes,positive,K,YC,21.0,,3611.0,
115,case_15,2024-04-10 17:09:50.105955,complete,CRP,positive,K,YA,21.0,1145.0,,
116,case_15,2024-04-10 18:06:54.105955,complete,Admission NC,positive,F,,,,,
117,case_15,2024-04-10 19:09:02.105955,complete,Leucocytes,positive,K,YB,22.0,,1957.0,
118,case_15,2024-04-10 19:48:52.105955,complete,CRP,positive,K,YB,20.0,50.0,,
119,case_15,2024-04-10 20:52:39.105955,complete,CRP,positive,?,YA,20.0,2542.0,,
120,case_15,2024-04-10 22:08:10.105955,complete,Admission NC,positive,F,,,,,
121,case_16,2024-04-10 15:37:12.105955,complete,Leucocytes,positive,?,YB,54.0,,2844.0,
122,case_16,2024-04-10 17:04:59.105955,complete,Leucocytes,positive,K,YB,21.0,,1058.0,
123,case_16,2024-04-10 17:39:56.105955,complete,Leucocytes,positive,K,YA,21.0,,138.0,
124,case_16,2024-04-10 19:30:57.105955,complete,CRP,positive,K,YA,20.0,50.0,,
125,case_16,2024-04-10 20:11:34.105955,complete,CRP,positive,K,YA,22.0,5581.0,,
126,case_16,2024-04-10 21:03:22.105955,complete,Leucocytes,positive,K,YA,22.0,,138.0,
127,case_16,2024-04-10 22:13:13.105955,complete,Admission NC,positive,F,,,,,
128,case_16,2024-04-10 23:24:02.105955,complete,Admission NC,positive,J,,,,,
129,case_17,2024-04-10 15:45:36.105955,complete,Leucocytes,positive,K,YA,21.0,,3235.0,
130,case_17,2024-04-10 17:29:12.105955,complete,Leucocytes,positive,K,YA,20.0,,1638.0,
131,case_17,2024-04-10 18:18:41.105955,complete,CRP,positive,A,YB,22.0,50.0,,
132,case_17,2024-04-10 19:31:44.105955,complete,Leucocytes,positive,I,YA,21.0,,139.0,
133,case_17,2024-04-10 19:58:12.105955,complete,Admission NC,positive,J,,,,,
134,case_17,2024-04-10 20:54:46.105955,complete,Admission NC,positive,F,,,,,
135,case_17,2024-04-10 22:14:24.105955,complete,Leucocytes,positive,I,QA,21.0,,2129.0,
136,case_17,2024-04-10 23:34:46.105955,complete,CRP,positive,K,YD,21.0,50.0,,
137,case_18,2024-04-10 16:01:11.105955,complete,CRP,positive,K,YA,20.0,1877.0,,
138,case_18,2024-04-10 16:38:47.105955,complete,Leucocytes,positive,A,YB,23.0,,138.0,
139,case_18,2024-04-10 18:03:28.105955,complete,Admission NC,positive,L,,,,,
140,case_18,2024-04-10 18:49:24.105955,complete,Admission NC,positive,?,,,,,
141,case_18,2024-04-10 19:52:03.105955,complete,LacticAcid,positive,K,,,,,13.0
142,case_19,2024-04-10 15:38:36.105955,complete,CRP,positive,K,IE,20.0,5312.0,,
143,case_19,2024-04-10 16:48:17.105955,complete,Return ER,positive,?,,,,,
144,case_19,2024-04-10 18:01:39.105955,complete,CRP,positive,K,YA,20.0,3254.0,,
145,case_19,2024-04-10 18:39:30.105955,complete,Admission NC,positive,J,,,,,
146,case_19,2024-04-10 19:51:15.105955,complete,Admission NC,positive,F,,,,,
147,case_20,2024-04-10 16:31:37.105955,complete,CRP,positive,K,YA,20.0,1877.0,,
148,case_20,2024-04-10 17:16:27.105955,complete,Return ER,positive,?,,,,,
149,case_20,2024-04-10 17:58:14.105955,complete,Admission NC,positive,?,,,,,
150,case_20,2024-04-10 19:25:45.105955,complete,Admission NC,positive,?,,,,,
151,case_20,2024-04-10 19:58:52.105955,complete,LacticAcid,positive,I,,,,,13.0
152,case_21,2024-04-10 15:56:06.105955,complete,Leucocytes,positive,I,YB,23.0,,188.0,
153,case_21,2024-04-10 17:07:04.105955,complete,CRP,positive,A,YB,20.0,50.0,,
154,case_21,2024-04-10 18:15:59.105955,complete,Admission NC,positive,A,,,,,
155,case_21,2024-04-10 18:54:34.105955,complete,Admission NC,positive,?,,,,,
156,case_21,2024-04-10 20:18:59.105955,complete,Leucocytes,positive,K,YB,22.0,,3462.0,
157,case_22,2024-04-10 16:30:53.105955,complete,Admission NC,positive,F,,,,,
158,case_22,2024-04-10 16:37:28.105955,complete,LacticAcid,positive,I,,,,,5.0
159,case_22,2024-04-10 17:35:06.105955,complete,Leucocytes,positive,C,YC,20.0,,139.0,
160,case_22,2024-04-10 19:18:25.105955,complete,Admission NC,positive,J,,,,,
161,case_22,2024-04-10 20:16:22.105955,complete,CRP,positive,K,YA,22.0,2825.0,,
162,case_23,2024-04-10 16:15:05.105955,complete,Admission NC,positive,F,,,,,
163,case_23,2024-04-10 17:25:44.105955,complete,Leucocytes,positive,C,YC,20.0,,363.0,
164,case_23,2024-04-10 18:22:24.105955,complete,Admission NC,positive,F,,,,,
165,case_23,2024-04-10 18:57:12.105955,complete,Leucocytes,positive,I,YA,22.0,,2944.0,
166,case_23,2024-04-10 20:12:56.105955,complete,CRP,positive,K,YC,22.0,2825.0,,
167,case_24,2024-04-10 16:32:49.105955,complete,Leucocytes,positive,?,YC,20.0,,1926.0,
168,case_24,2024-04-10 16:36:49.105955,complete,Admission NC,positive,A,,,,,
169,case_24,2024-04-10 17:39:02.105955,complete,Admission NC,positive,F,,,,,
170,case_24,2024-04-10 19:09:37.105955,complete,Leucocytes,positive,K,YC,20.0,,2944.0,
171,case_24,2024-04-10 20:25:35.105955,complete,CRP,positive,A,YC,20.0,2825.0,,
172,case_25,2024-04-10 15:43:35.105955,complete,Admission NC,positive,A,,,,,
173,case_25,2024-04-10 16:47:28.105955,complete,Return ER,positive,?,,,,,
174,case_25,2024-04-10 17:40:47.105955,complete,Admission NC,positive,H,,,,,
175,case_25,2024-04-10 19:10:09.105955,complete,CRP,positive,K,YA,20.0,1419.0,,
176,case_25,2024-04-10 20:08:48.105955,complete,CRP,positive,K,YA,20.0,5572.0,,
177,case_26,2024-04-10 16:20:56.105955,complete,CRP,positive,K,YA,20.0,50.0,,
178,case_26,2024-04-10 17:11:13.105955,complete,Admission NC,positive,J,,,,,
179,case_26,2024-04-10 18:08:31.105955,complete,Admission NC,positive,F,,,,,
180,case_26,2024-04-10 19:20:03.105955,complete,Leucocytes,positive,A,YA,20.0,,1663.0,
181,case_26,2024-04-10 19:54:01.105955,complete,Leucocytes,positive,A,YC,20.0,,138.0,
182,case_26,2024-04-10 20:50:53.105955,complete,Leucocytes,positive,K,YC,22.0,,3054.0,
183,case_26,2024-04-10 22:00:16.105955,complete,CRP,positive,I,YA,20.0,50.0,,
184,case_26,2024-04-10 23:08:03.105955,complete,CRP,positive,I,YB,20.0,178.0,,
185,case_26,2024-04-11 00:28:29.105955,complete,CRP,positive,K,JB,20.0,50.0,,
186,case_27,2024-04-10 15:52:43.105955,complete,LacticAcid,positive,I,,,,,2.0
187,case_27,2024-04-10 16:56:07.105955,complete,Leucocytes,positive,K,YA,22.0,,138.0,
188,case_27,2024-04-10 17:41:23.105955,complete,Admission NC,positive,L,,,,,
189,case_27,2024-04-10 18:56:47.105955,complete,Leucocytes,positive,K,YA,22.0,,2374.0,
190,case_27,2024-04-10 20:02:50.105955,complete,Leucocytes,positive,A,YB,20.0,,2480.0,
191,case_27,2024-04-10 20:49:25.105955,complete,CRP,positive,K,YB,21.0,4270.0,,
192,case_27,2024-04-10 22:04:41.105955,complete,Admission NC,positive,F,,,,,
193,case_27,2024-04-10 23:23:57.105955,complete,CRP,positive,K,YA,20.0,2829.0,,
194,case_27,2024-04-10 23:57:14.105955,complete,Leucocytes,positive,I,JB,20.0,,138.0,
195,case_28,2024-04-10 15:37:07.105955,complete,Admission NC,positive,F,,,,,
196,case_28,2024-04-10 17:09:08.105955,complete,Admission NC,positive,F,,,,,
197,case_28,2024-04-10 18:34:10.105955,complete,CRP,positive,K,YB,21.0,1521.0,,
198,case_28,2024-04-10 19:10:50.105955,complete,Leucocytes,positive,L,YB,20.0,,905.0,
199,case_28,2024-04-10 20:30:29.105955,complete,CRP,positive,?,YB,20.0,50.0,,
200,case_28,2024-04-10 21:31:41.105955,complete,CRP,positive,K,YB,22.0,2892.0,,
201,case_28,2024-04-10 22:29:46.105955,complete,CRP,positive,K,YB,21.0,50.0,,
202,case_28,2024-04-10 22:45:36.105955,complete,CRP,positive,K,YA,23.0,2558.0,,
203,case_28,2024-04-10 23:42:50.105955,complete,Leucocytes,positive,K,X,20.0,,138.0,
204,case_29,2024-04-10 15:54:05.105955,complete,Admission NC,positive,F,,,,,
205,case_29,2024-04-10 17:06:41.105955,complete,Admission NC,positive,L,,,,,
206,case_29,2024-04-10 18:30:48.105955,complete,CRP,positive,I,YA,23.0,1521.0,,
207,case_29,2024-04-10 19:21:09.105955,complete,CRP,positive,I,YA,20.0,50.0,,
208,case_29,2024-04-10 19:44:39.105955,complete,CRP,positive,I,YC,20.0,3192.0,,
209,case_29,2024-04-10 21:01:36.105955,complete,CRP,positive,I,YB,20.0,4827.0,,
210,case_29,2024-04-10 21:54:39.105955,complete,CRP,positive,K,YD,20.0,51.0,,
211,case_29,2024-04-10 23:02:14.105955,complete,Leucocytes,positive,K,YA,20.0,,138.0,
212,case_29,2024-04-10 23:49:09.105955,complete,Leucocytes,positive,K,X,20.0,,2282.0,
