,case:concept:name,time:timestamp,lifecycle:transition,concept:name,case:label,org:group,Diagnose,Age,CRP,Leucocytes,LacticAcid,InfectionSuspected,DiagnosticBlood,DisfuncOrg,SIRSCritTachypnea,Hypotensie,SIRSCritHeartRate,Infusion,DiagnosticArtAstrup,DiagnosticIC,DiagnosticSputum,DiagnosticLiquor,DiagnosticOther,SIRSCriteria2OrMore,DiagnosticXthorax,SIRSCritTemperature,DiagnosticUrinaryCulture,SIRSCritLeucos,Oligurie,DiagnosticLacticAcid,Hypoxie,DiagnosticUrinarySediment,DiagnosticECG
0,case_0,2024-04-10 16:14:25.741105,complete,CRP,positive,A,QC,23.0,3176.0,,,,,,,,,,,,,,,,,,,,,,,,
1,case_0,2024-04-10 16:46:07.741105,complete,CRP,positive,I,MD,21.0,50.0,,,,,,,,,,,,,,,,,,,,,,,,
2,case_0,2024-04-10 18:21:19.741105,complete,Leucocytes,positive,I,HE,21.0,,139.0,,,,,,,,,,,,,,,,,,,,,,,
3,case_0,2024-04-10 19:18:41.741105,complete,Admission NC,positive,L,,,,,,,,,,,,,,,,,,,,,,,,,,,
4,case_0,2024-04-10 20:06:22.741105,complete,CRP,positive,J,HE,21.0,50.0,,,,,,,,,,,,,,,,,,,,,,,,
5,case_0,2024-04-10 21:10:33.741105,complete,Admission NC,positive,L,,,,,,,,,,,,,,,,,,,,,,,,,,,
6,case_0,2024-04-10 22:06:08.741105,complete,CRP,positive,L,HA,20.0,2812.0,,,,,,,,,,,,,,,,,,,,,,,,
7,case_1,2024-04-10 16:00:55.741105,complete,Admission NC,positive,F,,,,,,,,,,,,,,,,,,,,,,,,,,,
8,case_1,2024-04-10 17:04:04.741105,complete,Leucocytes,positive,E,MD,90.0,,1443.0,,,,,,,,,,,,,,,,,,,,,,,
9,case_1,2024-04-10 18:10:48.741105,complete,CRP,positive,I,YA,21.0,50.0,,,,,,,,,,,,,,,,,,,,,,,,
10,case_1,2024-04-10 19:05:05.741105,complete,Leucocytes,positive,I,OC,21.0,,1957.0,,,,,,,,,,,,,,,,,,,,,,,
11,case_1,2024-04-10 20:19:14.741105,complete,Leucocytes,positive,I,HE,23.0,,139.0,,,,,,,,,,,,,,,,,,,,,,,
12,case_1,2024-04-10 21:05:58.741105,complete,Admission NC,positive,L,,,,,,,,,,,,,,,,,,,,,,,,,,,
13,case_1,2024-04-10 22:01:00.741105,complete,CRP,positive,E,PE,21.0,2812.0,,,,,,,,,,,,,,,,,,,,,,,,
14,case_2,2024-04-10 16:11:11.741105,complete,CRP,positive,A,EE,21.0,50.0,,,,,,,,,,,,,,,,,,,,,,,,
15,case_2,2024-04-10 17:06:10.741105,complete,Leucocytes,positive,I,YA,23.0,,139.0,,,,,,,,,,,,,,,,,,,,,,,
16,case_2,2024-04-10 17:59:52.741105,complete,Admission NC,positive,J,,,,,,,,,,,,,,,,,,,,,,,,,,,
17,case_2,2024-04-10 19:15:11.741105,complete,CRP,positive,J,GC,21.0,2925.0,,,,,,,,,,,,,,,,,,,,,,,,
18,case_2,2024-04-10 19:59:10.741105,complete,Leucocytes,positive,I,HE,21.0,,138.0,,,,,,,,,,,,,,,,,,,,,,,
19,case_2,2024-04-10 20:43:46.741105,complete,Admission NC,positive,L,,,,,,,,,,,,,,,,,,,,,,,,,,,
20,case_2,2024-04-10 22:17:05.741105,complete,CRP,positive,L,HE,20.0,2812.0,,,,,,,,,,,,,,,,,,,,,,,,
21,case_3,2024-04-10 16:05:21.741105,complete,CRP,positive,A,B,24.0,50.0,,,,,,,,,,,,,,,,,,,,,,,,
22,case_3,2024-04-10 17:06:48.741105,complete,Leucocytes,positive,I,MD,23.0,,181.0,,,,,,,,,,,,,,,,,,,,,,,
23,case_3,2024-04-10 17:56:01.741105,complete,Leucocytes,positive,I,YA,20.0,,138.0,,,,,,,,,,,,,,,,,,,,,,,
24,case_3,2024-04-10 19:12:20.741105,complete,CRP,positive,I,GC,21.0,925.0,,,,,,,,,,,,,,,,,,,,,,,,
25,case_3,2024-04-10 19:44:32.741105,complete,CRP,positive,I,HE,21.0,4596.0,,,,,,,,,,,,,,,,,,,,,,,,
26,case_3,2024-04-10 21:26:56.741105,complete,Admission NC,positive,J,,,,,,,,,,,,,,,,,,,,,,,,,,,
27,case_3,2024-04-10 22:07:28.741105,complete,Admission NC,positive,L,,,,,,,,,,,,,,,,,,,,,,,,,,,
28,case_4,2024-04-10 15:44:53.741105,complete,Leucocytes,positive,E,YA,20.0,,2.0,,,,,,,,,,,,,,,,,,,,,,,
29,case_4,2024-04-10 17:35:18.741105,complete,Admission NC,positive,J,,,,,,,,,,,,,,,,,,,,,,,,,,,
30,case_4,2024-04-10 18:34:22.741105,complete,CRP,positive,K,HD,21.0,50.0,,,,,,,,,,,,,,,,,,,,,,,,
31,case_4,2024-04-10 18:50:15.741105,complete,CRP,positive,I,GA,20.0,474.0,,,,,,,,,,,,,,,,,,,,,,,,
32,case_4,2024-04-10 20:21:00.741105,complete,CRP,positive,J,HE,20.0,50.0,,,,,,,,,,,,,,,,,,,,,,,,
33,case_4,2024-04-10 20:38:31.741105,complete,Leucocytes,positive,I,HD,20.0,,1183.0,,,,,,,,,,,,,,,,,,,,,,,
34,case_4,2024-04-10 21:59:55.741105,complete,Admission NC,positive,F,,,,,,,,,,,,,,,,,,,,,,,,,,,
35,case_5,2024-04-10 15:57:24.741105,complete,Admission NC,positive,J,,,,,,,,,,,,,,,,,,,,,,,,,,,
36,case_5,2024-04-10 17:24:00.741105,complete,Leucocytes,positive,L,YB,21.0,,138.0,,,,,,,,,,,,,,,,,,,,,,,
37,case_5,2024-04-10 17:52:25.741105,complete,CRP,positive,I,ID,37.0,50.0,,,,,,,,,,,,,,,,,,,,,,,,
38,case_5,2024-04-10 18:59:23.741105,complete,CRP,positive,L,YA,32.0,50.0,,,,,,,,,,,,,,,,,,,,,,,,
39,case_5,2024-04-10 20:09:57.741105,complete,Admission NC,positive,J,,,,,,,,,,,,,,,,,,,,,,,,,,,
40,case_6,2024-04-10 15:54:38.741105,complete,CRP,positive,L,PA,20.0,2137.0,,,,,,,,,,,,,,,,,,,,,,,,
41,case_6,2024-04-10 17:17:14.741105,complete,CRP,positive,I,GD,89.0,50.0,,,,,,,,,,,,,,,,,,,,,,,,
42,case_6,2024-04-10 18:06:44.741105,complete,CRP,positive,I,YA,21.0,51.0,,,,,,,,,,,,,,,,,,,,,,,,
43,case_6,2024-04-10 18:53:56.741105,complete,Admission NC,positive,J,,,,,,,,,,,,,,,,,,,,,,,,,,,
44,case_6,2024-04-10 20:06:11.741105,complete,Admission NC,positive,L,,,,,,,,,,,,,,,,,,,,,,,,,,,
45,case_7,2024-04-10 16:18:15.741105,complete,CRP,positive,E,YA,20.0,2137.0,,,,,,,,,,,,,,,,,,,,,,,,
46,case_7,2024-04-10 16:59:56.741105,complete,Admission NC,positive,J,,,,,,,,,,,,,,,,,,,,,,,,,,,
47,case_7,2024-04-10 17:43:28.741105,complete,CRP,positive,I,IE,20.0,50.0,,,,,,,,,,,,,,,,,,,,,,,,
48,case_7,2024-04-10 18:40:44.741105,complete,Admission NC,positive,F,,,,,,,,,,,,,,,,,,,,,,,,,,,
49,case_7,2024-04-10 19:54:40.741105,complete,CRP,positive,L,HE,20.0,1384.0,,,,,,,,,,,,,,,,,,,,,,,,
50,case_8,2024-04-10 16:05:23.741105,complete,Leucocytes,positive,E,YA,89.0,,2547.0,,,,,,,,,,,,,,,,,,,,,,,
51,case_8,2024-04-10 16:44:20.741105,complete,CRP,positive,J,YA,25.0,51.0,,,,,,,,,,,,,,,,,,,,,,,,
52,case_8,2024-04-10 17:56:40.741105,complete,Admission NC,positive,L,,,,,,,,,,,,,,,,,,,,,,,,,,,
53,case_8,2024-04-10 19:33:11.741105,complete,Admission NC,positive,J,,,,,,,,,,,,,,,,,,,,,,,,,,,
54,case_8,2024-04-10 20:29:42.741105,complete,CRP,positive,E,YA,22.0,1384.0,,,,,,,,,,,,,,,,,,,,,,,,
55,case_9,2024-04-10 15:58:42.741105,complete,Leucocytes,positive,E,QE,20.0,,3717.0,,,,,,,,,,,,,,,,,,,,,,,
56,case_9,2024-04-10 16:40:34.741105,complete,CRP,positive,J,IC,21.0,50.0,,,,,,,,,,,,,,,,,,,,,,,,
57,case_9,2024-04-10 18:24:30.741105,complete,Admission NC,positive,F,,,,,,,,,,,,,,,,,,,,,,,,,,,
58,case_9,2024-04-10 19:20:13.741105,complete,CRP,positive,I,HD,30.0,51.0,,,,,,,,,,,,,,,,,,,,,,,,
59,case_9,2024-04-10 19:59:48.741105,complete,Admission NC,positive,L,,,,,,,,,,,,,,,,,,,,,,,,,,,
60,case_10,2024-04-10 15:41:33.741105,complete,CRP,positive,L,YD,20.0,50.0,,,,,,,,,,,,,,,,,,,,,,,,
61,case_10,2024-04-10 16:38:19.741105,complete,CRP,positive,J,GD,20.0,52.0,,,,,,,,,,,,,,,,,,,,,,,,
62,case_10,2024-04-10 17:45:58.741105,complete,Admission NC,positive,?,,,,,,,,,,,,,,,,,,,,,,,,,,,
63,case_10,2024-04-10 19:05:56.741105,complete,Leucocytes,positive,I,HE,33.0,,2944.0,,,,,,,,,,,,,,,,,,,,,,,
64,case_10,2024-04-10 20:10:52.741105,complete,Admission NC,positive,J,,,,,,,,,,,,,,,,,,,,,,,,,,,
65,case_11,2024-04-10 15:51:02.741105,complete,CRP,positive,J,YA,89.0,50.0,,,,,,,,,,,,,,,,,,,,,,,,
66,case_11,2024-04-10 16:42:42.741105,complete,CRP,positive,J,YA,21.0,52.0,,,,,,,,,,,,,,,,,,,,,,,,
67,case_11,2024-04-10 17:44:26.741105,complete,Admission NC,positive,L,,,,,,,,,,,,,,,,,,,,,,,,,,,
68,case_11,2024-04-10 18:42:00.741105,complete,Admission NC,positive,F,,,,,,,,,,,,,,,,,,,,,,,,,,,
69,case_11,2024-04-10 20:20:30.741105,complete,CRP,positive,I,HE,20.0,1384.0,,,,,,,,,,,,,,,,,,,,,,,,
70,case_12,2024-04-10 16:08:42.741105,complete,LacticAcid,positive,F,,,,,2.0,,,,,,,,,,,,,,,,,,,,,,
71,case_12,2024-04-10 17:14:03.741105,complete,Leucocytes,positive,J,YA,21.0,,2212.0,,,,,,,,,,,,,,,,,,,,,,,
72,case_12,2024-04-10 18:25:32.741105,complete,LacticAcid,positive,J,,,,,12.0,,,,,,,,,,,,,,,,,,,,,,
73,case_12,2024-04-10 19:21:08.741105,complete,CRP,positive,I,YA,90.0,50.0,,,,,,,,,,,,,,,,,,,,,,,,
74,case_12,2024-04-10 20:26:19.741105,complete,CRP,positive,L,YC,20.0,52.0,,,,,,,,,,,,,,,,,,,,,,,,
75,case_12,2024-04-10 20:59:05.741105,complete,Admission NC,positive,J,,,,,,,,,,,,,,,,,,,,,,,,,,,
76,case_12,2024-04-10 22:05:46.741105,complete,Admission NC,positive,J,,,,,,,,,,,,,,,,,,,,,,,,,,,
77,case_12,2024-04-10 23:10:15.741105,complete,ER Registration,positive,F,V,90.0,,,,true,false,false,false,false,true,true,false,true,false,true,false,false,true,false,false,true,false,false,false,false,true
78,case_13,2024-04-10 16:14:57.741105,complete,CRP,positive,L,YA,23.0,52.0,,,,,,,,,,,,,,,,,,,,,,,,
79,case_13,2024-04-10 17:30:02.741105,complete,CRP,positive,L,LB,20.0,50.0,,,,,,,,,,,,,,,,,,,,,,,,
80,case_13,2024-04-10 18:26:02.741105,complete,Admission NC,positive,F,,,,,,,,,,,,,,,,,,,,,,,,,,,
81,case_13,2024-04-10 19:09:01.741105,complete,Leucocytes,positive,I,VD,20.0,,89.0,,,,,,,,,,,,,,,,,,,,,,,
82,case_13,2024-04-10 20:12:09.741105,complete,CRP,positive,K,YA,23.0,50.0,,,,,,,,,,,,,,,,,,,,,,,,
83,case_13,2024-04-10 20:47:54.741105,complete,CRP,positive,I,HE,21.0,50.0,,,,,,,,,,,,,,,,,,,,,,,,
84,case_13,2024-04-10 22:05:20.741105,complete,CRP,positive,I,PE,21.0,4944.0,,,,,,,,,,,,,,,,,,,,,,,,
85,case_13,2024-04-10 22:54:40.741105,complete,Admission NC,positive,F,,,,,,,,,,,,,,,,,,,,,,,,,,,
86,case_14,2024-04-10 16:17:03.741105,complete,CRP,positive,J,YB,21.0,52.0,,,,,,,,,,,,,,,,,,,,,,,,
87,case_14,2024-04-10 17:32:37.741105,complete,CRP,positive,J,LD,23.0,50.0,,,,,,,,,,,,,,,,,,,,,,,,
88,case_14,2024-04-10 18:34:10.741105,complete,Admission NC,positive,L,,,,,,,,,,,,,,,,,,,,,,,,,,,
89,case_14,2024-04-10 19:04:16.741105,complete,Leucocytes,positive,I,NB,21.0,,89.0,,,,,,,,,,,,,,,,,,,,,,,
90,case_14,2024-04-10 19:49:19.741105,complete,CRP,positive,I,EB,21.0,50.0,,,,,,,,,,,,,,,,,,,,,,,,
91,case_14,2024-04-10 21:09:53.741105,complete,CRP,positive,I,YA,20.0,50.0,,,,,,,,,,,,,,,,,,,,,,,,
92,case_14,2024-04-10 21:54:08.741105,complete,CRP,positive,I,HE,21.0,5610.0,,,,,,,,,,,,,,,,,,,,,,,,
93,case_14,2024-04-10 22:41:03.741105,complete,Admission NC,positive,F,,,,,,,,,,,,,,,,,,,,,,,,,,,
94,case_15,2024-04-10 16:07:51.741105,complete,CRP,positive,J,YC,90.0,50.0,,,,,,,,,,,,,,,,,,,,,,,,
95,case_15,2024-04-10 17:02:50.741105,complete,Leucocytes,positive,E,YC,21.0,,331.0,,,,,,,,,,,,,,,,,,,,,,,
96,case_15,2024-04-10 17:53:37.741105,complete,Admission NC,positive,L,,,,,,,,,,,,,,,,,,,,,,,,,,,
97,case_15,2024-04-10 19:29:42.741105,complete,CRP,positive,K,VD,21.0,60.0,,,,,,,,,,,,,,,,,,,,,,,,
98,case_15,2024-04-10 19:40:19.741105,complete,CRP,positive,I,MD,20.0,186.0,,,,,,,,,,,,,,,,,,,,,,,,
99,case_15,2024-04-10 20:55:27.741105,complete,CRP,positive,I,HE,21.0,2996.0,,,,,,,,,,,,,,,,,,,,,,,,
100,case_15,2024-04-10 21:53:33.741105,complete,CRP,positive,L,HE,25.0,4944.0,,,,,,,,,,,,,,,,,,,,,,,,
101,case_15,2024-04-10 23:06:09.741105,complete,Admission NC,positive,L,,,,,,,,,,,,,,,,,,,,,,,,,,,
102,case_16,2024-04-10 16:35:19.741105,complete,CRP,positive,L,DC,20.0,3695.0,,,,,,,,,,,,,,,,,,,,,,,,
103,case_16,2024-04-10 17:26:13.741105,complete,CRP,positive,K,LB,20.0,1729.0,,,,,,,,,,,,,,,,,,,,,,,,
104,case_16,2024-04-10 18:25:50.741105,complete,LacticAcid,positive,I,,,,,2.0,,,,,,,,,,,,,,,,,,,,,,
105,case_16,2024-04-10 18:35:49.741105,complete,Leucocytes,positive,J,NA,20.0,,138.0,,,,,,,,,,,,,,,,,,,,,,,
106,case_16,2024-04-10 19:50:48.741105,complete,Admission NC,positive,?,,,,,,,,,,,,,,,,,,,,,,,,,,,
107,case_16,2024-04-10 21:26:56.741105,complete,Admission NC,positive,?,,,,,,,,,,,,,,,,,,,,,,,,,,,
108,case_16,2024-04-10 22:19:45.741105,complete,CRP,positive,I,YA,20.0,53.0,,,,,,,,,,,,,,,,,,,,,,,,
109,case_16,2024-04-10 23:28:42.741105,complete,Leucocytes,positive,E,HB,35.0,,3.0,,,,,,,,,,,,,,,,,,,,,,,
110,case_17,2024-04-10 16:32:01.741105,complete,CRP,positive,L,YB,20.0,5730.0,,,,,,,,,,,,,,,,,,,,,,,,
111,case_17,2024-04-10 17:02:21.741105,complete,CRP,positive,E,YC,21.0,1265.0,,,,,,,,,,,,,,,,,,,,,,,,
112,case_17,2024-04-10 18:28:51.741105,complete,LacticAcid,positive,L,,,,,2.0,,,,,,,,,,,,,,,,,,,,,,
113,case_17,2024-04-10 19:25:51.741105,complete,Leucocytes,positive,K,VD,21.0,,138.0,,,,,,,,,,,,,,,,,,,,,,,
114,case_17,2024-04-10 20:23:33.741105,complete,Admission NC,positive,J,,,,,,,,,,,,,,,,,,,,,,,,,,,
115,case_17,2024-04-10 20:57:25.741105,complete,CRP,positive,I,HE,21.0,2995.0,,,,,,,,,,,,,,,,,,,,,,,,
116,case_17,2024-04-10 21:39:41.741105,complete,CRP,positive,L,HE,25.0,5000.0,,,,,,,,,,,,,,,,,,,,,,,,
117,case_17,2024-04-10 22:43:53.741105,complete,Admission NC,positive,L,,,,,,,,,,,,,,,,,,,,,,,,,,,
118,case_18,2024-04-10 15:38:02.741105,complete,LacticAcid,positive,E,,,,,2.0,,,,,,,,,,,,,,,,,,,,,,
119,case_18,2024-04-10 16:56:09.741105,complete,Leucocytes,positive,K,FB,89.0,,674.0,,,,,,,,,,,,,,,,,,,,,,,
120,case_18,2024-04-10 18:01:11.741105,complete,Admission NC,positive,F,,,,,,,,,,,,,,,,,,,,,,,,,,,
121,case_18,2024-04-10 18:38:43.741105,complete,Leucocytes,positive,I,O,20.0,,138.0,,,,,,,,,,,,,,,,,,,,,,,
122,case_18,2024-04-10 20:27:14.741105,complete,Admission NC,positive,F,,,,,,,,,,,,,,,,,,,,,,,,,,,
123,case_18,2024-04-10 20:56:39.741105,complete,CRP,positive,J,HD,20.0,677.0,,,,,,,,,,,,,,,,,,,,,,,,
124,case_19,2024-04-10 16:15:15.741105,complete,LacticAcid,positive,E,,,,,6.0,,,,,,,,,,,,,,,,,,,,,,
125,case_19,2024-04-10 17:10:42.741105,complete,Leucocytes,positive,J,YB,21.0,,3751.0,,,,,,,,,,,,,,,,,,,,,,,
126,case_19,2024-04-10 18:10:01.741105,complete,CRP,positive,J,YA,20.0,55.0,,,,,,,,,,,,,,,,,,,,,,,,
127,case_19,2024-04-10 19:03:03.741105,complete,CRP,positive,K,YB,26.0,3371.0,,,,,,,,,,,,,,,,,,,,,,,,
128,case_19,2024-04-10 20:31:14.741105,complete,Leucocytes,positive,J,YA,25.0,,138.0,,,,,,,,,,,,,,,,,,,,,,,
129,case_19,2024-04-10 21:30:09.741105,complete,CRP,positive,I,HA,20.0,50.0,,,,,,,,,,,,,,,,,,,,,,,,
130,case_19,2024-04-10 21:52:22.741105,complete,CRP,positive,I,HB,20.0,4054.0,,,,,,,,,,,,,,,,,,,,,,,,
131,case_19,2024-04-10 22:57:53.741105,complete,Admission NC,positive,?,,,,,,,,,,,,,,,,,,,,,,,,,,,
132,case_19,2024-04-11 00:28:20.741105,complete,Leucocytes,positive,J,HE,20.0,,138.0,,,,,,,,,,,,,,,,,,,,,,,
133,case_19,2024-04-11 01:17:55.741105,complete,Admission NC,positive,E,,,,,,,,,,,,,,,,,,,,,,,,,,,
134,case_20,2024-04-10 15:38:57.741105,complete,LacticAcid,positive,E,,,,,2.0,,,,,,,,,,,,,,,,,,,,,,
135,case_20,2024-04-10 17:01:37.741105,complete,Leucocytes,positive,I,YA,89.0,,3751.0,,,,,,,,,,,,,,,,,,,,,,,
136,case_20,2024-04-10 18:16:53.741105,complete,Admission NC,positive,J,,,,,,,,,,,,,,,,,,,,,,,,,,,
137,case_20,2024-04-10 18:38:19.741105,complete,CRP,positive,K,CE,26.0,51.0,,,,,,,,,,,,,,,,,,,,,,,,
138,case_20,2024-04-10 20:27:22.741105,complete,CRP,positive,C,YB,20.0,50.0,,,,,,,,,,,,,,,,,,,,,,,,
139,case_20,2024-04-10 21:13:20.741105,complete,CRP,positive,J,PA,25.0,51.0,,,,,,,,,,,,,,,,,,,,,,,,
140,case_20,2024-04-10 22:21:58.741105,complete,CRP,positive,J,YA,20.0,4054.0,,,,,,,,,,,,,,,,,,,,,,,,
141,case_20,2024-04-10 23:14:54.741105,complete,CRP,positive,J,GB,21.0,54.0,,,,,,,,,,,,,,,,,,,,,,,,
142,case_20,2024-04-11 00:24:46.741105,complete,Admission NC,positive,L,,,,,,,,,,,,,,,,,,,,,,,,,,,
143,case_20,2024-04-11 00:36:00.741105,complete,CRP,positive,E,Z,20.0,1921.0,,,,,,,,,,,,,,,,,,,,,,,,
144,case_21,2024-04-10 16:06:55.741105,complete,CRP,positive,E,YA,20.0,4734.0,,,,,,,,,,,,,,,,,,,,,,,,
145,case_21,2024-04-10 16:36:19.741105,complete,Leucocytes,positive,K,N,20.0,,132.0,,,,,,,,,,,,,,,,,,,,,,,
146,case_21,2024-04-10 18:04:29.741105,complete,Admission NC,positive,J,,,,,,,,,,,,,,,,,,,,,,,,,,,
147,case_21,2024-04-10 18:40:38.741105,complete,CRP,positive,I,TA,89.0,53.0,,,,,,,,,,,,,,,,,,,,,,,,
148,case_21,2024-04-10 19:46:07.741105,complete,Admission NC,positive,J,,,,,,,,,,,,,,,,,,,,,,,,,,,
149,case_21,2024-04-10 21:19:24.741105,complete,CRP,positive,I,YA,25.0,50.0,,,,,,,,,,,,,,,,,,,,,,,,
150,case_21,2024-04-10 22:26:47.741105,complete,LacticAcid,positive,I,,,,,14.0,,,,,,,,,,,,,,,,,,,,,,
151,case_21,2024-04-10 22:41:39.741105,complete,Leucocytes,positive,I,GB,21.0,,2.0,,,,,,,,,,,,,,,,,,,,,,,
152,case_21,2024-04-10 23:52:53.741105,complete,Leucocytes,positive,L,HE,20.0,,138.0,,,,,,,,,,,,,,,,,,,,,,,
153,case_21,2024-04-11 01:16:26.741105,complete,CRP,positive,L,HC,23.0,50.0,,,,,,,,,,,,,,,,,,,,,,,,
154,case_22,2024-04-10 16:21:41.741105,complete,Leucocytes,positive,K,YC,20.0,,578.0,,,,,,,,,,,,,,,,,,,,,,,
155,case_22,2024-04-10 17:10:16.741105,complete,Leucocytes,positive,K,YC,22.0,,3751.0,,,,,,,,,,,,,,,,,,,,,,,
156,case_22,2024-04-10 18:12:32.741105,complete,Leucocytes,positive,J,YA,20.0,,1358.0,,,,,,,,,,,,,,,,,,,,,,,
157,case_22,2024-04-10 19:06:08.741105,complete,Leucocytes,positive,K,YC,23.0,,2021.0,,,,,,,,,,,,,,,,,,,,,,,
158,case_22,2024-04-10 20:34:10.741105,complete,ER Registration,positive,L,UA,23.0,,,,true,false,true,false,false,true,true,true,true,true,false,false,false,false,true,false,false,false,true,false,true,true
159,case_22,2024-04-10 20:40:11.741105,complete,CRP,positive,L,WA,22.0,50.0,,,,,,,,,,,,,,,,,,,,,,,,
160,case_22,2024-04-10 22:30:00.741105,complete,Admission NC,positive,?,,,,,,,,,,,,,,,,,,,,,,,,,,,
161,case_22,2024-04-10 22:49:19.741105,complete,CRP,positive,J,GE,21.0,53.0,,,,,,,,,,,,,,,,,,,,,,,,
162,case_22,2024-04-10 23:56:56.741105,complete,Leucocytes,positive,J,HC,20.0,,141.0,,,,,,,,,,,,,,,,,,,,,,,
163,case_22,2024-04-11 01:12:29.741105,complete,Admission NC,positive,L,,,,,,,,,,,,,,,,,,,,,,,,,,,
164,case_23,2024-04-10 16:08:09.741105,complete,CRP,positive,L,YA,20.0,50.0,,,,,,,,,,,,,,,,,,,,,,,,
165,case_23,2024-04-10 16:54:38.741105,complete,Admission NC,positive,J,,,,,,,,,,,,,,,,,,,,,,,,,,,
166,case_23,2024-04-10 18:10:11.741105,complete,Admission NC,positive,L,,,,,,,,,,,,,,,,,,,,,,,,,,,
167,case_23,2024-04-10 18:36:35.741105,complete,CRP,positive,J,CE,20.0,3365.0,,,,,,,,,,,,,,,,,,,,,,,,
168,case_23,2024-04-10 20:03:14.741105,complete,CRP,positive,I,DB,26.0,4232.0,,,,,,,,,,,,,,,,,,,,,,,,
169,case_23,2024-04-10 21:33:27.741105,complete,CRP,positive,I,OA,20.0,388.0,,,,,,,,,,,,,,,,,,,,,,,,
170,case_23,2024-04-10 22:32:09.741105,complete,CRP,positive,B,YA,20.0,1754.0,,,,,,,,,,,,,,,,,,,,,,,,
171,case_23,2024-04-10 22:39:17.741105,complete,LacticAcid,positive,I,,,,,8.0,,,,,,,,,,,,,,,,,,,,,,
172,case_23,2024-04-11 00:28:14.741105,complete,Leucocytes,positive,I,HE,20.0,,138.0,,,,,,,,,,,,,,,,,,,,,,,
173,case_23,2024-04-11 00:46:27.741105,complete,CRP,positive,E,Z,21.0,50.0,,,,,,,,,,,,,,,,,,,,,,,,
174,case_24,2024-04-10 16:22:23.741105,complete,Leucocytes,positive,E,YC,22.0,,2.0,,,,,,,,,,,,,,,,,,,,,,,
175,case_24,2024-04-10 17:35:28.741105,complete,Leucocytes,positive,J,X,23.0,,2981.0,,,,,,,,,,,,,,,,,,,,,,,
176,case_24,2024-04-10 17:39:48.741105,complete,Leucocytes,positive,I,YA,21.0,,138.0,,,,,,,,,,,,,,,,,,,,,,,
177,case_24,2024-04-10 18:54:52.741105,complete,CRP,positive,I,UB,21.0,5650.0,,,,,,,,,,,,,,,,,,,,,,,,
178,case_24,2024-04-10 20:13:30.741105,complete,Leucocytes,positive,I,HE,20.0,,2032.0,,,,,,,,,,,,,,,,,,,,,,,
179,case_24,2024-04-10 21:18:30.741105,complete,CRP,positive,L,YA,20.0,50.0,,,,,,,,,,,,,,,,,,,,,,,,
180,case_24,2024-04-10 22:18:37.741105,complete,CRP,positive,I,HE,25.0,2945.0,,,,,,,,,,,,,,,,,,,,,,,,
181,case_24,2024-04-10 23:07:38.741105,complete,Admission NC,positive,F,,,,,,,,,,,,,,,,,,,,,,,,,,,
182,case_24,2024-04-10 23:48:49.741105,complete,Admission NC,positive,?,,,,,,,,,,,,,,,,,,,,,,,,,,,
183,case_25,2024-04-10 16:31:25.741105,complete,CRP,positive,E,YA,23.0,50.0,,,,,,,,,,,,,,,,,,,,,,,,
184,case_25,2024-04-10 16:42:01.741105,complete,Leucocytes,positive,J,YA,21.0,,2981.0,,,,,,,,,,,,,,,,,,,,,,,
185,case_25,2024-04-10 18:28:06.741105,complete,Leucocytes,positive,I,ZA,20.0,,139.0,,,,,,,,,,,,,,,,,,,,,,,
186,case_25,2024-04-10 19:28:34.741105,complete,CRP,positive,I,UD,20.0,5650.0,,,,,,,,,,,,,,,,,,,,,,,,
187,case_25,2024-04-10 20:08:32.741105,complete,Leucocytes,positive,K,YB,23.0,,2032.0,,,,,,,,,,,,,,,,,,,,,,,
188,case_25,2024-04-10 20:45:35.741105,complete,CRP,positive,L,HE,21.0,50.0,,,,,,,,,,,,,,,,,,,,,,,,
189,case_25,2024-04-10 21:52:53.741105,complete,CRP,positive,I,HE,21.0,2951.0,,,,,,,,,,,,,,,,,,,,,,,,
190,case_25,2024-04-10 23:04:24.741105,complete,Admission NC,positive,F,,,,,,,,,,,,,,,,,,,,,,,,,,,
191,case_25,2024-04-11 00:27:20.741105,complete,Admission NC,positive,F,,,,,,,,,,,,,,,,,,,,,,,,,,,
192,case_26,2024-04-10 15:47:41.741105,complete,Leucocytes,positive,A,YA,20.0,,512.0,,,,,,,,,,,,,,,,,,,,,,,
193,case_26,2024-04-10 17:19:19.741105,complete,CRP,positive,J,YC,20.0,787.0,,,,,,,,,,,,,,,,,,,,,,,,
194,case_26,2024-04-10 18:02:33.741105,complete,LacticAcid,positive,I,,,,,2.0,,,,,,,,,,,,,,,,,,,,,,
195,case_26,2024-04-10 18:35:46.741105,complete,Leucocytes,positive,I,UC,25.0,,138.0,,,,,,,,,,,,,,,,,,,,,,,
196,case_26,2024-04-10 20:06:11.741105,complete,CRP,positive,K,YA,20.0,51.0,,,,,,,,,,,,,,,,,,,,,,,,
197,case_26,2024-04-10 21:29:28.741105,complete,Admission NC,positive,?,,,,,,,,,,,,,,,,,,,,,,,,,,,
198,case_26,2024-04-10 21:58:07.741105,complete,Leucocytes,positive,I,HE,22.0,,3.0,,,,,,,,,,,,,,,,,,,,,,,
199,case_26,2024-04-10 23:06:18.741105,complete,Leucocytes,positive,I,HD,88.0,,3806.0,,,,,,,,,,,,,,,,,,,,,,,
200,case_26,2024-04-10 23:47:57.741105,complete,Admission NC,positive,F,,,,,,,,,,,,,,,,,,,,,,,,,,,
201,case_27,2024-04-10 16:05:12.741105,complete,CRP,positive,J,YA,22.0,5730.0,,,,,,,,,,,,,,,,,,,,,,,,
202,case_27,2024-04-10 17:27:27.741105,complete,Leucocytes,positive,L,GD,25.0,,863.0,,,,,,,,,,,,,,,,,,,,,,,
203,case_27,2024-04-10 17:48:18.741105,complete,Admission NC,positive,J,,,,,,,,,,,,,,,,,,,,,,,,,,,
204,case_27,2024-04-10 19:05:36.741105,complete,CRP,positive,L,UB,20.0,1328.0,,,,,,,,,,,,,,,,,,,,,,,,
205,case_27,2024-04-10 19:48:29.741105,complete,CRP,positive,I,YB,20.0,3128.0,,,,,,,,,,,,,,,,,,,,,,,,
206,case_27,2024-04-10 21:30:01.741105,complete,CRP,positive,?,YA,21.0,5036.0,,,,,,,,,,,,,,,,,,,,,,,,
207,case_27,2024-04-10 21:48:00.741105,complete,Leucocytes,positive,I,HB,20.0,,137.0,,,,,,,,,,,,,,,,,,,,,,,
208,case_27,2024-04-10 22:55:33.741105,complete,Admission NC,positive,F,,,,,,,,,,,,,,,,,,,,,,,,,,,
209,case_27,2024-04-11 00:25:24.741105,complete,CRP,positive,L,HE,21.0,51.0,,,,,,,,,,,,,,,,,,,,,,,,
210,case_28,2024-04-10 15:40:26.741105,complete,CRP,positive,J,YA,23.0,5728.0,,,,,,,,,,,,,,,,,,,,,,,,
211,case_28,2024-04-10 16:39:40.741105,complete,Leucocytes,positive,L,X,21.0,,863.0,,,,,,,,,,,,,,,,,,,,,,,
212,case_28,2024-04-10 18:27:31.741105,complete,Leucocytes,positive,I,ZA,20.0,,138.0,,,,,,,,,,,,,,,,,,,,,,,
213,case_28,2024-04-10 18:37:39.741105,complete,CRP,positive,I,UB,21.0,1328.0,,,,,,,,,,,,,,,,,,,,,,,,
214,case_28,2024-04-10 19:54:24.741105,complete,CRP,positive,I,HE,24.0,3128.0,,,,,,,,,,,,,,,,,,,,,,,,
215,case_28,2024-04-10 20:56:16.741105,complete,Admission NC,positive,J,,,,,,,,,,,,,,,,,,,,,,,,,,,
216,case_28,2024-04-10 22:07:32.741105,complete,Leucocytes,positive,K,HE,21.0,,137.0,,,,,,,,,,,,,,,,,,,,,,,
217,case_28,2024-04-10 23:10:10.741105,complete,Admission NC,positive,F,,,,,,,,,,,,,,,,,,,,,,,,,,,
218,case_28,2024-04-10 23:36:09.741105,complete,CRP,positive,L,HD,20.0,53.0,,,,,,,,,,,,,,,,,,,,,,,,
219,case_29,2024-04-10 15:37:57.741105,complete,CRP,positive,L,YA,22.0,5730.0,,,,,,,,,,,,,,,,,,,,,,,,
220,case_29,2024-04-10 17:10:41.741105,complete,Leucocytes,positive,J,X,25.0,,2981.0,,,,,,,,,,,,,,,,,,,,,,,
221,case_29,2024-04-10 18:04:31.741105,complete,Admission NC,positive,J,,,,,,,,,,,,,,,,,,,,,,,,,,,
222,case_29,2024-04-10 19:20:36.741105,complete,Admission NC,positive,F,,,,,,,,,,,,,,,,,,,,,,,,,,,
223,case_29,2024-04-10 19:54:22.741105,complete,CRP,positive,I,HE,20.0,50.0,,,,,,,,,,,,,,,,,,,,,,,,
224,case_29,2024-04-10 20:58:27.741105,complete,Leucocytes,positive,K,HE,21.0,,138.0,,,,,,,,,,,,,,,,,,,,,,,
225,case_29,2024-04-10 22:16:30.741105,complete,Leucocytes,positive,I,HE,20.0,,3233.0,,,,,,,,,,,,,,,,,,,,,,,
226,case_29,2024-04-10 23:20:44.741105,complete,CRP,positive,L,HD,20.0,50.0,,,,,,,,,,,,,,,,,,,,,,,,
227,case_29,2024-04-10 23:38:13.741105,complete,CRP,positive,L,HC,21.0,55.0,,,,,,,,,,,,,,,,,,,,,,,,
