,case:concept:name,time:timestamp,lifecycle:transition,concept:name,case:label,org:group,Diagnose,Age,CRP,Leucocytes,LacticAcid,InfectionSuspected,DiagnosticBlood,DisfuncOrg,SIRSCritTachypnea,Hypotensie,SIRSCritHeartRate,Infusion,DiagnosticArtAstrup,DiagnosticIC,DiagnosticSputum,DiagnosticLiquor,DiagnosticOther,SIRSCriteria2OrMore,DiagnosticXthorax,SIRSCritTemperature,DiagnosticUrinaryCulture,SIRSCritLeucos,Oligurie,DiagnosticLacticAcid,Hypoxie,DiagnosticUrinarySediment,DiagnosticECG
0,case_0,2024-04-10 16:32:46.853061,complete,Admission NC,positive,J,,,,,,,,,,,,,,,,,,,,,,,,,,,
1,case_0,2024-04-10 17:20:34.853061,complete,Release B,positive,I,,,,,,,,,,,,,,,,,,,,,,,,,,,
2,case_0,2024-04-10 18:25:56.853061,complete,Return ER,positive,?,,,,,,,,,,,,,,,,,,,,,,,,,,,
3,case_0,2024-04-10 18:53:51.853061,complete,Admission NC,positive,F,,,,,,,,,,,,,,,,,,,,,,,,,,,
4,case_0,2024-04-10 20:26:37.853061,complete,IV Antibiotics,positive,L,,,,,,,,,,,,,,,,,,,,,,,,,,,
5,case_1,2024-04-10 15:47:25.853061,complete,Admission NC,positive,F,,,,,,,,,,,,,,,,,,,,,,,,,,,
6,case_1,2024-04-10 17:16:18.853061,complete,Release B,positive,J,,,,,,,,,,,,,,,,,,,,,,,,,,,
7,case_1,2024-04-10 17:36:14.853061,complete,CRP,positive,J,I,20.0,1022.0,,,,,,,,,,,,,,,,,,,,,,,,
8,case_1,2024-04-10 18:52:11.853061,complete,Leucocytes,positive,L,ZC,20.0,,3377.0,,,,,,,,,,,,,,,,,,,,,,,
9,case_1,2024-04-10 20:00:57.853061,complete,Admission NC,positive,F,,,,,,,,,,,,,,,,,,,,,,,,,,,
10,case_2,2024-04-10 16:19:25.853061,complete,Admission NC,positive,F,,,,,,,,,,,,,,,,,,,,,,,,,,,
11,case_2,2024-04-10 17:19:02.853061,complete,Admission NC,positive,Y,,,,,,,,,,,,,,,,,,,,,,,,,,,
12,case_2,2024-04-10 18:17:06.853061,complete,CRP,positive,J,I,20.0,1130.0,,,,,,,,,,,,,,,,,,,,,,,,
13,case_2,2024-04-10 18:54:00.853061,complete,Leucocytes,positive,L,ZC,20.0,,3377.0,,,,,,,,,,,,,,,,,,,,,,,
14,case_2,2024-04-10 19:47:35.853061,complete,LacticAcid,positive,J,,,,,126.0,,,,,,,,,,,,,,,,,,,,,,
15,case_3,2024-04-10 16:07:56.853061,complete,Leucocytes,positive,L,QD,20.0,,136.0,,,,,,,,,,,,,,,,,,,,,,,
16,case_3,2024-04-10 16:34:21.853061,complete,Admission NC,positive,F,,,,,,,,,,,,,,,,,,,,,,,,,,,
17,case_3,2024-04-10 18:21:55.853061,complete,Admission NC,positive,J,,,,,,,,,,,,,,,,,,,,,,,,,,,
18,case_3,2024-04-10 18:37:47.853061,complete,CRP,positive,J,ZC,20.0,4420.0,,,,,,,,,,,,,,,,,,,,,,,,
19,case_3,2024-04-10 20:31:35.853061,complete,Release B,positive,E,,,,,,,,,,,,,,,,,,,,,,,,,,,
20,case_4,2024-04-10 16:32:54.853061,complete,CRP,positive,L,XD,24.0,5621.0,,,,,,,,,,,,,,,,,,,,,,,,
21,case_4,2024-04-10 16:42:57.853061,complete,Admission NC,positive,F,,,,,,,,,,,,,,,,,,,,,,,,,,,
22,case_4,2024-04-10 17:39:33.853061,complete,Admission NC,positive,J,,,,,,,,,,,,,,,,,,,,,,,,,,,
23,case_4,2024-04-10 19:07:24.853061,complete,CRP,positive,J,ZC,20.0,2557.0,,,,,,,,,,,,,,,,,,,,,,,,
24,case_4,2024-04-10 20:23:12.853061,complete,Release B,positive,E,,,,,,,,,,,,,,,,,,,,,,,,,,,
25,case_5,2024-04-10 16:18:21.853061,complete,Admission NC,positive,J,,,,,,,,,,,,,,,,,,,,,,,,,,,
26,case_5,2024-04-10 17:30:32.853061,complete,Return ER,positive,?,,,,,,,,,,,,,,,,,,,,,,,,,,,
27,case_5,2024-04-10 17:52:49.853061,complete,Leucocytes,positive,Y,HE,90.0,,131.0,,,,,,,,,,,,,,,,,,,,,,,
28,case_5,2024-04-10 19:04:04.853061,complete,Admission NC,positive,F,,,,,,,,,,,,,,,,,,,,,,,,,,,
29,case_5,2024-04-10 20:18:15.853061,complete,IV Antibiotics,positive,L,,,,,,,,,,,,,,,,,,,,,,,,,,,
30,case_5,2024-04-10 21:27:43.853061,complete,ER Triage,positive,C,HE,69.0,,,,,,,,,,,,,,,,,,,,,,,,,
31,case_6,2024-04-10 16:23:50.853061,complete,Return ER,positive,?,,,,,,,,,,,,,,,,,,,,,,,,,,,
32,case_6,2024-04-10 16:41:24.853061,complete,ER Registration,positive,Y,HE,90.0,,,,false,false,true,false,true,false,false,true,false,false,true,true,false,false,false,false,true,true,false,true,false,false
33,case_6,2024-04-10 17:46:31.853061,complete,Admission NC,positive,J,,,,,,,,,,,,,,,,,,,,,,,,,,,
34,case_6,2024-04-10 19:16:31.853061,complete,Admission NC,positive,Y,,,,,,,,,,,,,,,,,,,,,,,,,,,
35,case_6,2024-04-10 19:42:07.853061,complete,Admission NC,positive,F,,,,,,,,,,,,,,,,,,,,,,,,,,,
36,case_6,2024-04-10 21:14:17.853061,complete,ER Registration,positive,Y,HE,90.0,,,,false,false,true,false,true,false,false,true,false,false,true,true,false,false,false,false,true,true,false,true,false,false
37,case_7,2024-04-10 16:23:16.853061,complete,LacticAcid,positive,Y,,,,,149.0,,,,,,,,,,,,,,,,,,,,,,
38,case_7,2024-04-10 16:57:01.853061,complete,ER Registration,positive,Y,HE,90.0,,,,false,false,true,false,true,false,false,true,false,false,true,true,false,false,false,false,true,true,false,true,false,false
39,case_7,2024-04-10 18:19:11.853061,complete,Admission NC,positive,J,,,,,,,,,,,,,,,,,,,,,,,,,,,
40,case_7,2024-04-10 18:57:17.853061,complete,Admission NC,positive,J,,,,,,,,,,,,,,,,,,,,,,,,,,,
41,case_7,2024-04-10 19:36:26.853061,complete,Admission NC,positive,Y,,,,,,,,,,,,,,,,,,,,,,,,,,,
42,case_7,2024-04-10 20:35:25.853061,complete,ER Registration,positive,Y,HE,90.0,,,,false,false,true,false,true,false,true,true,false,false,true,true,false,false,false,true,true,true,false,true,false,false
43,case_8,2024-04-10 15:45:57.853061,complete,Admission NC,positive,F,,,,,,,,,,,,,,,,,,,,,,,,,,,
44,case_8,2024-04-10 17:22:18.853061,complete,ER Registration,positive,Y,HE,90.0,,,,false,false,true,false,true,false,false,true,false,false,true,true,false,false,false,false,true,false,false,true,false,false
45,case_8,2024-04-10 17:58:12.853061,complete,ER Sepsis Triage,positive,Y,HE,89.0,,,,,,,,,,,,,,,,,,,,,,,,,
46,case_8,2024-04-10 18:36:12.853061,complete,Admission NC,positive,F,,,,,,,,,,,,,,,,,,,,,,,,,,,
47,case_8,2024-04-10 19:36:31.853061,complete,Admission NC,positive,F,,,,,,,,,,,,,,,,,,,,,,,,,,,
48,case_8,2024-04-10 21:26:54.853061,complete,ER Registration,positive,Y,HE,90.0,,,,false,false,true,false,true,false,false,true,false,false,true,false,false,false,false,false,true,true,false,true,false,false
49,case_9,2024-04-10 16:31:15.853061,complete,Admission NC,positive,J,,,,,,,,,,,,,,,,,,,,,,,,,,,
50,case_9,2024-04-10 17:20:44.853061,complete,ER Registration,positive,Y,HE,90.0,,,,false,false,true,false,true,false,false,true,false,false,true,true,false,false,false,false,true,true,false,true,false,false
51,case_9,2024-04-10 17:56:13.853061,complete,ER Sepsis Triage,positive,Y,HE,89.0,,,,,,,,,,,,,,,,,,,,,,,,,
52,case_9,2024-04-10 18:59:31.853061,complete,Admission NC,positive,F,,,,,,,,,,,,,,,,,,,,,,,,,,,
53,case_9,2024-04-10 19:51:08.853061,complete,Admission NC,positive,Y,,,,,,,,,,,,,,,,,,,,,,,,,,,
54,case_9,2024-04-10 21:10:32.853061,complete,ER Registration,positive,Y,HE,90.0,,,,false,false,true,false,true,false,false,true,false,false,false,false,false,true,false,false,false,true,false,true,false,false
55,case_10,2024-04-10 15:49:08.853061,complete,CRP,positive,Y,HE,90.0,5546.0,,,,,,,,,,,,,,,,,,,,,,,,
56,case_10,2024-04-10 16:46:43.853061,complete,Admission IC,positive,Y,,,,,,,,,,,,,,,,,,,,,,,,,,,
57,case_10,2024-04-10 18:28:47.853061,complete,Admission NC,positive,J,,,,,,,,,,,,,,,,,,,,,,,,,,,
58,case_10,2024-04-10 19:02:20.853061,complete,Admission NC,positive,F,,,,,,,,,,,,,,,,,,,,,,,,,,,
59,case_10,2024-04-10 19:47:51.853061,complete,Admission NC,positive,F,,,,,,,,,,,,,,,,,,,,,,,,,,,
60,case_10,2024-04-10 20:33:29.853061,complete,ER Registration,positive,Y,HE,90.0,,,,false,false,false,false,true,false,false,true,false,false,true,false,false,false,false,false,true,true,false,true,false,false
61,case_11,2024-04-10 16:17:07.853061,complete,Release B,positive,E,,,,,,,,,,,,,,,,,,,,,,,,,,,
62,case_11,2024-04-10 17:13:22.853061,complete,Admission NC,positive,K,,,,,,,,,,,,,,,,,,,,,,,,,,,
63,case_11,2024-04-10 17:51:29.853061,complete,Release B,positive,E,,,,,,,,,,,,,,,,,,,,,,,,,,,
64,case_11,2024-04-10 19:21:15.853061,complete,IV Antibiotics,positive,L,,,,,,,,,,,,,,,,,,,,,,,,,,,
65,case_11,2024-04-10 19:34:45.853061,complete,ER Registration,positive,L,HE,90.0,,,,false,false,true,true,true,false,false,false,false,true,true,true,false,false,false,true,true,false,false,false,false,false
66,case_11,2024-04-10 21:18:46.853061,complete,Return ER,positive,?,,,,,,,,,,,,,,,,,,,,,,,,,,,
67,case_11,2024-04-10 22:27:21.853061,complete,Admission NC,positive,J,,,,,,,,,,,,,,,,,,,,,,,,,,,
68,case_11,2024-04-10 22:48:13.853061,complete,Admission IC,positive,J,,,,,,,,,,,,,,,,,,,,,,,,,,,
69,case_11,2024-04-11 00:25:32.853061,complete,Admission NC,positive,J,,,,,,,,,,,,,,,,,,,,,,,,,,,
70,case_11,2024-04-11 00:39:46.853061,complete,LacticAcid,positive,Y,,,,,149.0,,,,,,,,,,,,,,,,,,,,,,
71,case_12,2024-04-10 15:51:38.853061,complete,Admission NC,positive,F,,,,,,,,,,,,,,,,,,,,,,,,,,,
72,case_12,2024-04-10 16:37:41.853061,complete,IV Antibiotics,positive,L,,,,,,,,,,,,,,,,,,,,,,,,,,,
73,case_12,2024-04-10 18:23:41.853061,complete,IV Antibiotics,positive,L,,,,,,,,,,,,,,,,,,,,,,,,,,,
74,case_12,2024-04-10 19:15:22.853061,complete,IV Antibiotics,positive,L,,,,,,,,,,,,,,,,,,,,,,,,,,,
75,case_12,2024-04-10 20:13:12.853061,complete,ER Registration,positive,L,HE,90.0,,,,false,false,true,false,true,false,false,true,false,false,true,true,false,false,false,true,true,true,false,true,false,false
76,case_12,2024-04-10 20:38:53.853061,complete,Return ER,positive,?,,,,,,,,,,,,,,,,,,,,,,,,,,,
77,case_12,2024-04-10 21:43:35.853061,complete,Admission NC,positive,J,,,,,,,,,,,,,,,,,,,,,,,,,,,
78,case_12,2024-04-10 23:27:42.853061,complete,Admission IC,positive,J,,,,,,,,,,,,,,,,,,,,,,,,,,,
79,case_12,2024-04-11 00:09:27.853061,complete,Admission NC,positive,J,,,,,,,,,,,,,,,,,,,,,,,,,,,
80,case_12,2024-04-11 00:40:34.853061,complete,ER Registration,positive,Y,HE,90.0,,,,false,false,false,false,true,true,false,true,false,true,true,true,false,false,false,false,true,false,false,true,false,false
81,case_13,2024-04-10 16:29:02.853061,complete,Release B,positive,E,,,,,,,,,,,,,,,,,,,,,,,,,,,
82,case_13,2024-04-10 17:07:08.853061,complete,Admission NC,positive,K,,,,,,,,,,,,,,,,,,,,,,,,,,,
83,case_13,2024-04-10 18:01:31.853061,complete,Release B,positive,E,,,,,,,,,,,,,,,,,,,,,,,,,,,
84,case_13,2024-04-10 18:39:21.853061,complete,Admission NC,positive,J,,,,,,,,,,,,,,,,,,,,,,,,,,,
85,case_13,2024-04-10 20:09:46.853061,complete,ER Registration,positive,Y,HE,90.0,,,,false,false,true,true,true,false,false,true,false,false,true,true,false,false,false,true,true,false,false,false,false,false
86,case_13,2024-04-10 20:48:48.853061,complete,Return ER,positive,?,,,,,,,,,,,,,,,,,,,,,,,,,,,
87,case_13,2024-04-10 22:02:52.853061,complete,Admission NC,positive,J,,,,,,,,,,,,,,,,,,,,,,,,,,,
88,case_13,2024-04-10 23:28:29.853061,complete,Admission IC,positive,J,,,,,,,,,,,,,,,,,,,,,,,,,,,
89,case_13,2024-04-10 23:45:18.853061,complete,Admission NC,positive,J,,,,,,,,,,,,,,,,,,,,,,,,,,,
90,case_13,2024-04-11 01:22:45.853061,complete,ER Registration,positive,Y,HE,90.0,,,,false,false,true,true,true,true,false,true,false,true,true,true,false,false,false,false,true,false,false,true,false,false
91,case_14,2024-04-10 15:46:15.853061,complete,Admission NC,positive,F,,,,,,,,,,,,,,,,,,,,,,,,,,,
92,case_14,2024-04-10 17:10:50.853061,complete,Admission NC,positive,Y,,,,,,,,,,,,,,,,,,,,,,,,,,,
93,case_14,2024-04-10 17:47:37.853061,complete,IV Antibiotics,positive,L,,,,,,,,,,,,,,,,,,,,,,,,,,,
94,case_14,2024-04-10 19:20:38.853061,complete,IV Antibiotics,positive,L,,,,,,,,,,,,,,,,,,,,,,,,,,,
95,case_14,2024-04-10 20:09:18.853061,complete,IV Antibiotics,positive,Y,,,,,,,,,,,,,,,,,,,,,,,,,,,
96,case_14,2024-04-10 20:49:13.853061,complete,Return ER,positive,?,,,,,,,,,,,,,,,,,,,,,,,,,,,
97,case_14,2024-04-10 22:26:03.853061,complete,Admission NC,positive,J,,,,,,,,,,,,,,,,,,,,,,,,,,,
98,case_14,2024-04-10 23:19:18.853061,complete,Admission IC,positive,J,,,,,,,,,,,,,,,,,,,,,,,,,,,
99,case_14,2024-04-11 00:16:23.853061,complete,Admission NC,positive,J,,,,,,,,,,,,,,,,,,,,,,,,,,,
100,case_14,2024-04-11 01:07:00.853061,complete,Leucocytes,positive,Y,HE,90.0,,653.0,,,,,,,,,,,,,,,,,,,,,,,
101,case_15,2024-04-10 16:18:05.853061,complete,Release B,positive,E,,,,,,,,,,,,,,,,,,,,,,,,,,,
102,case_15,2024-04-10 17:20:03.853061,complete,Admission NC,positive,K,,,,,,,,,,,,,,,,,,,,,,,,,,,
103,case_15,2024-04-10 17:51:56.853061,complete,Release B,positive,E,,,,,,,,,,,,,,,,,,,,,,,,,,,
104,case_15,2024-04-10 18:40:31.853061,complete,Release B,positive,E,,,,,,,,,,,,,,,,,,,,,,,,,,,
105,case_15,2024-04-10 19:45:16.853061,complete,Admission NC,positive,K,,,,,,,,,,,,,,,,,,,,,,,,,,,
106,case_15,2024-04-10 20:51:30.853061,complete,Release B,positive,E,,,,,,,,,,,,,,,,,,,,,,,,,,,
107,case_15,2024-04-10 22:26:46.853061,complete,Admission NC,positive,J,,,,,,,,,,,,,,,,,,,,,,,,,,,
108,case_15,2024-04-10 23:04:41.853061,complete,Admission IC,positive,J,,,,,,,,,,,,,,,,,,,,,,,,,,,
109,case_15,2024-04-10 23:51:08.853061,complete,Admission NC,positive,J,,,,,,,,,,,,,,,,,,,,,,,,,,,
110,case_15,2024-04-11 01:21:31.853061,complete,Leucocytes,positive,Y,HE,89.0,,530.0,,,,,,,,,,,,,,,,,,,,,,,
111,case_16,2024-04-10 16:32:50.853061,complete,Release B,positive,E,,,,,,,,,,,,,,,,,,,,,,,,,,,
112,case_16,2024-04-10 17:15:58.853061,complete,Admission NC,positive,K,,,,,,,,,,,,,,,,,,,,,,,,,,,
113,case_16,2024-04-10 17:54:23.853061,complete,Release B,positive,E,,,,,,,,,,,,,,,,,,,,,,,,,,,
114,case_16,2024-04-10 18:49:45.853061,complete,Release B,positive,E,,,,,,,,,,,,,,,,,,,,,,,,,,,
115,case_16,2024-04-10 20:25:41.853061,complete,Admission NC,positive,K,,,,,,,,,,,,,,,,,,,,,,,,,,,
116,case_16,2024-04-10 20:58:07.853061,complete,Release B,positive,E,,,,,,,,,,,,,,,,,,,,,,,,,,,
117,case_16,2024-04-10 21:42:55.853061,complete,Admission NC,positive,J,,,,,,,,,,,,,,,,,,,,,,,,,,,
118,case_16,2024-04-10 22:38:50.853061,complete,IV Antibiotics,positive,L,,,,,,,,,,,,,,,,,,,,,,,,,,,
119,case_16,2024-04-11 00:28:45.853061,complete,Release B,positive,E,,,,,,,,,,,,,,,,,,,,,,,,,,,
120,case_16,2024-04-11 01:12:54.853061,complete,Leucocytes,positive,Y,HE,70.0,,299.0,,,,,,,,,,,,,,,,,,,,,,,
121,case_17,2024-04-10 16:15:53.853061,complete,ER Registration,positive,Y,HE,90.0,,,,false,false,true,false,false,false,false,false,false,true,true,false,false,false,false,false,true,true,false,true,false,false
122,case_17,2024-04-10 17:28:14.853061,complete,Admission NC,positive,F,,,,,,,,,,,,,,,,,,,,,,,,,,,
123,case_17,2024-04-10 17:53:47.853061,complete,IV Antibiotics,positive,L,,,,,,,,,,,,,,,,,,,,,,,,,,,
124,case_17,2024-04-10 19:05:53.853061,complete,IV Antibiotics,positive,L,,,,,,,,,,,,,,,,,,,,,,,,,,,
125,case_17,2024-04-10 20:28:41.853061,complete,ER Registration,positive,L,HE,90.0,,,,false,false,true,false,true,false,false,true,false,false,true,true,false,false,false,true,true,true,false,true,false,false
126,case_17,2024-04-10 20:48:55.853061,complete,Return ER,positive,?,,,,,,,,,,,,,,,,,,,,,,,,,,,
127,case_17,2024-04-10 22:10:42.853061,complete,Admission NC,positive,J,,,,,,,,,,,,,,,,,,,,,,,,,,,
128,case_17,2024-04-10 23:19:53.853061,complete,Admission IC,positive,J,,,,,,,,,,,,,,,,,,,,,,,,,,,
129,case_17,2024-04-11 00:29:06.853061,complete,Admission NC,positive,J,,,,,,,,,,,,,,,,,,,,,,,,,,,
130,case_17,2024-04-11 00:48:56.853061,complete,Leucocytes,positive,Y,HE,90.0,,584.0,,,,,,,,,,,,,,,,,,,,,,,
131,case_18,2024-04-10 15:48:14.853061,complete,Release B,positive,E,,,,,,,,,,,,,,,,,,,,,,,,,,,
132,case_18,2024-04-10 17:05:03.853061,complete,Admission NC,positive,K,,,,,,,,,,,,,,,,,,,,,,,,,,,
133,case_18,2024-04-10 18:01:40.853061,complete,Release B,positive,E,,,,,,,,,,,,,,,,,,,,,,,,,,,
134,case_18,2024-04-10 18:39:36.853061,complete,Admission NC,positive,K,,,,,,,,,,,,,,,,,,,,,,,,,,,
135,case_18,2024-04-10 19:58:30.853061,complete,Release B,positive,E,,,,,,,,,,,,,,,,,,,,,,,,,,,
136,case_18,2024-04-10 21:23:41.853061,complete,Admission NC,positive,J,,,,,,,,,,,,,,,,,,,,,,,,,,,
137,case_18,2024-04-10 21:47:08.853061,complete,Admission IC,positive,J,,,,,,,,,,,,,,,,,,,,,,,,,,,
138,case_18,2024-04-10 22:36:03.853061,complete,Admission NC,positive,J,,,,,,,,,,,,,,,,,,,,,,,,,,,
139,case_19,2024-04-10 15:34:17.853061,complete,Release B,positive,E,,,,,,,,,,,,,,,,,,,,,,,,,,,
140,case_19,2024-04-10 17:15:51.853061,complete,Admission NC,positive,K,,,,,,,,,,,,,,,,,,,,,,,,,,,
141,case_19,2024-04-10 18:31:45.853061,complete,Release B,positive,E,,,,,,,,,,,,,,,,,,,,,,,,,,,
142,case_19,2024-04-10 18:46:41.853061,complete,LacticAcid,positive,I,,,,,149.0,,,,,,,,,,,,,,,,,,,,,,
143,case_19,2024-04-10 20:08:09.853061,complete,Admission NC,positive,J,,,,,,,,,,,,,,,,,,,,,,,,,,,
144,case_19,2024-04-10 21:20:15.853061,complete,Admission IC,positive,J,,,,,,,,,,,,,,,,,,,,,,,,,,,
145,case_19,2024-04-10 21:55:50.853061,complete,Admission NC,positive,J,,,,,,,,,,,,,,,,,,,,,,,,,,,
146,case_19,2024-04-10 22:37:32.853061,complete,IV Antibiotics,positive,L,,,,,,,,,,,,,,,,,,,,,,,,,,,
147,case_20,2024-04-10 15:48:31.853061,complete,Release B,positive,E,,,,,,,,,,,,,,,,,,,,,,,,,,,
148,case_20,2024-04-10 17:32:23.853061,complete,Admission NC,positive,K,,,,,,,,,,,,,,,,,,,,,,,,,,,
149,case_20,2024-04-10 18:02:18.853061,complete,Release B,positive,E,,,,,,,,,,,,,,,,,,,,,,,,,,,
150,case_20,2024-04-10 19:20:02.853061,complete,Admission NC,positive,K,,,,,,,,,,,,,,,,,,,,,,,,,,,
151,case_20,2024-04-10 19:38:59.853061,complete,Release B,positive,E,,,,,,,,,,,,,,,,,,,,,,,,,,,
152,case_20,2024-04-10 20:38:22.853061,complete,Return ER,positive,?,,,,,,,,,,,,,,,,,,,,,,,,,,,
153,case_20,2024-04-10 21:38:14.853061,complete,ER Registration,positive,Y,HE,90.0,,,,false,false,true,false,true,false,false,true,false,false,true,true,false,false,false,false,true,true,false,true,false,false
154,case_20,2024-04-10 23:00:49.853061,complete,Admission NC,positive,F,,,,,,,,,,,,,,,,,,,,,,,,,,,
155,case_21,2024-04-10 16:17:20.853061,complete,Release B,positive,E,,,,,,,,,,,,,,,,,,,,,,,,,,,
156,case_21,2024-04-10 16:47:40.853061,complete,Admission NC,positive,K,,,,,,,,,,,,,,,,,,,,,,,,,,,
157,case_21,2024-04-10 17:57:23.853061,complete,Release B,positive,E,,,,,,,,,,,,,,,,,,,,,,,,,,,
158,case_21,2024-04-10 19:28:43.853061,complete,Admission NC,positive,K,,,,,,,,,,,,,,,,,,,,,,,,,,,
159,case_21,2024-04-10 20:03:14.853061,complete,Release B,positive,E,,,,,,,,,,,,,,,,,,,,,,,,,,,
160,case_21,2024-04-10 20:53:05.853061,complete,Return ER,positive,?,,,,,,,,,,,,,,,,,,,,,,,,,,,
161,case_21,2024-04-10 22:15:45.853061,complete,ER Registration,positive,Y,HE,90.0,,,,false,false,true,false,true,false,false,true,false,false,false,true,false,false,false,false,true,true,false,true,false,false
162,case_21,2024-04-10 22:59:23.853061,complete,Admission NC,positive,F,,,,,,,,,,,,,,,,,,,,,,,,,,,
163,case_22,2024-04-10 16:12:46.853061,complete,Release B,positive,E,,,,,,,,,,,,,,,,,,,,,,,,,,,
164,case_22,2024-04-10 17:11:44.853061,complete,Admission NC,positive,K,,,,,,,,,,,,,,,,,,,,,,,,,,,
165,case_22,2024-04-10 18:29:36.853061,complete,Release B,positive,E,,,,,,,,,,,,,,,,,,,,,,,,,,,
166,case_22,2024-04-10 19:24:32.853061,complete,Admission NC,positive,K,,,,,,,,,,,,,,,,,,,,,,,,,,,
167,case_22,2024-04-10 20:14:06.853061,complete,Release B,positive,E,,,,,,,,,,,,,,,,,,,,,,,,,,,
168,case_22,2024-04-10 21:02:11.853061,complete,Release B,positive,E,,,,,,,,,,,,,,,,,,,,,,,,,,,
169,case_22,2024-04-10 21:42:26.853061,complete,Return ER,positive,L,,,,,,,,,,,,,,,,,,,,,,,,,,,
170,case_22,2024-04-10 22:45:21.853061,complete,CRP,positive,E,JA,20.0,191.0,,,,,,,,,,,,,,,,,,,,,,,,
171,case_23,2024-04-10 15:43:25.853061,complete,Admission NC,positive,J,,,,,,,,,,,,,,,,,,,,,,,,,,,
172,case_23,2024-04-10 16:56:24.853061,complete,Admission NC,positive,Y,,,,,,,,,,,,,,,,,,,,,,,,,,,
173,case_23,2024-04-10 18:04:27.853061,complete,Return ER,positive,?,,,,,,,,,,,,,,,,,,,,,,,,,,,
174,case_23,2024-04-10 18:55:08.853061,complete,ER Sepsis Triage,positive,Y,HE,89.0,,,,,,,,,,,,,,,,,,,,,,,,,
175,case_23,2024-04-10 20:23:55.853061,complete,Return ER,positive,?,,,,,,,,,,,,,,,,,,,,,,,,,,,
176,case_23,2024-04-10 21:26:52.853061,complete,Admission NC,positive,F,,,,,,,,,,,,,,,,,,,,,,,,,,,
177,case_23,2024-04-10 22:23:26.853061,complete,Release A,positive,X,,,,,,,,,,,,,,,,,,,,,,,,,,,
178,case_24,2024-04-10 16:29:22.853061,complete,LacticAcid,positive,Y,,,,,8.0,,,,,,,,,,,,,,,,,,,,,,
179,case_24,2024-04-10 17:02:55.853061,complete,Leucocytes,positive,Y,HE,89.0,,2247.0,,,,,,,,,,,,,,,,,,,,,,,
180,case_24,2024-04-10 17:41:30.853061,complete,Release B,positive,Y,,,,,,,,,,,,,,,,,,,,,,,,,,,
181,case_24,2024-04-10 18:34:05.853061,complete,Admission NC,positive,F,,,,,,,,,,,,,,,,,,,,,,,,,,,
182,case_24,2024-04-10 20:22:27.853061,complete,Return ER,positive,?,,,,,,,,,,,,,,,,,,,,,,,,,,,
183,case_24,2024-04-10 21:20:03.853061,complete,Admission IC,positive,I,,,,,,,,,,,,,,,,,,,,,,,,,,,
184,case_24,2024-04-10 21:42:29.853061,complete,Admission NC,positive,J,,,,,,,,,,,,,,,,,,,,,,,,,,,
185,case_25,2024-04-10 16:20:07.853061,complete,CRP,positive,E,ED,21.0,3819.0,,,,,,,,,,,,,,,,,,,,,,,,
186,case_25,2024-04-10 16:57:36.853061,complete,Release B,positive,E,,,,,,,,,,,,,,,,,,,,,,,,,,,
187,case_25,2024-04-10 17:44:35.853061,complete,LacticAcid,positive,C,,,,,105.0,,,,,,,,,,,,,,,,,,,,,,
188,case_25,2024-04-10 19:02:04.853061,complete,Admission NC,positive,F,,,,,,,,,,,,,,,,,,,,,,,,,,,
189,case_25,2024-04-10 19:37:33.853061,complete,IV Antibiotics,positive,L,,,,,,,,,,,,,,,,,,,,,,,,,,,
190,case_25,2024-04-10 20:57:38.853061,complete,ER Triage,positive,I,HE,20.0,,,,,,,,,,,,,,,,,,,,,,,,,
191,case_25,2024-04-10 22:11:34.853061,complete,Admission NC,positive,J,,,,,,,,,,,,,,,,,,,,,,,,,,,
192,case_26,2024-04-10 16:09:35.853061,complete,ER Registration,positive,Y,HE,90.0,,,,false,false,true,false,true,false,false,true,false,false,true,true,false,false,false,false,true,true,false,true,false,false
193,case_26,2024-04-10 16:47:21.853061,complete,Release B,positive,E,,,,,,,,,,,,,,,,,,,,,,,,,,,
194,case_26,2024-04-10 18:20:21.853061,complete,Admission NC,positive,F,,,,,,,,,,,,,,,,,,,,,,,,,,,
195,case_26,2024-04-10 19:03:23.853061,complete,IV Antibiotics,positive,L,,,,,,,,,,,,,,,,,,,,,,,,,,,
196,case_26,2024-04-10 19:41:32.853061,complete,Release B,positive,E,,,,,,,,,,,,,,,,,,,,,,,,,,,
197,case_26,2024-04-10 21:00:25.853061,complete,Admission NC,positive,K,,,,,,,,,,,,,,,,,,,,,,,,,,,
198,case_26,2024-04-10 21:40:12.853061,complete,Release B,positive,E,,,,,,,,,,,,,,,,,,,,,,,,,,,
199,case_26,2024-04-10 23:17:55.853061,complete,Admission NC,positive,J,,,,,,,,,,,,,,,,,,,,,,,,,,,
200,case_26,2024-04-10 23:58:21.853061,complete,Leucocytes,positive,Y,HE,90.0,,137.0,,,,,,,,,,,,,,,,,,,,,,,
201,case_27,2024-04-10 16:17:55.853061,complete,ER Registration,positive,Y,HE,90.0,,,,false,false,true,false,true,false,false,true,false,false,true,true,false,false,false,false,true,true,false,true,false,false
202,case_27,2024-04-10 17:07:33.853061,complete,Release B,positive,E,,,,,,,,,,,,,,,,,,,,,,,,,,,
203,case_27,2024-04-10 17:52:21.853061,complete,Admission NC,positive,F,,,,,,,,,,,,,,,,,,,,,,,,,,,
204,case_27,2024-04-10 19:10:16.853061,complete,IV Antibiotics,positive,L,,,,,,,,,,,,,,,,,,,,,,,,,,,
205,case_27,2024-04-10 19:56:49.853061,complete,Release B,positive,E,,,,,,,,,,,,,,,,,,,,,,,,,,,
206,case_27,2024-04-10 21:15:25.853061,complete,Admission NC,positive,K,,,,,,,,,,,,,,,,,,,,,,,,,,,
207,case_27,2024-04-10 21:44:47.853061,complete,Release B,positive,E,,,,,,,,,,,,,,,,,,,,,,,,,,,
208,case_27,2024-04-10 23:11:57.853061,complete,Admission NC,positive,J,,,,,,,,,,,,,,,,,,,,,,,,,,,
209,case_27,2024-04-10 23:33:15.853061,complete,LacticAcid,positive,U,,,,,149.0,,,,,,,,,,,,,,,,,,,,,,
210,case_28,2024-04-10 16:00:28.853061,complete,Admission NC,positive,J,,,,,,,,,,,,,,,,,,,,,,,,,,,
211,case_28,2024-04-10 16:41:04.853061,complete,Release B,positive,E,,,,,,,,,,,,,,,,,,,,,,,,,,,
212,case_28,2024-04-10 17:36:57.853061,complete,Admission NC,positive,K,,,,,,,,,,,,,,,,,,,,,,,,,,,
213,case_28,2024-04-10 18:57:41.853061,complete,Release B,positive,E,,,,,,,,,,,,,,,,,,,,,,,,,,,
214,case_28,2024-04-10 19:44:57.853061,complete,Release B,positive,E,,,,,,,,,,,,,,,,,,,,,,,,,,,
215,case_28,2024-04-10 20:35:21.853061,complete,Admission NC,positive,K,,,,,,,,,,,,,,,,,,,,,,,,,,,
216,case_28,2024-04-10 22:13:30.853061,complete,Release B,positive,E,,,,,,,,,,,,,,,,,,,,,,,,,,,
217,case_28,2024-04-10 23:17:19.853061,complete,ER Triage,positive,C,HE,90.0,,,,,,,,,,,,,,,,,,,,,,,,,
218,case_28,2024-04-10 23:58:16.853061,complete,Leucocytes,positive,Y,HA,77.0,,137.0,,,,,,,,,,,,,,,,,,,,,,,
219,case_29,2024-04-10 16:01:42.853061,complete,ER Registration,positive,Y,HE,90.0,,,,false,false,true,false,true,false,false,true,false,false,true,true,false,false,false,false,true,true,false,true,false,false
220,case_29,2024-04-10 17:25:31.853061,complete,IV Antibiotics,positive,L,,,,,,,,,,,,,,,,,,,,,,,,,,,
221,case_29,2024-04-10 17:52:44.853061,complete,Admission NC,positive,F,,,,,,,,,,,,,,,,,,,,,,,,,,,
222,case_29,2024-04-10 19:14:57.853061,complete,IV Antibiotics,positive,L,,,,,,,,,,,,,,,,,,,,,,,,,,,
223,case_29,2024-04-10 20:08:44.853061,complete,Release B,positive,E,,,,,,,,,,,,,,,,,,,,,,,,,,,
224,case_29,2024-04-10 21:17:13.853061,complete,Admission NC,positive,K,,,,,,,,,,,,,,,,,,,,,,,,,,,
225,case_29,2024-04-10 21:45:08.853061,complete,Release B,positive,E,,,,,,,,,,,,,,,,,,,,,,,,,,,
226,case_29,2024-04-10 22:51:56.853061,complete,Return ER,positive,?,,,,,,,,,,,,,,,,,,,,,,,,,,,
227,case_29,2024-04-10 23:46:37.853061,complete,Release A,positive,E,,,,,,,,,,,,,,,,,,,,,,,,,,,
