,case:concept:name,time:timestamp,lifecycle:transition,concept:name,case:label,org:group,Diagnose,Age,CRP,Leucocytes,LacticAcid
0,case_0,2024-04-10 16:06:52.081089,complete,CRP,positive,I,YA,22.0,2373.0,,
1,case_0,2024-04-10 17:25:26.081089,complete,CRP,positive,K,YC,23.0,2662.0,,
2,case_0,2024-04-10 17:46:58.081089,complete,CRP,positive,K,YC,20.0,51.0,,
3,case_0,2024-04-10 18:57:13.081089,complete,CRP,positive,?,YB,20.0,5435.0,,
4,case_0,2024-04-10 20:27:27.081089,complete,Admission NC,positive,F,,,,,
5,case_0,2024-04-10 20:37:21.081089,complete,Admission NC,positive,J,,,,,
6,case_0,2024-04-10 22:30:18.081089,complete,CRP,positive,I,YB,20.0,2812.0,,
7,case_1,2024-04-10 15:55:34.081089,complete,Leucocytes,positive,K,YC,21.0,,3611.0,
8,case_1,2024-04-10 16:47:18.081089,complete,CRP,positive,K,YA,21.0,1145.0,,
9,case_1,2024-04-10 18:21:13.081089,complete,Admission NC,positive,F,,,,,
10,case_1,2024-04-10 19:04:23.081089,complete,CRP,positive,K,YB,22.0,2925.0,,
11,case_1,2024-04-10 19:57:59.081089,complete,Admission NC,positive,F,,,,,
12,case_1,2024-04-10 21:35:28.081089,complete,CRP,positive,K,YB,20.0,1850.0,,
13,case_1,2024-04-10 22:07:12.081089,complete,Leucocytes,positive,?,YA,20.0,,157.0,
14,case_2,2024-04-10 16:06:51.081089,complete,CRP,positive,K,B,24.0,2213.0,,
15,case_2,2024-04-10 17:12:05.081089,complete,CRP,positive,I,YC,20.0,2662.0,,
16,case_2,2024-04-10 18:02:45.081089,complete,Leucocytes,positive,A,YA,22.0,,139.0,
17,case_2,2024-04-10 19:10:24.081089,complete,CRP,positive,?,YA,22.0,5435.0,,
18,case_2,2024-04-10 20:12:57.081089,complete,CRP,positive,K,YD,21.0,3397.0,,
19,case_2,2024-04-10 20:46:11.081089,complete,Admission NC,positive,A,,,,,
20,case_2,2024-04-10 21:59:45.081089,complete,Admission NC,positive,?,,,,,
21,case_3,2024-04-10 16:08:55.081089,complete,LacticAcid,positive,K,,,,,2.0
22,case_3,2024-04-10 16:40:50.081089,complete,Leucocytes,positive,?,YB,20.0,,138.0,
23,case_3,2024-04-10 18:10:03.081089,complete,CRP,positive,K,YA,21.0,5230.0,,
24,case_3,2024-04-10 19:14:38.081089,complete,Admission NC,positive,F,,,,,
25,case_3,2024-04-10 20:21:32.081089,complete,CRP,positive,K,YA,21.0,2474.0,,
26,case_3,2024-04-10 20:44:09.081089,complete,Admission NC,positive,F,,,,,
27,case_3,2024-04-10 22:17:15.081089,complete,CRP,positive,K,QC,22.0,2364.0,,
28,case_4,2024-04-10 15:46:56.081089,complete,Leucocytes,positive,I,YA,21.0,,1494.0,
29,case_4,2024-04-10 16:46:23.081089,complete,CRP,positive,K,YA,20.0,2134.0,,
30,case_4,2024-04-10 18:28:36.081089,complete,CRP,positive,K,YD,22.0,581.0,,
31,case_4,2024-04-10 19:07:40.081089,complete,CRP,positive,I,YA,22.0,3592.0,,
32,case_4,2024-04-10 20:24:17.081089,complete,CRP,positive,K,YD,23.0,4689.0,,
33,case_4,2024-04-10 21:24:12.081089,complete,CRP,positive,I,YD,20.0,4091.0,,
34,case_4,2024-04-10 21:53:58.081089,complete,CRP,positive,A,YB,21.0,2159.0,,
35,case_4,2024-04-10 23:06:45.081089,complete,Admission NC,positive,J,,,,,
36,case_4,2024-04-10 23:49:50.081089,complete,Leucocytes,positive,A,YA,20.0,,228.0,
37,case_4,2024-04-11 00:57:52.081089,complete,Admission NC,positive,F,,,,,
38,case_5,2024-04-10 16:16:10.081089,complete,Leucocytes,positive,K,YA,20.0,,3276.0,
39,case_5,2024-04-10 17:09:04.081089,complete,LacticAcid,positive,K,,,,,2.0
40,case_5,2024-04-10 17:59:37.081089,complete,Leucocytes,positive,K,YA,22.0,,1358.0,
41,case_5,2024-04-10 19:12:02.081089,complete,Admission NC,positive,J,,,,,
42,case_5,2024-04-10 20:12:47.081089,complete,Admission NC,positive,F,,,,,
43,case_5,2024-04-10 21:21:05.081089,complete,CRP,positive,K,YA,23.0,1645.0,,
44,case_5,2024-04-10 21:56:49.081089,complete,CRP,positive,I,YA,24.0,2710.0,,
45,case_5,2024-04-10 23:28:20.081089,complete,Leucocytes,positive,K,YB,20.0,,138.0,
46,case_5,2024-04-10 23:38:05.081089,complete,LacticAcid,positive,K,,,,,2.0
47,case_5,2024-04-11 00:55:21.081089,complete,Leucocytes,positive,K,Z,20.0,,140.0,
48,case_6,2024-04-10 15:39:26.081089,complete,CRP,positive,K,YA,20.0,5026.0,,
49,case_6,2024-04-10 16:37:31.081089,complete,Leucocytes,positive,K,YA,22.0,,94.0,
50,case_6,2024-04-10 17:44:54.081089,complete,Leucocytes,positive,K,YA,21.0,,138.0,
51,case_6,2024-04-10 19:21:59.081089,complete,Leucocytes,positive,?,YB,20.0,,1213.0,
52,case_6,2024-04-10 20:16:56.081089,complete,CRP,positive,C,YA,23.0,53.0,,
53,case_6,2024-04-10 21:29:35.081089,complete,Admission NC,positive,A,,,,,
54,case_6,2024-04-10 21:54:58.081089,complete,Admission NC,positive,F,,,,,
55,case_6,2024-04-10 23:26:18.081089,complete,CRP,positive,K,YA,20.0,4160.0,,
56,case_6,2024-04-11 00:19:30.081089,complete,CRP,positive,K,YA,21.0,50.0,,
57,case_6,2024-04-11 01:12:33.081089,complete,CRP,positive,I,YC,20.0,51.0,,
58,case_7,2024-04-10 16:08:29.081089,complete,CRP,positive,K,YA,20.0,4964.0,,
59,case_7,2024-04-10 16:47:47.081089,complete,CRP,positive,K,YC,20.0,50.0,,
60,case_7,2024-04-10 18:07:32.081089,complete,Leucocytes,positive,A,YB,21.0,,2939.0,
61,case_7,2024-04-10 18:44:41.081089,complete,Admission NC,positive,F,,,,,
62,case_7,2024-04-10 20:01:14.081089,complete,Admission NC,positive,F,,,,,
63,case_7,2024-04-10 21:04:04.081089,complete,CRP,positive,?,YB,21.0,233.0,,
64,case_7,2024-04-10 22:17:03.081089,complete,CRP,positive,I,X,21.0,1926.0,,
65,case_7,2024-04-10 22:37:45.081089,complete,CRP,positive,I,YC,21.0,4111.0,,
66,case_7,2024-04-10 23:59:17.081089,complete,CRP,positive,I,YA,20.0,50.0,,
67,case_7,2024-04-11 00:58:03.081089,complete,CRP,positive,K,YC,20.0,3632.0,,
68,case_8,2024-04-10 16:05:16.081089,complete,Leucocytes,positive,K,YA,22.0,,2332.0,
69,case_8,2024-04-10 16:52:36.081089,complete,Leucocytes,positive,A,YA,22.0,,1225.0,
70,case_8,2024-04-10 18:20:04.081089,complete,Leucocytes,positive,K,YB,24.0,,138.0,
71,case_8,2024-04-10 18:51:29.081089,complete,Admission NC,positive,J,,,,,
72,case_8,2024-04-10 19:47:59.081089,complete,Admission NC,positive,F,,,,,
73,case_8,2024-04-10 20:48:24.081089,complete,CRP,positive,K,YC,20.0,1139.0,,
74,case_9,2024-04-10 15:59:11.081089,complete,Leucocytes,positive,I,YA,20.0,,3079.0,
75,case_9,2024-04-10 17:12:59.081089,complete,Admission NC,positive,F,,,,,
76,case_9,2024-04-10 18:36:13.081089,complete,CRP,positive,I,YA,21.0,3567.0,,
77,case_9,2024-04-10 18:41:04.081089,complete,Leucocytes,positive,A,YA,21.0,,138.0,
78,case_9,2024-04-10 20:30:34.081089,complete,Admission NC,positive,F,,,,,
79,case_9,2024-04-10 21:00:27.081089,complete,Leucocytes,positive,K,YD,20.0,,635.0,
80,case_10,2024-04-10 15:37:15.081089,complete,Leucocytes,positive,I,YA,22.0,,1647.0,
81,case_10,2024-04-10 16:56:11.081089,complete,CRP,positive,A,YA,22.0,50.0,,
82,case_10,2024-04-10 18:34:03.081089,complete,Admission NC,positive,A,,,,,
83,case_10,2024-04-10 19:34:07.081089,complete,Admission NC,positive,F,,,,,
84,case_10,2024-04-10 19:51:19.081089,complete,Leucocytes,positive,I,QA,20.0,,2063.0,
85,case_10,2024-04-10 21:26:22.081089,complete,CRP,positive,A,YA,22.0,5453.0,,
86,case_11,2024-04-10 15:52:21.081089,complete,Leucocytes,positive,K,YA,22.0,,2108.0,
87,case_11,2024-04-10 16:53:58.081089,complete,Leucocytes,positive,?,YA,22.0,,138.0,
88,case_11,2024-04-10 18:29:17.081089,complete,Admission NC,positive,F,,,,,
89,case_11,2024-04-10 19:23:02.081089,complete,CRP,positive,K,YD,21.0,622.0,,
90,case_11,2024-04-10 19:36:26.081089,complete,CRP,positive,K,YB,21.0,50.0,,
91,case_11,2024-04-10 21:07:37.081089,complete,Admission NC,positive,F,,,,,
92,case_12,2024-04-10 15:44:15.081089,complete,Leucocytes,positive,I,YA,22.0,,2332.0,
93,case_12,2024-04-10 17:08:47.081089,complete,CRP,positive,A,YA,22.0,50.0,,
94,case_12,2024-04-10 18:06:20.081089,complete,Admission NC,positive,A,,,,,
95,case_12,2024-04-10 19:19:35.081089,complete,Admission NC,positive,F,,,,,
96,case_12,2024-04-10 20:03:22.081089,complete,Leucocytes,positive,I,QA,20.0,,2063.0,
97,case_12,2024-04-10 21:07:40.081089,complete,CRP,positive,A,YA,22.0,4721.0,,
98,case_13,2024-04-10 16:31:26.081089,complete,CRP,positive,I,YA,22.0,3477.0,,
99,case_13,2024-04-10 16:49:01.081089,complete,CRP,positive,K,YD,21.0,1397.0,,
100,case_13,2024-04-10 18:29:02.081089,complete,Admission NC,positive,F,,,,,
101,case_13,2024-04-10 18:47:37.081089,complete,CRP,positive,K,YB,21.0,4018.0,,
102,case_13,2024-04-10 20:05:23.081089,complete,Leucocytes,positive,K,YA,21.0,,138.0,
103,case_13,2024-04-10 20:51:42.081089,complete,Admission NC,positive,F,,,,,
104,case_14,2024-04-10 16:27:23.081089,complete,Leucocytes,positive,K,YB,20.0,,3079.0,
105,case_14,2024-04-10 17:22:09.081089,complete,CRP,positive,I,YC,20.0,99.0,,
106,case_14,2024-04-10 18:00:50.081089,complete,Leucocytes,positive,I,YA,23.0,,140.0,
107,case_14,2024-04-10 18:53:02.081089,complete,Leucocytes,positive,K,YA,21.0,,1493.0,
108,case_14,2024-04-10 19:53:12.081089,complete,Admission NC,positive,F,,,,,
109,case_14,2024-04-10 20:58:11.081089,complete,Admission NC,positive,A,,,,,
110,case_15,2024-04-10 16:06:38.081089,complete,CRP,positive,K,OC,20.0,50.0,,
111,case_15,2024-04-10 16:49:15.081089,complete,Admission NC,positive,J,,,,,
112,case_15,2024-04-10 17:42:50.081089,complete,Admission NC,positive,J,,,,,
113,case_15,2024-04-10 18:56:28.081089,complete,Leucocytes,positive,K,YC,20.0,,2015.0,
114,case_15,2024-04-10 20:28:52.081089,complete,Leucocytes,positive,K,YC,23.0,,3261.0,
115,case_15,2024-04-10 21:26:33.081089,complete,CRP,positive,K,JC,20.0,50.0,,
116,case_16,2024-04-10 16:08:46.081089,complete,Leucocytes,positive,K,YD,20.0,,2844.0,
117,case_16,2024-04-10 16:51:20.081089,complete,Leucocytes,positive,A,YA,23.0,,1058.0,
118,case_16,2024-04-10 18:02:08.081089,complete,Leucocytes,positive,I,YA,21.0,,138.0,
119,case_16,2024-04-10 18:50:17.081089,complete,CRP,positive,I,YA,20.0,50.0,,
120,case_16,2024-04-10 19:43:06.081089,complete,CRP,positive,I,YA,20.0,1397.0,,
121,case_16,2024-04-10 21:16:58.081089,complete,CRP,positive,K,YA,20.0,52.0,,
122,case_16,2024-04-10 22:25:29.081089,complete,Admission NC,positive,F,,,,,
123,case_16,2024-04-10 23:07:00.081089,complete,Admission NC,positive,F,,,,,
124,case_17,2024-04-10 16:00:53.081089,complete,Leucocytes,positive,A,YA,22.0,,2844.0,
125,case_17,2024-04-10 16:40:55.081089,complete,Leucocytes,positive,K,YD,21.0,,1058.0,
126,case_17,2024-04-10 17:51:43.081089,complete,Leucocytes,positive,K,YB,21.0,,138.0,
127,case_17,2024-04-10 19:26:42.081089,complete,CRP,positive,K,YA,21.0,50.0,,
128,case_17,2024-04-10 20:19:56.081089,complete,CRP,positive,K,YA,20.0,1397.0,,
129,case_17,2024-04-10 21:20:01.081089,complete,CRP,positive,K,YA,22.0,52.0,,
130,case_17,2024-04-10 21:53:28.081089,complete,Admission NC,positive,F,,,,,
131,case_17,2024-04-10 23:03:50.081089,complete,Admission NC,positive,J,,,,,
132,case_18,2024-04-10 16:06:14.081089,complete,Leucocytes,positive,I,YC,20.0,,446.0,
133,case_18,2024-04-10 17:19:18.081089,complete,CRP,positive,I,YA,23.0,2191.0,,
134,case_18,2024-04-10 17:42:30.081089,complete,Leucocytes,positive,K,YA,21.0,,138.0,
135,case_18,2024-04-10 19:15:40.081089,complete,Leucocytes,positive,K,YC,20.0,,138.0,
136,case_18,2024-04-10 19:52:59.081089,complete,Leucocytes,positive,K,YA,24.0,,2065.0,
137,case_18,2024-04-10 21:12:49.081089,complete,Leucocytes,positive,I,YD,22.0,,138.0,
138,case_18,2024-04-10 22:29:42.081089,complete,Admission NC,positive,J,,,,,
139,case_18,2024-04-10 23:16:13.081089,complete,Admission NC,positive,A,,,,,
140,case_19,2024-04-10 15:56:20.081089,complete,CRP,positive,K,YB,20.0,2973.0,,
141,case_19,2024-04-10 17:12:32.081089,complete,LacticAcid,positive,K,,,,,100.0
142,case_19,2024-04-10 18:35:22.081089,complete,Leucocytes,positive,K,YA,20.0,,138.0,
143,case_19,2024-04-10 19:13:27.081089,complete,Leucocytes,positive,A,YA,20.0,,1663.0,
144,case_19,2024-04-10 20:09:59.081089,complete,CRP,positive,A,YC,20.0,4491.0,,
145,case_19,2024-04-10 20:43:23.081089,complete,Leucocytes,positive,K,YC,22.0,,3054.0,
146,case_19,2024-04-10 21:54:30.081089,complete,Admission NC,positive,F,,,,,
147,case_19,2024-04-10 23:21:35.081089,complete,Leucocytes,positive,I,YA,20.0,,1225.0,
148,case_19,2024-04-11 00:36:12.081089,complete,Admission NC,positive,?,,,,,
149,case_20,2024-04-10 15:49:14.081089,complete,Leucocytes,positive,K,YA,82.0,,1234.0,
150,case_20,2024-04-10 17:20:58.081089,complete,CRP,positive,I,YB,20.0,50.0,,
151,case_20,2024-04-10 17:45:22.081089,complete,Leucocytes,positive,K,YA,20.0,,2535.0,
152,case_20,2024-04-10 19:26:11.081089,complete,Leucocytes,positive,A,YA,20.0,,138.0,
153,case_20,2024-04-10 19:45:08.081089,complete,Leucocytes,positive,A,YC,20.0,,138.0,
154,case_20,2024-04-10 21:10:08.081089,complete,Admission NC,positive,A,,,,,
155,case_20,2024-04-10 21:44:47.081089,complete,Admission NC,positive,F,,,,,
156,case_20,2024-04-10 22:54:04.081089,complete,Leucocytes,positive,A,YC,21.0,,1225.0,
157,case_20,2024-04-11 00:06:22.081089,complete,CRP,positive,K,JB,20.0,50.0,,
158,case_21,2024-04-10 16:00:11.081089,complete,Leucocytes,positive,K,YA,20.0,,404.0,
159,case_21,2024-04-10 17:04:59.081089,complete,Leucocytes,positive,K,QA,21.0,,138.0,
160,case_21,2024-04-10 18:04:20.081089,complete,CRP,positive,?,YC,20.0,50.0,,
161,case_21,2024-04-10 19:33:26.081089,complete,Leucocytes,positive,I,YB,21.0,,1861.0,
162,case_21,2024-04-10 20:30:59.081089,complete,LacticAcid,positive,L,,,,,2.0
163,case_21,2024-04-10 20:36:50.081089,complete,Leucocytes,positive,I,YA,21.0,,1265.0,
164,case_21,2024-04-10 21:36:35.081089,complete,Admission NC,positive,F,,,,,
165,case_21,2024-04-10 22:49:41.081089,complete,Leucocytes,positive,K,YD,22.0,,2198.0,
166,case_21,2024-04-11 00:34:30.081089,complete,Admission NC,positive,F,,,,,
167,case_22,2024-04-10 16:15:59.081089,complete,Leucocytes,positive,K,YA,20.0,,404.0,
168,case_22,2024-04-10 16:45:13.081089,complete,Leucocytes,positive,K,QA,21.0,,2914.0,
169,case_22,2024-04-10 17:43:50.081089,complete,CRP,positive,?,YC,20.0,50.0,,
170,case_22,2024-04-10 19:13:31.081089,complete,Leucocytes,positive,I,YB,21.0,,1861.0,
171,case_22,2024-04-10 20:01:07.081089,complete,LacticAcid,positive,L,,,,,2.0
172,case_22,2024-04-10 20:59:19.081089,complete,Leucocytes,positive,I,YA,21.0,,1265.0,
173,case_22,2024-04-10 22:24:40.081089,complete,Admission NC,positive,F,,,,,
174,case_22,2024-04-10 23:30:07.081089,complete,Leucocytes,positive,K,YD,22.0,,2198.0,
175,case_22,2024-04-11 00:31:52.081089,complete,Admission NC,positive,F,,,,,
176,case_23,2024-04-10 15:51:41.081089,complete,LacticAcid,positive,A,,,,,146.0
177,case_23,2024-04-10 16:51:20.081089,complete,Leucocytes,positive,I,YD,22.0,,138.0,
178,case_23,2024-04-10 17:44:58.081089,complete,Admission NC,positive,F,,,,,
179,case_23,2024-04-10 18:36:33.081089,complete,Leucocytes,positive,K,YB,21.0,,856.0,
180,case_23,2024-04-10 20:35:45.081089,complete,Leucocytes,positive,I,QA,21.0,,138.0,
181,case_23,2024-04-10 21:29:02.081089,complete,CRP,positive,K,YB,20.0,50.0,,
182,case_23,2024-04-10 22:29:16.081089,complete,Admission NC,positive,F,,,,,
183,case_23,2024-04-10 22:50:42.081089,complete,CRP,positive,?,YC,20.0,3240.0,,
184,case_23,2024-04-11 00:20:42.081089,complete,Leucocytes,positive,J,YA,20.0,,3450.0,
185,case_24,2024-04-10 15:54:48.081089,complete,Admission NC,positive,J,,,,,
186,case_24,2024-04-10 16:52:12.081089,complete,CRP,positive,K,YA,22.0,87.0,,
187,case_24,2024-04-10 17:58:24.081089,complete,Leucocytes,positive,K,YA,22.0,,2535.0,
188,case_24,2024-04-10 18:54:18.081089,complete,Leucocytes,positive,A,YA,20.0,,1663.0,
189,case_24,2024-04-10 19:52:35.081089,complete,Leucocytes,positive,A,YC,21.0,,138.0,
190,case_24,2024-04-10 20:58:17.081089,complete,Leucocytes,positive,K,YA,21.0,,3054.0,
191,case_24,2024-04-10 21:57:10.081089,complete,CRP,positive,I,YA,20.0,50.0,,
192,case_24,2024-04-10 22:40:48.081089,complete,Leucocytes,positive,K,YB,20.0,,3553.0,
193,case_24,2024-04-11 00:00:17.081089,complete,Admission NC,positive,A,,,,,
194,case_25,2024-04-10 15:38:43.081089,complete,Leucocytes,positive,K,YA,20.0,,3664.0,
195,case_25,2024-04-10 16:59:15.081089,complete,CRP,positive,A,YC,21.0,4282.0,,
196,case_25,2024-04-10 18:23:45.081089,complete,CRP,positive,K,YA,21.0,131.0,,
197,case_25,2024-04-10 19:10:09.081089,complete,Leucocytes,positive,I,YA,20.0,,217.0,
198,case_25,2024-04-10 20:33:10.081089,complete,Leucocytes,positive,K,YB,20.0,,2480.0,
199,case_25,2024-04-10 20:43:05.081089,complete,CRP,positive,K,YC,20.0,2012.0,,
200,case_25,2024-04-10 21:45:02.081089,complete,Leucocytes,positive,K,YA,22.0,,138.0,
201,case_25,2024-04-10 23:32:49.081089,complete,Admission NC,positive,F,,,,,
202,case_25,2024-04-10 23:53:30.081089,complete,Admission NC,positive,F,,,,,
203,case_26,2024-04-10 16:19:54.081089,complete,CRP,positive,K,YC,28.0,1452.0,,
204,case_26,2024-04-10 17:21:56.081089,complete,CRP,positive,K,YA,20.0,50.0,,
205,case_26,2024-04-10 18:04:05.081089,complete,Admission NC,positive,F,,,,,
206,case_26,2024-04-10 19:33:30.081089,complete,CRP,positive,K,YA,20.0,1419.0,,
207,case_26,2024-04-10 20:20:09.081089,complete,Admission NC,positive,J,,,,,
208,case_27,2024-04-10 15:57:22.081089,complete,CRP,positive,K,IE,20.0,5312.0,,
209,case_27,2024-04-10 17:22:41.081089,complete,Return ER,positive,?,,,,,
210,case_27,2024-04-10 17:58:42.081089,complete,CRP,positive,K,YA,20.0,3254.0,,
211,case_27,2024-04-10 18:57:51.081089,complete,Admission NC,positive,J,,,,,
212,case_27,2024-04-10 19:59:37.081089,complete,Admission NC,positive,F,,,,,
213,case_28,2024-04-10 16:28:51.081089,complete,CRP,positive,?,YC,21.0,4734.0,,
214,case_28,2024-04-10 16:48:11.081089,complete,Admission NC,positive,F,,,,,
215,case_28,2024-04-10 18:05:45.081089,complete,Admission NC,positive,A,,,,,
216,case_28,2024-04-10 19:01:21.081089,complete,CRP,positive,K,YB,20.0,4360.0,,
217,case_28,2024-04-10 20:23:48.081089,complete,Leucocytes,positive,I,YC,20.0,,1114.0,
218,case_29,2024-04-10 15:42:16.081089,complete,Admission NC,positive,F,,,,,
219,case_29,2024-04-10 17:20:58.081089,complete,LacticAcid,positive,I,,,,,5.0
220,case_29,2024-04-10 18:14:39.081089,complete,Leucocytes,positive,C,YC,20.0,,139.0,
221,case_29,2024-04-10 18:38:35.081089,complete,Admission NC,positive,J,,,,,
222,case_29,2024-04-10 19:37:11.081089,complete,CRP,positive,K,YA,22.0,2825.0,,
