,case:concept:name,time:timestamp,lifecycle:transition,concept:name,case:label,org:group,Diagnose,Age,Leucocytes,CRP,LacticAcid,InfectionSuspected,DiagnosticBlood,DisfuncOrg,SIRSCritTachypnea,Hypotensie,SIRSCritHeartRate,Infusion,DiagnosticArtAstrup,DiagnosticIC,DiagnosticSputum,DiagnosticLiquor,DiagnosticOther,SIRSCriteria2OrMore,DiagnosticXthorax,SIRSCritTemperature,DiagnosticUrinaryCulture,SIRSCritLeucos,Oligurie,DiagnosticLacticAcid,Hypoxie,DiagnosticUrinarySediment,DiagnosticECG
0,case_0,2024-04-10 16:23:36.647142,complete,IV Antibiotics,positive,L,,,,,,,,,,,,,,,,,,,,,,,,,,,
1,case_0,2024-04-10 17:27:20.647142,complete,ER Sepsis Triage,positive,L,YA,20.0,,,,,,,,,,,,,,,,,,,,,,,,,
2,case_0,2024-04-10 17:40:36.647142,complete,IV Antibiotics,positive,L,,,,,,,,,,,,,,,,,,,,,,,,,,,
3,case_0,2024-04-10 19:13:57.647142,complete,Leucocytes,positive,K,YB,20.0,138.0,,,,,,,,,,,,,,,,,,,,,,,,
4,case_0,2024-04-10 20:10:12.647142,complete,Admission NC,positive,F,,,,,,,,,,,,,,,,,,,,,,,,,,,
5,case_0,2024-04-10 20:51:14.647142,complete,IV Antibiotics,positive,L,,,,,,,,,,,,,,,,,,,,,,,,,,,
6,case_0,2024-04-10 21:48:27.647142,complete,Admission NC,positive,L,,,,,,,,,,,,,,,,,,,,,,,,,,,
7,case_1,2024-04-10 15:55:17.647142,complete,IV Antibiotics,positive,L,,,,,,,,,,,,,,,,,,,,,,,,,,,
8,case_1,2024-04-10 17:28:06.647142,complete,ER Sepsis Triage,positive,L,YB,21.0,,,,,,,,,,,,,,,,,,,,,,,,,
9,case_1,2024-04-10 18:29:47.647142,complete,IV Antibiotics,positive,L,,,,,,,,,,,,,,,,,,,,,,,,,,,
10,case_1,2024-04-10 19:09:18.647142,complete,IV Antibiotics,positive,L,,,,,,,,,,,,,,,,,,,,,,,,,,,
11,case_1,2024-04-10 20:18:52.647142,complete,Admission NC,positive,?,,,,,,,,,,,,,,,,,,,,,,,,,,,
12,case_1,2024-04-10 21:01:00.647142,complete,CRP,positive,L,YB,90.0,,5651.0,,,,,,,,,,,,,,,,,,,,,,,
13,case_1,2024-04-10 21:59:57.647142,complete,Admission NC,positive,F,,,,,,,,,,,,,,,,,,,,,,,,,,,
14,case_2,2024-04-10 16:33:56.647142,complete,Leucocytes,positive,E,YB,24.0,3611.0,,,,,,,,,,,,,,,,,,,,,,,,
15,case_2,2024-04-10 16:51:44.647142,complete,Admission NC,positive,L,,,,,,,,,,,,,,,,,,,,,,,,,,,
16,case_2,2024-04-10 17:45:16.647142,complete,CRP,positive,K,YA,20.0,,50.0,,,,,,,,,,,,,,,,,,,,,,,
17,case_2,2024-04-10 19:11:24.647142,complete,CRP,positive,A,YA,22.0,,1715.0,,,,,,,,,,,,,,,,,,,,,,,
18,case_2,2024-04-10 20:08:41.647142,complete,Admission NC,positive,F,,,,,,,,,,,,,,,,,,,,,,,,,,,
19,case_2,2024-04-10 21:37:35.647142,complete,Leucocytes,positive,L,QA,20.0,57.0,,,,,,,,,,,,,,,,,,,,,,,,
20,case_2,2024-04-10 22:16:21.647142,complete,CRP,positive,K,YB,20.0,,2812.0,,,,,,,,,,,,,,,,,,,,,,,
21,case_3,2024-04-10 16:05:20.647142,complete,CRP,positive,E,YB,24.0,,50.0,,,,,,,,,,,,,,,,,,,,,,,
22,case_3,2024-04-10 17:02:28.647142,complete,CRP,positive,L,YA,20.0,,50.0,,,,,,,,,,,,,,,,,,,,,,,
23,case_3,2024-04-10 18:17:36.647142,complete,Admission NC,positive,?,,,,,,,,,,,,,,,,,,,,,,,,,,,
24,case_3,2024-04-10 18:56:50.647142,complete,CRP,positive,K,YB,20.0,,51.0,,,,,,,,,,,,,,,,,,,,,,,
25,case_3,2024-04-10 20:15:01.647142,complete,Leucocytes,positive,L,YC,22.0,138.0,,,,,,,,,,,,,,,,,,,,,,,,
26,case_3,2024-04-10 20:51:32.647142,complete,CRP,positive,E,YA,21.0,,50.0,,,,,,,,,,,,,,,,,,,,,,,
27,case_3,2024-04-10 21:51:26.647142,complete,Admission NC,positive,F,,,,,,,,,,,,,,,,,,,,,,,,,,,
28,case_4,2024-04-10 15:48:23.647142,complete,CRP,positive,J,YB,24.0,,51.0,,,,,,,,,,,,,,,,,,,,,,,
29,case_4,2024-04-10 17:33:32.647142,complete,CRP,positive,J,YA,20.0,,1145.0,,,,,,,,,,,,,,,,,,,,,,,
30,case_4,2024-04-10 17:42:19.647142,complete,Admission NC,positive,A,,,,,,,,,,,,,,,,,,,,,,,,,,,
31,case_4,2024-04-10 19:37:03.647142,complete,CRP,positive,J,YB,20.0,,51.0,,,,,,,,,,,,,,,,,,,,,,,
32,case_4,2024-04-10 20:06:37.647142,complete,Admission NC,positive,D,,,,,,,,,,,,,,,,,,,,,,,,,,,
33,case_4,2024-04-10 20:48:23.647142,complete,CRP,positive,K,YC,20.0,,5651.0,,,,,,,,,,,,,,,,,,,,,,,
34,case_4,2024-04-10 22:11:47.647142,complete,CRP,positive,J,HE,20.0,,52.0,,,,,,,,,,,,,,,,,,,,,,,
35,case_5,2024-04-10 16:03:10.647142,complete,CRP,positive,J,YA,20.0,,51.0,,,,,,,,,,,,,,,,,,,,,,,
36,case_5,2024-04-10 17:32:53.647142,complete,Leucocytes,positive,L,YA,21.0,138.0,,,,,,,,,,,,,,,,,,,,,,,,
37,case_5,2024-04-10 18:28:34.647142,complete,Admission NC,positive,F,,,,,,,,,,,,,,,,,,,,,,,,,,,
38,case_5,2024-04-10 18:54:06.647142,complete,CRP,positive,K,YC,22.0,,50.0,,,,,,,,,,,,,,,,,,,,,,,
39,case_5,2024-04-10 20:18:55.647142,complete,Admission NC,positive,F,,,,,,,,,,,,,,,,,,,,,,,,,,,
40,case_5,2024-04-10 21:08:27.647142,complete,CRP,positive,J,YA,21.0,,53.0,,,,,,,,,,,,,,,,,,,,,,,
41,case_5,2024-04-10 21:50:20.647142,complete,Leucocytes,positive,K,HE,20.0,138.0,,,,,,,,,,,,,,,,,,,,,,,,
42,case_6,2024-04-10 15:42:52.647142,complete,Leucocytes,positive,E,YA,24.0,3611.0,,,,,,,,,,,,,,,,,,,,,,,,
43,case_6,2024-04-10 17:21:01.647142,complete,Leucocytes,positive,J,YA,90.0,1443.0,,,,,,,,,,,,,,,,,,,,,,,,
44,case_6,2024-04-10 18:33:40.647142,complete,Leucocytes,positive,A,YA,21.0,138.0,,,,,,,,,,,,,,,,,,,,,,,,
45,case_6,2024-04-10 18:46:44.647142,complete,CRP,positive,I,YA,22.0,,3671.0,,,,,,,,,,,,,,,,,,,,,,,
46,case_6,2024-04-10 20:13:28.647142,complete,Admission NC,positive,J,,,,,,,,,,,,,,,,,,,,,,,,,,,
47,case_6,2024-04-10 20:42:26.647142,complete,Admission NC,positive,F,,,,,,,,,,,,,,,,,,,,,,,,,,,
48,case_6,2024-04-10 22:12:59.647142,complete,CRP,positive,F,YC,20.0,,51.0,,,,,,,,,,,,,,,,,,,,,,,
49,case_7,2024-04-10 16:16:39.647142,complete,Leucocytes,positive,E,YD,20.0,3.0,,,,,,,,,,,,,,,,,,,,,,,,
50,case_7,2024-04-10 16:53:33.647142,complete,CRP,positive,L,YA,20.0,,1397.0,,,,,,,,,,,,,,,,,,,,,,,
51,case_7,2024-04-10 18:10:22.647142,complete,CRP,positive,I,YA,20.0,,4629.0,,,,,,,,,,,,,,,,,,,,,,,
52,case_7,2024-04-10 18:39:49.647142,complete,CRP,positive,L,YB,28.0,,50.0,,,,,,,,,,,,,,,,,,,,,,,
53,case_7,2024-04-10 19:41:33.647142,complete,Admission NC,positive,E,,,,,,,,,,,,,,,,,,,,,,,,,,,
54,case_7,2024-04-10 21:09:56.647142,complete,Admission NC,positive,F,,,,,,,,,,,,,,,,,,,,,,,,,,,
55,case_8,2024-04-10 16:26:53.647142,complete,Leucocytes,positive,I,YA,20.0,3079.0,,,,,,,,,,,,,,,,,,,,,,,,
56,case_8,2024-04-10 17:23:37.647142,complete,Leucocytes,positive,L,YA,20.0,674.0,,,,,,,,,,,,,,,,,,,,,,,,
57,case_8,2024-04-10 18:33:36.647142,complete,CRP,positive,K,YC,28.0,,3567.0,,,,,,,,,,,,,,,,,,,,,,,
58,case_8,2024-04-10 19:13:10.647142,complete,Admission NC,positive,F,,,,,,,,,,,,,,,,,,,,,,,,,,,
59,case_8,2024-04-10 20:11:04.647142,complete,CRP,positive,L,YD,21.0,,50.0,,,,,,,,,,,,,,,,,,,,,,,
60,case_8,2024-04-10 21:04:09.647142,complete,Admission NC,positive,F,,,,,,,,,,,,,,,,,,,,,,,,,,,
61,case_9,2024-04-10 16:08:18.647142,complete,CRP,positive,E,YA,21.0,,50.0,,,,,,,,,,,,,,,,,,,,,,,
62,case_9,2024-04-10 17:37:35.647142,complete,CRP,positive,L,YD,20.0,,1397.0,,,,,,,,,,,,,,,,,,,,,,,
63,case_9,2024-04-10 17:45:45.647142,complete,CRP,positive,L,YA,20.0,,4629.0,,,,,,,,,,,,,,,,,,,,,,,
64,case_9,2024-04-10 18:47:49.647142,complete,CRP,positive,K,YA,21.0,,50.0,,,,,,,,,,,,,,,,,,,,,,,
65,case_9,2024-04-10 20:07:17.647142,complete,Admission NC,positive,F,,,,,,,,,,,,,,,,,,,,,,,,,,,
66,case_9,2024-04-10 21:38:12.647142,complete,Admission NC,positive,F,,,,,,,,,,,,,,,,,,,,,,,,,,,
67,case_10,2024-04-10 16:07:30.647142,complete,Leucocytes,positive,K,YA,20.0,3079.0,,,,,,,,,,,,,,,,,,,,,,,,
68,case_10,2024-04-10 17:00:05.647142,complete,Admission NC,positive,F,,,,,,,,,,,,,,,,,,,,,,,,,,,
69,case_10,2024-04-10 18:03:36.647142,complete,CRP,positive,L,YB,88.0,,4629.0,,,,,,,,,,,,,,,,,,,,,,,
70,case_10,2024-04-10 18:56:59.647142,complete,Leucocytes,positive,C,YA,20.0,138.0,,,,,,,,,,,,,,,,,,,,,,,,
71,case_10,2024-04-10 19:51:48.647142,complete,CRP,positive,?,YA,23.0,,50.0,,,,,,,,,,,,,,,,,,,,,,,
72,case_10,2024-04-10 21:21:24.647142,complete,Admission NC,positive,E,,,,,,,,,,,,,,,,,,,,,,,,,,,
73,case_11,2024-04-10 15:45:12.647142,complete,CRP,positive,K,YA,89.0,,2657.0,,,,,,,,,,,,,,,,,,,,,,,
74,case_11,2024-04-10 17:14:04.647142,complete,Leucocytes,positive,J,YA,20.0,139.0,,,,,,,,,,,,,,,,,,,,,,,,
75,case_11,2024-04-10 18:16:52.647142,complete,Leucocytes,positive,K,YA,24.0,14.0,,,,,,,,,,,,,,,,,,,,,,,,
76,case_11,2024-04-10 19:26:54.647142,complete,CRP,positive,I,SB,21.0,,50.0,,,,,,,,,,,,,,,,,,,,,,,
77,case_11,2024-04-10 19:55:23.647142,complete,Admission NC,positive,F,,,,,,,,,,,,,,,,,,,,,,,,,,,
78,case_11,2024-04-10 20:51:14.647142,complete,Admission NC,positive,F,,,,,,,,,,,,,,,,,,,,,,,,,,,
79,case_12,2024-04-10 16:05:18.647142,complete,Leucocytes,positive,L,YA,44.0,636.0,,,,,,,,,,,,,,,,,,,,,,,,
80,case_12,2024-04-10 17:25:18.647142,complete,Admission NC,positive,L,,,,,,,,,,,,,,,,,,,,,,,,,,,
81,case_12,2024-04-10 18:31:00.647142,complete,CRP,positive,I,YA,37.0,,1862.0,,,,,,,,,,,,,,,,,,,,,,,
82,case_12,2024-04-10 19:07:41.647142,complete,Admission NC,positive,F,,,,,,,,,,,,,,,,,,,,,,,,,,,
83,case_12,2024-04-10 20:05:01.647142,complete,CRP,positive,E,YA,20.0,,4005.0,,,,,,,,,,,,,,,,,,,,,,,
84,case_13,2024-04-10 15:59:56.647142,complete,CRP,positive,L,YA,44.0,,1452.0,,,,,,,,,,,,,,,,,,,,,,,
85,case_13,2024-04-10 17:04:46.647142,complete,Admission NC,positive,L,,,,,,,,,,,,,,,,,,,,,,,,,,,
86,case_13,2024-04-10 18:06:02.647142,complete,CRP,positive,I,YA,37.0,,1862.0,,,,,,,,,,,,,,,,,,,,,,,
87,case_13,2024-04-10 19:21:32.647142,complete,Admission NC,positive,F,,,,,,,,,,,,,,,,,,,,,,,,,,,
88,case_13,2024-04-10 20:17:44.647142,complete,CRP,positive,E,YB,20.0,,4005.0,,,,,,,,,,,,,,,,,,,,,,,
89,case_14,2024-04-10 16:18:34.647142,complete,Leucocytes,positive,L,YB,44.0,3717.0,,,,,,,,,,,,,,,,,,,,,,,,
90,case_14,2024-04-10 17:00:40.647142,complete,CRP,positive,J,YA,20.0,,50.0,,,,,,,,,,,,,,,,,,,,,,,
91,case_14,2024-04-10 18:24:16.647142,complete,CRP,positive,J,YB,37.0,,50.0,,,,,,,,,,,,,,,,,,,,,,,
92,case_14,2024-04-10 19:17:12.647142,complete,Admission NC,positive,L,,,,,,,,,,,,,,,,,,,,,,,,,,,
93,case_14,2024-04-10 20:33:28.647142,complete,Admission NC,positive,L,,,,,,,,,,,,,,,,,,,,,,,,,,,
94,case_15,2024-04-10 15:52:03.647142,complete,CRP,positive,L,YA,21.0,,4734.0,,,,,,,,,,,,,,,,,,,,,,,
95,case_15,2024-04-10 16:55:27.647142,complete,Leucocytes,positive,L,YB,23.0,138.0,,,,,,,,,,,,,,,,,,,,,,,,
96,case_15,2024-04-10 18:38:27.647142,complete,CRP,positive,L,YA,20.0,,3254.0,,,,,,,,,,,,,,,,,,,,,,,
97,case_15,2024-04-10 19:11:21.647142,complete,Admission NC,positive,F,,,,,,,,,,,,,,,,,,,,,,,,,,,
98,case_15,2024-04-10 19:50:37.647142,complete,Admission NC,positive,E,,,,,,,,,,,,,,,,,,,,,,,,,,,
99,case_16,2024-04-10 15:50:18.648142,complete,Leucocytes,positive,L,YA,44.0,3717.0,,,,,,,,,,,,,,,,,,,,,,,,
100,case_16,2024-04-10 17:04:44.648142,complete,CRP,positive,L,YC,20.0,,50.0,,,,,,,,,,,,,,,,,,,,,,,
101,case_16,2024-04-10 18:22:56.648142,complete,Leucocytes,positive,J,YA,37.0,138.0,,,,,,,,,,,,,,,,,,,,,,,,
102,case_16,2024-04-10 19:27:53.648142,complete,Admission NC,positive,L,,,,,,,,,,,,,,,,,,,,,,,,,,,
103,case_16,2024-04-10 20:09:30.648142,complete,Admission NC,positive,L,,,,,,,,,,,,,,,,,,,,,,,,,,,
104,case_17,2024-04-10 16:23:13.648142,complete,CRP,positive,J,YA,22.0,,50.0,,,,,,,,,,,,,,,,,,,,,,,
105,case_17,2024-04-10 17:21:37.648142,complete,Leucocytes,positive,K,YC,23.0,3751.0,,,,,,,,,,,,,,,,,,,,,,,,
106,case_17,2024-04-10 18:06:23.648142,complete,CRP,positive,I,YA,20.0,,50.0,,,,,,,,,,,,,,,,,,,,,,,
107,case_17,2024-04-10 18:54:51.648142,complete,Leucocytes,positive,L,YA,20.0,138.0,,,,,,,,,,,,,,,,,,,,,,,,
108,case_17,2024-04-10 19:46:44.648142,complete,CRP,positive,J,YC,20.0,,51.0,,,,,,,,,,,,,,,,,,,,,,,
109,case_17,2024-04-10 21:04:45.648142,complete,LacticAcid,positive,I,,,,,4.0,,,,,,,,,,,,,,,,,,,,,,
110,case_17,2024-04-10 21:44:59.648142,complete,Leucocytes,positive,J,YB,20.0,197.0,,,,,,,,,,,,,,,,,,,,,,,,
111,case_17,2024-04-10 23:32:47.648142,complete,Admission NC,positive,J,,,,,,,,,,,,,,,,,,,,,,,,,,,
112,case_17,2024-04-11 00:23:22.648142,complete,Leucocytes,positive,L,HE,89.0,2389.0,,,,,,,,,,,,,,,,,,,,,,,,
113,case_17,2024-04-11 01:05:45.648142,complete,Admission NC,positive,F,,,,,,,,,,,,,,,,,,,,,,,,,,,
114,case_18,2024-04-10 16:32:36.648142,complete,CRP,positive,J,YA,22.0,,50.0,,,,,,,,,,,,,,,,,,,,,,,
115,case_18,2024-04-10 17:05:11.648142,complete,Leucocytes,positive,K,YD,21.0,3751.0,,,,,,,,,,,,,,,,,,,,,,,,
116,case_18,2024-04-10 17:39:20.648142,complete,CRP,positive,I,YA,20.0,,50.0,,,,,,,,,,,,,,,,,,,,,,,
117,case_18,2024-04-10 18:39:53.648142,complete,CRP,positive,A,YB,20.0,,50.0,,,,,,,,,,,,,,,,,,,,,,,
118,case_18,2024-04-10 20:12:35.648142,complete,Leucocytes,positive,L,YD,20.0,138.0,,,,,,,,,,,,,,,,,,,,,,,,
119,case_18,2024-04-10 21:33:23.648142,complete,CRP,positive,L,QA,24.0,,50.0,,,,,,,,,,,,,,,,,,,,,,,
120,case_18,2024-04-10 22:22:08.648142,complete,Admission NC,positive,L,,,,,,,,,,,,,,,,,,,,,,,,,,,
121,case_18,2024-04-10 22:48:37.648142,complete,Admission NC,positive,J,,,,,,,,,,,,,,,,,,,,,,,,,,,
122,case_18,2024-04-10 23:52:29.648142,complete,Leucocytes,positive,J,HE,20.0,2389.0,,,,,,,,,,,,,,,,,,,,,,,,
123,case_18,2024-04-11 00:52:27.648142,complete,ER Registration,positive,L,HE,26.0,,,,true,true,true,false,true,false,true,false,true,true,false,true,false,true,true,false,true,true,false,true,false,true
124,case_19,2024-04-10 15:58:44.648142,complete,LacticAcid,positive,K,,,,,2.0,,,,,,,,,,,,,,,,,,,,,,
125,case_19,2024-04-10 17:00:55.648142,complete,Leucocytes,positive,L,YC,20.0,139.0,,,,,,,,,,,,,,,,,,,,,,,,
126,case_19,2024-04-10 17:45:54.648142,complete,Return ER,positive,J,,,,,,,,,,,,,,,,,,,,,,,,,,,
127,case_19,2024-04-10 18:53:09.648142,complete,Admission NC,positive,J,,,,,,,,,,,,,,,,,,,,,,,,,,,
128,case_19,2024-04-10 20:31:35.648142,complete,Admission NC,positive,A,,,,,,,,,,,,,,,,,,,,,,,,,,,
129,case_19,2024-04-10 20:50:06.648142,complete,Admission NC,positive,J,,,,,,,,,,,,,,,,,,,,,,,,,,,
130,case_19,2024-04-10 21:48:23.648142,complete,CRP,positive,J,QA,21.0,,4054.0,,,,,,,,,,,,,,,,,,,,,,,
131,case_19,2024-04-10 23:18:16.648142,complete,CRP,positive,L,GB,20.0,,51.0,,,,,,,,,,,,,,,,,,,,,,,
132,case_19,2024-04-10 23:53:45.648142,complete,Leucocytes,positive,I,HD,20.0,1628.0,,,,,,,,,,,,,,,,,,,,,,,,
133,case_19,2024-04-11 01:33:37.648142,complete,CRP,positive,L,HD,20.0,,50.0,,,,,,,,,,,,,,,,,,,,,,,
134,case_20,2024-04-10 15:45:39.648142,complete,LacticAcid,positive,K,,,,,2.0,,,,,,,,,,,,,,,,,,,,,,
135,case_20,2024-04-10 16:59:36.648142,complete,Leucocytes,positive,L,YB,21.0,2060.0,,,,,,,,,,,,,,,,,,,,,,,,
136,case_20,2024-04-10 17:39:07.648142,complete,Release B,positive,E,,,,,,,,,,,,,,,,,,,,,,,,,,,
137,case_20,2024-04-10 19:24:00.648142,complete,Release B,positive,E,,,,,,,,,,,,,,,,,,,,,,,,,,,
138,case_20,2024-04-10 20:11:34.648142,complete,Release B,positive,E,,,,,,,,,,,,,,,,,,,,,,,,,,,
139,case_20,2024-04-10 21:03:43.648142,complete,Admission NC,positive,L,,,,,,,,,,,,,,,,,,,,,,,,,,,
140,case_20,2024-04-10 22:10:32.648142,complete,Admission NC,positive,F,,,,,,,,,,,,,,,,,,,,,,,,,,,
141,case_20,2024-04-10 23:39:01.648142,complete,Release B,positive,E,,,,,,,,,,,,,,,,,,,,,,,,,,,
142,case_21,2024-04-10 15:53:41.648142,complete,LacticAcid,positive,L,,,,,2.0,,,,,,,,,,,,,,,,,,,,,,
143,case_21,2024-04-10 17:26:40.648142,complete,Leucocytes,positive,L,YA,20.0,331.0,,,,,,,,,,,,,,,,,,,,,,,,
144,case_21,2024-04-10 18:30:10.648142,complete,Release B,positive,E,,,,,,,,,,,,,,,,,,,,,,,,,,,
145,case_21,2024-04-10 19:06:53.648142,complete,Release B,positive,E,,,,,,,,,,,,,,,,,,,,,,,,,,,
146,case_21,2024-04-10 20:35:19.648142,complete,CRP,positive,L,QA,21.0,,1040.0,,,,,,,,,,,,,,,,,,,,,,,
147,case_21,2024-04-10 20:46:47.648142,complete,Admission NC,positive,F,,,,,,,,,,,,,,,,,,,,,,,,,,,
148,case_21,2024-04-10 21:53:34.648142,complete,Admission NC,positive,J,,,,,,,,,,,,,,,,,,,,,,,,,,,
149,case_21,2024-04-10 22:43:51.648142,complete,Release B,positive,E,,,,,,,,,,,,,,,,,,,,,,,,,,,
150,case_22,2024-04-10 16:25:38.648142,complete,Admission NC,positive,J,,,,,,,,,,,,,,,,,,,,,,,,,,,
151,case_22,2024-04-10 17:18:29.648142,complete,Leucocytes,positive,J,YB,24.0,331.0,,,,,,,,,,,,,,,,,,,,,,,,
152,case_22,2024-04-10 18:16:42.648142,complete,Leucocytes,positive,K,YB,20.0,138.0,,,,,,,,,,,,,,,,,,,,,,,,
153,case_22,2024-04-10 19:23:07.648142,complete,Leucocytes,positive,L,YA,22.0,138.0,,,,,,,,,,,,,,,,,,,,,,,,
154,case_22,2024-04-10 20:25:45.648142,complete,CRP,positive,K,DA,20.0,,186.0,,,,,,,,,,,,,,,,,,,,,,,
155,case_22,2024-04-10 21:10:39.648142,complete,Admission NC,positive,J,,,,,,,,,,,,,,,,,,,,,,,,,,,
156,case_22,2024-04-10 22:11:47.648142,complete,LacticAcid,positive,L,,,,,2.0,,,,,,,,,,,,,,,,,,,,,,
157,case_22,2024-04-10 23:07:13.648142,complete,Leucocytes,positive,J,HE,34.0,138.0,,,,,,,,,,,,,,,,,,,,,,,,
158,case_23,2024-04-10 15:48:03.648142,complete,Leucocytes,positive,E,DC,54.0,2844.0,,,,,,,,,,,,,,,,,,,,,,,,
159,case_23,2024-04-10 16:41:05.648142,complete,LacticAcid,positive,J,,,,,11.0,,,,,,,,,,,,,,,,,,,,,,
160,case_23,2024-04-10 17:50:18.648142,complete,CRP,positive,I,YA,20.0,,50.0,,,,,,,,,,,,,,,,,,,,,,,
161,case_23,2024-04-10 18:42:46.648142,complete,Leucocytes,positive,I,VD,20.0,138.0,,,,,,,,,,,,,,,,,,,,,,,,
162,case_23,2024-04-10 20:17:06.648142,complete,Leucocytes,positive,I,ME,20.0,2.0,,,,,,,,,,,,,,,,,,,,,,,,
163,case_23,2024-04-10 21:09:47.648142,complete,Leucocytes,positive,I,YB,90.0,138.0,,,,,,,,,,,,,,,,,,,,,,,,
164,case_23,2024-04-10 22:10:00.648142,complete,Admission NC,positive,F,,,,,,,,,,,,,,,,,,,,,,,,,,,
165,case_23,2024-04-10 22:40:54.648142,complete,Admission NC,positive,L,,,,,,,,,,,,,,,,,,,,,,,,,,,
166,case_24,2024-04-10 15:39:55.648142,complete,Leucocytes,positive,L,QA,22.0,2844.0,,,,,,,,,,,,,,,,,,,,,,,,
167,case_24,2024-04-10 17:00:36.648142,complete,CRP,positive,J,LB,20.0,,50.0,,,,,,,,,,,,,,,,,,,,,,,
168,case_24,2024-04-10 17:42:47.648142,complete,LacticAcid,positive,I,,,,,6.0,,,,,,,,,,,,,,,,,,,,,,
169,case_24,2024-04-10 18:44:50.648142,complete,Leucocytes,positive,I,VD,20.0,139.0,,,,,,,,,,,,,,,,,,,,,,,,
170,case_24,2024-04-10 20:01:29.648142,complete,Admission NC,positive,J,,,,,,,,,,,,,,,,,,,,,,,,,,,
171,case_24,2024-04-10 21:08:54.648142,complete,Leucocytes,positive,J,YA,20.0,3813.0,,,,,,,,,,,,,,,,,,,,,,,,
172,case_24,2024-04-10 22:00:02.648142,complete,Leucocytes,positive,I,HE,20.0,2.0,,,,,,,,,,,,,,,,,,,,,,,,
173,case_24,2024-04-10 23:05:24.648142,complete,Admission NC,positive,L,,,,,,,,,,,,,,,,,,,,,,,,,,,
174,case_25,2024-04-10 15:39:40.648142,complete,LacticAcid,positive,J,,,,,2.0,,,,,,,,,,,,,,,,,,,,,,
175,case_25,2024-04-10 17:15:58.648142,complete,Leucocytes,positive,L,YA,20.0,863.0,,,,,,,,,,,,,,,,,,,,,,,,
176,case_25,2024-04-10 18:20:15.648142,complete,LacticAcid,positive,L,,,,,2.0,,,,,,,,,,,,,,,,,,,,,,
177,case_25,2024-04-10 19:01:25.648142,complete,Leucocytes,positive,J,YA,88.0,138.0,,,,,,,,,,,,,,,,,,,,,,,,
178,case_25,2024-04-10 20:20:19.648142,complete,Admission NC,positive,J,,,,,,,,,,,,,,,,,,,,,,,,,,,
179,case_25,2024-04-10 21:34:23.648142,complete,Admission NC,positive,J,,,,,,,,,,,,,,,,,,,,,,,,,,,
180,case_25,2024-04-10 22:19:40.648142,complete,IV Antibiotics,positive,L,,,,,,,,,,,,,,,,,,,,,,,,,,,
181,case_25,2024-04-10 22:41:02.648142,complete,IV Antibiotics,positive,L,,,,,,,,,,,,,,,,,,,,,,,,,,,
182,case_25,2024-04-10 23:56:07.648142,complete,IV Antibiotics,positive,L,,,,,,,,,,,,,,,,,,,,,,,,,,,
183,case_26,2024-04-10 16:09:01.648142,complete,LacticAcid,positive,K,,,,,2.0,,,,,,,,,,,,,,,,,,,,,,
184,case_26,2024-04-10 16:53:25.648142,complete,Leucocytes,positive,J,YA,20.0,138.0,,,,,,,,,,,,,,,,,,,,,,,,
185,case_26,2024-04-10 17:59:13.648142,complete,CRP,positive,I,YA,79.0,,51.0,,,,,,,,,,,,,,,,,,,,,,,
186,case_26,2024-04-10 18:47:05.648142,complete,IV Antibiotics,positive,L,,,,,,,,,,,,,,,,,,,,,,,,,,,
187,case_26,2024-04-10 20:29:34.648142,complete,Admission NC,positive,F,,,,,,,,,,,,,,,,,,,,,,,,,,,
188,case_26,2024-04-10 20:55:26.648142,complete,CRP,positive,I,HE,20.0,,51.0,,,,,,,,,,,,,,,,,,,,,,,
189,case_26,2024-04-10 22:38:54.648142,complete,IV Antibiotics,positive,L,,,,,,,,,,,,,,,,,,,,,,,,,,,
190,case_26,2024-04-10 23:21:33.648142,complete,Admission NC,positive,F,,,,,,,,,,,,,,,,,,,,,,,,,,,
191,case_26,2024-04-10 23:57:07.648142,complete,IV Antibiotics,positive,L,,,,,,,,,,,,,,,,,,,,,,,,,,,
192,case_27,2024-04-10 16:25:16.648142,complete,CRP,positive,?,YA,20.0,,51.0,,,,,,,,,,,,,,,,,,,,,,,
193,case_27,2024-04-10 16:55:20.648142,complete,CRP,positive,J,YA,20.0,,5191.0,,,,,,,,,,,,,,,,,,,,,,,
194,case_27,2024-04-10 18:21:43.648142,complete,Leucocytes,positive,I,YB,22.0,139.0,,,,,,,,,,,,,,,,,,,,,,,,
195,case_27,2024-04-10 19:08:46.648142,complete,Leucocytes,positive,I,UB,20.0,138.0,,,,,,,,,,,,,,,,,,,,,,,,
196,case_27,2024-04-10 20:06:24.648142,complete,CRP,positive,L,YA,20.0,,3128.0,,,,,,,,,,,,,,,,,,,,,,,
197,case_27,2024-04-10 21:28:10.648142,complete,CRP,positive,L,YA,20.0,,50.0,,,,,,,,,,,,,,,,,,,,,,,
198,case_27,2024-04-10 21:43:52.648142,complete,Admission NC,positive,F,,,,,,,,,,,,,,,,,,,,,,,,,,,
199,case_27,2024-04-10 22:42:02.648142,complete,IV Antibiotics,positive,L,,,,,,,,,,,,,,,,,,,,,,,,,,,
200,case_27,2024-04-10 23:39:12.648142,complete,Admission NC,positive,F,,,,,,,,,,,,,,,,,,,,,,,,,,,
201,case_28,2024-04-10 16:11:36.648142,complete,CRP,positive,E,YA,21.0,,4215.0,,,,,,,,,,,,,,,,,,,,,,,
202,case_28,2024-04-10 17:03:32.648142,complete,CRP,positive,J,YC,21.0,,5191.0,,,,,,,,,,,,,,,,,,,,,,,
203,case_28,2024-04-10 17:51:34.648142,complete,Leucocytes,positive,I,YA,20.0,138.0,,,,,,,,,,,,,,,,,,,,,,,,
204,case_28,2024-04-10 19:07:38.648142,complete,Admission NC,positive,F,,,,,,,,,,,,,,,,,,,,,,,,,,,
205,case_28,2024-04-10 19:50:19.648142,complete,CRP,positive,I,QA,21.0,,53.0,,,,,,,,,,,,,,,,,,,,,,,
206,case_28,2024-04-10 21:16:20.648142,complete,ER Registration,positive,F,YA,23.0,,,,true,true,false,true,true,true,true,false,true,true,false,false,true,false,true,true,false,true,true,false,true,false
207,case_28,2024-04-10 22:15:51.648142,complete,CRP,positive,I,YB,90.0,,51.0,,,,,,,,,,,,,,,,,,,,,,,
208,case_28,2024-04-10 22:46:32.648142,complete,Admission NC,positive,F,,,,,,,,,,,,,,,,,,,,,,,,,,,
209,case_28,2024-04-11 00:15:09.648142,complete,ER Registration,positive,J,YB,21.0,,,,true,true,false,true,true,false,false,false,true,true,false,false,true,true,true,true,false,false,false,false,true,true
210,case_29,2024-04-10 16:10:46.648142,complete,CRP,positive,K,YA,20.0,,51.0,,,,,,,,,,,,,,,,,,,,,,,
211,case_29,2024-04-10 17:30:29.648142,complete,CRP,positive,J,YA,21.0,,5191.0,,,,,,,,,,,,,,,,,,,,,,,
212,case_29,2024-04-10 18:07:48.648142,complete,Leucocytes,positive,I,YC,22.0,138.0,,,,,,,,,,,,,,,,,,,,,,,,
213,case_29,2024-04-10 19:32:42.648142,complete,Leucocytes,positive,I,YA,20.0,138.0,,,,,,,,,,,,,,,,,,,,,,,,
214,case_29,2024-04-10 20:15:00.648142,complete,Leucocytes,positive,L,HE,20.0,138.0,,,,,,,,,,,,,,,,,,,,,,,,
215,case_29,2024-04-10 21:35:36.648142,complete,CRP,positive,L,YA,20.0,,50.0,,,,,,,,,,,,,,,,,,,,,,,
216,case_29,2024-04-10 22:13:30.648142,complete,CRP,positive,I,HE,20.0,,53.0,,,,,,,,,,,,,,,,,,,,,,,
217,case_29,2024-04-10 23:38:01.648142,complete,Admission NC,positive,F,,,,,,,,,,,,,,,,,,,,,,,,,,,
218,case_29,2024-04-10 23:48:24.648142,complete,Admission NC,positive,F,,,,,,,,,,,,,,,,,,,,,,,,,,,
