,case:concept:name,time:timestamp,lifecycle:transition,concept:name,case:label,org:group,Diagnose,Age,Leucocytes,CRP,InfectionSuspected,DiagnosticBlood,DisfuncOrg,SIRSCritTachypnea,Hypotensie,SIRSCritHeartRate,Infusion,DiagnosticArtAstrup,DiagnosticIC,DiagnosticSputum,DiagnosticLiquor,DiagnosticOther,SIRSCriteria2OrMore,DiagnosticXthorax,SIRSCritTemperature,DiagnosticUrinaryCulture,SIRSCritLeucos,Oligurie,DiagnosticLacticAcid,Hypoxie,DiagnosticUrinarySediment,DiagnosticECG,LacticAcid
0,case_0,2024-04-10 15:37:59.427724,complete,ER Triage,positive,C,YB,86.0,,,,,,,,,,,,,,,,,,,,,,,,,
1,case_0,2024-04-10 17:27:02.427724,complete,Leucocytes,positive,K,YC,20.0,661.0,,,,,,,,,,,,,,,,,,,,,,,,
2,case_0,2024-04-10 17:52:57.427724,complete,Leucocytes,positive,I,YB,21.0,138.0,,,,,,,,,,,,,,,,,,,,,,,,
3,case_0,2024-04-10 18:52:11.427724,complete,CRP,positive,L,YC,20.0,,5700.0,,,,,,,,,,,,,,,,,,,,,,,
4,case_0,2024-04-10 19:59:20.427724,complete,Admission NC,positive,?,,,,,,,,,,,,,,,,,,,,,,,,,,,
5,case_0,2024-04-10 21:19:30.427724,complete,Admission NC,positive,J,,,,,,,,,,,,,,,,,,,,,,,,,,,
6,case_1,2024-04-10 15:46:47.427724,complete,ER Triage,positive,C,RC,22.0,,,,,,,,,,,,,,,,,,,,,,,,,
7,case_1,2024-04-10 17:18:08.427724,complete,Leucocytes,positive,K,YB,22.0,139.0,,,,,,,,,,,,,,,,,,,,,,,,
8,case_1,2024-04-10 17:56:40.427724,complete,Leucocytes,positive,K,YA,20.0,3800.0,,,,,,,,,,,,,,,,,,,,,,,,
9,case_1,2024-04-10 18:53:31.427724,complete,CRP,positive,K,YA,23.0,,50.0,,,,,,,,,,,,,,,,,,,,,,,
10,case_1,2024-04-10 20:17:22.427724,complete,Admission NC,positive,B,,,,,,,,,,,,,,,,,,,,,,,,,,,
11,case_1,2024-04-10 20:51:36.427724,complete,Admission NC,positive,J,,,,,,,,,,,,,,,,,,,,,,,,,,,
12,case_2,2024-04-10 15:35:55.427724,complete,ER Triage,positive,C,RC,22.0,,,,,,,,,,,,,,,,,,,,,,,,,
13,case_2,2024-04-10 17:01:04.427724,complete,Admission NC,positive,J,,,,,,,,,,,,,,,,,,,,,,,,,,,
14,case_2,2024-04-10 17:34:16.427724,complete,CRP,positive,I,YC,20.0,,3488.0,,,,,,,,,,,,,,,,,,,,,,,
15,case_2,2024-04-10 18:55:10.427724,complete,Leucocytes,positive,K,YA,20.0,138.0,,,,,,,,,,,,,,,,,,,,,,,,
16,case_2,2024-04-10 20:02:50.427724,complete,Admission NC,positive,A,,,,,,,,,,,,,,,,,,,,,,,,,,,
17,case_2,2024-04-10 21:21:24.427724,complete,Leucocytes,positive,?,QB,22.0,593.0,,,,,,,,,,,,,,,,,,,,,,,,
18,case_3,2024-04-10 16:03:57.427724,complete,ER Triage,positive,C,RC,22.0,,,,,,,,,,,,,,,,,,,,,,,,,
19,case_3,2024-04-10 17:01:19.427724,complete,Admission NC,positive,F,,,,,,,,,,,,,,,,,,,,,,,,,,,
20,case_3,2024-04-10 17:57:06.427724,complete,CRP,positive,K,YB,22.0,,3488.0,,,,,,,,,,,,,,,,,,,,,,,
21,case_3,2024-04-10 19:03:00.427724,complete,Leucocytes,positive,K,YA,20.0,138.0,,,,,,,,,,,,,,,,,,,,,,,,
22,case_3,2024-04-10 20:04:35.427724,complete,CRP,positive,K,YA,23.0,,50.0,,,,,,,,,,,,,,,,,,,,,,,
23,case_3,2024-04-10 20:34:05.427724,complete,Admission NC,positive,J,,,,,,,,,,,,,,,,,,,,,,,,,,,
24,case_4,2024-04-10 15:45:46.427724,complete,ER Triage,positive,C,YA,21.0,,,,,,,,,,,,,,,,,,,,,,,,,
25,case_4,2024-04-10 17:24:25.427724,complete,Admission IC,positive,K,,,,,,,,,,,,,,,,,,,,,,,,,,,
26,case_4,2024-04-10 18:29:19.427724,complete,Leucocytes,positive,K,YB,20.0,2081.0,,,,,,,,,,,,,,,,,,,,,,,,
27,case_4,2024-04-10 18:46:21.427724,complete,ER Registration,positive,J,YB,22.0,,,false,true,false,false,true,true,true,true,true,true,false,false,true,true,false,true,true,false,false,true,true,false,
28,case_4,2024-04-10 19:40:22.427724,complete,Admission NC,positive,J,,,,,,,,,,,,,,,,,,,,,,,,,,,
29,case_4,2024-04-10 20:54:30.427724,complete,Admission NC,positive,F,,,,,,,,,,,,,,,,,,,,,,,,,,,
30,case_5,2024-04-10 16:00:00.427724,complete,ER Triage,positive,L,YC,20.0,,,,,,,,,,,,,,,,,,,,,,,,,
31,case_5,2024-04-10 17:17:07.427724,complete,Leucocytes,positive,I,YC,20.0,661.0,,,,,,,,,,,,,,,,,,,,,,,,
32,case_5,2024-04-10 18:10:38.427724,complete,CRP,positive,K,YA,20.0,,3488.0,,,,,,,,,,,,,,,,,,,,,,,
33,case_5,2024-04-10 19:26:26.427724,complete,Leucocytes,positive,K,YD,25.0,138.0,,,,,,,,,,,,,,,,,,,,,,,,
34,case_5,2024-04-10 20:11:11.427724,complete,Admission NC,positive,J,,,,,,,,,,,,,,,,,,,,,,,,,,,
35,case_5,2024-04-10 21:25:52.427724,complete,Admission NC,positive,J,,,,,,,,,,,,,,,,,,,,,,,,,,,
36,case_6,2024-04-10 15:31:15.427724,complete,ER Triage,positive,?,YC,21.0,,,,,,,,,,,,,,,,,,,,,,,,,
37,case_6,2024-04-10 17:28:16.427724,complete,Admission NC,positive,F,,,,,,,,,,,,,,,,,,,,,,,,,,,
38,case_6,2024-04-10 17:55:11.427724,complete,CRP,positive,K,YB,22.0,,3488.0,,,,,,,,,,,,,,,,,,,,,,,
39,case_6,2024-04-10 18:47:27.427724,complete,Leucocytes,positive,K,YA,20.0,138.0,,,,,,,,,,,,,,,,,,,,,,,,
40,case_6,2024-04-10 19:40:10.427724,complete,Admission NC,positive,J,,,,,,,,,,,,,,,,,,,,,,,,,,,
41,case_6,2024-04-10 20:50:58.427724,complete,Leucocytes,positive,K,YA,23.0,593.0,,,,,,,,,,,,,,,,,,,,,,,,
42,case_7,2024-04-10 15:53:51.427724,complete,ER Triage,positive,?,YC,20.0,,,,,,,,,,,,,,,,,,,,,,,,,
43,case_7,2024-04-10 17:20:13.427724,complete,Admission NC,positive,F,,,,,,,,,,,,,,,,,,,,,,,,,,,
44,case_7,2024-04-10 18:00:01.427724,complete,CRP,positive,I,YC,20.0,,3488.0,,,,,,,,,,,,,,,,,,,,,,,
45,case_7,2024-04-10 18:35:53.427724,complete,Leucocytes,positive,K,YA,20.0,138.0,,,,,,,,,,,,,,,,,,,,,,,,
46,case_7,2024-04-10 19:51:26.427724,complete,Admission NC,positive,J,,,,,,,,,,,,,,,,,,,,,,,,,,,
47,case_7,2024-04-10 21:18:48.427724,complete,Leucocytes,positive,K,YD,25.0,593.0,,,,,,,,,,,,,,,,,,,,,,,,
48,case_8,2024-04-10 16:00:06.427724,complete,ER Sepsis Triage,positive,K,YD,20.0,,,,,,,,,,,,,,,,,,,,,,,,,
49,case_8,2024-04-10 17:13:13.427724,complete,Leucocytes,positive,K,YA,23.0,3730.0,,,,,,,,,,,,,,,,,,,,,,,,
50,case_8,2024-04-10 17:46:21.427724,complete,Admission NC,positive,J,,,,,,,,,,,,,,,,,,,,,,,,,,,
51,case_8,2024-04-10 18:34:23.427724,complete,Admission NC,positive,?,,,,,,,,,,,,,,,,,,,,,,,,,,,
52,case_8,2024-04-10 19:45:04.427724,complete,LacticAcid,positive,K,,,,,,,,,,,,,,,,,,,,,,,,,,,6.0
53,case_8,2024-04-10 20:58:20.427724,complete,Leucocytes,positive,?,YA,20.0,138.0,,,,,,,,,,,,,,,,,,,,,,,,
54,case_8,2024-04-10 21:58:15.427724,complete,LacticAcid,positive,I,,,,,,,,,,,,,,,,,,,,,,,,,,,3.0
55,case_8,2024-04-10 23:01:23.427724,complete,Leucocytes,positive,K,YA,20.0,138.0,,,,,,,,,,,,,,,,,,,,,,,,
56,case_8,2024-04-11 00:20:05.427724,complete,LacticAcid,positive,K,,,,,,,,,,,,,,,,,,,,,,,,,,,5.0
57,case_8,2024-04-11 00:33:49.427724,complete,Leucocytes,positive,K,W,23.0,138.0,,,,,,,,,,,,,,,,,,,,,,,,
58,case_9,2024-04-10 16:22:39.427724,complete,ER Triage,positive,C,YA,20.0,,,,,,,,,,,,,,,,,,,,,,,,,
59,case_9,2024-04-10 16:35:40.427724,complete,Admission NC,positive,F,,,,,,,,,,,,,,,,,,,,,,,,,,,
60,case_9,2024-04-10 17:36:00.427724,complete,LacticAcid,positive,J,,,,,,,,,,,,,,,,,,,,,,,,,,,2.0
61,case_9,2024-04-10 19:25:56.427724,complete,Leucocytes,positive,A,YA,20.0,142.0,,,,,,,,,,,,,,,,,,,,,,,,
62,case_9,2024-04-10 20:30:19.427724,complete,Admission NC,positive,J,,,,,,,,,,,,,,,,,,,,,,,,,,,
63,case_9,2024-04-10 20:47:46.427724,complete,LacticAcid,positive,L,,,,,,,,,,,,,,,,,,,,,,,,,,,8.0
64,case_9,2024-04-10 22:07:00.427724,complete,Leucocytes,positive,K,YA,20.0,145.0,,,,,,,,,,,,,,,,,,,,,,,,
65,case_9,2024-04-10 22:54:34.427724,complete,CRP,positive,?,YD,20.0,,50.0,,,,,,,,,,,,,,,,,,,,,,,
66,case_9,2024-04-11 00:15:17.427724,complete,CRP,positive,I,YA,23.0,,51.0,,,,,,,,,,,,,,,,,,,,,,,
67,case_9,2024-04-11 01:22:07.427724,complete,IV Liquid,positive,K,W,20.0,,,,,,,,,,,,,,,,,,,,,,,,,
68,case_10,2024-04-10 15:53:37.427724,complete,ER Triage,positive,C,YA,21.0,,,,,,,,,,,,,,,,,,,,,,,,,
69,case_10,2024-04-10 17:00:07.427724,complete,CRP,positive,I,YB,20.0,,2470.0,,,,,,,,,,,,,,,,,,,,,,,
70,case_10,2024-04-10 18:03:14.427724,complete,CRP,positive,K,YA,20.0,,1028.0,,,,,,,,,,,,,,,,,,,,,,,
71,case_10,2024-04-10 18:54:59.427724,complete,CRP,positive,K,YA,20.0,,51.0,,,,,,,,,,,,,,,,,,,,,,,
72,case_10,2024-04-10 20:13:27.427724,complete,Leucocytes,positive,I,YA,20.0,355.0,,,,,,,,,,,,,,,,,,,,,,,,
73,case_10,2024-04-10 20:52:10.427724,complete,LacticAcid,positive,K,,,,,,,,,,,,,,,,,,,,,,,,,,,2.0
74,case_10,2024-04-10 22:02:11.427724,complete,Leucocytes,positive,K,YB,20.0,140.0,,,,,,,,,,,,,,,,,,,,,,,,
75,case_10,2024-04-10 23:25:53.427724,complete,Admission NC,positive,J,,,,,,,,,,,,,,,,,,,,,,,,,,,
76,case_10,2024-04-11 00:09:32.427724,complete,Admission NC,positive,F,,,,,,,,,,,,,,,,,,,,,,,,,,,
77,case_10,2024-04-11 01:02:20.427724,complete,ER Triage,positive,J,YA,20.0,,,,,,,,,,,,,,,,,,,,,,,,,
78,case_11,2024-04-10 16:18:46.427724,complete,Leucocytes,positive,L,YB,21.0,138.0,,,,,,,,,,,,,,,,,,,,,,,,
79,case_11,2024-04-10 17:25:22.427724,complete,CRP,positive,K,YA,20.0,,2470.0,,,,,,,,,,,,,,,,,,,,,,,
80,case_11,2024-04-10 18:14:45.427724,complete,Admission NC,positive,L,,,,,,,,,,,,,,,,,,,,,,,,,,,
81,case_11,2024-04-10 19:16:58.427724,complete,Admission NC,positive,J,,,,,,,,,,,,,,,,,,,,,,,,,,,
82,case_11,2024-04-10 19:55:05.427724,complete,LacticAcid,positive,I,,,,,,,,,,,,,,,,,,,,,,,,,,,2.0
83,case_11,2024-04-10 21:27:03.427724,complete,Leucocytes,positive,K,YA,20.0,140.0,,,,,,,,,,,,,,,,,,,,,,,,
84,case_11,2024-04-10 22:02:13.427724,complete,LacticAcid,positive,I,,,,,,,,,,,,,,,,,,,,,,,,,,,4.0
85,case_11,2024-04-10 23:12:50.427724,complete,Leucocytes,positive,K,YB,21.0,138.0,,,,,,,,,,,,,,,,,,,,,,,,
86,case_11,2024-04-10 23:49:32.427724,complete,LacticAcid,positive,I,,,,,,,,,,,,,,,,,,,,,,,,,,,3.0
87,case_11,2024-04-11 01:12:25.427724,complete,Leucocytes,positive,I,YB,20.0,138.0,,,,,,,,,,,,,,,,,,,,,,,,
88,case_12,2024-04-10 15:31:23.427724,complete,Admission IC,positive,C,,,,,,,,,,,,,,,,,,,,,,,,,,,
89,case_12,2024-04-10 16:50:50.427724,complete,Admission NC,positive,J,,,,,,,,,,,,,,,,,,,,,,,,,,,
90,case_12,2024-04-10 18:22:59.427724,complete,Admission IC,positive,J,,,,,,,,,,,,,,,,,,,,,,,,,,,
91,case_12,2024-04-10 19:09:44.427724,complete,Admission NC,positive,J,,,,,,,,,,,,,,,,,,,,,,,,,,,
92,case_12,2024-04-10 20:08:34.427724,complete,LacticAcid,positive,K,,,,,,,,,,,,,,,,,,,,,,,,,,,4.0
93,case_12,2024-04-10 20:32:45.427724,complete,Leucocytes,positive,K,YA,20.0,138.0,,,,,,,,,,,,,,,,,,,,,,,,
94,case_12,2024-04-10 21:48:01.427724,complete,IV Antibiotics,positive,L,,,,,,,,,,,,,,,,,,,,,,,,,,,
95,case_12,2024-04-10 23:21:17.427724,complete,LacticAcid,positive,K,,,,,,,,,,,,,,,,,,,,,,,,,,,2.0
96,case_12,2024-04-10 23:37:12.427724,complete,Leucocytes,positive,K,YC,20.0,139.0,,,,,,,,,,,,,,,,,,,,,,,,
97,case_12,2024-04-11 01:09:10.427724,complete,CRP,positive,I,YA,20.0,,50.0,,,,,,,,,,,,,,,,,,,,,,,
98,case_13,2024-04-10 16:10:09.427724,complete,ER Triage,positive,C,YA,21.0,,,,,,,,,,,,,,,,,,,,,,,,,
99,case_13,2024-04-10 16:41:33.427724,complete,ER Triage,positive,C,YA,20.0,,,,,,,,,,,,,,,,,,,,,,,,,
100,case_13,2024-04-10 18:06:51.427724,complete,Leucocytes,positive,K,YA,20.0,1334.0,,,,,,,,,,,,,,,,,,,,,,,,
101,case_13,2024-04-10 19:01:39.427724,complete,Admission NC,positive,F,,,,,,,,,,,,,,,,,,,,,,,,,,,
102,case_13,2024-04-10 19:58:12.427724,complete,LacticAcid,positive,I,,,,,,,,,,,,,,,,,,,,,,,,,,,2.0
103,case_13,2024-04-10 21:18:10.427724,complete,Leucocytes,positive,K,YB,21.0,138.0,,,,,,,,,,,,,,,,,,,,,,,,
104,case_13,2024-04-10 21:42:51.427724,complete,IV Antibiotics,positive,K,,,,,,,,,,,,,,,,,,,,,,,,,,,
105,case_13,2024-04-10 23:29:53.427724,complete,LacticAcid,positive,I,,,,,,,,,,,,,,,,,,,,,,,,,,,2.0
106,case_13,2024-04-10 23:47:22.427724,complete,Leucocytes,positive,K,YA,20.0,141.0,,,,,,,,,,,,,,,,,,,,,,,,
107,case_13,2024-04-11 01:22:01.427724,complete,Admission NC,positive,F,,,,,,,,,,,,,,,,,,,,,,,,,,,
108,case_14,2024-04-10 16:27:41.427724,complete,ER Triage,positive,C,B,22.0,,,,,,,,,,,,,,,,,,,,,,,,,
109,case_14,2024-04-10 16:47:53.427724,complete,Admission NC,positive,J,,,,,,,,,,,,,,,,,,,,,,,,,,,
110,case_14,2024-04-10 18:25:53.427724,complete,Admission NC,positive,F,,,,,,,,,,,,,,,,,,,,,,,,,,,
111,case_14,2024-04-10 18:39:40.427724,complete,CRP,positive,I,YC,20.0,,382.0,,,,,,,,,,,,,,,,,,,,,,,
112,case_14,2024-04-10 20:10:33.427724,complete,Leucocytes,positive,K,YA,20.0,138.0,,,,,,,,,,,,,,,,,,,,,,,,
113,case_14,2024-04-10 21:12:57.427724,complete,Leucocytes,positive,K,YD,25.0,107.0,,,,,,,,,,,,,,,,,,,,,,,,
114,case_14,2024-04-10 22:24:36.427724,complete,CRP,positive,A,YC,20.0,,50.0,,,,,,,,,,,,,,,,,,,,,,,
115,case_15,2024-04-10 16:11:46.427724,complete,ER Triage,positive,C,B,22.0,,,,,,,,,,,,,,,,,,,,,,,,,
116,case_15,2024-04-10 17:05:13.427724,complete,Leucocytes,positive,I,YC,20.0,139.0,,,,,,,,,,,,,,,,,,,,,,,,
117,case_15,2024-04-10 18:07:20.427724,complete,Admission NC,positive,A,,,,,,,,,,,,,,,,,,,,,,,,,,,
118,case_15,2024-04-10 18:57:41.427724,complete,CRP,positive,K,YA,20.0,,382.0,,,,,,,,,,,,,,,,,,,,,,,
119,case_15,2024-04-10 19:51:59.427724,complete,Leucocytes,positive,?,QB,22.0,138.0,,,,,,,,,,,,,,,,,,,,,,,,
120,case_15,2024-04-10 20:57:50.427724,complete,CRP,positive,A,YA,21.0,,50.0,,,,,,,,,,,,,,,,,,,,,,,
121,case_15,2024-04-10 21:37:54.427724,complete,Admission NC,positive,J,,,,,,,,,,,,,,,,,,,,,,,,,,,
122,case_16,2024-04-10 15:53:42.427724,complete,ER Triage,positive,C,YB,25.0,,,,,,,,,,,,,,,,,,,,,,,,,
123,case_16,2024-04-10 16:56:25.427724,complete,Leucocytes,positive,A,YB,21.0,138.0,,,,,,,,,,,,,,,,,,,,,,,,
124,case_16,2024-04-10 17:51:09.427724,complete,Return ER,positive,J,,,,,,,,,,,,,,,,,,,,,,,,,,,
125,case_16,2024-04-10 18:32:46.427724,complete,Admission NC,positive,J,,,,,,,,,,,,,,,,,,,,,,,,,,,
126,case_16,2024-04-10 20:27:17.427724,complete,Admission IC,positive,J,,,,,,,,,,,,,,,,,,,,,,,,,,,
127,case_16,2024-04-10 21:00:15.427724,complete,Admission NC,positive,J,,,,,,,,,,,,,,,,,,,,,,,,,,,
128,case_16,2024-04-10 22:23:23.427724,complete,Admission NC,positive,J,,,,,,,,,,,,,,,,,,,,,,,,,,,
129,case_17,2024-04-10 16:16:23.427724,complete,ER Triage,positive,C,YB,27.0,,,,,,,,,,,,,,,,,,,,,,,,,
130,case_17,2024-04-10 17:23:39.427724,complete,Admission NC,positive,F,,,,,,,,,,,,,,,,,,,,,,,,,,,
131,case_17,2024-04-10 18:21:48.427724,complete,Leucocytes,positive,K,YA,21.0,223.0,,,,,,,,,,,,,,,,,,,,,,,,
132,case_17,2024-04-10 19:21:24.427724,complete,CRP,positive,A,YA,21.0,,2828.0,,,,,,,,,,,,,,,,,,,,,,,
133,case_17,2024-04-10 19:31:23.427724,complete,CRP,positive,I,YA,20.0,,51.0,,,,,,,,,,,,,,,,,,,,,,,
134,case_17,2024-04-10 20:55:05.427724,complete,Admission NC,positive,J,,,,,,,,,,,,,,,,,,,,,,,,,,,
135,case_17,2024-04-10 21:38:08.427724,complete,CRP,positive,K,YD,21.0,,2682.0,,,,,,,,,,,,,,,,,,,,,,,
136,case_18,2024-04-10 16:10:24.427724,complete,ER Triage,positive,C,YB,20.0,,,,,,,,,,,,,,,,,,,,,,,,,
137,case_18,2024-04-10 16:43:05.427724,complete,CRP,positive,K,YC,20.0,,50.0,,,,,,,,,,,,,,,,,,,,,,,
138,case_18,2024-04-10 18:21:14.427724,complete,Leucocytes,positive,K,YC,20.0,139.0,,,,,,,,,,,,,,,,,,,,,,,,
139,case_18,2024-04-10 18:33:05.427724,complete,CRP,positive,K,YA,20.0,,3992.0,,,,,,,,,,,,,,,,,,,,,,,
140,case_18,2024-04-10 19:52:52.427724,complete,CRP,positive,K,YB,20.0,,50.0,,,,,,,,,,,,,,,,,,,,,,,
141,case_18,2024-04-10 20:47:56.427724,complete,Admission IC,positive,K,,,,,,,,,,,,,,,,,,,,,,,,,,,
142,case_18,2024-04-10 21:59:41.427724,complete,Admission NC,positive,F,,,,,,,,,,,,,,,,,,,,,,,,,,,
143,case_18,2024-04-10 23:30:44.427724,complete,Admission NC,positive,F,,,,,,,,,,,,,,,,,,,,,,,,,,,
144,case_19,2024-04-10 16:21:36.427724,complete,CRP,positive,A,YA,20.0,,3623.0,,,,,,,,,,,,,,,,,,,,,,,
145,case_19,2024-04-10 16:38:16.427724,complete,CRP,positive,A,YB,20.0,,2109.0,,,,,,,,,,,,,,,,,,,,,,,
146,case_19,2024-04-10 18:10:37.427724,complete,Leucocytes,positive,K,YA,23.0,138.0,,,,,,,,,,,,,,,,,,,,,,,,
147,case_19,2024-04-10 18:55:02.427724,complete,CRP,positive,K,QB,21.0,,50.0,,,,,,,,,,,,,,,,,,,,,,,
148,case_19,2024-04-10 20:02:05.427724,complete,Admission NC,positive,A,,,,,,,,,,,,,,,,,,,,,,,,,,,
149,case_19,2024-04-10 20:44:17.427724,complete,Admission NC,positive,J,,,,,,,,,,,,,,,,,,,,,,,,,,,
150,case_19,2024-04-10 22:12:54.427724,complete,LacticAcid,positive,K,,,,,,,,,,,,,,,,,,,,,,,,,,,11.0
151,case_19,2024-04-10 22:48:31.427724,complete,CRP,positive,I,QC,21.0,,2366.0,,,,,,,,,,,,,,,,,,,,,,,
152,case_20,2024-04-10 16:07:45.427724,complete,IV Antibiotics,positive,L,,,,,,,,,,,,,,,,,,,,,,,,,,,
153,case_20,2024-04-10 17:14:01.427724,complete,Leucocytes,positive,K,YA,20.0,2195.0,,,,,,,,,,,,,,,,,,,,,,,,
154,case_20,2024-04-10 18:03:53.427724,complete,CRP,positive,K,YA,20.0,,50.0,,,,,,,,,,,,,,,,,,,,,,,
155,case_20,2024-04-10 18:57:46.427724,complete,Leucocytes,positive,I,QA,22.0,53.0,,,,,,,,,,,,,,,,,,,,,,,,
156,case_20,2024-04-10 20:24:18.427724,complete,CRP,positive,A,YA,21.0,,75.0,,,,,,,,,,,,,,,,,,,,,,,
157,case_20,2024-04-10 20:40:59.427724,complete,Admission NC,positive,F,,,,,,,,,,,,,,,,,,,,,,,,,,,
158,case_20,2024-04-10 22:00:05.427724,complete,Admission NC,positive,F,,,,,,,,,,,,,,,,,,,,,,,,,,,
159,case_20,2024-04-10 22:58:13.427724,complete,CRP,positive,I,QD,20.0,,2366.0,,,,,,,,,,,,,,,,,,,,,,,
160,case_21,2024-04-10 16:05:28.427724,complete,ER Triage,positive,C,YB,20.0,,,,,,,,,,,,,,,,,,,,,,,,,
161,case_21,2024-04-10 16:51:26.427724,complete,CRP,positive,I,YB,20.0,,2109.0,,,,,,,,,,,,,,,,,,,,,,,
162,case_21,2024-04-10 17:43:28.427724,complete,Admission IC,positive,K,,,,,,,,,,,,,,,,,,,,,,,,,,,
163,case_21,2024-04-10 18:51:04.427724,complete,Admission NC,positive,J,,,,,,,,,,,,,,,,,,,,,,,,,,,
164,case_21,2024-04-10 19:59:43.427724,complete,CRP,positive,?,YB,21.0,,50.0,,,,,,,,,,,,,,,,,,,,,,,
165,case_21,2024-04-10 21:05:38.427724,complete,CRP,positive,K,YA,20.0,,2789.0,,,,,,,,,,,,,,,,,,,,,,,
166,case_21,2024-04-10 22:08:51.427724,complete,Admission NC,positive,F,,,,,,,,,,,,,,,,,,,,,,,,,,,
167,case_21,2024-04-10 22:51:02.427724,complete,Admission IC,positive,?,,,,,,,,,,,,,,,,,,,,,,,,,,,
168,case_22,2024-04-10 15:39:53.427724,complete,ER Triage,positive,C,YA,26.0,,,,,,,,,,,,,,,,,,,,,,,,,
169,case_22,2024-04-10 17:15:37.427724,complete,Admission NC,positive,J,,,,,,,,,,,,,,,,,,,,,,,,,,,
170,case_22,2024-04-10 18:17:45.427724,complete,Admission IC,positive,J,,,,,,,,,,,,,,,,,,,,,,,,,,,
171,case_22,2024-04-10 18:35:40.427724,complete,Admission NC,positive,J,,,,,,,,,,,,,,,,,,,,,,,,,,,
172,case_22,2024-04-10 20:26:56.427724,complete,Admission NC,positive,J,,,,,,,,,,,,,,,,,,,,,,,,,,,
173,case_22,2024-04-10 20:41:52.427724,complete,Admission IC,positive,J,,,,,,,,,,,,,,,,,,,,,,,,,,,
174,case_22,2024-04-10 21:38:16.427724,complete,Admission NC,positive,J,,,,,,,,,,,,,,,,,,,,,,,,,,,
175,case_22,2024-04-10 22:52:58.427724,complete,LacticAcid,positive,K,,,,,,,,,,,,,,,,,,,,,,,,,,,2.0
176,case_22,2024-04-11 00:14:44.427724,complete,Leucocytes,positive,I,QA,20.0,373.0,,,,,,,,,,,,,,,,,,,,,,,,
177,case_23,2024-04-10 16:14:55.427724,complete,ER Triage,positive,C,YA,20.0,,,,,,,,,,,,,,,,,,,,,,,,,
178,case_23,2024-04-10 16:40:57.427724,complete,LacticAcid,positive,?,,,,,,,,,,,,,,,,,,,,,,,,,,,2.0
179,case_23,2024-04-10 18:08:15.427724,complete,Leucocytes,positive,I,YA,21.0,138.0,,,,,,,,,,,,,,,,,,,,,,,,
180,case_23,2024-04-10 18:31:43.427724,complete,Admission NC,positive,J,,,,,,,,,,,,,,,,,,,,,,,,,,,
181,case_23,2024-04-10 20:04:07.427724,complete,Leucocytes,positive,L,YA,20.0,1992.0,,,,,,,,,,,,,,,,,,,,,,,,
182,case_23,2024-04-10 20:32:42.427724,complete,LacticAcid,positive,I,,,,,,,,,,,,,,,,,,,,,,,,,,,13.0
183,case_23,2024-04-10 22:14:57.427724,complete,Admission NC,positive,A,,,,,,,,,,,,,,,,,,,,,,,,,,,
184,case_23,2024-04-10 23:30:15.427724,complete,LacticAcid,positive,K,,,,,,,,,,,,,,,,,,,,,,,,,,,6.0
185,case_23,2024-04-10 23:47:20.427724,complete,Leucocytes,positive,K,YA,22.0,140.0,,,,,,,,,,,,,,,,,,,,,,,,
186,case_24,2024-04-10 16:29:54.427724,complete,ER Triage,positive,C,YA,20.0,,,,,,,,,,,,,,,,,,,,,,,,,
187,case_24,2024-04-10 16:54:27.427724,complete,Leucocytes,positive,K,YC,21.0,138.0,,,,,,,,,,,,,,,,,,,,,,,,
188,case_24,2024-04-10 18:30:39.427724,complete,Admission NC,positive,A,,,,,,,,,,,,,,,,,,,,,,,,,,,
189,case_24,2024-04-10 18:33:19.427724,complete,Admission NC,positive,J,,,,,,,,,,,,,,,,,,,,,,,,,,,
190,case_24,2024-04-10 19:43:49.427724,complete,LacticAcid,positive,K,,,,,,,,,,,,,,,,,,,,,,,,,,,6.0
191,case_24,2024-04-10 21:07:47.427724,complete,Leucocytes,positive,K,YA,23.0,1632.0,,,,,,,,,,,,,,,,,,,,,,,,
192,case_24,2024-04-10 21:39:46.427724,complete,LacticAcid,positive,K,,,,,,,,,,,,,,,,,,,,,,,,,,,15.0
193,case_24,2024-04-10 22:37:27.427724,complete,LacticAcid,positive,J,,,,,,,,,,,,,,,,,,,,,,,,,,,5.0
194,case_24,2024-04-11 00:02:00.427724,complete,Leucocytes,positive,K,YA,21.0,138.0,,,,,,,,,,,,,,,,,,,,,,,,
195,case_25,2024-04-10 15:37:53.427724,complete,Leucocytes,positive,K,YA,20.0,3706.0,,,,,,,,,,,,,,,,,,,,,,,,
196,case_25,2024-04-10 16:49:12.427724,complete,CRP,positive,K,YA,20.0,,50.0,,,,,,,,,,,,,,,,,,,,,,,
197,case_25,2024-04-10 18:21:12.427724,complete,CRP,positive,A,YA,20.0,,50.0,,,,,,,,,,,,,,,,,,,,,,,
198,case_25,2024-04-10 18:36:12.427724,complete,Admission NC,positive,F,,,,,,,,,,,,,,,,,,,,,,,,,,,
199,case_25,2024-04-10 20:13:55.427724,complete,Admission NC,positive,A,,,,,,,,,,,,,,,,,,,,,,,,,,,
200,case_26,2024-04-10 15:33:35.427724,complete,ER Triage,positive,C,YA,21.0,,,,,,,,,,,,,,,,,,,,,,,,,
201,case_26,2024-04-10 17:23:08.427724,complete,Admission NC,positive,F,,,,,,,,,,,,,,,,,,,,,,,,,,,
202,case_26,2024-04-10 18:27:15.427724,complete,CRP,positive,?,YA,20.0,,1102.0,,,,,,,,,,,,,,,,,,,,,,,
203,case_26,2024-04-10 18:53:52.427724,complete,CRP,positive,K,YA,20.0,,580.0,,,,,,,,,,,,,,,,,,,,,,,
204,case_26,2024-04-10 19:55:29.427724,complete,Admission NC,positive,J,,,,,,,,,,,,,,,,,,,,,,,,,,,
205,case_27,2024-04-10 16:27:27.427724,complete,ER Triage,positive,C,YA,21.0,,,,,,,,,,,,,,,,,,,,,,,,,
206,case_27,2024-04-10 17:08:26.427724,complete,Leucocytes,positive,K,YB,22.0,138.0,,,,,,,,,,,,,,,,,,,,,,,,
207,case_27,2024-04-10 18:13:37.427724,complete,Admission NC,positive,F,,,,,,,,,,,,,,,,,,,,,,,,,,,
208,case_27,2024-04-10 19:18:33.427724,complete,CRP,positive,K,YA,20.0,,1794.0,,,,,,,,,,,,,,,,,,,,,,,
209,case_27,2024-04-10 19:57:30.427724,complete,Admission NC,positive,J,,,,,,,,,,,,,,,,,,,,,,,,,,,
210,case_28,2024-04-10 15:32:49.427724,complete,ER Triage,positive,C,YA,20.0,,,,,,,,,,,,,,,,,,,,,,,,,
211,case_28,2024-04-10 17:23:00.427724,complete,Leucocytes,positive,K,YD,21.0,138.0,,,,,,,,,,,,,,,,,,,,,,,,
212,case_28,2024-04-10 17:33:23.427724,complete,CRP,positive,K,YC,20.0,,50.0,,,,,,,,,,,,,,,,,,,,,,,
213,case_28,2024-04-10 18:52:58.427724,complete,Admission NC,positive,A,,,,,,,,,,,,,,,,,,,,,,,,,,,
214,case_28,2024-04-10 19:56:51.427724,complete,Admission NC,positive,L,,,,,,,,,,,,,,,,,,,,,,,,,,,
215,case_29,2024-04-10 16:06:29.427724,complete,ER Triage,positive,C,YB,20.0,,,,,,,,,,,,,,,,,,,,,,,,,
216,case_29,2024-04-10 17:02:46.427724,complete,CRP,positive,K,YA,20.0,,50.0,,,,,,,,,,,,,,,,,,,,,,,
217,case_29,2024-04-10 18:03:35.427724,complete,Leucocytes,positive,K,YA,21.0,138.0,,,,,,,,,,,,,,,,,,,,,,,,
218,case_29,2024-04-10 19:16:05.427724,complete,Admission NC,positive,F,,,,,,,,,,,,,,,,,,,,,,,,,,,
219,case_29,2024-04-10 20:09:23.427724,complete,Admission NC,positive,J,,,,,,,,,,,,,,,,,,,,,,,,,,,
