,case:concept:name,time:timestamp,lifecycle:transition,concept:name,case:label,org:group,Diagnose,Age,Leucocytes,CRP,LacticAcid,InfectionSuspected,DiagnosticBlood,DisfuncOrg,SIRSCritTachypnea,Hypotensie,SIRSCritHeartRate,Infusion,DiagnosticArtAstrup,DiagnosticIC,DiagnosticSputum,DiagnosticLiquor,DiagnosticOther,SIRSCriteria2OrMore,DiagnosticXthorax,SIRSCritTemperature,DiagnosticUrinaryCulture,SIRSCritLeucos,Oligurie,DiagnosticLacticAcid,Hypoxie,DiagnosticUrinarySediment,DiagnosticECG
0,case_0,2024-04-10 16:02:42.245322,complete,IV Antibiotics,positive,L,,,,,,,,,,,,,,,,,,,,,,,,,,,
1,case_0,2024-04-10 17:27:09.245322,complete,Release B,positive,E,,,,,,,,,,,,,,,,,,,,,,,,,,,
2,case_0,2024-04-10 18:07:04.245322,complete,Admission NC,positive,F,,,,,,,,,,,,,,,,,,,,,,,,,,,
3,case_0,2024-04-10 19:38:17.245322,complete,Admission NC,positive,F,,,,,,,,,,,,,,,,,,,,,,,,,,,
4,case_0,2024-04-10 19:54:23.245322,complete,Release B,positive,E,,,,,,,,,,,,,,,,,,,,,,,,,,,
5,case_1,2024-04-10 16:21:49.245322,complete,Admission NC,positive,F,,,,,,,,,,,,,,,,,,,,,,,,,,,
6,case_1,2024-04-10 17:37:48.245322,complete,Leucocytes,positive,Y,HE,86.0,124.0,,,,,,,,,,,,,,,,,,,,,,,,
7,case_1,2024-04-10 17:46:40.245322,complete,Release A,positive,U,,,,,,,,,,,,,,,,,,,,,,,,,,,
8,case_1,2024-04-10 18:44:22.245322,complete,Admission NC,positive,J,,,,,,,,,,,,,,,,,,,,,,,,,,,
9,case_1,2024-04-10 20:36:51.245322,complete,Release B,positive,E,,,,,,,,,,,,,,,,,,,,,,,,,,,
10,case_2,2024-04-10 15:48:05.245322,complete,ER Triage,positive,Y,HE,23.0,,,,,,,,,,,,,,,,,,,,,,,,,
11,case_2,2024-04-10 16:42:22.245322,complete,Leucocytes,positive,L,GD,20.0,137.0,,,,,,,,,,,,,,,,,,,,,,,,
12,case_2,2024-04-10 17:40:11.245322,complete,Admission NC,positive,F,,,,,,,,,,,,,,,,,,,,,,,,,,,
13,case_2,2024-04-10 18:45:25.245322,complete,Admission NC,positive,F,,,,,,,,,,,,,,,,,,,,,,,,,,,
14,case_2,2024-04-10 19:52:46.245322,complete,Release B,positive,E,,,,,,,,,,,,,,,,,,,,,,,,,,,
15,case_3,2024-04-10 16:32:34.245322,complete,ER Sepsis Triage,positive,Y,HE,90.0,,,,,,,,,,,,,,,,,,,,,,,,,
16,case_3,2024-04-10 17:39:12.245322,complete,CRP,positive,C,GD,20.0,,4493.0,,,,,,,,,,,,,,,,,,,,,,,
17,case_3,2024-04-10 18:14:00.245322,complete,Admission IC,positive,Y,,,,,,,,,,,,,,,,,,,,,,,,,,,
18,case_3,2024-04-10 19:11:16.245322,complete,Admission NC,positive,J,,,,,,,,,,,,,,,,,,,,,,,,,,,
19,case_3,2024-04-10 20:16:56.245322,complete,Admission NC,positive,F,,,,,,,,,,,,,,,,,,,,,,,,,,,
20,case_4,2024-04-10 16:04:21.245322,complete,LacticAcid,positive,J,,,,,149.0,,,,,,,,,,,,,,,,,,,,,,
21,case_4,2024-04-10 17:17:30.245322,complete,ER Triage,positive,C,HE,90.0,,,,,,,,,,,,,,,,,,,,,,,,,
22,case_4,2024-04-10 18:12:53.245322,complete,Admission NC,positive,F,,,,,,,,,,,,,,,,,,,,,,,,,,,
23,case_4,2024-04-10 19:17:06.245322,complete,Admission NC,positive,L,,,,,,,,,,,,,,,,,,,,,,,,,,,
24,case_4,2024-04-10 20:12:58.245322,complete,Release B,positive,E,,,,,,,,,,,,,,,,,,,,,,,,,,,
25,case_5,2024-04-10 16:18:25.245322,complete,Leucocytes,positive,Y,HE,90.0,124.0,,,,,,,,,,,,,,,,,,,,,,,,
26,case_5,2024-04-10 17:11:14.245322,complete,Admission NC,positive,J,,,,,,,,,,,,,,,,,,,,,,,,,,,
27,case_5,2024-04-10 18:10:28.245322,complete,Admission IC,positive,J,,,,,,,,,,,,,,,,,,,,,,,,,,,
28,case_5,2024-04-10 19:24:04.245322,complete,Admission NC,positive,J,,,,,,,,,,,,,,,,,,,,,,,,,,,
29,case_5,2024-04-10 20:07:13.245322,complete,Admission NC,positive,J,,,,,,,,,,,,,,,,,,,,,,,,,,,
30,case_5,2024-04-10 21:21:39.245322,complete,Admission IC,positive,J,,,,,,,,,,,,,,,,,,,,,,,,,,,
31,case_5,2024-04-10 21:51:34.245322,complete,Admission NC,positive,J,,,,,,,,,,,,,,,,,,,,,,,,,,,
32,case_6,2024-04-10 15:52:35.245322,complete,CRP,positive,Y,EE,20.0,,3978.0,,,,,,,,,,,,,,,,,,,,,,,
33,case_6,2024-04-10 17:34:36.245322,complete,ER Triage,positive,?,MD,20.0,,,,,,,,,,,,,,,,,,,,,,,,,
34,case_6,2024-04-10 18:13:47.245322,complete,Release B,positive,E,,,,,,,,,,,,,,,,,,,,,,,,,,,
35,case_6,2024-04-10 19:06:16.245322,complete,Admission NC,positive,K,,,,,,,,,,,,,,,,,,,,,,,,,,,
36,case_6,2024-04-10 20:04:35.245322,complete,Release B,positive,E,,,,,,,,,,,,,,,,,,,,,,,,,,,
37,case_6,2024-04-10 21:19:35.245322,complete,ER Triage,positive,C,HE,20.0,,,,,,,,,,,,,,,,,,,,,,,,,
38,case_6,2024-04-10 22:28:05.245322,complete,Admission NC,positive,F,,,,,,,,,,,,,,,,,,,,,,,,,,,
39,case_7,2024-04-10 16:00:35.245322,complete,ER Sepsis Triage,positive,Y,EE,20.0,,,,,,,,,,,,,,,,,,,,,,,,,
40,case_7,2024-04-10 17:30:37.245322,complete,ER Triage,positive,A,MD,20.0,,,,,,,,,,,,,,,,,,,,,,,,,
41,case_7,2024-04-10 18:09:21.245322,complete,Release B,positive,E,,,,,,,,,,,,,,,,,,,,,,,,,,,
42,case_7,2024-04-10 19:32:48.245322,complete,Admission NC,positive,K,,,,,,,,,,,,,,,,,,,,,,,,,,,
43,case_7,2024-04-10 19:41:12.245322,complete,Release B,positive,E,,,,,,,,,,,,,,,,,,,,,,,,,,,
44,case_7,2024-04-10 20:55:33.245322,complete,IV Antibiotics,positive,?,,,,,,,,,,,,,,,,,,,,,,,,,,,
45,case_7,2024-04-10 21:47:37.245322,complete,Admission NC,positive,E,,,,,,,,,,,,,,,,,,,,,,,,,,,
46,case_8,2024-04-10 16:24:50.245322,complete,Return ER,positive,?,,,,,,,,,,,,,,,,,,,,,,,,,,,
47,case_8,2024-04-10 16:46:13.245322,complete,Release B,positive,E,,,,,,,,,,,,,,,,,,,,,,,,,,,
48,case_8,2024-04-10 17:54:45.245322,complete,Admission NC,positive,K,,,,,,,,,,,,,,,,,,,,,,,,,,,
49,case_8,2024-04-10 18:53:28.245322,complete,Release B,positive,E,,,,,,,,,,,,,,,,,,,,,,,,,,,
50,case_8,2024-04-10 20:22:49.245322,complete,Return ER,positive,?,,,,,,,,,,,,,,,,,,,,,,,,,,,
51,case_8,2024-04-10 20:44:35.245322,complete,Admission NC,positive,F,,,,,,,,,,,,,,,,,,,,,,,,,,,
52,case_8,2024-04-10 22:27:47.245322,complete,Admission NC,positive,F,,,,,,,,,,,,,,,,,,,,,,,,,,,
53,case_9,2024-04-10 15:55:58.245322,complete,Admission NC,positive,J,,,,,,,,,,,,,,,,,,,,,,,,,,,
54,case_9,2024-04-10 16:57:23.245322,complete,Admission NC,positive,Y,,,,,,,,,,,,,,,,,,,,,,,,,,,
55,case_9,2024-04-10 18:39:19.245322,complete,Admission NC,positive,F,,,,,,,,,,,,,,,,,,,,,,,,,,,
56,case_9,2024-04-10 19:08:47.245322,complete,ER Triage,positive,C,PD,90.0,,,,,,,,,,,,,,,,,,,,,,,,,
57,case_9,2024-04-10 19:57:02.245322,complete,Admission NC,positive,F,,,,,,,,,,,,,,,,,,,,,,,,,,,
58,case_9,2024-04-10 20:48:24.245322,complete,ER Triage,positive,C,HE,90.0,,,,,,,,,,,,,,,,,,,,,,,,,
59,case_10,2024-04-10 16:24:19.245322,complete,Leucocytes,positive,Y,HE,90.0,127.0,,,,,,,,,,,,,,,,,,,,,,,,
60,case_10,2024-04-10 17:25:24.245322,complete,ER Sepsis Triage,positive,Y,HE,50.0,,,,,,,,,,,,,,,,,,,,,,,,,
61,case_10,2024-04-10 18:25:15.245322,complete,Admission NC,positive,F,,,,,,,,,,,,,,,,,,,,,,,,,,,
62,case_10,2024-04-10 18:58:43.245322,complete,Admission NC,positive,F,,,,,,,,,,,,,,,,,,,,,,,,,,,
63,case_10,2024-04-10 19:53:54.245322,complete,IV Antibiotics,positive,L,,,,,,,,,,,,,,,,,,,,,,,,,,,
64,case_10,2024-04-10 21:23:32.245322,complete,IV Antibiotics,positive,L,,,,,,,,,,,,,,,,,,,,,,,,,,,
65,case_11,2024-04-10 15:50:01.245322,complete,Leucocytes,positive,Y,HE,90.0,124.0,,,,,,,,,,,,,,,,,,,,,,,,
66,case_11,2024-04-10 17:00:47.245322,complete,Return ER,positive,?,,,,,,,,,,,,,,,,,,,,,,,,,,,
67,case_11,2024-04-10 17:42:05.245322,complete,ER Triage,positive,C,HE,90.0,,,,,,,,,,,,,,,,,,,,,,,,,
68,case_11,2024-04-10 19:10:23.245322,complete,Admission NC,positive,J,,,,,,,,,,,,,,,,,,,,,,,,,,,
69,case_11,2024-04-10 20:14:33.245322,complete,Admission NC,positive,F,,,,,,,,,,,,,,,,,,,,,,,,,,,
70,case_11,2024-04-10 21:14:02.245322,complete,ER Triage,positive,C,XA,37.0,,,,,,,,,,,,,,,,,,,,,,,,,
71,case_12,2024-04-10 16:38:53.245322,complete,Leucocytes,positive,Y,HE,90.0,132.0,,,,,,,,,,,,,,,,,,,,,,,,
72,case_12,2024-04-10 17:25:15.245322,complete,ER Triage,positive,Y,HE,90.0,,,,,,,,,,,,,,,,,,,,,,,,,
73,case_12,2024-04-10 18:33:39.245322,complete,Admission NC,positive,F,,,,,,,,,,,,,,,,,,,,,,,,,,,
74,case_12,2024-04-10 19:10:40.245322,complete,Admission NC,positive,J,,,,,,,,,,,,,,,,,,,,,,,,,,,
75,case_12,2024-04-10 20:22:43.245322,complete,Release B,positive,E,,,,,,,,,,,,,,,,,,,,,,,,,,,
76,case_12,2024-04-10 21:05:50.245322,complete,ER Triage,positive,C,HE,90.0,,,,,,,,,,,,,,,,,,,,,,,,,
77,case_13,2024-04-10 16:13:22.245322,complete,Leucocytes,positive,Y,HE,90.0,124.0,,,,,,,,,,,,,,,,,,,,,,,,
78,case_13,2024-04-10 16:46:55.245322,complete,ER Triage,positive,Y,HE,90.0,,,,,,,,,,,,,,,,,,,,,,,,,
79,case_13,2024-04-10 18:16:11.245322,complete,Admission NC,positive,F,,,,,,,,,,,,,,,,,,,,,,,,,,,
80,case_13,2024-04-10 19:26:09.245322,complete,Admission NC,positive,J,,,,,,,,,,,,,,,,,,,,,,,,,,,
81,case_13,2024-04-10 20:31:08.245322,complete,IV Antibiotics,positive,Y,,,,,,,,,,,,,,,,,,,,,,,,,,,
82,case_13,2024-04-10 21:31:45.245322,complete,ER Triage,positive,C,HE,90.0,,,,,,,,,,,,,,,,,,,,,,,,,
83,case_14,2024-04-10 16:18:01.245322,complete,Leucocytes,positive,Y,HE,90.0,123.0,,,,,,,,,,,,,,,,,,,,,,,,
84,case_14,2024-04-10 17:17:18.245322,complete,Return ER,positive,?,,,,,,,,,,,,,,,,,,,,,,,,,,,
85,case_14,2024-04-10 17:54:23.245322,complete,ER Triage,positive,C,HE,90.0,,,,,,,,,,,,,,,,,,,,,,,,,
86,case_14,2024-04-10 18:59:46.245322,complete,Admission NC,positive,J,,,,,,,,,,,,,,,,,,,,,,,,,,,
87,case_14,2024-04-10 19:57:35.245322,complete,Admission NC,positive,F,,,,,,,,,,,,,,,,,,,,,,,,,,,
88,case_14,2024-04-10 21:00:59.245322,complete,ER Triage,positive,C,HE,90.0,,,,,,,,,,,,,,,,,,,,,,,,,
89,case_15,2024-04-10 16:18:57.245322,complete,Return ER,positive,Y,,,,,,,,,,,,,,,,,,,,,,,,,,,
90,case_15,2024-04-10 16:59:04.245322,complete,Release B,positive,E,,,,,,,,,,,,,,,,,,,,,,,,,,,
91,case_15,2024-04-10 18:37:20.245322,complete,Admission NC,positive,K,,,,,,,,,,,,,,,,,,,,,,,,,,,
92,case_15,2024-04-10 18:45:50.245322,complete,Release B,positive,E,,,,,,,,,,,,,,,,,,,,,,,,,,,
93,case_15,2024-04-10 20:22:57.245322,complete,Admission NC,positive,K,,,,,,,,,,,,,,,,,,,,,,,,,,,
94,case_15,2024-04-10 21:22:39.245322,complete,Release B,positive,E,,,,,,,,,,,,,,,,,,,,,,,,,,,
95,case_15,2024-04-10 22:27:25.245322,complete,IV Antibiotics,positive,L,,,,,,,,,,,,,,,,,,,,,,,,,,,
96,case_15,2024-04-10 23:05:02.245322,complete,IV Antibiotics,positive,L,,,,,,,,,,,,,,,,,,,,,,,,,,,
97,case_16,2024-04-10 15:45:02.245322,complete,Release B,positive,E,,,,,,,,,,,,,,,,,,,,,,,,,,,
98,case_16,2024-04-10 17:39:19.245322,complete,LacticAcid,positive,Y,,,,,149.0,,,,,,,,,,,,,,,,,,,,,,
99,case_16,2024-04-10 18:21:32.245322,complete,IV Antibiotics,positive,L,,,,,,,,,,,,,,,,,,,,,,,,,,,
100,case_16,2024-04-10 19:05:32.245322,complete,Admission NC,positive,Y,,,,,,,,,,,,,,,,,,,,,,,,,,,
101,case_16,2024-04-10 19:44:12.245322,complete,Admission NC,positive,Y,,,,,,,,,,,,,,,,,,,,,,,,,,,
102,case_16,2024-04-10 20:41:01.245322,complete,LacticAcid,positive,Y,,,,,8.0,,,,,,,,,,,,,,,,,,,,,,
103,case_16,2024-04-10 21:47:13.245322,complete,Leucocytes,positive,Y,HE,90.0,512.0,,,,,,,,,,,,,,,,,,,,,,,,
104,case_16,2024-04-10 22:50:56.245322,complete,IV Antibiotics,positive,L,,,,,,,,,,,,,,,,,,,,,,,,,,,
105,case_17,2024-04-10 16:03:24.245322,complete,Release B,positive,E,,,,,,,,,,,,,,,,,,,,,,,,,,,
106,case_17,2024-04-10 17:10:14.245322,complete,Admission NC,positive,Y,,,,,,,,,,,,,,,,,,,,,,,,,,,
107,case_17,2024-04-10 18:09:15.245322,complete,IV Antibiotics,positive,L,,,,,,,,,,,,,,,,,,,,,,,,,,,
108,case_17,2024-04-10 19:17:53.245322,complete,Admission NC,positive,F,,,,,,,,,,,,,,,,,,,,,,,,,,,
109,case_17,2024-04-10 19:48:30.245322,complete,ER Triage,positive,C,HE,31.0,,,,,,,,,,,,,,,,,,,,,,,,,
110,case_17,2024-04-10 21:31:33.245322,complete,LacticAcid,positive,Y,,,,,8.0,,,,,,,,,,,,,,,,,,,,,,
111,case_17,2024-04-10 21:48:35.245322,complete,Leucocytes,positive,Y,HE,20.0,217.0,,,,,,,,,,,,,,,,,,,,,,,,
112,case_17,2024-04-10 23:22:22.245322,complete,IV Antibiotics,positive,L,,,,,,,,,,,,,,,,,,,,,,,,,,,
113,case_18,2024-04-10 16:03:58.245322,complete,Release B,positive,E,,,,,,,,,,,,,,,,,,,,,,,,,,,
114,case_18,2024-04-10 17:12:04.245322,complete,LacticAcid,positive,X,,,,,75.0,,,,,,,,,,,,,,,,,,,,,,
115,case_18,2024-04-10 17:57:13.245322,complete,IV Antibiotics,positive,L,,,,,,,,,,,,,,,,,,,,,,,,,,,
116,case_18,2024-04-10 18:51:36.245322,complete,ER Sepsis Triage,positive,J,VD,35.0,,,,,,,,,,,,,,,,,,,,,,,,,
117,case_18,2024-04-10 19:56:36.245322,complete,CRP,positive,I,EA,20.0,,4213.0,,,,,,,,,,,,,,,,,,,,,,,
118,case_18,2024-04-10 20:59:20.245322,complete,IV Antibiotics,positive,L,,,,,,,,,,,,,,,,,,,,,,,,,,,
119,case_18,2024-04-10 21:41:11.245322,complete,Admission NC,positive,L,,,,,,,,,,,,,,,,,,,,,,,,,,,
120,case_18,2024-04-10 23:38:51.245322,complete,Admission NC,positive,L,,,,,,,,,,,,,,,,,,,,,,,,,,,
121,case_19,2024-04-10 16:31:17.245322,complete,Admission NC,positive,L,,,,,,,,,,,,,,,,,,,,,,,,,,,
122,case_19,2024-04-10 16:41:13.245322,complete,Admission NC,positive,L,,,,,,,,,,,,,,,,,,,,,,,,,,,
123,case_19,2024-04-10 18:25:32.245322,complete,Admission IC,positive,Y,,,,,,,,,,,,,,,,,,,,,,,,,,,
124,case_19,2024-04-10 19:12:59.245322,complete,Release B,positive,E,,,,,,,,,,,,,,,,,,,,,,,,,,,
125,case_19,2024-04-10 19:46:52.245322,complete,ER Sepsis Triage,positive,Y,HE,49.0,,,,,,,,,,,,,,,,,,,,,,,,,
126,case_19,2024-04-10 21:25:27.245322,complete,IV Antibiotics,positive,Y,,,,,,,,,,,,,,,,,,,,,,,,,,,
127,case_19,2024-04-10 22:25:59.245322,complete,LacticAcid,positive,C,,,,,149.0,,,,,,,,,,,,,,,,,,,,,,
128,case_19,2024-04-10 23:08:12.245322,complete,ER Registration,positive,Y,HE,90.0,,,,true,true,true,false,true,false,false,true,true,true,false,true,true,false,true,false,true,false,false,true,true,true
129,case_19,2024-04-11 00:13:27.245322,complete,ER Sepsis Triage,positive,Y,HE,90.0,,,,,,,,,,,,,,,,,,,,,,,,,
130,case_20,2024-04-10 16:21:55.245322,complete,IV Antibiotics,positive,L,,,,,,,,,,,,,,,,,,,,,,,,,,,
131,case_20,2024-04-10 16:48:06.245322,complete,Admission NC,positive,J,,,,,,,,,,,,,,,,,,,,,,,,,,,
132,case_20,2024-04-10 18:07:09.245322,complete,Admission IC,positive,J,,,,,,,,,,,,,,,,,,,,,,,,,,,
133,case_20,2024-04-10 19:38:42.245322,complete,Admission NC,positive,J,,,,,,,,,,,,,,,,,,,,,,,,,,,
134,case_20,2024-04-10 20:09:55.245322,complete,Release B,positive,E,,,,,,,,,,,,,,,,,,,,,,,,,,,
135,case_20,2024-04-10 20:53:25.245322,complete,Return ER,positive,?,,,,,,,,,,,,,,,,,,,,,,,,,,,
136,case_20,2024-04-10 22:19:52.245322,complete,ER Triage,positive,C,HE,90.0,,,,,,,,,,,,,,,,,,,,,,,,,
137,case_20,2024-04-10 23:28:05.245322,complete,ER Registration,positive,Y,HE,90.0,,,,true,true,true,false,true,false,false,true,true,false,true,true,true,false,true,false,true,true,true,true,false,true
138,case_20,2024-04-11 00:31:07.245322,complete,ER Triage,positive,C,HE,65.0,,,,,,,,,,,,,,,,,,,,,,,,,
139,case_21,2024-04-10 16:19:27.245322,complete,Release B,positive,E,,,,,,,,,,,,,,,,,,,,,,,,,,,
140,case_21,2024-04-10 17:22:45.245322,complete,Release B,positive,E,,,,,,,,,,,,,,,,,,,,,,,,,,,
141,case_21,2024-04-10 17:44:20.245322,complete,Admission NC,positive,K,,,,,,,,,,,,,,,,,,,,,,,,,,,
142,case_21,2024-04-10 18:51:51.245322,complete,Release B,positive,E,,,,,,,,,,,,,,,,,,,,,,,,,,,
143,case_21,2024-04-10 20:24:52.245322,complete,Admission NC,positive,K,,,,,,,,,,,,,,,,,,,,,,,,,,,
144,case_21,2024-04-10 20:40:10.245322,complete,Release B,positive,E,,,,,,,,,,,,,,,,,,,,,,,,,,,
145,case_21,2024-04-10 21:48:45.245322,complete,Admission NC,positive,K,,,,,,,,,,,,,,,,,,,,,,,,,,,
146,case_21,2024-04-10 22:56:36.245322,complete,Release B,positive,E,,,,,,,,,,,,,,,,,,,,,,,,,,,
147,case_21,2024-04-10 23:40:08.245322,complete,Admission NC,positive,K,,,,,,,,,,,,,,,,,,,,,,,,,,,
148,case_21,2024-04-11 00:49:02.245322,complete,Release B,positive,E,,,,,,,,,,,,,,,,,,,,,,,,,,,
149,case_22,2024-04-10 16:00:15.245322,complete,Admission NC,positive,F,,,,,,,,,,,,,,,,,,,,,,,,,,,
150,case_22,2024-04-10 16:42:36.245322,complete,Release B,positive,E,,,,,,,,,,,,,,,,,,,,,,,,,,,
151,case_22,2024-04-10 17:46:40.245322,complete,Admission NC,positive,K,,,,,,,,,,,,,,,,,,,,,,,,,,,
152,case_22,2024-04-10 19:24:37.245322,complete,Release B,positive,E,,,,,,,,,,,,,,,,,,,,,,,,,,,
153,case_22,2024-04-10 20:35:58.245322,complete,Admission NC,positive,K,,,,,,,,,,,,,,,,,,,,,,,,,,,
154,case_22,2024-04-10 21:05:03.245322,complete,Release B,positive,E,,,,,,,,,,,,,,,,,,,,,,,,,,,
155,case_22,2024-04-10 22:18:23.245322,complete,Admission NC,positive,K,,,,,,,,,,,,,,,,,,,,,,,,,,,
156,case_22,2024-04-10 22:43:46.245322,complete,Release B,positive,E,,,,,,,,,,,,,,,,,,,,,,,,,,,
157,case_22,2024-04-11 00:10:48.245322,complete,Admission NC,positive,K,,,,,,,,,,,,,,,,,,,,,,,,,,,
158,case_22,2024-04-11 00:43:05.245322,complete,Release B,positive,E,,,,,,,,,,,,,,,,,,,,,,,,,,,
159,case_23,2024-04-10 16:07:35.245322,complete,Release B,positive,E,,,,,,,,,,,,,,,,,,,,,,,,,,,
160,case_23,2024-04-10 16:47:20.245322,complete,LacticAcid,positive,L,,,,,8.0,,,,,,,,,,,,,,,,,,,,,,
161,case_23,2024-04-10 18:04:43.245322,complete,Leucocytes,positive,I,CB,20.0,2042.0,,,,,,,,,,,,,,,,,,,,,,,,
162,case_23,2024-04-10 18:52:02.245322,complete,Release B,positive,E,,,,,,,,,,,,,,,,,,,,,,,,,,,
163,case_23,2024-04-10 20:00:26.245322,complete,Admission NC,positive,K,,,,,,,,,,,,,,,,,,,,,,,,,,,
164,case_23,2024-04-10 20:47:39.245322,complete,Release B,positive,E,,,,,,,,,,,,,,,,,,,,,,,,,,,
165,case_23,2024-04-10 21:47:21.245322,complete,Admission NC,positive,K,,,,,,,,,,,,,,,,,,,,,,,,,,,
166,case_23,2024-04-10 23:19:07.245322,complete,Release B,positive,E,,,,,,,,,,,,,,,,,,,,,,,,,,,
167,case_23,2024-04-10 23:45:40.245322,complete,Admission NC,positive,K,,,,,,,,,,,,,,,,,,,,,,,,,,,
168,case_23,2024-04-11 01:25:07.245322,complete,Release B,positive,E,,,,,,,,,,,,,,,,,,,,,,,,,,,
169,case_24,2024-04-10 16:11:08.245322,complete,LacticAcid,positive,L,,,,,29.0,,,,,,,,,,,,,,,,,,,,,,
170,case_24,2024-04-10 16:52:46.245322,complete,Release B,positive,E,,,,,,,,,,,,,,,,,,,,,,,,,,,
171,case_24,2024-04-10 17:41:35.245322,complete,Admission NC,positive,K,,,,,,,,,,,,,,,,,,,,,,,,,,,
172,case_24,2024-04-10 19:02:24.245322,complete,Release B,positive,E,,,,,,,,,,,,,,,,,,,,,,,,,,,
173,case_24,2024-04-10 19:55:28.245322,complete,Admission NC,positive,K,,,,,,,,,,,,,,,,,,,,,,,,,,,
174,case_24,2024-04-10 20:55:02.245322,complete,Release B,positive,E,,,,,,,,,,,,,,,,,,,,,,,,,,,
175,case_24,2024-04-10 21:57:13.245322,complete,Admission NC,positive,K,,,,,,,,,,,,,,,,,,,,,,,,,,,
176,case_24,2024-04-10 22:52:48.245322,complete,Release B,positive,E,,,,,,,,,,,,,,,,,,,,,,,,,,,
177,case_24,2024-04-11 00:14:52.245322,complete,Admission NC,positive,K,,,,,,,,,,,,,,,,,,,,,,,,,,,
178,case_24,2024-04-11 00:52:15.245322,complete,Release B,positive,E,,,,,,,,,,,,,,,,,,,,,,,,,,,
179,case_25,2024-04-10 16:28:43.245322,complete,LacticAcid,positive,L,,,,,23.0,,,,,,,,,,,,,,,,,,,,,,
180,case_25,2024-04-10 16:43:01.245322,complete,Release B,positive,E,,,,,,,,,,,,,,,,,,,,,,,,,,,
181,case_25,2024-04-10 17:46:42.245322,complete,Admission NC,positive,K,,,,,,,,,,,,,,,,,,,,,,,,,,,
182,case_25,2024-04-10 19:19:41.245322,complete,Release B,positive,E,,,,,,,,,,,,,,,,,,,,,,,,,,,
183,case_25,2024-04-10 19:49:26.245322,complete,Admission NC,positive,K,,,,,,,,,,,,,,,,,,,,,,,,,,,
184,case_25,2024-04-10 20:49:25.245322,complete,Release B,positive,E,,,,,,,,,,,,,,,,,,,,,,,,,,,
185,case_25,2024-04-10 21:51:34.245322,complete,Admission NC,positive,K,,,,,,,,,,,,,,,,,,,,,,,,,,,
186,case_25,2024-04-10 23:35:10.245322,complete,Release B,positive,E,,,,,,,,,,,,,,,,,,,,,,,,,,,
187,case_25,2024-04-11 00:22:30.245322,complete,Admission NC,positive,K,,,,,,,,,,,,,,,,,,,,,,,,,,,
188,case_25,2024-04-11 01:15:43.245322,complete,Release B,positive,E,,,,,,,,,,,,,,,,,,,,,,,,,,,
189,case_26,2024-04-10 15:39:53.245322,complete,LacticAcid,positive,L,,,,,114.0,,,,,,,,,,,,,,,,,,,,,,
190,case_26,2024-04-10 16:56:35.245322,complete,Release B,positive,E,,,,,,,,,,,,,,,,,,,,,,,,,,,
191,case_26,2024-04-10 17:49:10.245322,complete,Admission NC,positive,K,,,,,,,,,,,,,,,,,,,,,,,,,,,
192,case_26,2024-04-10 18:53:25.245322,complete,Release B,positive,E,,,,,,,,,,,,,,,,,,,,,,,,,,,
193,case_26,2024-04-10 19:54:24.245322,complete,Admission NC,positive,K,,,,,,,,,,,,,,,,,,,,,,,,,,,
194,case_26,2024-04-10 20:55:11.245322,complete,Release B,positive,E,,,,,,,,,,,,,,,,,,,,,,,,,,,
195,case_26,2024-04-10 22:29:19.245322,complete,LacticAcid,positive,L,,,,,8.0,,,,,,,,,,,,,,,,,,,,,,
196,case_26,2024-04-10 23:03:23.245322,complete,Leucocytes,positive,I,GB,89.0,3157.0,,,,,,,,,,,,,,,,,,,,,,,,
197,case_26,2024-04-10 23:56:31.245322,complete,LacticAcid,positive,I,,,,,8.0,,,,,,,,,,,,,,,,,,,,,,
198,case_26,2024-04-11 01:10:06.245322,complete,Leucocytes,positive,L,HE,20.0,155.0,,,,,,,,,,,,,,,,,,,,,,,,
199,case_27,2024-04-10 15:52:31.245322,complete,LacticAcid,positive,L,,,,,76.0,,,,,,,,,,,,,,,,,,,,,,
200,case_27,2024-04-10 17:09:08.245322,complete,Release B,positive,E,,,,,,,,,,,,,,,,,,,,,,,,,,,
201,case_27,2024-04-10 17:56:24.245322,complete,Admission NC,positive,K,,,,,,,,,,,,,,,,,,,,,,,,,,,
202,case_27,2024-04-10 18:48:21.245322,complete,Release B,positive,E,,,,,,,,,,,,,,,,,,,,,,,,,,,
203,case_27,2024-04-10 20:30:59.245322,complete,Admission NC,positive,K,,,,,,,,,,,,,,,,,,,,,,,,,,,
204,case_27,2024-04-10 21:20:36.245322,complete,Release B,positive,E,,,,,,,,,,,,,,,,,,,,,,,,,,,
205,case_27,2024-04-10 22:33:05.245322,complete,LacticAcid,positive,I,,,,,8.0,,,,,,,,,,,,,,,,,,,,,,
206,case_27,2024-04-10 23:35:29.245322,complete,Leucocytes,positive,I,GB,20.0,3157.0,,,,,,,,,,,,,,,,,,,,,,,,
207,case_27,2024-04-11 00:25:59.245322,complete,LacticAcid,positive,I,,,,,8.0,,,,,,,,,,,,,,,,,,,,,,
208,case_27,2024-04-11 01:17:11.245322,complete,Leucocytes,positive,L,HE,20.0,157.0,,,,,,,,,,,,,,,,,,,,,,,,
209,case_28,2024-04-10 15:47:59.245322,complete,LacticAcid,positive,L,,,,,137.0,,,,,,,,,,,,,,,,,,,,,,
210,case_28,2024-04-10 17:04:51.245322,complete,Release B,positive,E,,,,,,,,,,,,,,,,,,,,,,,,,,,
211,case_28,2024-04-10 18:09:45.245322,complete,Admission NC,positive,K,,,,,,,,,,,,,,,,,,,,,,,,,,,
212,case_28,2024-04-10 19:38:23.245322,complete,Release B,positive,E,,,,,,,,,,,,,,,,,,,,,,,,,,,
213,case_28,2024-04-10 20:30:42.245322,complete,Admission NC,positive,K,,,,,,,,,,,,,,,,,,,,,,,,,,,
214,case_28,2024-04-10 21:10:44.245322,complete,Release B,positive,E,,,,,,,,,,,,,,,,,,,,,,,,,,,
215,case_28,2024-04-10 22:15:09.245322,complete,LacticAcid,positive,L,,,,,8.0,,,,,,,,,,,,,,,,,,,,,,
216,case_28,2024-04-10 23:03:35.245322,complete,Leucocytes,positive,I,GB,20.0,3157.0,,,,,,,,,,,,,,,,,,,,,,,,
217,case_28,2024-04-10 23:40:28.245322,complete,LacticAcid,positive,I,,,,,8.0,,,,,,,,,,,,,,,,,,,,,,
218,case_28,2024-04-11 01:21:55.245322,complete,Leucocytes,positive,L,HE,20.0,155.0,,,,,,,,,,,,,,,,,,,,,,,,
219,case_29,2024-04-10 16:25:04.245322,complete,IV Antibiotics,positive,L,,,,,,,,,,,,,,,,,,,,,,,,,,,
220,case_29,2024-04-10 17:18:04.245322,complete,Release B,positive,E,,,,,,,,,,,,,,,,,,,,,,,,,,,
221,case_29,2024-04-10 18:21:51.245322,complete,Admission NC,positive,K,,,,,,,,,,,,,,,,,,,,,,,,,,,
222,case_29,2024-04-10 19:30:22.245322,complete,Release B,positive,E,,,,,,,,,,,,,,,,,,,,,,,,,,,
223,case_29,2024-04-10 19:51:37.245322,complete,Admission NC,positive,K,,,,,,,,,,,,,,,,,,,,,,,,,,,
224,case_29,2024-04-10 21:22:31.245322,complete,Release B,positive,E,,,,,,,,,,,,,,,,,,,,,,,,,,,
225,case_29,2024-04-10 22:04:13.245322,complete,LacticAcid,positive,Y,,,,,8.0,,,,,,,,,,,,,,,,,,,,,,
226,case_29,2024-04-10 23:02:18.245322,complete,Leucocytes,positive,I,GB,89.0,3157.0,,,,,,,,,,,,,,,,,,,,,,,,
227,case_29,2024-04-11 00:28:58.245322,complete,LacticAcid,positive,I,,,,,8.0,,,,,,,,,,,,,,,,,,,,,,
228,case_29,2024-04-11 01:31:10.245322,complete,Leucocytes,positive,L,HE,20.0,144.0,,,,,,,,,,,,,,,,,,,,,,,,
