,case:concept:name,time:timestamp,lifecycle:transition,concept:name,case:label,org:group,Diagnose,Age,Leucocytes,CRP,LacticAcid,InfectionSuspected,DiagnosticBlood,DisfuncOrg,SIRSCritTachypnea,Hypotensie,SIRSCritHeartRate,Infusion,DiagnosticArtAstrup,DiagnosticIC,DiagnosticSputum,DiagnosticLiquor,DiagnosticOther,SIRSCriteria2OrMore,DiagnosticXthorax,SIRSCritTemperature,DiagnosticUrinaryCulture,SIRSCritLeucos,Oligurie,DiagnosticLacticAcid,Hypoxie,DiagnosticUrinarySediment,DiagnosticECG
0,case_0,2024-04-10 16:04:31.991801,complete,Leucocytes,positive,A,YC,20.0,1186.0,,,,,,,,,,,,,,,,,,,,,,,,
1,case_0,2024-04-10 17:13:40.991801,complete,Admission NC,positive,F,,,,,,,,,,,,,,,,,,,,,,,,,,,
2,case_0,2024-04-10 18:32:50.991801,complete,CRP,positive,I,YC,21.0,,50.0,,,,,,,,,,,,,,,,,,,,,,,
3,case_0,2024-04-10 18:53:45.991801,complete,CRP,positive,A,YB,89.0,,4873.0,,,,,,,,,,,,,,,,,,,,,,,
4,case_0,2024-04-10 19:51:49.991801,complete,Leucocytes,positive,K,YA,58.0,138.0,,,,,,,,,,,,,,,,,,,,,,,,
5,case_0,2024-04-10 20:40:17.991801,complete,CRP,positive,I,YC,90.0,,51.0,,,,,,,,,,,,,,,,,,,,,,,
6,case_0,2024-04-10 22:02:36.991801,complete,CRP,positive,A,YB,20.0,,50.0,,,,,,,,,,,,,,,,,,,,,,,
7,case_0,2024-04-10 23:22:22.991801,complete,Admission NC,positive,F,,,,,,,,,,,,,,,,,,,,,,,,,,,
8,case_1,2024-04-10 16:03:30.991801,complete,CRP,positive,K,YA,20.0,,5074.0,,,,,,,,,,,,,,,,,,,,,,,
9,case_1,2024-04-10 16:56:45.991801,complete,Leucocytes,positive,L,YA,23.0,138.0,,,,,,,,,,,,,,,,,,,,,,,,
10,case_1,2024-04-10 18:15:13.991801,complete,Release B,positive,E,,,,,,,,,,,,,,,,,,,,,,,,,,,
11,case_1,2024-04-10 19:24:27.991801,complete,CRP,positive,L,YB,23.0,,4873.0,,,,,,,,,,,,,,,,,,,,,,,
12,case_1,2024-04-10 20:25:38.991801,complete,CRP,positive,I,YC,20.0,,1397.0,,,,,,,,,,,,,,,,,,,,,,,
13,case_1,2024-04-10 21:33:22.991801,complete,Leucocytes,positive,J,YB,20.0,138.0,,,,,,,,,,,,,,,,,,,,,,,,
14,case_1,2024-04-10 22:21:12.991801,complete,Admission NC,positive,J,,,,,,,,,,,,,,,,,,,,,,,,,,,
15,case_1,2024-04-10 23:10:43.991801,complete,Admission NC,positive,F,,,,,,,,,,,,,,,,,,,,,,,,,,,
16,case_2,2024-04-10 16:19:22.991801,complete,Leucocytes,positive,K,YA,20.0,2844.0,,,,,,,,,,,,,,,,,,,,,,,,
17,case_2,2024-04-10 16:54:35.991801,complete,Leucocytes,positive,K,YA,23.0,138.0,,,,,,,,,,,,,,,,,,,,,,,,
18,case_2,2024-04-10 17:56:03.991801,complete,Release B,positive,E,,,,,,,,,,,,,,,,,,,,,,,,,,,
19,case_2,2024-04-10 18:59:56.991801,complete,CRP,positive,L,YB,23.0,,4873.0,,,,,,,,,,,,,,,,,,,,,,,
20,case_2,2024-04-10 19:58:23.991801,complete,CRP,positive,I,YC,20.0,,1397.0,,,,,,,,,,,,,,,,,,,,,,,
21,case_2,2024-04-10 20:49:43.991801,complete,Leucocytes,positive,J,YB,20.0,138.0,,,,,,,,,,,,,,,,,,,,,,,,
22,case_2,2024-04-10 22:28:51.991801,complete,Admission NC,positive,J,,,,,,,,,,,,,,,,,,,,,,,,,,,
23,case_2,2024-04-10 23:12:25.991801,complete,Admission NC,positive,F,,,,,,,,,,,,,,,,,,,,,,,,,,,
24,case_3,2024-04-10 16:30:34.991801,complete,CRP,positive,A,YB,54.0,,3739.0,,,,,,,,,,,,,,,,,,,,,,,
25,case_3,2024-04-10 16:51:40.991801,complete,LacticAcid,positive,?,,,,,121.0,,,,,,,,,,,,,,,,,,,,,,
26,case_3,2024-04-10 17:53:17.991801,complete,ER Registration,positive,A,YA,90.0,,,,true,true,true,false,false,false,true,false,true,false,true,true,false,false,true,true,false,true,true,true,false,false
27,case_3,2024-04-10 19:01:07.991801,complete,Leucocytes,positive,I,YC,21.0,138.0,,,,,,,,,,,,,,,,,,,,,,,,
28,case_3,2024-04-10 20:31:22.991801,complete,CRP,positive,A,YB,20.0,,51.0,,,,,,,,,,,,,,,,,,,,,,,
29,case_3,2024-04-10 20:38:43.991801,complete,Admission NC,positive,F,,,,,,,,,,,,,,,,,,,,,,,,,,,
30,case_3,2024-04-10 22:16:01.991801,complete,Admission NC,positive,F,,,,,,,,,,,,,,,,,,,,,,,,,,,
31,case_3,2024-04-10 23:31:13.991801,complete,Leucocytes,positive,L,YA,22.0,428.0,,,,,,,,,,,,,,,,,,,,,,,,
32,case_4,2024-04-10 16:01:25.991801,complete,CRP,positive,K,L,20.0,,3695.0,,,,,,,,,,,,,,,,,,,,,,,
33,case_4,2024-04-10 16:56:09.991801,complete,Leucocytes,positive,K,YC,20.0,768.0,,,,,,,,,,,,,,,,,,,,,,,,
34,case_4,2024-04-10 18:30:58.991801,complete,CRP,positive,K,YA,23.0,,51.0,,,,,,,,,,,,,,,,,,,,,,,
35,case_4,2024-04-10 19:08:40.991801,complete,Leucocytes,positive,K,QA,21.0,138.0,,,,,,,,,,,,,,,,,,,,,,,,
36,case_4,2024-04-10 19:56:29.991801,complete,CRP,positive,I,YD,22.0,,1397.0,,,,,,,,,,,,,,,,,,,,,,,
37,case_4,2024-04-10 21:16:52.991801,complete,Leucocytes,positive,I,YA,21.0,138.0,,,,,,,,,,,,,,,,,,,,,,,,
38,case_4,2024-04-10 22:22:29.991801,complete,Admission NC,positive,F,,,,,,,,,,,,,,,,,,,,,,,,,,,
39,case_4,2024-04-10 22:36:04.991801,complete,Admission NC,positive,F,,,,,,,,,,,,,,,,,,,,,,,,,,,
40,case_5,2024-04-10 16:13:26.991801,complete,CRP,positive,L,YD,24.0,,394.0,,,,,,,,,,,,,,,,,,,,,,,
41,case_5,2024-04-10 17:11:22.991801,complete,Leucocytes,positive,J,YB,23.0,3048.0,,,,,,,,,,,,,,,,,,,,,,,,
42,case_5,2024-04-10 17:45:39.991801,complete,CRP,positive,L,YC,20.0,,51.0,,,,,,,,,,,,,,,,,,,,,,,
43,case_5,2024-04-10 19:24:34.991801,complete,CRP,positive,I,YA,22.0,,50.0,,,,,,,,,,,,,,,,,,,,,,,
44,case_5,2024-04-10 20:11:39.991801,complete,Admission NC,positive,?,,,,,,,,,,,,,,,,,,,,,,,,,,,
45,case_5,2024-04-10 20:47:07.991801,complete,Release B,positive,E,,,,,,,,,,,,,,,,,,,,,,,,,,,
46,case_5,2024-04-10 22:20:44.991801,complete,Admission NC,positive,K,,,,,,,,,,,,,,,,,,,,,,,,,,,
47,case_5,2024-04-10 22:39:16.991801,complete,Release B,positive,E,,,,,,,,,,,,,,,,,,,,,,,,,,,
48,case_6,2024-04-10 15:40:27.991801,complete,LacticAcid,positive,L,,,,,2.0,,,,,,,,,,,,,,,,,,,,,,
49,case_6,2024-04-10 17:02:09.991801,complete,Leucocytes,positive,K,YB,27.0,139.0,,,,,,,,,,,,,,,,,,,,,,,,
50,case_6,2024-04-10 17:44:22.991801,complete,CRP,positive,K,YA,20.0,,52.0,,,,,,,,,,,,,,,,,,,,,,,
51,case_6,2024-04-10 18:51:32.991801,complete,Admission NC,positive,J,,,,,,,,,,,,,,,,,,,,,,,,,,,
52,case_6,2024-04-10 19:49:06.991801,complete,Admission NC,positive,F,,,,,,,,,,,,,,,,,,,,,,,,,,,
53,case_6,2024-04-10 20:58:09.991801,complete,CRP,positive,L,YA,20.0,,1691.0,,,,,,,,,,,,,,,,,,,,,,,
54,case_7,2024-04-10 16:23:56.991801,complete,CRP,positive,K,RC,24.0,,2657.0,,,,,,,,,,,,,,,,,,,,,,,
55,case_7,2024-04-10 17:04:51.991801,complete,Admission NC,positive,J,,,,,,,,,,,,,,,,,,,,,,,,,,,
56,case_7,2024-04-10 18:10:10.991801,complete,Admission NC,positive,?,,,,,,,,,,,,,,,,,,,,,,,,,,,
57,case_7,2024-04-10 19:10:24.991801,complete,CRP,positive,A,YA,22.0,,2131.0,,,,,,,,,,,,,,,,,,,,,,,
58,case_7,2024-04-10 20:27:33.991801,complete,LacticAcid,positive,K,,,,,8.0,,,,,,,,,,,,,,,,,,,,,,
59,case_7,2024-04-10 20:41:17.991801,complete,Leucocytes,positive,K,YC,20.0,139.0,,,,,,,,,,,,,,,,,,,,,,,,
60,case_8,2024-04-10 15:41:48.991801,complete,Leucocytes,positive,A,YB,24.0,2.0,,,,,,,,,,,,,,,,,,,,,,,,
61,case_8,2024-04-10 17:10:35.991801,complete,Admission NC,positive,J,,,,,,,,,,,,,,,,,,,,,,,,,,,
62,case_8,2024-04-10 18:03:53.991801,complete,Leucocytes,positive,K,YB,21.0,1109.0,,,,,,,,,,,,,,,,,,,,,,,,
63,case_8,2024-04-10 19:23:51.991801,complete,CRP,positive,J,YA,64.0,,2588.0,,,,,,,,,,,,,,,,,,,,,,,
64,case_8,2024-04-10 20:19:11.991801,complete,CRP,positive,I,YA,27.0,,2652.0,,,,,,,,,,,,,,,,,,,,,,,
65,case_8,2024-04-10 21:01:16.991801,complete,Admission NC,positive,F,,,,,,,,,,,,,,,,,,,,,,,,,,,
66,case_9,2024-04-10 16:20:03.991801,complete,Admission NC,positive,F,,,,,,,,,,,,,,,,,,,,,,,,,,,
67,case_9,2024-04-10 17:16:52.991801,complete,CRP,positive,C,YA,20.0,,1397.0,,,,,,,,,,,,,,,,,,,,,,,
68,case_9,2024-04-10 18:23:12.991801,complete,Admission NC,positive,F,,,,,,,,,,,,,,,,,,,,,,,,,,,
69,case_9,2024-04-10 19:07:48.991801,complete,Leucocytes,positive,K,YA,20.0,2350.0,,,,,,,,,,,,,,,,,,,,,,,,
70,case_9,2024-04-10 19:48:19.991801,complete,IV Antibiotics,positive,L,,,,,,,,,,,,,,,,,,,,,,,,,,,
71,case_9,2024-04-10 20:42:42.991801,complete,IV Antibiotics,positive,L,,,,,,,,,,,,,,,,,,,,,,,,,,,
72,case_10,2024-04-10 16:14:08.991801,complete,Admission NC,positive,?,,,,,,,,,,,,,,,,,,,,,,,,,,,
73,case_10,2024-04-10 17:22:22.991801,complete,CRP,positive,E,YA,21.0,,52.0,,,,,,,,,,,,,,,,,,,,,,,
74,case_10,2024-04-10 17:41:59.991801,complete,CRP,positive,I,YA,20.0,,1098.0,,,,,,,,,,,,,,,,,,,,,,,
75,case_10,2024-04-10 19:02:33.991801,complete,Leucocytes,positive,?,YA,20.0,138.0,,,,,,,,,,,,,,,,,,,,,,,,
76,case_10,2024-04-10 20:13:57.991801,complete,Leucocytes,positive,K,YA,20.0,108.0,,,,,,,,,,,,,,,,,,,,,,,,
77,case_10,2024-04-10 20:55:01.991801,complete,Leucocytes,positive,K,YD,90.0,160.0,,,,,,,,,,,,,,,,,,,,,,,,
78,case_10,2024-04-10 21:48:52.991801,complete,CRP,positive,K,YB,20.0,,5608.0,,,,,,,,,,,,,,,,,,,,,,,
79,case_10,2024-04-10 23:05:52.991801,complete,Admission NC,positive,?,,,,,,,,,,,,,,,,,,,,,,,,,,,
80,case_10,2024-04-11 00:02:36.991801,complete,Leucocytes,positive,E,QA,21.0,2282.0,,,,,,,,,,,,,,,,,,,,,,,,
81,case_11,2024-04-10 15:52:14.991801,complete,Leucocytes,positive,K,YA,82.0,2942.0,,,,,,,,,,,,,,,,,,,,,,,,
82,case_11,2024-04-10 17:03:21.991801,complete,CRP,positive,?,YA,20.0,,50.0,,,,,,,,,,,,,,,,,,,,,,,
83,case_11,2024-04-10 18:20:57.991801,complete,Admission NC,positive,J,,,,,,,,,,,,,,,,,,,,,,,,,,,
84,case_11,2024-04-10 19:15:17.991801,complete,Admission NC,positive,A,,,,,,,,,,,,,,,,,,,,,,,,,,,
85,case_11,2024-04-10 20:05:29.991801,complete,ER Registration,positive,K,YB,20.0,,,,true,true,false,false,false,true,true,false,true,true,false,false,true,false,true,true,false,true,false,false,true,false
86,case_11,2024-04-10 21:30:56.991801,complete,CRP,positive,A,YB,20.0,,50.0,,,,,,,,,,,,,,,,,,,,,,,
87,case_11,2024-04-10 22:15:38.991801,complete,CRP,positive,A,YC,41.0,,51.0,,,,,,,,,,,,,,,,,,,,,,,
88,case_11,2024-04-10 23:22:32.991801,complete,CRP,positive,K,YA,20.0,,50.0,,,,,,,,,,,,,,,,,,,,,,,
89,case_11,2024-04-11 00:02:11.991801,complete,Leucocytes,positive,L,YA,20.0,2494.0,,,,,,,,,,,,,,,,,,,,,,,,
90,case_12,2024-04-10 16:20:00.991801,complete,Leucocytes,positive,K,YA,20.0,2452.0,,,,,,,,,,,,,,,,,,,,,,,,
91,case_12,2024-04-10 16:54:43.991801,complete,Admission NC,positive,J,,,,,,,,,,,,,,,,,,,,,,,,,,,
92,case_12,2024-04-10 18:21:05.991801,complete,CRP,positive,K,YA,20.0,,5046.0,,,,,,,,,,,,,,,,,,,,,,,
93,case_12,2024-04-10 19:13:22.991801,complete,Admission NC,positive,F,,,,,,,,,,,,,,,,,,,,,,,,,,,
94,case_12,2024-04-10 20:20:23.991801,complete,CRP,positive,?,YA,21.0,,1476.0,,,,,,,,,,,,,,,,,,,,,,,
95,case_12,2024-04-10 21:05:20.991801,complete,CRP,positive,K,YB,26.0,,631.0,,,,,,,,,,,,,,,,,,,,,,,
96,case_12,2024-04-10 22:33:01.991801,complete,Leucocytes,positive,L,YA,23.0,139.0,,,,,,,,,,,,,,,,,,,,,,,,
97,case_12,2024-04-10 22:42:05.991801,complete,CRP,positive,I,YA,24.0,,4158.0,,,,,,,,,,,,,,,,,,,,,,,
98,case_12,2024-04-11 00:10:47.991801,complete,CRP,positive,E,YB,20.0,,4281.0,,,,,,,,,,,,,,,,,,,,,,,
99,case_13,2024-04-10 16:07:22.991801,complete,Leucocytes,positive,A,YA,20.0,2452.0,,,,,,,,,,,,,,,,,,,,,,,,
100,case_13,2024-04-10 16:47:06.991801,complete,Admission NC,positive,J,,,,,,,,,,,,,,,,,,,,,,,,,,,
101,case_13,2024-04-10 18:35:53.991801,complete,CRP,positive,E,YA,20.0,,5046.0,,,,,,,,,,,,,,,,,,,,,,,
102,case_13,2024-04-10 19:21:20.991801,complete,Leucocytes,positive,K,YA,23.0,138.0,,,,,,,,,,,,,,,,,,,,,,,,
103,case_13,2024-04-10 19:51:39.991801,complete,CRP,positive,K,YB,20.0,,1478.0,,,,,,,,,,,,,,,,,,,,,,,
104,case_13,2024-04-10 20:57:52.991801,complete,CRP,positive,I,QC,20.0,,51.0,,,,,,,,,,,,,,,,,,,,,,,
105,case_13,2024-04-10 21:48:53.991801,complete,Leucocytes,positive,L,YD,20.0,2965.0,,,,,,,,,,,,,,,,,,,,,,,,
106,case_13,2024-04-10 23:09:04.991801,complete,Leucocytes,positive,L,QA,20.0,1714.0,,,,,,,,,,,,,,,,,,,,,,,,
107,case_13,2024-04-10 23:36:53.991801,complete,Admission NC,positive,F,,,,,,,,,,,,,,,,,,,,,,,,,,,
108,case_14,2024-04-10 15:42:26.991801,complete,CRP,positive,I,YC,21.0,,2955.0,,,,,,,,,,,,,,,,,,,,,,,
109,case_14,2024-04-10 17:23:23.991801,complete,CRP,positive,K,QB,20.0,,50.0,,,,,,,,,,,,,,,,,,,,,,,
110,case_14,2024-04-10 18:31:52.991801,complete,CRP,positive,L,YA,21.0,,50.0,,,,,,,,,,,,,,,,,,,,,,,
111,case_14,2024-04-10 19:04:38.991801,complete,CRP,positive,L,YB,21.0,,96.0,,,,,,,,,,,,,,,,,,,,,,,
112,case_14,2024-04-10 19:46:12.991801,complete,Admission NC,positive,F,,,,,,,,,,,,,,,,,,,,,,,,,,,
113,case_14,2024-04-10 20:38:54.991801,complete,CRP,positive,K,YA,90.0,,51.0,,,,,,,,,,,,,,,,,,,,,,,
114,case_14,2024-04-10 21:49:23.991801,complete,Release B,positive,E,,,,,,,,,,,,,,,,,,,,,,,,,,,
115,case_14,2024-04-10 22:37:51.991801,complete,Admission NC,positive,K,,,,,,,,,,,,,,,,,,,,,,,,,,,
116,case_14,2024-04-11 00:12:39.991801,complete,Release B,positive,E,,,,,,,,,,,,,,,,,,,,,,,,,,,
117,case_14,2024-04-11 00:47:47.991801,complete,Leucocytes,positive,L,YD,20.0,138.0,,,,,,,,,,,,,,,,,,,,,,,,
118,case_15,2024-04-10 15:36:41.991801,complete,CRP,positive,J,YD,21.0,,600.0,,,,,,,,,,,,,,,,,,,,,,,
119,case_15,2024-04-10 17:08:04.991801,complete,CRP,positive,J,YB,20.0,,54.0,,,,,,,,,,,,,,,,,,,,,,,
120,case_15,2024-04-10 18:26:30.991801,complete,CRP,positive,K,YD,20.0,,2541.0,,,,,,,,,,,,,,,,,,,,,,,
121,case_15,2024-04-10 19:10:27.991801,complete,Leucocytes,positive,K,YA,20.0,138.0,,,,,,,,,,,,,,,,,,,,,,,,
122,case_15,2024-04-10 20:03:50.991801,complete,Leucocytes,positive,K,YA,23.0,139.0,,,,,,,,,,,,,,,,,,,,,,,,
123,case_15,2024-04-10 20:48:56.991801,complete,Admission NC,positive,A,,,,,,,,,,,,,,,,,,,,,,,,,,,
124,case_15,2024-04-10 22:14:45.991801,complete,Admission NC,positive,F,,,,,,,,,,,,,,,,,,,,,,,,,,,
125,case_15,2024-04-10 22:40:25.991801,complete,CRP,positive,I,YA,21.0,,4419.0,,,,,,,,,,,,,,,,,,,,,,,
126,case_15,2024-04-10 23:51:06.991801,complete,Leucocytes,positive,J,QA,21.0,1337.0,,,,,,,,,,,,,,,,,,,,,,,,
127,case_15,2024-04-11 01:34:59.991801,complete,Leucocytes,positive,J,YA,23.0,138.0,,,,,,,,,,,,,,,,,,,,,,,,
128,case_16,2024-04-10 16:00:16.991801,complete,Admission NC,positive,J,,,,,,,,,,,,,,,,,,,,,,,,,,,
129,case_16,2024-04-10 17:01:41.991801,complete,Leucocytes,positive,I,YC,21.0,1988.0,,,,,,,,,,,,,,,,,,,,,,,,
130,case_16,2024-04-10 18:11:49.991801,complete,CRP,positive,K,QB,20.0,,3011.0,,,,,,,,,,,,,,,,,,,,,,,
131,case_16,2024-04-10 19:22:40.991801,complete,IV Antibiotics,positive,L,,,,,,,,,,,,,,,,,,,,,,,,,,,
132,case_16,2024-04-10 19:59:20.991801,complete,ER Sepsis Triage,positive,L,YA,21.0,,,,,,,,,,,,,,,,,,,,,,,,,
133,case_16,2024-04-10 21:17:31.991801,complete,IV Antibiotics,positive,L,,,,,,,,,,,,,,,,,,,,,,,,,,,
134,case_16,2024-04-10 22:13:02.991801,complete,CRP,positive,L,YB,90.0,,2914.0,,,,,,,,,,,,,,,,,,,,,,,
135,case_16,2024-04-10 23:12:22.991801,complete,CRP,positive,I,YA,89.0,,51.0,,,,,,,,,,,,,,,,,,,,,,,
136,case_16,2024-04-11 00:06:16.991801,complete,Admission NC,positive,J,,,,,,,,,,,,,,,,,,,,,,,,,,,
137,case_16,2024-04-11 01:04:04.991801,complete,Leucocytes,positive,L,YA,23.0,2148.0,,,,,,,,,,,,,,,,,,,,,,,,
138,case_17,2024-04-10 16:16:19.991801,complete,CRP,positive,K,YC,21.0,,50.0,,,,,,,,,,,,,,,,,,,,,,,
139,case_17,2024-04-10 16:40:57.991801,complete,CRP,positive,K,QB,20.0,,780.0,,,,,,,,,,,,,,,,,,,,,,,
140,case_17,2024-04-10 18:03:09.991801,complete,CRP,positive,L,YA,90.0,,2541.0,,,,,,,,,,,,,,,,,,,,,,,
141,case_17,2024-04-10 19:33:47.991801,complete,Leucocytes,positive,I,QA,21.0,138.0,,,,,,,,,,,,,,,,,,,,,,,,
142,case_17,2024-04-10 20:01:34.991801,complete,Admission NC,positive,F,,,,,,,,,,,,,,,,,,,,,,,,,,,
143,case_17,2024-04-10 20:37:12.991801,complete,CRP,positive,I,YA,20.0,,1905.0,,,,,,,,,,,,,,,,,,,,,,,
144,case_17,2024-04-10 22:06:51.991801,complete,Leucocytes,positive,?,YA,20.0,138.0,,,,,,,,,,,,,,,,,,,,,,,,
145,case_17,2024-04-10 23:04:50.991801,complete,Leucocytes,positive,K,YA,20.0,138.0,,,,,,,,,,,,,,,,,,,,,,,,
146,case_17,2024-04-11 00:34:59.991801,complete,Admission NC,positive,F,,,,,,,,,,,,,,,,,,,,,,,,,,,
147,case_17,2024-04-11 00:47:01.991801,complete,Leucocytes,positive,L,YA,24.0,2148.0,,,,,,,,,,,,,,,,,,,,,,,,
148,case_18,2024-04-10 16:02:36.991801,complete,CRP,positive,E,YB,20.0,,50.0,,,,,,,,,,,,,,,,,,,,,,,
149,case_18,2024-04-10 17:23:48.991801,complete,CRP,positive,L,YA,21.0,,4839.0,,,,,,,,,,,,,,,,,,,,,,,
150,case_18,2024-04-10 17:37:30.991801,complete,ER Registration,positive,K,YB,20.0,,,,true,false,true,true,false,false,false,true,true,false,true,false,false,true,true,true,false,false,false,false,false,true
151,case_18,2024-04-10 19:28:55.991801,complete,CRP,positive,I,YA,41.0,,93.0,,,,,,,,,,,,,,,,,,,,,,,
152,case_18,2024-04-10 20:06:34.991801,complete,CRP,positive,K,YB,20.0,,50.0,,,,,,,,,,,,,,,,,,,,,,,
153,case_18,2024-04-10 21:14:27.991801,complete,Admission NC,positive,F,,,,,,,,,,,,,,,,,,,,,,,,,,,
154,case_18,2024-04-10 22:20:43.991801,complete,Leucocytes,positive,K,YD,22.0,2986.0,,,,,,,,,,,,,,,,,,,,,,,,
155,case_18,2024-04-10 23:13:25.991801,complete,Admission NC,positive,F,,,,,,,,,,,,,,,,,,,,,,,,,,,
156,case_18,2024-04-10 23:46:24.991801,complete,Leucocytes,positive,I,YA,23.0,3783.0,,,,,,,,,,,,,,,,,,,,,,,,
157,case_18,2024-04-11 00:43:13.991801,complete,CRP,positive,E,YA,34.0,,50.0,,,,,,,,,,,,,,,,,,,,,,,
158,case_19,2024-04-10 16:19:50.991801,complete,CRP,positive,A,YB,20.0,,50.0,,,,,,,,,,,,,,,,,,,,,,,
159,case_19,2024-04-10 16:47:06.991801,complete,CRP,positive,I,YA,23.0,,780.0,,,,,,,,,,,,,,,,,,,,,,,
160,case_19,2024-04-10 17:46:43.991801,complete,Admission NC,positive,F,,,,,,,,,,,,,,,,,,,,,,,,,,,
161,case_19,2024-04-10 19:30:50.991801,complete,Leucocytes,positive,A,YA,25.0,2295.0,,,,,,,,,,,,,,,,,,,,,,,,
162,case_19,2024-04-10 20:27:00.991801,complete,Admission NC,positive,F,,,,,,,,,,,,,,,,,,,,,,,,,,,
163,case_19,2024-04-10 21:05:58.991801,complete,CRP,positive,K,YA,21.0,,1905.0,,,,,,,,,,,,,,,,,,,,,,,
164,case_19,2024-04-10 22:19:55.991801,complete,CRP,positive,L,YB,21.0,,4054.0,,,,,,,,,,,,,,,,,,,,,,,
165,case_19,2024-04-10 22:42:13.991801,complete,CRP,positive,K,YA,23.0,,50.0,,,,,,,,,,,,,,,,,,,,,,,
166,case_19,2024-04-10 23:44:13.991801,complete,CRP,positive,K,YA,89.0,,1664.0,,,,,,,,,,,,,,,,,,,,,,,
167,case_19,2024-04-11 01:30:25.991801,complete,CRP,positive,L,YA,20.0,,51.0,,,,,,,,,,,,,,,,,,,,,,,
168,case_20,2024-04-10 16:21:48.991801,complete,Admission NC,positive,J,,,,,,,,,,,,,,,,,,,,,,,,,,,
169,case_20,2024-04-10 16:45:17.991801,complete,CRP,positive,K,QA,21.0,,2568.0,,,,,,,,,,,,,,,,,,,,,,,
170,case_20,2024-04-10 18:26:04.991801,complete,Admission NC,positive,F,,,,,,,,,,,,,,,,,,,,,,,,,,,
171,case_20,2024-04-10 19:33:24.991801,complete,CRP,positive,K,YD,21.0,,50.0,,,,,,,,,,,,,,,,,,,,,,,
172,case_20,2024-04-10 20:34:36.991801,complete,Leucocytes,positive,A,YA,21.0,2229.0,,,,,,,,,,,,,,,,,,,,,,,,
173,case_20,2024-04-10 21:11:41.991801,complete,CRP,positive,J,KA,20.0,,50.0,,,,,,,,,,,,,,,,,,,,,,,
174,case_20,2024-04-10 22:01:35.991801,complete,Leucocytes,positive,K,YC,21.0,3381.0,,,,,,,,,,,,,,,,,,,,,,,,
175,case_20,2024-04-10 23:32:20.991801,complete,Leucocytes,positive,K,YA,22.0,139.0,,,,,,,,,,,,,,,,,,,,,,,,
176,case_20,2024-04-10 23:54:24.991801,complete,Leucocytes,positive,I,YB,21.0,1006.0,,,,,,,,,,,,,,,,,,,,,,,,
177,case_20,2024-04-11 00:57:24.991801,complete,CRP,positive,J,YB,21.0,,4234.0,,,,,,,,,,,,,,,,,,,,,,,
178,case_21,2024-04-10 16:11:00.991801,complete,Admission NC,positive,J,,,,,,,,,,,,,,,,,,,,,,,,,,,
179,case_21,2024-04-10 17:01:00.991801,complete,Leucocytes,positive,K,YD,21.0,2040.0,,,,,,,,,,,,,,,,,,,,,,,,
180,case_21,2024-04-10 18:08:33.991801,complete,Release A,positive,K,,,,,,,,,,,,,,,,,,,,,,,,,,,
181,case_21,2024-04-10 18:48:38.991801,complete,CRP,positive,I,QA,21.0,,50.0,,,,,,,,,,,,,,,,,,,,,,,
182,case_21,2024-04-10 20:05:45.991801,complete,Leucocytes,positive,K,YD,21.0,1807.0,,,,,,,,,,,,,,,,,,,,,,,,
183,case_21,2024-04-10 21:16:18.991801,complete,Admission NC,positive,F,,,,,,,,,,,,,,,,,,,,,,,,,,,
184,case_21,2024-04-10 21:56:00.991801,complete,CRP,positive,A,YA,90.0,,277.0,,,,,,,,,,,,,,,,,,,,,,,
185,case_21,2024-04-10 23:03:31.991801,complete,CRP,positive,I,QB,20.0,,4160.0,,,,,,,,,,,,,,,,,,,,,,,
186,case_21,2024-04-11 00:36:00.991801,complete,CRP,positive,K,YC,20.0,,1025.0,,,,,,,,,,,,,,,,,,,,,,,
187,case_21,2024-04-11 01:26:10.991801,complete,CRP,positive,J,YB,20.0,,1539.0,,,,,,,,,,,,,,,,,,,,,,,
188,case_22,2024-04-10 15:50:01.991801,complete,IV Antibiotics,positive,L,,,,,,,,,,,,,,,,,,,,,,,,,,,
189,case_22,2024-04-10 16:53:39.991801,complete,ER Sepsis Triage,positive,L,YD,28.0,,,,,,,,,,,,,,,,,,,,,,,,,
190,case_22,2024-04-10 17:56:25.991801,complete,IV Antibiotics,positive,L,,,,,,,,,,,,,,,,,,,,,,,,,,,
191,case_22,2024-04-10 19:12:29.991801,complete,CRP,positive,K,YA,20.0,,2057.0,,,,,,,,,,,,,,,,,,,,,,,
192,case_22,2024-04-10 19:41:02.991801,complete,CRP,positive,L,YA,90.0,,50.0,,,,,,,,,,,,,,,,,,,,,,,
193,case_22,2024-04-10 20:39:11.991801,complete,Admission NC,positive,F,,,,,,,,,,,,,,,,,,,,,,,,,,,
194,case_22,2024-04-10 21:54:11.991801,complete,Admission NC,positive,A,,,,,,,,,,,,,,,,,,,,,,,,,,,
195,case_23,2024-04-10 16:21:12.991801,complete,Leucocytes,positive,K,YB,23.0,296.0,,,,,,,,,,,,,,,,,,,,,,,,
196,case_23,2024-04-10 17:19:47.991801,complete,CRP,positive,A,YD,21.0,,50.0,,,,,,,,,,,,,,,,,,,,,,,
197,case_23,2024-04-10 18:08:57.991801,complete,CRP,positive,A,YA,22.0,,50.0,,,,,,,,,,,,,,,,,,,,,,,
198,case_23,2024-04-10 19:28:53.991801,complete,Admission NC,positive,A,,,,,,,,,,,,,,,,,,,,,,,,,,,
199,case_23,2024-04-10 20:25:47.991801,complete,Admission NC,positive,F,,,,,,,,,,,,,,,,,,,,,,,,,,,
200,case_23,2024-04-10 21:25:09.991801,complete,CRP,positive,K,YC,20.0,,2542.0,,,,,,,,,,,,,,,,,,,,,,,
201,case_23,2024-04-10 21:50:36.991801,complete,CRP,positive,I,YA,20.0,,1155.0,,,,,,,,,,,,,,,,,,,,,,,
202,case_24,2024-04-10 16:21:57.991801,complete,IV Antibiotics,positive,L,,,,,,,,,,,,,,,,,,,,,,,,,,,
203,case_24,2024-04-10 16:44:17.991801,complete,ER Sepsis Triage,positive,L,YC,28.0,,,,,,,,,,,,,,,,,,,,,,,,,
204,case_24,2024-04-10 18:17:04.991801,complete,IV Antibiotics,positive,L,,,,,,,,,,,,,,,,,,,,,,,,,,,
205,case_24,2024-04-10 19:19:12.991801,complete,CRP,positive,K,YA,90.0,,2057.0,,,,,,,,,,,,,,,,,,,,,,,
206,case_24,2024-04-10 20:26:07.991801,complete,Admission NC,positive,A,,,,,,,,,,,,,,,,,,,,,,,,,,,
207,case_24,2024-04-10 21:33:30.991801,complete,Admission NC,positive,F,,,,,,,,,,,,,,,,,,,,,,,,,,,
208,case_24,2024-04-10 21:57:44.991801,complete,IV Antibiotics,positive,L,,,,,,,,,,,,,,,,,,,,,,,,,,,
209,case_25,2024-04-10 16:30:48.991801,complete,CRP,positive,E,B,22.0,,3214.0,,,,,,,,,,,,,,,,,,,,,,,
210,case_25,2024-04-10 16:54:17.991801,complete,Leucocytes,positive,J,QA,90.0,1443.0,,,,,,,,,,,,,,,,,,,,,,,,
211,case_25,2024-04-10 17:44:52.991801,complete,Admission NC,positive,?,,,,,,,,,,,,,,,,,,,,,,,,,,,
212,case_25,2024-04-10 19:12:18.991801,complete,CRP,positive,?,YC,20.0,,3671.0,,,,,,,,,,,,,,,,,,,,,,,
213,case_25,2024-04-10 19:59:31.991801,complete,Leucocytes,positive,I,YB,22.0,139.0,,,,,,,,,,,,,,,,,,,,,,,,
214,case_25,2024-04-10 21:24:54.991801,complete,Leucocytes,positive,I,YB,22.0,138.0,,,,,,,,,,,,,,,,,,,,,,,,
215,case_25,2024-04-10 21:58:59.991801,complete,Admission NC,positive,J,,,,,,,,,,,,,,,,,,,,,,,,,,,
216,case_26,2024-04-10 15:59:27.991801,complete,CRP,positive,A,YC,20.0,,4381.0,,,,,,,,,,,,,,,,,,,,,,,
217,case_26,2024-04-10 17:14:22.991801,complete,Leucocytes,positive,A,YA,90.0,1443.0,,,,,,,,,,,,,,,,,,,,,,,,
218,case_26,2024-04-10 18:35:28.991801,complete,Admission NC,positive,F,,,,,,,,,,,,,,,,,,,,,,,,,,,
219,case_26,2024-04-10 18:52:16.991801,complete,CRP,positive,K,YC,20.0,,3671.0,,,,,,,,,,,,,,,,,,,,,,,
220,case_26,2024-04-10 20:32:30.991801,complete,Leucocytes,positive,K,YA,25.0,138.0,,,,,,,,,,,,,,,,,,,,,,,,
221,case_26,2024-04-10 21:35:48.991801,complete,CRP,positive,I,YA,22.0,,50.0,,,,,,,,,,,,,,,,,,,,,,,
222,case_26,2024-04-10 21:49:07.991801,complete,Admission NC,positive,F,,,,,,,,,,,,,,,,,,,,,,,,,,,
223,case_27,2024-04-10 16:08:40.991801,complete,LacticAcid,positive,L,,,,,2.0,,,,,,,,,,,,,,,,,,,,,,
224,case_27,2024-04-10 16:38:28.991801,complete,Leucocytes,positive,K,YC,20.0,139.0,,,,,,,,,,,,,,,,,,,,,,,,
225,case_27,2024-04-10 17:54:46.991801,complete,Admission NC,positive,J,,,,,,,,,,,,,,,,,,,,,,,,,,,
226,case_27,2024-04-10 18:49:00.991801,complete,Admission NC,positive,J,,,,,,,,,,,,,,,,,,,,,,,,,,,
227,case_27,2024-04-10 19:55:41.991801,complete,CRP,positive,L,YC,27.0,,2227.0,,,,,,,,,,,,,,,,,,,,,,,
228,case_28,2024-04-10 16:00:14.991801,complete,Admission NC,positive,F,,,,,,,,,,,,,,,,,,,,,,,,,,,
229,case_28,2024-04-10 17:23:11.991801,complete,Admission NC,positive,J,,,,,,,,,,,,,,,,,,,,,,,,,,,
230,case_28,2024-04-10 18:11:14.991801,complete,Leucocytes,positive,A,YC,20.0,1907.0,,,,,,,,,,,,,,,,,,,,,,,,
231,case_28,2024-04-10 19:20:27.991801,complete,Leucocytes,positive,?,YC,20.0,2574.0,,,,,,,,,,,,,,,,,,,,,,,,
232,case_28,2024-04-10 20:17:15.991801,complete,Leucocytes,positive,K,YC,20.0,3280.0,,,,,,,,,,,,,,,,,,,,,,,,
233,case_29,2024-04-10 16:34:20.991801,complete,CRP,positive,L,YC,44.0,,2137.0,,,,,,,,,,,,,,,,,,,,,,,
234,case_29,2024-04-10 16:38:38.991801,complete,CRP,positive,L,QE,20.0,,133.0,,,,,,,,,,,,,,,,,,,,,,,
235,case_29,2024-04-10 17:42:38.991801,complete,Admission NC,positive,J,,,,,,,,,,,,,,,,,,,,,,,,,,,
236,case_29,2024-04-10 18:50:06.991801,complete,Admission NC,positive,A,,,,,,,,,,,,,,,,,,,,,,,,,,,
237,case_29,2024-04-10 19:41:00.991801,complete,CRP,positive,I,YA,20.0,,3493.0,,,,,,,,,,,,,,,,,,,,,,,
