,case:concept:name,time:timestamp,lifecycle:transition,concept:name,case:label,org:group,Diagnose,Age,CRP,Leucocytes,LacticAcid
0,case_0,2024-04-10 15:57:15.092711,complete,CRP,positive,I,YA,21.0,50.0,,
1,case_0,2024-04-10 17:21:17.092711,complete,CRP,positive,J,YB,21.0,54.0,,
2,case_0,2024-04-10 17:47:49.092711,complete,Leucocytes,positive,K,YA,23.0,,138.0,
3,case_0,2024-04-10 19:16:21.092711,complete,CRP,positive,K,YA,20.0,5131.0,,
4,case_0,2024-04-10 19:59:07.092711,complete,Admission NC,positive,J,,,,,
5,case_0,2024-04-10 20:38:39.092711,complete,Leucocytes,positive,K,YA,20.0,,2321.0,
6,case_0,2024-04-10 21:42:45.092711,complete,Release B,positive,E,,,,,
7,case_0,2024-04-10 23:17:38.092711,complete,Admission NC,positive,K,,,,,
8,case_0,2024-04-11 00:12:54.092711,complete,Release B,positive,E,,,,,
9,case_0,2024-04-11 00:43:43.092711,complete,CRP,positive,?,YA,90.0,50.0,,
10,case_1,2024-04-10 16:00:22.092711,complete,CRP,positive,I,YC,20.0,51.0,,
11,case_1,2024-04-10 16:56:36.092711,complete,CRP,positive,K,QB,20.0,780.0,,
12,case_1,2024-04-10 18:10:56.092711,complete,CRP,positive,K,YB,24.0,2541.0,,
13,case_1,2024-04-10 19:16:22.092711,complete,Leucocytes,positive,I,YB,20.0,,138.0,
14,case_1,2024-04-10 19:36:12.092711,complete,CRP,positive,K,YD,20.0,50.0,,
15,case_1,2024-04-10 21:14:03.092711,complete,Leucocytes,positive,K,YA,20.0,,2321.0,
16,case_1,2024-04-10 21:52:43.092711,complete,Admission NC,positive,J,,,,,
17,case_1,2024-04-10 22:45:36.092711,complete,Admission NC,positive,F,,,,,
18,case_1,2024-04-11 00:05:21.092711,complete,Leucocytes,positive,K,YA,24.0,,546.0,
19,case_1,2024-04-11 01:05:34.092711,complete,Leucocytes,positive,L,YA,21.0,,2148.0,
20,case_2,2024-04-10 16:14:06.092711,complete,CRP,positive,?,YA,20.0,50.0,,
21,case_2,2024-04-10 17:10:02.092711,complete,CRP,positive,I,QA,21.0,780.0,,
22,case_2,2024-04-10 18:08:51.092711,complete,Leucocytes,positive,I,YA,20.0,,1086.0,
23,case_2,2024-04-10 18:36:34.092711,complete,Leucocytes,positive,?,YA,20.0,,138.0,
24,case_2,2024-04-10 19:49:21.092711,complete,Leucocytes,positive,K,YA,20.0,,139.0,
25,case_2,2024-04-10 21:24:35.092711,complete,Admission NC,positive,F,,,,,
26,case_2,2024-04-10 21:55:44.092711,complete,Admission NC,positive,F,,,,,
27,case_2,2024-04-10 22:48:25.092711,complete,CRP,positive,K,YD,87.0,4419.0,,
28,case_2,2024-04-11 00:33:25.092711,complete,Leucocytes,positive,K,YB,89.0,,3472.0,
29,case_2,2024-04-11 01:29:38.092711,complete,Leucocytes,positive,K,YB,23.0,,2148.0,
30,case_3,2024-04-10 15:41:11.092711,complete,CRP,positive,K,YA,22.0,4611.0,,
31,case_3,2024-04-10 17:10:01.092711,complete,Leucocytes,positive,L,YB,23.0,,2.0,
32,case_3,2024-04-10 18:00:56.092711,complete,Leucocytes,positive,I,YA,21.0,,985.0,
33,case_3,2024-04-10 18:58:55.092711,complete,CRP,positive,J,YB,20.0,51.0,,
34,case_3,2024-04-10 20:12:10.092711,complete,Admission NC,positive,L,,,,,
35,case_3,2024-04-10 20:59:18.092711,complete,CRP,positive,K,YA,21.0,50.0,,
36,case_3,2024-04-10 22:25:33.092711,complete,Leucocytes,positive,L,YB,22.0,,139.0,
37,case_3,2024-04-10 23:06:05.092711,complete,Leucocytes,positive,I,YA,21.0,,2054.0,
38,case_3,2024-04-10 23:48:37.092711,complete,Admission NC,positive,B,,,,,
39,case_3,2024-04-11 00:51:45.092711,complete,CRP,positive,E,YA,20.0,1539.0,,
40,case_4,2024-04-10 15:54:23.092711,complete,Admission NC,positive,J,,,,,
41,case_4,2024-04-10 17:13:54.092711,complete,CRP,positive,A,YC,20.0,50.0,,
42,case_4,2024-04-10 18:19:46.092711,complete,Leucocytes,positive,J,YA,20.0,,1086.0,
43,case_4,2024-04-10 19:18:46.092711,complete,CRP,positive,I,QA,21.0,96.0,,
44,case_4,2024-04-10 19:53:30.092711,complete,CRP,positive,I,YA,20.0,4119.0,,
45,case_4,2024-04-10 20:35:36.092711,complete,Admission NC,positive,J,,,,,
46,case_4,2024-04-10 21:37:54.092711,complete,Leucocytes,positive,?,YA,20.0,,197.0,
47,case_4,2024-04-10 23:25:11.092711,complete,Leucocytes,positive,K,YA,20.0,,138.0,
48,case_4,2024-04-11 00:16:25.092711,complete,Leucocytes,positive,K,YD,21.0,,2389.0,
49,case_4,2024-04-11 01:25:50.092711,complete,Leucocytes,positive,L,YB,20.0,,138.0,
50,case_5,2024-04-10 16:24:23.092711,complete,LacticAcid,positive,L,,,,,2.0
51,case_5,2024-04-10 17:31:40.092711,complete,Leucocytes,positive,K,YB,27.0,,139.0,
52,case_5,2024-04-10 17:58:01.092711,complete,CRP,positive,K,YA,20.0,52.0,,
53,case_5,2024-04-10 19:20:22.092711,complete,Admission NC,positive,F,,,,,
54,case_5,2024-04-10 19:53:27.092711,complete,Admission NC,positive,F,,,,,
55,case_5,2024-04-10 20:49:13.092711,complete,CRP,positive,L,YA,20.0,1691.0,,
56,case_6,2024-04-10 16:20:04.092711,complete,CRP,positive,L,RC,20.0,1840.0,,
57,case_6,2024-04-10 16:46:44.092711,complete,Leucocytes,positive,L,YA,20.0,,2909.0,
58,case_6,2024-04-10 18:14:31.092711,complete,Leucocytes,positive,K,QA,21.0,,4.0,
59,case_6,2024-04-10 18:35:04.092711,complete,Leucocytes,positive,A,YA,23.0,,138.0,
60,case_6,2024-04-10 20:16:50.092711,complete,Admission NC,positive,J,,,,,
61,case_6,2024-04-10 21:07:01.092711,complete,Admission NC,positive,J,,,,,
62,case_7,2024-04-10 16:32:46.092711,complete,CRP,positive,J,RC,87.0,53.0,,
63,case_7,2024-04-10 17:16:30.092711,complete,CRP,positive,K,YA,20.0,1397.0,,
64,case_7,2024-04-10 18:24:08.092711,complete,CRP,positive,K,QA,21.0,1963.0,,
65,case_7,2024-04-10 19:20:49.092711,complete,Leucocytes,positive,A,YA,23.0,,2350.0,
66,case_7,2024-04-10 20:17:01.092711,complete,Admission NC,positive,F,,,,,
67,case_7,2024-04-10 21:27:10.092711,complete,Admission NC,positive,J,,,,,
68,case_8,2024-04-10 15:37:03.092711,complete,CRP,positive,I,YC,23.0,3695.0,,
69,case_8,2024-04-10 16:39:41.092711,complete,CRP,positive,I,YC,20.0,2191.0,,
70,case_8,2024-04-10 17:35:54.092711,complete,LacticAcid,positive,A,,,,,2.0
71,case_8,2024-04-10 19:27:19.092711,complete,Leucocytes,positive,I,YA,22.0,,139.0,
72,case_8,2024-04-10 19:36:58.092711,complete,Admission NC,positive,F,,,,,
73,case_8,2024-04-10 20:40:20.092711,complete,Admission NC,positive,F,,,,,
74,case_8,2024-04-10 22:00:44.092711,complete,CRP,positive,K,YA,20.0,1386.0,,
75,case_8,2024-04-10 23:13:06.092711,complete,Leucocytes,positive,E,HC,35.0,,3453.0,
76,case_9,2024-04-10 15:56:17.092711,complete,CRP,positive,K,YA,20.0,5074.0,,
77,case_9,2024-04-10 17:11:39.092711,complete,CRP,positive,J,YA,23.0,3119.0,,
78,case_9,2024-04-10 17:50:02.092711,complete,Leucocytes,positive,L,YB,23.0,,138.0,
79,case_9,2024-04-10 19:02:25.092711,complete,CRP,positive,A,YA,21.0,50.0,,
80,case_9,2024-04-10 19:41:15.092711,complete,CRP,positive,J,YC,21.0,1397.0,,
81,case_9,2024-04-10 20:53:47.092711,complete,Admission NC,positive,J,,,,,
82,case_9,2024-04-10 21:45:56.092711,complete,Admission NC,positive,F,,,,,
83,case_9,2024-04-10 22:53:14.092711,complete,CRP,positive,L,YC,34.0,3478.0,,
84,case_10,2024-04-10 15:51:03.092711,complete,CRP,positive,A,YA,20.0,5074.0,,
85,case_10,2024-04-10 16:41:01.092711,complete,Admission NC,positive,F,,,,,
86,case_10,2024-04-10 18:13:22.092711,complete,Leucocytes,positive,K,YD,24.0,,138.0,
87,case_10,2024-04-10 19:05:00.092711,complete,CRP,positive,I,YD,22.0,4873.0,,
88,case_10,2024-04-10 20:27:36.092711,complete,CRP,positive,J,YA,58.0,1397.0,,
89,case_10,2024-04-10 21:19:46.092711,complete,Leucocytes,positive,I,YA,22.0,,138.0,
90,case_10,2024-04-10 22:01:46.092711,complete,CRP,positive,I,YC,21.0,51.0,,
91,case_10,2024-04-10 22:39:44.092711,complete,Admission NC,positive,L,,,,,
92,case_11,2024-04-10 15:45:26.092711,complete,CRP,positive,K,YA,20.0,5074.0,,
93,case_11,2024-04-10 17:10:08.092711,complete,Leucocytes,positive,K,YA,23.0,,138.0,
94,case_11,2024-04-10 18:00:30.092711,complete,Leucocytes,positive,J,QA,21.0,,138.0,
95,case_11,2024-04-10 19:10:08.092711,complete,CRP,positive,?,YC,20.0,4483.0,,
96,case_11,2024-04-10 20:23:48.092711,complete,CRP,positive,I,YB,22.0,1397.0,,
97,case_11,2024-04-10 21:26:32.092711,complete,Leucocytes,positive,I,YB,22.0,,138.0,
98,case_11,2024-04-10 22:08:19.092711,complete,Admission NC,positive,J,,,,,
99,case_11,2024-04-10 22:39:49.092711,complete,Admission NC,positive,F,,,,,
100,case_12,2024-04-10 15:50:40.092711,complete,CRP,positive,K,YA,20.0,5074.0,,
101,case_12,2024-04-10 16:54:53.092711,complete,Leucocytes,positive,K,YD,51.0,,138.0,
102,case_12,2024-04-10 18:23:56.092711,complete,Leucocytes,positive,L,YB,23.0,,138.0,
103,case_12,2024-04-10 19:06:06.092711,complete,CRP,positive,A,YA,45.0,4873.0,,
104,case_12,2024-04-10 19:44:50.092711,complete,CRP,positive,J,YB,22.0,1397.0,,
105,case_12,2024-04-10 21:32:45.092711,complete,Leucocytes,positive,I,YB,22.0,,138.0,
106,case_12,2024-04-10 22:17:16.092711,complete,Admission NC,positive,J,,,,,
107,case_12,2024-04-10 22:34:57.092711,complete,Admission NC,positive,F,,,,,
108,case_13,2024-04-10 16:25:18.092711,complete,LacticAcid,positive,K,,,,,2.0
109,case_13,2024-04-10 17:12:23.092711,complete,Leucocytes,positive,K,YA,22.0,,138.0,
110,case_13,2024-04-10 18:06:40.092711,complete,Leucocytes,positive,K,YA,20.0,,138.0,
111,case_13,2024-04-10 19:26:22.092711,complete,Admission NC,positive,F,,,,,
112,case_13,2024-04-10 19:35:21.092711,complete,Leucocytes,positive,J,YA,24.0,,2065.0,
113,case_13,2024-04-10 21:30:29.092711,complete,CRP,positive,I,YD,22.0,51.0,,
114,case_13,2024-04-10 22:31:13.092711,complete,Admission NC,positive,F,,,,,
115,case_13,2024-04-10 23:06:38.092711,complete,CRP,positive,L,YA,87.0,619.0,,
116,case_14,2024-04-10 15:55:38.092711,complete,CRP,positive,?,YB,23.0,2777.0,,
117,case_14,2024-04-10 17:14:16.092711,complete,CRP,positive,L,YC,20.0,50.0,,
118,case_14,2024-04-10 18:06:02.092711,complete,CRP,positive,I,YC,21.0,50.0,,
119,case_14,2024-04-10 19:13:59.092711,complete,CRP,positive,A,YB,20.0,50.0,,
120,case_14,2024-04-10 20:11:48.092711,complete,Admission NC,positive,F,,,,,
121,case_14,2024-04-10 20:52:33.092711,complete,Admission NC,positive,J,,,,,
122,case_14,2024-04-10 22:30:56.092711,complete,CRP,positive,I,YA,22.0,50.0,,
123,case_14,2024-04-10 23:22:27.092711,complete,CRP,positive,L,YC,21.0,2515.0,,
124,case_15,2024-04-10 16:08:17.092711,complete,Release B,positive,E,,,,,
125,case_15,2024-04-10 17:22:55.092711,complete,Leucocytes,positive,K,YA,20.0,,138.0,
126,case_15,2024-04-10 18:31:44.092711,complete,Leucocytes,positive,K,YD,24.0,,138.0,
127,case_15,2024-04-10 19:16:14.092711,complete,CRP,positive,J,YB,23.0,4873.0,,
128,case_15,2024-04-10 20:29:45.092711,complete,CRP,positive,I,YC,20.0,51.0,,
129,case_15,2024-04-10 21:32:19.092711,complete,Admission NC,positive,F,,,,,
130,case_15,2024-04-10 21:48:40.092711,complete,Admission NC,positive,F,,,,,
131,case_15,2024-04-10 22:42:07.092711,complete,CRP,positive,L,YB,34.0,2515.0,,
132,case_16,2024-04-10 16:09:06.092711,complete,CRP,positive,I,QA,25.0,3180.0,,
133,case_16,2024-04-10 16:40:41.092711,complete,Leucocytes,positive,J,YB,23.0,,111.0,
134,case_16,2024-04-10 18:16:35.092711,complete,LacticAcid,positive,A,,,,,115.0
135,case_16,2024-04-10 19:33:11.092711,complete,CRP,positive,K,YB,90.0,50.0,,
136,case_16,2024-04-10 19:37:59.092711,complete,CRP,positive,A,YB,22.0,51.0,,
137,case_16,2024-04-10 21:25:04.092711,complete,Admission NC,positive,F,,,,,
138,case_16,2024-04-10 22:04:45.092711,complete,Admission NC,positive,F,,,,,
139,case_16,2024-04-10 22:43:59.092711,complete,Leucocytes,positive,I,YA,20.0,,2883.0,
140,case_16,2024-04-10 23:51:42.092711,complete,Leucocytes,positive,L,YA,22.0,,138.0,
141,case_17,2024-04-10 16:32:49.092711,complete,CRP,positive,L,YB,23.0,4104.0,,
142,case_17,2024-04-10 17:15:19.092711,complete,Leucocytes,positive,A,YA,21.0,,138.0,
143,case_17,2024-04-10 18:25:12.092711,complete,Leucocytes,positive,A,YB,22.0,,138.0,
144,case_17,2024-04-10 19:14:40.092711,complete,Leucocytes,positive,I,YA,20.0,,138.0,
145,case_17,2024-04-10 19:38:15.092711,complete,CRP,positive,I,YC,22.0,50.0,,
146,case_17,2024-04-10 21:19:10.092711,complete,Leucocytes,positive,I,YA,88.0,,138.0,
147,case_17,2024-04-10 22:11:32.092711,complete,Admission NC,positive,F,,,,,
148,case_17,2024-04-10 22:48:35.092711,complete,Admission NC,positive,F,,,,,
149,case_17,2024-04-11 00:23:19.092711,complete,CRP,positive,L,QB,20.0,50.0,,
150,case_18,2024-04-10 15:35:56.092711,complete,Leucocytes,positive,A,YB,82.0,,1345.0,
151,case_18,2024-04-10 17:28:53.092711,complete,Leucocytes,positive,K,YA,22.0,,1396.0,
152,case_18,2024-04-10 17:48:34.092711,complete,Leucocytes,positive,A,YB,20.0,,2.0,
153,case_18,2024-04-10 18:54:06.092711,complete,CRP,positive,I,QB,20.0,2856.0,,
154,case_18,2024-04-10 20:01:03.092711,complete,Leucocytes,positive,K,YB,24.0,,108.0,
155,case_18,2024-04-10 21:15:02.092711,complete,Admission NC,positive,F,,,,,
156,case_18,2024-04-10 21:44:45.092711,complete,Leucocytes,positive,I,YB,36.0,,1272.0,
157,case_18,2024-04-10 22:52:46.092711,complete,Leucocytes,positive,I,YA,20.0,,1936.0,
158,case_18,2024-04-11 00:10:32.092711,complete,Admission NC,positive,J,,,,,
159,case_19,2024-04-10 16:09:38.092711,complete,Leucocytes,positive,I,YA,25.0,,1345.0,
160,case_19,2024-04-10 16:42:59.092711,complete,Admission NC,positive,J,,,,,
161,case_19,2024-04-10 17:48:02.092711,complete,Leucocytes,positive,K,YA,25.0,,2.0,
162,case_19,2024-04-10 19:33:07.092711,complete,Return ER,positive,?,,,,,
163,case_19,2024-04-10 20:18:33.092711,complete,CRP,positive,E,YB,21.0,1374.0,,
164,case_19,2024-04-10 21:00:09.092711,complete,Leucocytes,positive,K,YA,23.0,,1678.0,
165,case_19,2024-04-10 22:15:15.092711,complete,CRP,positive,K,YA,20.0,51.0,,
166,case_19,2024-04-10 23:16:12.092711,complete,CRP,positive,K,YA,20.0,50.0,,
167,case_19,2024-04-10 23:42:09.092711,complete,Admission NC,positive,F,,,,,
168,case_20,2024-04-10 16:15:41.092711,complete,LacticAcid,positive,L,,,,,2.0
169,case_20,2024-04-10 17:02:46.092711,complete,Leucocytes,positive,K,YC,20.0,,139.0,
170,case_20,2024-04-10 17:42:17.092711,complete,Admission NC,positive,J,,,,,
171,case_20,2024-04-10 18:54:36.092711,complete,Admission NC,positive,J,,,,,
172,case_20,2024-04-10 19:58:19.092711,complete,CRP,positive,L,YC,27.0,2227.0,,
173,case_21,2024-04-10 16:34:10.092711,complete,Admission NC,positive,A,,,,,
174,case_21,2024-04-10 17:02:30.092711,complete,Return ER,positive,?,,,,,
175,case_21,2024-04-10 17:58:44.092711,complete,CRP,positive,I,YC,28.0,2105.0,,
176,case_21,2024-04-10 18:47:17.092711,complete,Admission NC,positive,F,,,,,
177,case_21,2024-04-10 19:41:52.092711,complete,LacticAcid,positive,K,,,,,13.0
178,case_22,2024-04-10 15:35:46.092711,complete,Admission NC,positive,A,,,,,
179,case_22,2024-04-10 17:29:55.092711,complete,Return ER,positive,?,,,,,
180,case_22,2024-04-10 17:38:41.092711,complete,CRP,positive,I,YC,28.0,1862.0,,
181,case_22,2024-04-10 19:02:01.092711,complete,Admission NC,positive,F,,,,,
182,case_22,2024-04-10 20:32:59.092711,complete,LacticAcid,positive,K,,,,,13.0
183,case_23,2024-04-10 15:46:48.092711,complete,IV Antibiotics,positive,L,,,,,
184,case_23,2024-04-10 17:16:34.092711,complete,ER Sepsis Triage,positive,L,YD,28.0,,,
185,case_23,2024-04-10 17:45:42.092711,complete,IV Antibiotics,positive,L,,,,,
186,case_23,2024-04-10 18:48:45.092711,complete,CRP,positive,K,YA,20.0,2057.0,,
187,case_23,2024-04-10 20:07:40.092711,complete,CRP,positive,L,YA,90.0,50.0,,
188,case_23,2024-04-10 21:28:16.092711,complete,Admission NC,positive,F,,,,,
189,case_23,2024-04-10 21:47:49.092711,complete,Admission NC,positive,A,,,,,
190,case_24,2024-04-10 16:08:02.092711,complete,IV Antibiotics,positive,L,,,,,
191,case_24,2024-04-10 17:01:33.092711,complete,ER Sepsis Triage,positive,L,YC,28.0,,,
192,case_24,2024-04-10 18:28:56.092711,complete,IV Antibiotics,positive,L,,,,,
193,case_24,2024-04-10 19:20:23.092711,complete,CRP,positive,K,YA,90.0,2057.0,,
194,case_24,2024-04-10 19:52:25.092711,complete,Admission NC,positive,A,,,,,
195,case_24,2024-04-10 21:20:41.092711,complete,Admission NC,positive,F,,,,,
196,case_24,2024-04-10 21:56:28.092711,complete,IV Antibiotics,positive,L,,,,,
197,case_25,2024-04-10 15:54:54.092711,complete,CRP,positive,?,B,21.0,50.0,,
198,case_25,2024-04-10 17:07:53.092711,complete,Leucocytes,positive,A,YA,22.0,,1443.0,
199,case_25,2024-04-10 17:53:51.092711,complete,Leucocytes,positive,K,YA,22.0,,139.0,
200,case_25,2024-04-10 18:45:20.092711,complete,CRP,positive,K,YA,20.0,5435.0,,
201,case_25,2024-04-10 19:55:14.092711,complete,Leucocytes,positive,J,YD,22.0,,138.0,
202,case_25,2024-04-10 20:54:43.092711,complete,Admission NC,positive,L,,,,,
203,case_25,2024-04-10 22:33:40.092711,complete,Admission NC,positive,F,,,,,
204,case_26,2024-04-10 15:36:58.092711,complete,CRP,positive,K,YC,20.0,4381.0,,
205,case_26,2024-04-10 16:50:49.092711,complete,Leucocytes,positive,A,YA,90.0,,1443.0,
206,case_26,2024-04-10 17:56:36.092711,complete,Admission NC,positive,F,,,,,
207,case_26,2024-04-10 19:12:24.093711,complete,Leucocytes,positive,K,YC,20.0,,138.0,
208,case_26,2024-04-10 19:53:37.093711,complete,CRP,positive,K,YA,25.0,4596.0,,
209,case_26,2024-04-10 20:41:39.093711,complete,Leucocytes,positive,I,YA,22.0,,57.0,
210,case_26,2024-04-10 22:22:29.093711,complete,Admission NC,positive,J,,,,,
211,case_27,2024-04-10 15:59:57.093711,complete,Admission NC,positive,J,,,,,
212,case_27,2024-04-10 16:48:07.093711,complete,CRP,positive,?,YB,22.0,2662.0,,
213,case_27,2024-04-10 18:11:35.093711,complete,Leucocytes,positive,K,YC,20.0,,138.0,
214,case_27,2024-04-10 18:48:54.093711,complete,CRP,positive,K,YC,20.0,3671.0,,
215,case_27,2024-04-10 19:56:29.093711,complete,CRP,positive,J,YA,20.0,4035.0,,
216,case_27,2024-04-10 20:37:15.093711,complete,CRP,positive,I,YD,22.0,50.0,,
217,case_27,2024-04-10 22:07:08.093711,complete,Admission NC,positive,J,,,,,
218,case_28,2024-04-10 16:15:59.093711,complete,CRP,positive,I,YB,22.0,3176.0,,
219,case_28,2024-04-10 17:19:32.093711,complete,CRP,positive,L,YB,20.0,50.0,,
220,case_28,2024-04-10 17:39:47.093711,complete,Leucocytes,positive,K,YC,22.0,,3214.0,
221,case_28,2024-04-10 19:10:52.093711,complete,Admission NC,positive,J,,,,,
222,case_28,2024-04-10 20:09:53.093711,complete,CRP,positive,I,YA,25.0,2427.0,,
223,case_28,2024-04-10 21:09:24.093711,complete,Leucocytes,positive,I,YA,85.0,,3134.0,
224,case_28,2024-04-10 22:18:35.093711,complete,Admission NC,positive,J,,,,,
225,case_29,2024-04-10 16:09:58.093711,complete,Admission NC,positive,?,,,,,
226,case_29,2024-04-10 17:19:51.093711,complete,Leucocytes,positive,I,YC,20.0,,435.0,
227,case_29,2024-04-10 18:20:06.093711,complete,Admission NC,positive,F,,,,,
228,case_29,2024-04-10 19:06:29.093711,complete,CRP,positive,A,YA,20.0,1715.0,,
229,case_29,2024-04-10 20:04:07.093711,complete,CRP,positive,A,YA,20.0,4596.0,,
230,case_29,2024-04-10 20:57:45.093711,complete,Leucocytes,positive,I,YA,23.0,,57.0,
231,case_29,2024-04-10 22:16:09.093711,complete,CRP,positive,E,YA,20.0,2812.0,,
