,case:concept:name,time:timestamp,lifecycle:transition,concept:name,case:label,org:group,Diagnose,Age
0,case_0,2024-04-10 16:14:52.659568,complete,ER Triage,positive,C,HE,20.0
1,case_0,2024-04-10 16:37:18.659568,complete,Admission IC,positive,Y,,
2,case_0,2024-04-10 17:41:59.659568,complete,Admission IC,positive,Y,,
3,case_0,2024-04-10 19:03:00.659568,complete,Admission NC,positive,J,,
4,case_0,2024-04-10 20:29:27.659568,complete,Admission NC,positive,J,,
5,case_1,2024-04-10 16:26:15.659568,complete,ER Triage,positive,C,HE,20.0
6,case_1,2024-04-10 17:15:40.659568,complete,Admission IC,positive,Y,,
7,case_1,2024-04-10 17:42:59.659568,complete,Admission IC,positive,X,,
8,case_1,2024-04-10 19:03:22.659568,complete,Admission NC,positive,J,,
9,case_1,2024-04-10 19:52:39.659568,complete,Admission NC,positive,J,,
10,case_2,2024-04-10 16:03:49.659568,complete,ER Triage,positive,C,HE,20.0
11,case_2,2024-04-10 16:38:16.659568,complete,Admission IC,positive,Y,,
12,case_2,2024-04-10 18:03:49.659568,complete,Admission IC,positive,W,,
13,case_2,2024-04-10 19:13:29.659568,complete,Admission NC,positive,J,,
14,case_2,2024-04-10 19:45:35.659568,complete,Admission NC,positive,J,,
15,case_3,2024-04-10 16:20:15.659568,complete,ER Triage,positive,C,HE,20.0
16,case_3,2024-04-10 17:10:46.659568,complete,Admission IC,positive,Y,,
17,case_3,2024-04-10 17:40:41.659568,complete,Admission IC,positive,Y,,
18,case_3,2024-04-10 18:56:39.659568,complete,Admission IC,positive,Y,,
19,case_3,2024-04-10 19:51:24.659568,complete,Admission IC,positive,Y,,
20,case_3,2024-04-10 20:36:48.659568,complete,Admission NC,positive,J,,
21,case_3,2024-04-10 21:59:56.659568,complete,Admission NC,positive,J,,
22,case_4,2024-04-10 16:01:58.659568,complete,ER Triage,positive,C,HE,20.0
23,case_4,2024-04-10 16:33:40.659568,complete,Admission IC,positive,Y,,
24,case_4,2024-04-10 18:22:46.659568,complete,Admission IC,positive,Y,,
25,case_4,2024-04-10 18:53:17.659568,complete,Admission IC,positive,Y,,
26,case_4,2024-04-10 19:31:26.659568,complete,Admission IC,positive,X,,
27,case_4,2024-04-10 20:49:10.659568,complete,Admission NC,positive,J,,
28,case_4,2024-04-10 22:02:18.659568,complete,Admission NC,positive,J,,
29,case_5,2024-04-10 15:59:07.659568,complete,ER Triage,positive,C,HE,20.0
30,case_5,2024-04-10 17:09:43.659568,complete,Admission IC,positive,Y,,
31,case_5,2024-04-10 18:21:57.659568,complete,Admission IC,positive,Y,,
32,case_5,2024-04-10 19:30:05.659568,complete,Admission IC,positive,Y,,
33,case_5,2024-04-10 19:35:38.659568,complete,Admission IC,positive,W,,
34,case_5,2024-04-10 21:04:26.659568,complete,Admission NC,positive,J,,
35,case_5,2024-04-10 22:09:54.659568,complete,Admission NC,positive,J,,
36,case_6,2024-04-10 16:12:30.659568,complete,ER Triage,positive,C,HE,20.0
37,case_6,2024-04-10 16:46:23.659568,complete,Admission IC,positive,Y,,
38,case_6,2024-04-10 18:29:15.659568,complete,Admission IC,positive,Y,,
39,case_6,2024-04-10 18:45:16.659568,complete,Admission IC,positive,Y,,
40,case_6,2024-04-10 20:29:25.659568,complete,Admission IC,positive,Y,,
41,case_6,2024-04-10 20:59:54.659568,complete,Admission NC,positive,J,,
42,case_6,2024-04-10 22:18:16.659568,complete,Admission NC,positive,Y,,
43,case_7,2024-04-10 15:52:39.659568,complete,ER Triage,positive,C,HE,20.0
44,case_7,2024-04-10 17:28:04.659568,complete,Admission IC,positive,Y,,
45,case_7,2024-04-10 18:04:42.659568,complete,Admission IC,positive,Y,,
46,case_7,2024-04-10 18:56:55.659568,complete,Admission IC,positive,Y,,
47,case_7,2024-04-10 19:31:43.659568,complete,Admission IC,positive,V,,
48,case_7,2024-04-10 20:53:05.659568,complete,Admission NC,positive,J,,
49,case_7,2024-04-10 21:33:04.659568,complete,Admission NC,positive,J,,
50,case_8,2024-04-10 16:20:44.659568,complete,ER Triage,positive,C,HE,20.0
51,case_8,2024-04-10 17:21:18.659568,complete,Admission IC,positive,Y,,
52,case_8,2024-04-10 18:06:03.659568,complete,Admission IC,positive,Y,,
53,case_8,2024-04-10 18:55:08.659568,complete,Admission IC,positive,Y,,
54,case_8,2024-04-10 20:14:36.659568,complete,Admission IC,positive,X,,
55,case_8,2024-04-10 21:05:33.659568,complete,Admission NC,positive,J,,
56,case_8,2024-04-10 21:54:17.659568,complete,Admission NC,positive,Y,,
57,case_9,2024-04-10 15:32:35.659568,complete,ER Triage,positive,C,HE,20.0
58,case_9,2024-04-10 16:47:37.659568,complete,Admission IC,positive,Y,,
59,case_9,2024-04-10 17:34:22.659568,complete,Admission IC,positive,Y,,
60,case_9,2024-04-10 18:53:34.659568,complete,Admission IC,positive,Y,,
61,case_9,2024-04-10 20:13:12.659568,complete,Admission IC,positive,W,,
62,case_9,2024-04-10 20:35:34.659568,complete,Admission NC,positive,J,,
63,case_9,2024-04-10 21:57:48.659568,complete,Admission NC,positive,Y,,
64,case_10,2024-04-10 16:13:36.659568,complete,ER Triage,positive,C,HE,20.0
65,case_10,2024-04-10 17:25:28.659568,complete,Admission IC,positive,Y,,
66,case_10,2024-04-10 17:53:17.659568,complete,Admission IC,positive,Y,,
67,case_10,2024-04-10 19:22:27.659568,complete,Admission IC,positive,Y,,
68,case_10,2024-04-10 20:29:28.659568,complete,Admission IC,positive,Y,,
69,case_10,2024-04-10 20:57:42.659568,complete,Admission IC,positive,Y,,
70,case_10,2024-04-10 21:35:41.659568,complete,Admission NC,positive,J,,
71,case_10,2024-04-10 23:25:50.659568,complete,Admission NC,positive,J,,
72,case_11,2024-04-10 16:24:31.659568,complete,ER Triage,positive,C,HE,20.0
73,case_11,2024-04-10 16:40:39.659568,complete,Admission IC,positive,Y,,
74,case_11,2024-04-10 17:34:42.659568,complete,Admission IC,positive,Y,,
75,case_11,2024-04-10 19:12:52.659568,complete,Admission IC,positive,Y,,
76,case_11,2024-04-10 20:21:09.659568,complete,Admission IC,positive,Y,,
77,case_11,2024-04-10 21:18:10.659568,complete,Admission IC,positive,X,,
78,case_11,2024-04-10 21:56:43.659568,complete,Admission NC,positive,J,,
79,case_11,2024-04-10 23:23:12.659568,complete,Admission NC,positive,J,,
80,case_12,2024-04-10 16:10:15.659568,complete,ER Triage,positive,C,HE,20.0
81,case_12,2024-04-10 16:36:14.659568,complete,Admission IC,positive,Y,,
82,case_12,2024-04-10 17:44:48.659568,complete,Admission IC,positive,Y,,
83,case_12,2024-04-10 19:30:14.659568,complete,Admission IC,positive,Y,,
84,case_12,2024-04-10 20:14:33.659568,complete,Admission IC,positive,Y,,
85,case_12,2024-04-10 20:49:34.659568,complete,Admission IC,positive,W,,
86,case_12,2024-04-10 22:27:23.659568,complete,Admission NC,positive,J,,
87,case_12,2024-04-10 22:47:36.659568,complete,Admission NC,positive,J,,
88,case_13,2024-04-10 16:14:50.659568,complete,ER Triage,positive,C,HE,20.0
89,case_13,2024-04-10 16:56:51.659568,complete,Admission IC,positive,Y,,
90,case_13,2024-04-10 17:56:12.659568,complete,Admission IC,positive,Y,,
91,case_13,2024-04-10 19:04:32.659568,complete,Admission IC,positive,Y,,
92,case_13,2024-04-10 19:46:09.659568,complete,Admission IC,positive,Y,,
93,case_13,2024-04-10 20:56:20.659568,complete,Admission IC,positive,Y,,
94,case_13,2024-04-10 22:21:46.659568,complete,Admission IC,positive,Y,,
95,case_13,2024-04-10 23:26:00.659568,complete,Admission IC,positive,Y,,
96,case_13,2024-04-11 00:15:12.659568,complete,Admission NC,positive,J,,
97,case_13,2024-04-11 00:45:25.659568,complete,Admission NC,positive,J,,
98,case_14,2024-04-10 16:17:50.659568,complete,ER Triage,positive,C,HE,20.0
99,case_14,2024-04-10 17:14:49.659568,complete,Admission IC,positive,Y,,
100,case_14,2024-04-10 17:50:17.659568,complete,Admission IC,positive,Y,,
101,case_14,2024-04-10 18:48:57.659568,complete,Admission IC,positive,Y,,
102,case_14,2024-04-10 20:17:53.659568,complete,Admission IC,positive,Y,,
103,case_14,2024-04-10 20:44:59.659568,complete,Admission IC,positive,Y,,
104,case_14,2024-04-10 22:25:01.659568,complete,Admission IC,positive,Y,,
105,case_14,2024-04-10 23:11:47.659568,complete,Admission IC,positive,X,,
106,case_14,2024-04-11 00:24:14.659568,complete,Admission NC,positive,J,,
107,case_14,2024-04-11 01:01:49.659568,complete,Admission NC,positive,J,,
108,case_15,2024-04-10 15:45:58.659568,complete,ER Triage,positive,C,HE,20.0
109,case_15,2024-04-10 17:30:12.659568,complete,Admission IC,positive,Y,,
110,case_15,2024-04-10 18:18:49.659568,complete,Admission IC,positive,Y,,
111,case_15,2024-04-10 18:55:03.659568,complete,Admission IC,positive,Y,,
112,case_15,2024-04-10 19:40:01.659568,complete,Admission IC,positive,Y,,
113,case_15,2024-04-10 21:10:53.659568,complete,Admission IC,positive,Y,,
114,case_15,2024-04-10 22:26:39.659568,complete,Admission IC,positive,Y,,
115,case_15,2024-04-10 23:23:19.659568,complete,Admission IC,positive,W,,
116,case_15,2024-04-10 23:51:33.659568,complete,Admission NC,positive,J,,
117,case_15,2024-04-11 00:53:52.659568,complete,Admission NC,positive,J,,
118,case_16,2024-04-10 15:33:56.659568,complete,ER Triage,positive,C,HE,20.0
119,case_16,2024-04-10 16:32:22.659568,complete,Admission IC,positive,Y,,
120,case_16,2024-04-10 18:28:13.659568,complete,Admission IC,positive,Y,,
121,case_16,2024-04-10 18:46:21.659568,complete,Admission IC,positive,Y,,
122,case_16,2024-04-10 19:52:29.659568,complete,Admission IC,positive,Y,,
123,case_16,2024-04-10 20:46:50.659568,complete,Admission IC,positive,Y,,
124,case_16,2024-04-10 22:14:58.659568,complete,Admission IC,positive,Y,,
125,case_16,2024-04-10 22:36:53.659568,complete,Admission IC,positive,Y,,
126,case_16,2024-04-11 00:24:22.659568,complete,Admission NC,positive,J,,
127,case_16,2024-04-11 01:04:27.659568,complete,Admission NC,positive,Y,,
128,case_17,2024-04-10 15:40:25.659568,complete,ER Triage,positive,C,HE,20.0
129,case_17,2024-04-10 16:49:52.659568,complete,Admission IC,positive,Y,,
130,case_17,2024-04-10 18:15:47.659568,complete,Admission IC,positive,Y,,
131,case_17,2024-04-10 19:30:32.659568,complete,Admission IC,positive,Y,,
132,case_17,2024-04-10 19:35:39.659568,complete,Admission IC,positive,Y,,
133,case_17,2024-04-10 21:20:52.659568,complete,Admission IC,positive,Y,,
134,case_17,2024-04-10 21:58:27.659568,complete,Admission IC,positive,Y,,
135,case_17,2024-04-10 22:46:12.659568,complete,Admission IC,positive,V,,
136,case_17,2024-04-10 23:31:18.659568,complete,Admission NC,positive,J,,
137,case_17,2024-04-11 01:26:26.659568,complete,Admission NC,positive,J,,
138,case_18,2024-04-10 16:21:50.659568,complete,ER Triage,positive,C,HE,20.0
139,case_18,2024-04-10 16:54:39.659568,complete,Admission IC,positive,Y,,
140,case_18,2024-04-10 18:02:18.659568,complete,Admission IC,positive,Y,,
141,case_18,2024-04-10 18:53:03.659568,complete,Admission IC,positive,Y,,
142,case_18,2024-04-10 19:50:49.659568,complete,Admission IC,positive,Y,,
143,case_18,2024-04-10 20:57:44.659568,complete,Admission IC,positive,Y,,
144,case_18,2024-04-10 22:24:38.659568,complete,Admission IC,positive,Y,,
145,case_18,2024-04-10 23:02:19.659568,complete,Admission IC,positive,X,,
146,case_18,2024-04-11 00:29:21.659568,complete,Admission NC,positive,J,,
147,case_18,2024-04-11 01:23:47.659568,complete,Admission NC,positive,Y,,
148,case_19,2024-04-10 15:38:41.659568,complete,ER Triage,positive,C,HE,20.0
149,case_19,2024-04-10 17:29:02.659568,complete,Admission IC,positive,Y,,
150,case_19,2024-04-10 17:49:44.659568,complete,Admission IC,positive,Y,,
151,case_19,2024-04-10 18:42:04.659568,complete,Admission IC,positive,Y,,
152,case_19,2024-04-10 20:10:55.659568,complete,Admission IC,positive,Y,,
153,case_19,2024-04-10 20:57:42.659568,complete,Admission IC,positive,Y,,
154,case_19,2024-04-10 21:53:05.659568,complete,Admission IC,positive,Y,,
155,case_19,2024-04-10 22:55:30.659568,complete,Admission IC,positive,U,,
156,case_19,2024-04-11 00:10:30.659568,complete,Admission NC,positive,J,,
157,case_19,2024-04-11 00:45:50.659568,complete,Admission NC,positive,J,,
158,case_20,2024-04-10 16:19:16.659568,complete,ER Triage,positive,C,HE,20.0
159,case_20,2024-04-10 17:30:08.659568,complete,Admission IC,positive,Y,,
160,case_20,2024-04-10 18:22:23.659568,complete,Admission IC,positive,Y,,
161,case_20,2024-04-10 18:55:49.659568,complete,Admission IC,positive,Y,,
162,case_20,2024-04-10 20:13:09.659568,complete,Admission IC,positive,Y,,
163,case_20,2024-04-10 20:53:24.659568,complete,Admission IC,positive,Y,,
164,case_20,2024-04-10 22:19:34.659568,complete,Admission IC,positive,Y,,
165,case_20,2024-04-10 23:25:04.659568,complete,Admission IC,positive,W,,
166,case_20,2024-04-11 00:13:59.659568,complete,Admission NC,positive,J,,
167,case_20,2024-04-11 00:32:08.659568,complete,Admission NC,positive,Y,,
168,case_21,2024-04-10 15:41:02.659568,complete,ER Triage,positive,C,HE,20.0
169,case_21,2024-04-10 17:15:43.659568,complete,Admission IC,positive,Y,,
170,case_21,2024-04-10 18:05:40.659568,complete,Admission IC,positive,Y,,
171,case_21,2024-04-10 18:57:55.659568,complete,Admission IC,positive,Y,,
172,case_21,2024-04-10 20:24:52.659568,complete,Admission IC,positive,Y,,
173,case_21,2024-04-10 21:05:20.659568,complete,Admission IC,positive,Y,,
174,case_21,2024-04-10 22:02:18.659568,complete,Admission IC,positive,Y,,
175,case_21,2024-04-10 22:31:53.659568,complete,Admission NC,positive,J,,
176,case_21,2024-04-11 00:07:16.659568,complete,Admission NC,positive,J,,
177,case_22,2024-04-10 15:53:50.659568,complete,ER Triage,positive,C,HE,20.0
178,case_22,2024-04-10 17:12:05.659568,complete,Admission IC,positive,Y,,
179,case_22,2024-04-10 17:47:57.659568,complete,Admission IC,positive,Y,,
180,case_22,2024-04-10 19:02:08.659568,complete,Admission IC,positive,Y,,
181,case_22,2024-04-10 20:13:18.659568,complete,Admission IC,positive,Y,,
182,case_22,2024-04-10 21:08:42.659568,complete,Admission IC,positive,Y,,
183,case_22,2024-04-10 22:12:27.659568,complete,Admission IC,positive,X,,
184,case_22,2024-04-10 22:49:00.659568,complete,Admission NC,positive,J,,
185,case_22,2024-04-11 00:13:35.659568,complete,Admission NC,positive,J,,
186,case_23,2024-04-10 15:42:22.659568,complete,ER Triage,positive,C,HE,20.0
187,case_23,2024-04-10 16:49:55.659568,complete,Admission IC,positive,Y,,
188,case_23,2024-04-10 17:32:04.659568,complete,Admission IC,positive,Y,,
189,case_23,2024-04-10 19:23:51.659568,complete,Admission IC,positive,Y,,
190,case_23,2024-04-10 19:56:18.659568,complete,Admission IC,positive,Y,,
191,case_23,2024-04-10 20:33:48.659568,complete,Admission IC,positive,Y,,
192,case_23,2024-04-10 21:57:24.659568,complete,Admission IC,positive,W,,
193,case_23,2024-04-10 22:57:32.659568,complete,Admission NC,positive,J,,
194,case_23,2024-04-10 23:36:32.659568,complete,Admission NC,positive,J,,
195,case_24,2024-04-10 15:53:34.659568,complete,ER Triage,positive,C,HE,20.0
196,case_24,2024-04-10 16:51:23.659568,complete,Admission IC,positive,Y,,
197,case_24,2024-04-10 18:22:12.659568,complete,Admission IC,positive,Y,,
198,case_24,2024-04-10 19:12:39.659568,complete,Admission IC,positive,Y,,
199,case_24,2024-04-10 20:28:38.659568,complete,Admission IC,positive,Y,,
200,case_24,2024-04-10 21:03:20.659568,complete,Admission IC,positive,Y,,
201,case_24,2024-04-10 22:06:45.659568,complete,Admission IC,positive,Y,,
202,case_24,2024-04-10 22:49:42.659568,complete,Admission NC,positive,J,,
203,case_24,2024-04-10 23:49:31.659568,complete,Admission NC,positive,Y,,
204,case_25,2024-04-10 16:25:59.659568,complete,ER Triage,positive,C,HE,20.0
205,case_25,2024-04-10 17:14:59.659568,complete,Admission IC,positive,Y,,
206,case_25,2024-04-10 17:44:20.659568,complete,Admission IC,positive,Y,,
207,case_25,2024-04-10 19:01:19.659568,complete,Admission IC,positive,Y,,
208,case_25,2024-04-10 19:48:07.659568,complete,Admission IC,positive,Y,,
209,case_25,2024-04-10 21:04:18.659568,complete,Admission IC,positive,Y,,
210,case_25,2024-04-10 22:09:16.659568,complete,Admission IC,positive,X,,
211,case_25,2024-04-10 22:43:13.659568,complete,Admission NC,positive,J,,
212,case_25,2024-04-10 23:45:42.659568,complete,Admission NC,positive,Y,,
213,case_26,2024-04-10 16:20:14.659568,complete,ER Triage,positive,C,HE,20.0
214,case_26,2024-04-10 17:10:28.659568,complete,Admission IC,positive,Y,,
215,case_26,2024-04-10 17:50:13.659568,complete,Admission IC,positive,Y,,
216,case_26,2024-04-10 18:37:22.659568,complete,Admission IC,positive,Y,,
217,case_26,2024-04-10 19:43:43.659568,complete,Admission IC,positive,Y,,
218,case_26,2024-04-10 21:04:30.659568,complete,Admission IC,positive,Y,,
219,case_26,2024-04-10 22:27:50.659568,complete,Admission IC,positive,V,,
220,case_26,2024-04-10 23:24:40.659568,complete,Admission NC,positive,J,,
221,case_26,2024-04-10 23:54:48.659568,complete,Admission NC,positive,J,,
222,case_27,2024-04-10 15:53:59.659568,complete,ER Triage,positive,C,HE,20.0
223,case_27,2024-04-10 16:59:06.659568,complete,Admission IC,positive,Y,,
224,case_27,2024-04-10 17:48:15.659568,complete,Admission IC,positive,Y,,
225,case_27,2024-04-10 18:52:31.659568,complete,Admission IC,positive,Y,,
226,case_27,2024-04-10 20:01:17.659568,complete,Admission NC,positive,J,,
227,case_27,2024-04-10 20:40:25.659568,complete,Admission NC,positive,J,,
228,case_28,2024-04-10 15:31:04.659568,complete,ER Triage,positive,C,HE,20.0
229,case_28,2024-04-10 17:25:38.659568,complete,Admission IC,positive,Y,,
230,case_28,2024-04-10 18:02:19.659568,complete,Admission IC,positive,Y,,
231,case_28,2024-04-10 19:07:45.659568,complete,Admission IC,positive,X,,
232,case_28,2024-04-10 19:59:26.659568,complete,Admission NC,positive,J,,
233,case_28,2024-04-10 20:59:43.659568,complete,Admission NC,positive,J,,
234,case_29,2024-04-10 16:07:15.659568,complete,ER Triage,positive,C,HE,20.0
235,case_29,2024-04-10 16:42:42.659568,complete,Admission IC,positive,Y,,
236,case_29,2024-04-10 17:59:01.659568,complete,Admission IC,positive,Y,,
237,case_29,2024-04-10 18:40:03.659568,complete,Admission IC,positive,W,,
238,case_29,2024-04-10 19:35:27.659568,complete,Admission NC,positive,J,,
239,case_29,2024-04-10 21:23:25.659568,complete,Admission NC,positive,J,,
