,case:concept:name,time:timestamp,lifecycle:transition,concept:name,case:label,org:group,Diagnose,Age,CRP,Leucocytes,InfectionSuspected,DiagnosticBlood,DisfuncOrg,SIRSCritTachypnea,Hypotensie,SIRSCritHeartRate,Infusion,DiagnosticArtAstrup,DiagnosticIC,DiagnosticSputum,DiagnosticLiquor,DiagnosticOther,SIRSCriteria2OrMore,DiagnosticXthorax,SIRSCritTemperature,DiagnosticUrinaryCulture,SIRSCritLeucos,Oligurie,DiagnosticLacticAcid,Hypoxie,DiagnosticUrinarySediment,DiagnosticECG,LacticAcid
0,case_0,2024-04-10 16:12:46.130206,complete,CRP,positive,J,YA,20.0,2160.0,,,,,,,,,,,,,,,,,,,,,,,,
1,case_0,2024-04-10 17:16:46.130206,complete,Admission NC,positive,F,,,,,,,,,,,,,,,,,,,,,,,,,,,
2,case_0,2024-04-10 17:35:11.130206,complete,CRP,positive,I,YA,20.0,4192.0,,,,,,,,,,,,,,,,,,,,,,,,
3,case_0,2024-04-10 19:23:50.130206,complete,CRP,positive,I,YB,23.0,1961.0,,,,,,,,,,,,,,,,,,,,,,,,
4,case_0,2024-04-10 19:40:41.130206,complete,Leucocytes,positive,?,QA,21.0,,838.0,,,,,,,,,,,,,,,,,,,,,,,
5,case_0,2024-04-10 21:22:06.130206,complete,Leucocytes,positive,A,YA,23.0,,138.0,,,,,,,,,,,,,,,,,,,,,,,
6,case_0,2024-04-10 22:18:07.130206,complete,Admission NC,positive,J,,,,,,,,,,,,,,,,,,,,,,,,,,,
7,case_1,2024-04-10 15:35:36.130206,complete,ER Triage,positive,?,B,20.0,,,,,,,,,,,,,,,,,,,,,,,,,
8,case_1,2024-04-10 16:38:00.130206,complete,CRP,positive,K,YA,20.0,1884.0,,,,,,,,,,,,,,,,,,,,,,,,
9,case_1,2024-04-10 17:37:29.130206,complete,ER Registration,positive,L,YB,22.0,,,true,true,false,true,true,false,false,true,false,true,false,true,false,false,false,true,true,false,false,true,false,true,
10,case_1,2024-04-10 19:27:52.130206,complete,CRP,positive,K,YD,21.0,1961.0,,,,,,,,,,,,,,,,,,,,,,,,
11,case_1,2024-04-10 20:04:36.130206,complete,Admission NC,positive,F,,,,,,,,,,,,,,,,,,,,,,,,,,,
12,case_1,2024-04-10 21:06:04.130206,complete,Leucocytes,positive,K,YC,20.0,,139.0,,,,,,,,,,,,,,,,,,,,,,,
13,case_1,2024-04-10 22:21:54.130206,complete,Admission NC,positive,F,,,,,,,,,,,,,,,,,,,,,,,,,,,
14,case_2,2024-04-10 15:52:55.130206,complete,CRP,positive,I,B,21.0,2311.0,,,,,,,,,,,,,,,,,,,,,,,,
15,case_2,2024-04-10 17:12:50.130206,complete,Leucocytes,positive,A,YA,23.0,,169.0,,,,,,,,,,,,,,,,,,,,,,,
16,case_2,2024-04-10 17:39:24.130206,complete,Leucocytes,positive,I,YA,22.0,,138.0,,,,,,,,,,,,,,,,,,,,,,,
17,case_2,2024-04-10 19:10:22.130206,complete,Admission NC,positive,F,,,,,,,,,,,,,,,,,,,,,,,,,,,
18,case_2,2024-04-10 19:55:58.130206,complete,CRP,positive,K,YA,20.0,4484.0,,,,,,,,,,,,,,,,,,,,,,,,
19,case_2,2024-04-10 21:30:21.130206,complete,Admission NC,positive,F,,,,,,,,,,,,,,,,,,,,,,,,,,,
20,case_2,2024-04-10 21:41:03.130206,complete,CRP,positive,K,YA,21.0,2682.0,,,,,,,,,,,,,,,,,,,,,,,,
21,case_3,2024-04-10 15:35:39.130206,complete,Admission NC,positive,E,,,,,,,,,,,,,,,,,,,,,,,,,,,
22,case_3,2024-04-10 16:34:08.130206,complete,CRP,positive,K,YA,20.0,1884.0,,,,,,,,,,,,,,,,,,,,,,,,
23,case_3,2024-04-10 17:44:03.130206,complete,ER Registration,positive,K,YA,24.0,,,true,true,false,false,false,true,false,true,true,true,true,true,true,true,false,false,false,false,true,true,false,true,
24,case_3,2024-04-10 19:22:52.130206,complete,CRP,positive,I,YC,20.0,3573.0,,,,,,,,,,,,,,,,,,,,,,,,
25,case_3,2024-04-10 20:02:47.130206,complete,CRP,positive,?,YB,20.0,50.0,,,,,,,,,,,,,,,,,,,,,,,,
26,case_3,2024-04-10 20:43:26.130206,complete,Leucocytes,positive,A,YA,20.0,,139.0,,,,,,,,,,,,,,,,,,,,,,,
27,case_3,2024-04-10 21:37:43.130206,complete,Admission NC,positive,F,,,,,,,,,,,,,,,,,,,,,,,,,,,
28,case_4,2024-04-10 16:07:30.130206,complete,CRP,positive,K,YA,20.0,4315.0,,,,,,,,,,,,,,,,,,,,,,,,
29,case_4,2024-04-10 17:27:18.130206,complete,Leucocytes,positive,?,YA,20.0,,2157.0,,,,,,,,,,,,,,,,,,,,,,,
30,case_4,2024-04-10 18:10:24.130206,complete,CRP,positive,K,QA,21.0,50.0,,,,,,,,,,,,,,,,,,,,,,,,
31,case_4,2024-04-10 19:17:37.130206,complete,CRP,positive,?,YC,20.0,3884.0,,,,,,,,,,,,,,,,,,,,,,,,
32,case_4,2024-04-10 20:05:56.130206,complete,CRP,positive,I,YC,20.0,51.0,,,,,,,,,,,,,,,,,,,,,,,,
33,case_4,2024-04-10 21:24:30.130206,complete,Admission NC,positive,J,,,,,,,,,,,,,,,,,,,,,,,,,,,
34,case_4,2024-04-10 21:35:40.130206,complete,Admission NC,positive,J,,,,,,,,,,,,,,,,,,,,,,,,,,,
35,case_5,2024-04-10 16:14:49.130206,complete,CRP,positive,A,YA,23.0,2311.0,,,,,,,,,,,,,,,,,,,,,,,,
36,case_5,2024-04-10 16:44:57.130206,complete,Leucocytes,positive,I,YA,22.0,,422.0,,,,,,,,,,,,,,,,,,,,,,,
37,case_5,2024-04-10 18:01:31.130206,complete,CRP,positive,K,YA,20.0,51.0,,,,,,,,,,,,,,,,,,,,,,,,
38,case_5,2024-04-10 19:17:10.130206,complete,Admission NC,positive,F,,,,,,,,,,,,,,,,,,,,,,,,,,,
39,case_5,2024-04-10 19:51:00.130206,complete,CRP,positive,K,YA,20.0,4484.0,,,,,,,,,,,,,,,,,,,,,,,,
40,case_5,2024-04-10 21:20:30.130206,complete,Admission NC,positive,J,,,,,,,,,,,,,,,,,,,,,,,,,,,
41,case_5,2024-04-10 22:23:19.130206,complete,CRP,positive,I,YA,22.0,2682.0,,,,,,,,,,,,,,,,,,,,,,,,
42,case_6,2024-04-10 16:25:38.130206,complete,LacticAcid,positive,K,,,,,,,,,,,,,,,,,,,,,,,,,,,2.0
43,case_6,2024-04-10 16:39:51.130206,complete,Leucocytes,positive,M,YA,20.0,,1925.0,,,,,,,,,,,,,,,,,,,,,,,
44,case_6,2024-04-10 17:33:56.130206,complete,Admission NC,positive,F,,,,,,,,,,,,,,,,,,,,,,,,,,,
45,case_6,2024-04-10 19:18:04.130206,complete,IV Antibiotics,positive,L,,,,,,,,,,,,,,,,,,,,,,,,,,,
46,case_6,2024-04-10 20:23:31.130206,complete,CRP,positive,L,YB,22.0,52.0,,,,,,,,,,,,,,,,,,,,,,,,
47,case_6,2024-04-10 20:41:48.130206,complete,Admission NC,positive,J,,,,,,,,,,,,,,,,,,,,,,,,,,,
48,case_6,2024-04-10 22:30:21.130206,complete,LacticAcid,positive,K,,,,,,,,,,,,,,,,,,,,,,,,,,,65.0
49,case_6,2024-04-10 22:35:40.130206,complete,IV Antibiotics,positive,L,,,,,,,,,,,,,,,,,,,,,,,,,,,
50,case_6,2024-04-11 00:31:01.130206,complete,ER Sepsis Triage,positive,L,YD,21.0,,,,,,,,,,,,,,,,,,,,,,,,,
51,case_6,2024-04-11 01:02:38.130206,complete,IV Antibiotics,positive,L,,,,,,,,,,,,,,,,,,,,,,,,,,,
52,case_7,2024-04-10 16:16:16.130206,complete,CRP,positive,A,YA,23.0,1238.0,,,,,,,,,,,,,,,,,,,,,,,,
53,case_7,2024-04-10 16:56:55.130206,complete,LacticAcid,positive,I,,,,,,,,,,,,,,,,,,,,,,,,,,,2.0
54,case_7,2024-04-10 18:01:34.130206,complete,Leucocytes,positive,L,YA,20.0,,1062.0,,,,,,,,,,,,,,,,,,,,,,,
55,case_7,2024-04-10 19:18:35.130206,complete,Leucocytes,positive,I,YA,23.0,,2262.0,,,,,,,,,,,,,,,,,,,,,,,
56,case_7,2024-04-10 19:51:00.130206,complete,Admission NC,positive,F,,,,,,,,,,,,,,,,,,,,,,,,,,,
57,case_7,2024-04-10 21:20:03.130206,complete,Admission NC,positive,J,,,,,,,,,,,,,,,,,,,,,,,,,,,
58,case_7,2024-04-10 21:53:50.130206,complete,CRP,positive,A,YA,25.0,3897.0,,,,,,,,,,,,,,,,,,,,,,,,
59,case_7,2024-04-10 23:09:51.130206,complete,CRP,positive,K,YA,20.0,50.0,,,,,,,,,,,,,,,,,,,,,,,,
60,case_7,2024-04-10 23:41:36.130206,complete,LacticAcid,positive,I,,,,,,,,,,,,,,,,,,,,,,,,,,,3.0
61,case_7,2024-04-11 01:25:11.130206,complete,Leucocytes,positive,J,YA,21.0,,138.0,,,,,,,,,,,,,,,,,,,,,,,
62,case_8,2024-04-10 15:34:32.130206,complete,CRP,positive,I,YB,20.0,51.0,,,,,,,,,,,,,,,,,,,,,,,,
63,case_8,2024-04-10 16:43:15.130206,complete,Leucocytes,positive,?,YA,20.0,,2624.0,,,,,,,,,,,,,,,,,,,,,,,
64,case_8,2024-04-10 17:31:51.130206,complete,Leucocytes,positive,K,YB,20.0,,138.0,,,,,,,,,,,,,,,,,,,,,,,
65,case_8,2024-04-10 19:28:05.130206,complete,CRP,positive,I,YA,20.0,50.0,,,,,,,,,,,,,,,,,,,,,,,,
66,case_8,2024-04-10 19:37:56.130206,complete,Leucocytes,positive,K,YA,21.0,,3698.0,,,,,,,,,,,,,,,,,,,,,,,
67,case_8,2024-04-10 20:42:14.130206,complete,Leucocytes,positive,I,YB,20.0,,782.0,,,,,,,,,,,,,,,,,,,,,,,
68,case_8,2024-04-10 22:05:52.130206,complete,CRP,positive,K,YA,20.0,3347.0,,,,,,,,,,,,,,,,,,,,,,,,
69,case_8,2024-04-10 23:00:15.130206,complete,Admission NC,positive,J,,,,,,,,,,,,,,,,,,,,,,,,,,,
70,case_8,2024-04-11 00:10:21.130206,complete,Admission NC,positive,J,,,,,,,,,,,,,,,,,,,,,,,,,,,
71,case_8,2024-04-11 01:07:57.130206,complete,CRP,positive,K,YA,21.0,1948.0,,,,,,,,,,,,,,,,,,,,,,,,
72,case_9,2024-04-10 16:15:56.130206,complete,Leucocytes,positive,I,YB,20.0,,1495.0,,,,,,,,,,,,,,,,,,,,,,,
73,case_9,2024-04-10 17:24:54.130206,complete,LacticAcid,positive,K,,,,,,,,,,,,,,,,,,,,,,,,,,,2.0
74,case_9,2024-04-10 18:21:59.130206,complete,Leucocytes,positive,J,YD,21.0,,1062.0,,,,,,,,,,,,,,,,,,,,,,,
75,case_9,2024-04-10 19:14:19.130206,complete,CRP,positive,K,YA,21.0,51.0,,,,,,,,,,,,,,,,,,,,,,,,
76,case_9,2024-04-10 19:42:40.131204,complete,Admission NC,positive,F,,,,,,,,,,,,,,,,,,,,,,,,,,,
77,case_9,2024-04-10 21:16:23.131204,complete,Admission NC,positive,J,,,,,,,,,,,,,,,,,,,,,,,,,,,
78,case_9,2024-04-10 22:02:42.131204,complete,CRP,positive,K,YD,22.0,612.0,,,,,,,,,,,,,,,,,,,,,,,,
79,case_9,2024-04-10 22:59:15.131204,complete,IV Antibiotics,positive,L,,,,,,,,,,,,,,,,,,,,,,,,,,,
80,case_9,2024-04-10 23:59:01.131204,complete,ER Sepsis Triage,positive,L,YA,25.0,,,,,,,,,,,,,,,,,,,,,,,,,
81,case_9,2024-04-11 00:37:40.131204,complete,IV Antibiotics,positive,L,,,,,,,,,,,,,,,,,,,,,,,,,,,
82,case_10,2024-04-10 15:31:54.131204,complete,ER Triage,positive,C,YA,22.0,,,,,,,,,,,,,,,,,,,,,,,,,
83,case_10,2024-04-10 16:37:13.131204,complete,Admission NC,positive,J,,,,,,,,,,,,,,,,,,,,,,,,,,,
84,case_10,2024-04-10 18:06:44.131204,complete,Leucocytes,positive,I,YA,20.0,,1062.0,,,,,,,,,,,,,,,,,,,,,,,
85,case_10,2024-04-10 19:13:22.131204,complete,Leucocytes,positive,K,QB,20.0,,2262.0,,,,,,,,,,,,,,,,,,,,,,,
86,case_10,2024-04-10 19:45:44.131204,complete,CRP,positive,K,YB,24.0,3984.0,,,,,,,,,,,,,,,,,,,,,,,,
87,case_10,2024-04-10 21:15:05.131204,complete,Admission NC,positive,F,,,,,,,,,,,,,,,,,,,,,,,,,,,
88,case_10,2024-04-10 21:43:20.131204,complete,CRP,positive,I,YB,21.0,3897.0,,,,,,,,,,,,,,,,,,,,,,,,
89,case_10,2024-04-10 22:47:28.131204,complete,CRP,positive,K,YA,23.0,50.0,,,,,,,,,,,,,,,,,,,,,,,,
90,case_10,2024-04-11 00:22:31.131204,complete,Leucocytes,positive,K,YA,20.0,,138.0,,,,,,,,,,,,,,,,,,,,,,,
91,case_10,2024-04-11 00:44:57.131204,complete,Leucocytes,positive,K,YA,20.0,,2070.0,,,,,,,,,,,,,,,,,,,,,,,
92,case_11,2024-04-10 15:32:30.131204,complete,CRP,positive,L,YA,20.0,517.0,,,,,,,,,,,,,,,,,,,,,,,,
93,case_11,2024-04-10 17:12:55.131204,complete,CRP,positive,K,YB,22.0,50.0,,,,,,,,,,,,,,,,,,,,,,,,
94,case_11,2024-04-10 17:35:07.131204,complete,CRP,positive,I,YA,20.0,2901.0,,,,,,,,,,,,,,,,,,,,,,,,
95,case_11,2024-04-10 19:16:48.131204,complete,Leucocytes,positive,I,YA,23.0,,2262.0,,,,,,,,,,,,,,,,,,,,,,,
96,case_11,2024-04-10 19:32:35.131204,complete,Admission NC,positive,J,,,,,,,,,,,,,,,,,,,,,,,,,,,
97,case_11,2024-04-10 20:34:58.131204,complete,Admission NC,positive,F,,,,,,,,,,,,,,,,,,,,,,,,,,,
98,case_11,2024-04-10 21:49:10.131204,complete,CRP,positive,A,YA,25.0,612.0,,,,,,,,,,,,,,,,,,,,,,,,
99,case_11,2024-04-10 22:40:39.131204,complete,CRP,positive,K,YA,21.0,50.0,,,,,,,,,,,,,,,,,,,,,,,,
100,case_11,2024-04-11 00:18:00.131204,complete,Leucocytes,positive,J,YA,20.0,,3398.0,,,,,,,,,,,,,,,,,,,,,,,
101,case_11,2024-04-11 00:41:52.131204,complete,CRP,positive,I,YB,20.0,51.0,,,,,,,,,,,,,,,,,,,,,,,,
102,case_12,2024-04-10 16:01:33.131204,complete,IV Antibiotics,positive,L,,,,,,,,,,,,,,,,,,,,,,,,,,,
103,case_12,2024-04-10 17:12:57.131204,complete,Leucocytes,positive,K,YA,20.0,,3.0,,,,,,,,,,,,,,,,,,,,,,,
104,case_12,2024-04-10 17:42:56.131204,complete,Leucocytes,positive,A,YC,21.0,,1062.0,,,,,,,,,,,,,,,,,,,,,,,
105,case_12,2024-04-10 19:14:04.131204,complete,Leucocytes,positive,K,QB,20.0,,2262.0,,,,,,,,,,,,,,,,,,,,,,,
106,case_12,2024-04-10 20:24:29.131204,complete,CRP,positive,K,YB,24.0,3984.0,,,,,,,,,,,,,,,,,,,,,,,,
107,case_12,2024-04-10 21:19:22.131204,complete,Admission NC,positive,A,,,,,,,,,,,,,,,,,,,,,,,,,,,
108,case_12,2024-04-10 21:55:43.131204,complete,CRP,positive,K,YB,21.0,3897.0,,,,,,,,,,,,,,,,,,,,,,,,
109,case_12,2024-04-10 23:12:52.131204,complete,CRP,positive,K,YA,23.0,50.0,,,,,,,,,,,,,,,,,,,,,,,,
110,case_12,2024-04-11 00:21:19.131204,complete,Leucocytes,positive,K,YA,20.0,,138.0,,,,,,,,,,,,,,,,,,,,,,,
111,case_12,2024-04-11 01:21:12.131204,complete,Admission NC,positive,J,,,,,,,,,,,,,,,,,,,,,,,,,,,
112,case_13,2024-04-10 15:41:28.131204,complete,ER Registration,positive,?,YB,81.0,,,false,true,false,true,false,false,false,false,false,false,false,true,true,true,true,false,true,true,false,true,true,true,
113,case_13,2024-04-10 16:49:18.131204,complete,CRP,positive,?,YC,20.0,50.0,,,,,,,,,,,,,,,,,,,,,,,,
114,case_13,2024-04-10 17:33:31.131204,complete,Leucocytes,positive,A,YB,22.0,,138.0,,,,,,,,,,,,,,,,,,,,,,,
115,case_13,2024-04-10 19:31:21.131204,complete,Release B,positive,E,,,,,,,,,,,,,,,,,,,,,,,,,,,
116,case_13,2024-04-10 19:59:56.131204,complete,Admission NC,positive,K,,,,,,,,,,,,,,,,,,,,,,,,,,,
117,case_13,2024-04-10 21:07:25.131204,complete,Release B,positive,E,,,,,,,,,,,,,,,,,,,,,,,,,,,
118,case_13,2024-04-10 22:11:44.131204,complete,Admission NC,positive,K,,,,,,,,,,,,,,,,,,,,,,,,,,,
119,case_13,2024-04-10 22:41:09.131204,complete,Release B,positive,E,,,,,,,,,,,,,,,,,,,,,,,,,,,
120,case_13,2024-04-11 00:29:32.131204,complete,CRP,positive,I,YC,20.0,50.0,,,,,,,,,,,,,,,,,,,,,,,,
121,case_14,2024-04-10 16:30:27.131204,complete,ER Triage,positive,C,YB,81.0,,,,,,,,,,,,,,,,,,,,,,,,,
122,case_14,2024-04-10 17:26:46.131204,complete,Leucocytes,positive,I,YA,21.0,,138.0,,,,,,,,,,,,,,,,,,,,,,,
123,case_14,2024-04-10 18:24:19.131204,complete,CRP,positive,A,YA,23.0,51.0,,,,,,,,,,,,,,,,,,,,,,,,
124,case_14,2024-04-10 19:07:37.131204,complete,CRP,positive,A,YA,25.0,52.0,,,,,,,,,,,,,,,,,,,,,,,,
125,case_14,2024-04-10 20:13:49.131204,complete,Admission NC,positive,J,,,,,,,,,,,,,,,,,,,,,,,,,,,
126,case_14,2024-04-10 21:13:54.131204,complete,CRP,positive,K,YA,21.0,4687.0,,,,,,,,,,,,,,,,,,,,,,,,
127,case_14,2024-04-10 22:29:59.131204,complete,CRP,positive,L,YB,20.0,51.0,,,,,,,,,,,,,,,,,,,,,,,,
128,case_14,2024-04-10 22:37:29.131204,complete,CRP,positive,I,YA,20.0,4091.0,,,,,,,,,,,,,,,,,,,,,,,,
129,case_14,2024-04-10 23:32:24.131204,complete,Admission NC,positive,F,,,,,,,,,,,,,,,,,,,,,,,,,,,
130,case_15,2024-04-10 16:31:29.131204,complete,ER Triage,positive,K,YB,22.0,,,,,,,,,,,,,,,,,,,,,,,,,
131,case_15,2024-04-10 16:49:06.131204,complete,CRP,positive,K,YA,24.0,50.0,,,,,,,,,,,,,,,,,,,,,,,,
132,case_15,2024-04-10 18:02:09.131204,complete,CRP,positive,A,YB,20.0,50.0,,,,,,,,,,,,,,,,,,,,,,,,
133,case_15,2024-04-10 19:12:57.131204,complete,Leucocytes,positive,I,YA,23.0,,875.0,,,,,,,,,,,,,,,,,,,,,,,
134,case_15,2024-04-10 20:30:44.131204,complete,Admission NC,positive,F,,,,,,,,,,,,,,,,,,,,,,,,,,,
135,case_15,2024-04-10 21:08:17.131204,complete,CRP,positive,A,YA,25.0,2757.0,,,,,,,,,,,,,,,,,,,,,,,,
136,case_15,2024-04-10 22:22:02.131204,complete,Admission NC,positive,J,,,,,,,,,,,,,,,,,,,,,,,,,,,
137,case_15,2024-04-10 23:01:51.131204,complete,Leucocytes,positive,K,YA,21.0,,3790.0,,,,,,,,,,,,,,,,,,,,,,,
138,case_15,2024-04-11 00:30:43.131204,complete,CRP,positive,L,RA,20.0,51.0,,,,,,,,,,,,,,,,,,,,,,,,
139,case_16,2024-04-10 16:29:25.131204,complete,CRP,positive,A,YA,81.0,2906.0,,,,,,,,,,,,,,,,,,,,,,,,
140,case_16,2024-04-10 17:08:49.131204,complete,Leucocytes,positive,A,YA,24.0,,138.0,,,,,,,,,,,,,,,,,,,,,,,
141,case_16,2024-04-10 18:24:19.131204,complete,CRP,positive,I,YA,21.0,50.0,,,,,,,,,,,,,,,,,,,,,,,,
142,case_16,2024-04-10 19:02:26.131204,complete,CRP,positive,K,YD,22.0,52.0,,,,,,,,,,,,,,,,,,,,,,,,
143,case_16,2024-04-10 19:43:34.131204,complete,Admission NC,positive,F,,,,,,,,,,,,,,,,,,,,,,,,,,,
144,case_16,2024-04-10 21:04:31.131204,complete,CRP,positive,K,QB,20.0,4687.0,,,,,,,,,,,,,,,,,,,,,,,,
145,case_16,2024-04-10 22:23:18.131204,complete,Admission NC,positive,J,,,,,,,,,,,,,,,,,,,,,,,,,,,
146,case_16,2024-04-10 23:30:47.131204,complete,CRP,positive,K,YB,24.0,4091.0,,,,,,,,,,,,,,,,,,,,,,,,
147,case_16,2024-04-11 00:07:40.131204,complete,CRP,positive,K,RA,21.0,50.0,,,,,,,,,,,,,,,,,,,,,,,,
148,case_17,2024-04-10 16:18:47.131204,complete,CRP,positive,K,YC,81.0,1071.0,,,,,,,,,,,,,,,,,,,,,,,,
149,case_17,2024-04-10 17:13:51.131204,complete,Leucocytes,positive,K,YA,20.0,,90.0,,,,,,,,,,,,,,,,,,,,,,,
150,case_17,2024-04-10 18:11:36.131204,complete,Admission NC,positive,J,,,,,,,,,,,,,,,,,,,,,,,,,,,
151,case_17,2024-04-10 19:00:58.131204,complete,CRP,positive,L,YB,20.0,52.0,,,,,,,,,,,,,,,,,,,,,,,,
152,case_17,2024-04-10 20:02:54.131204,complete,Release B,positive,E,,,,,,,,,,,,,,,,,,,,,,,,,,,
153,case_17,2024-04-10 20:40:18.131204,complete,Admission NC,positive,K,,,,,,,,,,,,,,,,,,,,,,,,,,,
154,case_17,2024-04-10 22:31:10.131204,complete,Release B,positive,E,,,,,,,,,,,,,,,,,,,,,,,,,,,
155,case_17,2024-04-10 23:27:46.131204,complete,CRP,positive,I,YA,23.0,4091.0,,,,,,,,,,,,,,,,,,,,,,,,
156,case_17,2024-04-11 00:12:05.131204,complete,CRP,positive,A,RA,20.0,50.0,,,,,,,,,,,,,,,,,,,,,,,,
157,case_18,2024-04-10 16:07:09.131204,complete,ER Triage,positive,K,YA,22.0,,,,,,,,,,,,,,,,,,,,,,,,,
158,case_18,2024-04-10 17:03:30.131204,complete,LacticAcid,positive,K,,,,,,,,,,,,,,,,,,,,,,,,,,,87.0
159,case_18,2024-04-10 17:48:41.131204,complete,Leucocytes,positive,I,YC,20.0,,138.0,,,,,,,,,,,,,,,,,,,,,,,
160,case_18,2024-04-10 19:18:57.131204,complete,CRP,positive,K,YA,24.0,51.0,,,,,,,,,,,,,,,,,,,,,,,,
161,case_18,2024-04-10 19:52:13.131204,complete,Admission NC,positive,F,,,,,,,,,,,,,,,,,,,,,,,,,,,
162,case_18,2024-04-10 21:15:16.131204,complete,CRP,positive,I,YA,21.0,5711.0,,,,,,,,,,,,,,,,,,,,,,,,
163,case_18,2024-04-10 21:38:47.131204,complete,Admission NC,positive,J,,,,,,,,,,,,,,,,,,,,,,,,,,,
164,case_18,2024-04-10 23:28:07.131204,complete,Leucocytes,positive,K,YD,22.0,,3790.0,,,,,,,,,,,,,,,,,,,,,,,
165,case_18,2024-04-11 00:01:40.131204,complete,CRP,positive,K,RA,25.0,50.0,,,,,,,,,,,,,,,,,,,,,,,,
166,case_19,2024-04-10 15:44:41.131204,complete,ER Triage,positive,C,YA,22.0,,,,,,,,,,,,,,,,,,,,,,,,,
167,case_19,2024-04-10 17:03:00.131204,complete,Admission NC,positive,F,,,,,,,,,,,,,,,,,,,,,,,,,,,
168,case_19,2024-04-10 18:30:06.131204,complete,CRP,positive,I,YC,21.0,1422.0,,,,,,,,,,,,,,,,,,,,,,,,
169,case_19,2024-04-10 19:26:33.131204,complete,Leucocytes,positive,K,YA,20.0,,875.0,,,,,,,,,,,,,,,,,,,,,,,
170,case_19,2024-04-10 19:46:43.131204,complete,Admission NC,positive,J,,,,,,,,,,,,,,,,,,,,,,,,,,,
171,case_19,2024-04-10 21:22:20.131204,complete,CRP,positive,K,YC,22.0,5711.0,,,,,,,,,,,,,,,,,,,,,,,,
172,case_19,2024-04-10 21:54:23.131204,complete,CRP,positive,I,YA,20.0,50.0,,,,,,,,,,,,,,,,,,,,,,,,
173,case_19,2024-04-10 23:20:38.131204,complete,CRP,positive,J,YA,20.0,4091.0,,,,,,,,,,,,,,,,,,,,,,,,
174,case_19,2024-04-10 23:43:22.131204,complete,CRP,positive,I,QA,20.0,2050.0,,,,,,,,,,,,,,,,,,,,,,,,
175,case_20,2024-04-10 16:04:39.131204,complete,ER Registration,positive,I,YB,20.0,,,true,true,false,true,true,false,false,true,true,true,true,false,true,false,true,false,true,true,true,true,false,false,
176,case_20,2024-04-10 17:02:06.131204,complete,Admission NC,positive,F,,,,,,,,,,,,,,,,,,,,,,,,,,,
177,case_20,2024-04-10 18:02:43.131204,complete,CRP,positive,I,YA,23.0,1422.0,,,,,,,,,,,,,,,,,,,,,,,,
178,case_20,2024-04-10 19:19:01.131204,complete,Admission NC,positive,J,,,,,,,,,,,,,,,,,,,,,,,,,,,
179,case_20,2024-04-10 20:02:31.131204,complete,CRP,positive,A,YA,25.0,1252.0,,,,,,,,,,,,,,,,,,,,,,,,
180,case_20,2024-04-10 20:39:42.131204,complete,CRP,positive,K,YA,21.0,2757.0,,,,,,,,,,,,,,,,,,,,,,,,
181,case_20,2024-04-10 22:12:37.131204,complete,Leucocytes,positive,L,YA,21.0,,138.0,,,,,,,,,,,,,,,,,,,,,,,
182,case_20,2024-04-10 22:52:14.131204,complete,CRP,positive,I,YA,20.0,2401.0,,,,,,,,,,,,,,,,,,,,,,,,
183,case_20,2024-04-11 00:31:10.131204,complete,CRP,positive,?,YA,20.0,2050.0,,,,,,,,,,,,,,,,,,,,,,,,
184,case_21,2024-04-10 15:36:28.131204,complete,Admission NC,positive,F,,,,,,,,,,,,,,,,,,,,,,,,,,,
185,case_21,2024-04-10 17:26:51.131204,complete,CRP,positive,A,YB,21.0,5368.0,,,,,,,,,,,,,,,,,,,,,,,,
186,case_21,2024-04-10 17:42:48.131204,complete,Leucocytes,positive,K,YB,20.0,,2293.0,,,,,,,,,,,,,,,,,,,,,,,
187,case_21,2024-04-10 19:10:21.131204,complete,CRP,positive,K,YA,20.0,1343.0,,,,,,,,,,,,,,,,,,,,,,,,
188,case_21,2024-04-10 20:20:55.131204,complete,Admission NC,positive,F,,,,,,,,,,,,,,,,,,,,,,,,,,,
189,case_21,2024-04-10 21:09:19.131204,complete,CRP,positive,K,YB,20.0,4216.0,,,,,,,,,,,,,,,,,,,,,,,,
190,case_22,2024-04-10 15:55:50.131204,complete,ER Triage,positive,C,RC,20.0,,,,,,,,,,,,,,,,,,,,,,,,,
191,case_22,2024-04-10 16:50:40.131204,complete,Admission NC,positive,F,,,,,,,,,,,,,,,,,,,,,,,,,,,
192,case_22,2024-04-10 17:49:00.131204,complete,CRP,positive,K,YA,20.0,4840.0,,,,,,,,,,,,,,,,,,,,,,,,
193,case_22,2024-04-10 18:44:49.131204,complete,Admission NC,positive,F,,,,,,,,,,,,,,,,,,,,,,,,,,,
194,case_22,2024-04-10 20:14:02.131204,complete,Admission IC,positive,K,,,,,,,,,,,,,,,,,,,,,,,,,,,
195,case_22,2024-04-10 20:41:41.131204,complete,LacticAcid,positive,I,,,,,,,,,,,,,,,,,,,,,,,,,,,43.0
196,case_23,2024-04-10 15:41:16.131204,complete,Admission NC,positive,F,,,,,,,,,,,,,,,,,,,,,,,,,,,
197,case_23,2024-04-10 17:02:41.131204,complete,CRP,positive,E,YA,20.0,731.0,,,,,,,,,,,,,,,,,,,,,,,,
198,case_23,2024-04-10 17:49:15.131204,complete,CRP,positive,K,YA,20.0,50.0,,,,,,,,,,,,,,,,,,,,,,,,
199,case_23,2024-04-10 18:35:39.131204,complete,Leucocytes,positive,K,QA,21.0,,2319.0,,,,,,,,,,,,,,,,,,,,,,,
200,case_23,2024-04-10 20:15:12.131204,complete,Admission NC,positive,F,,,,,,,,,,,,,,,,,,,,,,,,,,,
201,case_23,2024-04-10 20:33:26.131204,complete,LacticAcid,positive,A,,,,,,,,,,,,,,,,,,,,,,,,,,,43.0
202,case_24,2024-04-10 16:30:21.131204,complete,Admission NC,positive,F,,,,,,,,,,,,,,,,,,,,,,,,,,,
203,case_24,2024-04-10 16:45:00.131204,complete,CRP,positive,K,YA,22.0,850.0,,,,,,,,,,,,,,,,,,,,,,,,
204,case_24,2024-04-10 18:03:48.131204,complete,CRP,positive,C,YA,20.0,2037.0,,,,,,,,,,,,,,,,,,,,,,,,
205,case_24,2024-04-10 18:56:57.131204,complete,Admission NC,positive,F,,,,,,,,,,,,,,,,,,,,,,,,,,,
206,case_24,2024-04-10 19:50:24.131204,complete,Release A,positive,I,,,,,,,,,,,,,,,,,,,,,,,,,,,
207,case_25,2024-04-10 15:42:51.131204,complete,Leucocytes,positive,I,YC,26.0,,3475.0,,,,,,,,,,,,,,,,,,,,,,,
208,case_25,2024-04-10 16:57:40.131204,complete,Admission NC,positive,J,,,,,,,,,,,,,,,,,,,,,,,,,,,
209,case_25,2024-04-10 17:45:53.131204,complete,Admission NC,positive,F,,,,,,,,,,,,,,,,,,,,,,,,,,,
210,case_25,2024-04-10 19:31:31.131204,complete,CRP,positive,I,YA,20.0,4153.0,,,,,,,,,,,,,,,,,,,,,,,,
211,case_25,2024-04-10 19:56:24.131204,complete,Leucocytes,positive,I,YB,20.0,,3585.0,,,,,,,,,,,,,,,,,,,,,,,
212,case_26,2024-04-10 15:51:54.131204,complete,ER Triage,positive,C,YC,28.0,,,,,,,,,,,,,,,,,,,,,,,,,
213,case_26,2024-04-10 17:15:39.131204,complete,Admission NC,positive,J,,,,,,,,,,,,,,,,,,,,,,,,,,,
214,case_26,2024-04-10 17:55:22.131204,complete,Admission NC,positive,A,,,,,,,,,,,,,,,,,,,,,,,,,,,
215,case_26,2024-04-10 18:50:01.131204,complete,LacticAcid,positive,K,,,,,,,,,,,,,,,,,,,,,,,,,,,62.0
216,case_26,2024-04-10 20:26:43.131204,complete,CRP,positive,K,YA,20.0,3910.0,,,,,,,,,,,,,,,,,,,,,,,,
217,case_27,2024-04-10 15:54:54.131204,complete,ER Triage,positive,C,YA,22.0,,,,,,,,,,,,,,,,,,,,,,,,,
218,case_27,2024-04-10 17:11:19.131204,complete,Admission NC,positive,J,,,,,,,,,,,,,,,,,,,,,,,,,,,
219,case_27,2024-04-10 18:04:25.131204,complete,Admission NC,positive,H,,,,,,,,,,,,,,,,,,,,,,,,,,,
220,case_27,2024-04-10 19:04:29.131204,complete,LacticAcid,positive,K,,,,,,,,,,,,,,,,,,,,,,,,,,,62.0
221,case_27,2024-04-10 20:09:58.131204,complete,Release A,positive,K,,,,,,,,,,,,,,,,,,,,,,,,,,,
222,case_28,2024-04-10 15:44:23.131204,complete,CRP,positive,K,YA,20.0,2706.0,,,,,,,,,,,,,,,,,,,,,,,,
223,case_28,2024-04-10 17:08:30.131204,complete,Leucocytes,positive,K,QB,20.0,,2195.0,,,,,,,,,,,,,,,,,,,,,,,
224,case_28,2024-04-10 18:05:51.131204,complete,CRP,positive,K,QA,21.0,51.0,,,,,,,,,,,,,,,,,,,,,,,,
225,case_28,2024-04-10 18:57:32.131204,complete,Leucocytes,positive,E,YD,22.0,,138.0,,,,,,,,,,,,,,,,,,,,,,,
226,case_28,2024-04-10 19:50:30.131204,complete,Leucocytes,positive,K,YB,20.0,,138.0,,,,,,,,,,,,,,,,,,,,,,,
227,case_28,2024-04-10 20:54:20.131204,complete,Admission NC,positive,J,,,,,,,,,,,,,,,,,,,,,,,,,,,
228,case_28,2024-04-10 21:37:53.131204,complete,Admission NC,positive,F,,,,,,,,,,,,,,,,,,,,,,,,,,,
229,case_28,2024-04-10 23:21:49.131204,complete,CRP,positive,A,YB,22.0,2366.0,,,,,,,,,,,,,,,,,,,,,,,,
230,case_29,2024-04-10 16:23:24.131204,complete,CRP,positive,L,YA,24.0,3666.0,,,,,,,,,,,,,,,,,,,,,,,,
231,case_29,2024-04-10 17:31:03.131204,complete,Leucocytes,positive,I,YD,22.0,,3029.0,,,,,,,,,,,,,,,,,,,,,,,
232,case_29,2024-04-10 18:17:40.131204,complete,CRP,positive,K,YB,20.0,50.0,,,,,,,,,,,,,,,,,,,,,,,,
233,case_29,2024-04-10 19:25:57.131204,complete,CRP,positive,A,YB,22.0,816.0,,,,,,,,,,,,,,,,,,,,,,,,
234,case_29,2024-04-10 20:23:10.131204,complete,Admission NC,positive,J,,,,,,,,,,,,,,,,,,,,,,,,,,,
235,case_29,2024-04-10 21:03:28.131204,complete,Release B,positive,E,,,,,,,,,,,,,,,,,,,,,,,,,,,
236,case_29,2024-04-10 21:51:31.131204,complete,Admission NC,positive,K,,,,,,,,,,,,,,,,,,,,,,,,,,,
237,case_29,2024-04-10 23:05:45.131204,complete,Release B,positive,E,,,,,,,,,,,,,,,,,,,,,,,,,,,
