,case:concept:name,time:timestamp,lifecycle:transition,concept:name,case:label,org:group,Diagnose,Age,CRP,Leucocytes,LacticAcid,InfectionSuspected,DiagnosticBlood,DisfuncOrg,SIRSCritTachypnea,Hypotensie,SIRSCritHeartRate,Infusion,DiagnosticArtAstrup,DiagnosticIC,DiagnosticSputum,DiagnosticLiquor,DiagnosticOther,SIRSCriteria2OrMore,DiagnosticXthorax,SIRSCritTemperature,DiagnosticUrinaryCulture,SIRSCritLeucos,Oligurie,DiagnosticLacticAcid,Hypoxie,DiagnosticUrinarySediment,DiagnosticECG
0,case_0,2024-04-10 15:56:54.268383,complete,CRP,positive,A,YC,54.0,51.0,,,,,,,,,,,,,,,,,,,,,,,,
1,case_0,2024-04-10 17:06:36.268383,complete,Leucocytes,positive,E,YA,23.0,,331.0,,,,,,,,,,,,,,,,,,,,,,,
2,case_0,2024-04-10 18:22:08.268383,complete,Leucocytes,positive,F,YB,23.0,,138.0,,,,,,,,,,,,,,,,,,,,,,,
3,case_0,2024-04-10 19:07:42.268383,complete,Admission NC,positive,J,,,,,,,,,,,,,,,,,,,,,,,,,,,
4,case_0,2024-04-10 20:28:06.268383,complete,LacticAcid,positive,E,,,,,6.0,,,,,,,,,,,,,,,,,,,,,,
5,case_0,2024-04-10 20:49:45.268383,complete,Leucocytes,positive,J,YB,20.0,,138.0,,,,,,,,,,,,,,,,,,,,,,,
6,case_0,2024-04-10 22:22:06.268383,complete,Leucocytes,positive,L,HE,20.0,,3376.0,,,,,,,,,,,,,,,,,,,,,,,
7,case_0,2024-04-10 23:18:36.268383,complete,Admission NC,positive,L,,,,,,,,,,,,,,,,,,,,,,,,,,,
8,case_1,2024-04-10 16:30:35.268383,complete,CRP,positive,L,YA,20.0,5074.0,,,,,,,,,,,,,,,,,,,,,,,,
9,case_1,2024-04-10 16:37:12.268383,complete,Leucocytes,positive,K,YB,20.0,,331.0,,,,,,,,,,,,,,,,,,,,,,,
10,case_1,2024-04-10 17:41:01.268383,complete,Leucocytes,positive,F,YC,22.0,,138.0,,,,,,,,,,,,,,,,,,,,,,,
11,case_1,2024-04-10 18:50:19.268383,complete,Leucocytes,positive,A,YC,20.0,,138.0,,,,,,,,,,,,,,,,,,,,,,,
12,case_1,2024-04-10 19:55:27.268383,complete,Admission NC,positive,F,,,,,,,,,,,,,,,,,,,,,,,,,,,
13,case_1,2024-04-10 20:33:10.268383,complete,CRP,positive,K,HE,20.0,2917.0,,,,,,,,,,,,,,,,,,,,,,,,
14,case_1,2024-04-10 22:09:11.268383,complete,ER Triage,positive,J,HD,20.0,,,,,,,,,,,,,,,,,,,,,,,,,
15,case_1,2024-04-10 23:02:12.268383,complete,Admission NC,positive,A,,,,,,,,,,,,,,,,,,,,,,,,,,,
16,case_2,2024-04-10 16:31:27.268383,complete,CRP,positive,I,YA,20.0,51.0,,,,,,,,,,,,,,,,,,,,,,,,
17,case_2,2024-04-10 17:32:00.268383,complete,Leucocytes,positive,K,YB,76.0,,768.0,,,,,,,,,,,,,,,,,,,,,,,
18,case_2,2024-04-10 17:41:40.268383,complete,Leucocytes,positive,F,YA,22.0,,138.0,,,,,,,,,,,,,,,,,,,,,,,
19,case_2,2024-04-10 18:54:01.268383,complete,Leucocytes,positive,A,YC,21.0,,138.0,,,,,,,,,,,,,,,,,,,,,,,
20,case_2,2024-04-10 19:59:37.268383,complete,CRP,positive,E,YB,20.0,50.0,,,,,,,,,,,,,,,,,,,,,,,,
21,case_2,2024-04-10 21:14:23.268383,complete,CRP,positive,A,HE,20.0,2917.0,,,,,,,,,,,,,,,,,,,,,,,,
22,case_2,2024-04-10 21:39:17.268383,complete,Admission NC,positive,F,,,,,,,,,,,,,,,,,,,,,,,,,,,
23,case_2,2024-04-10 22:46:38.268383,complete,Admission NC,positive,F,,,,,,,,,,,,,,,,,,,,,,,,,,,
24,case_3,2024-04-10 16:27:43.268383,complete,CRP,positive,K,YC,54.0,2777.0,,,,,,,,,,,,,,,,,,,,,,,,
25,case_3,2024-04-10 17:17:25.268383,complete,Admission NC,positive,F,,,,,,,,,,,,,,,,,,,,,,,,,,,
26,case_3,2024-04-10 18:13:35.268383,complete,LacticAcid,positive,A,,,,,2.0,,,,,,,,,,,,,,,,,,,,,,
27,case_3,2024-04-10 19:01:28.268383,complete,Leucocytes,positive,E,YB,23.0,,363.0,,,,,,,,,,,,,,,,,,,,,,,
28,case_3,2024-04-10 20:13:48.268383,complete,LacticAcid,positive,E,,,,,3.0,,,,,,,,,,,,,,,,,,,,,,
29,case_3,2024-04-10 20:56:12.268383,complete,Leucocytes,positive,E,YB,20.0,,138.0,,,,,,,,,,,,,,,,,,,,,,,
30,case_3,2024-04-10 21:58:57.268383,complete,Admission NC,positive,L,,,,,,,,,,,,,,,,,,,,,,,,,,,
31,case_3,2024-04-10 23:07:43.268383,complete,CRP,positive,L,RC,20.0,2515.0,,,,,,,,,,,,,,,,,,,,,,,,
32,case_4,2024-04-10 16:13:49.268383,complete,CRP,positive,A,YA,20.0,51.0,,,,,,,,,,,,,,,,,,,,,,,,
33,case_4,2024-04-10 17:20:58.268383,complete,Leucocytes,positive,E,YA,22.0,,331.0,,,,,,,,,,,,,,,,,,,,,,,
34,case_4,2024-04-10 17:50:45.268383,complete,Leucocytes,positive,F,YB,90.0,,138.0,,,,,,,,,,,,,,,,,,,,,,,
35,case_4,2024-04-10 19:23:49.268383,complete,Leucocytes,positive,L,YA,21.0,,138.0,,,,,,,,,,,,,,,,,,,,,,,
36,case_4,2024-04-10 20:29:43.268383,complete,Admission NC,positive,J,,,,,,,,,,,,,,,,,,,,,,,,,,,
37,case_4,2024-04-10 20:55:37.268383,complete,CRP,positive,L,YD,55.0,2917.0,,,,,,,,,,,,,,,,,,,,,,,,
38,case_4,2024-04-10 21:52:44.268383,complete,Admission NC,positive,L,,,,,,,,,,,,,,,,,,,,,,,,,,,
39,case_4,2024-04-10 23:32:23.268383,complete,CRP,positive,J,RC,21.0,50.0,,,,,,,,,,,,,,,,,,,,,,,,
40,case_5,2024-04-10 15:38:17.268383,complete,CRP,positive,K,YC,20.0,4895.0,,,,,,,,,,,,,,,,,,,,,,,,
41,case_5,2024-04-10 16:48:44.268383,complete,Admission NC,positive,J,,,,,,,,,,,,,,,,,,,,,,,,,,,
42,case_5,2024-04-10 18:13:44.268383,complete,IV Antibiotics,positive,I,,,,,,,,,,,,,,,,,,,,,,,,,,,
43,case_5,2024-04-10 18:33:09.268383,complete,ER Triage,positive,L,YB,21.0,,,,,,,,,,,,,,,,,,,,,,,,,
44,case_5,2024-04-10 19:37:47.268383,complete,Leucocytes,positive,L,YA,20.0,,138.0,,,,,,,,,,,,,,,,,,,,,,,
45,case_5,2024-04-10 20:52:36.268383,complete,CRP,positive,L,YA,90.0,50.0,,,,,,,,,,,,,,,,,,,,,,,,
46,case_5,2024-04-10 22:20:00.268383,complete,Admission NC,positive,J,,,,,,,,,,,,,,,,,,,,,,,,,,,
47,case_6,2024-04-10 15:35:14.268383,complete,CRP,positive,K,YA,20.0,50.0,,,,,,,,,,,,,,,,,,,,,,,,
48,case_6,2024-04-10 17:01:07.268383,complete,Admission NC,positive,J,,,,,,,,,,,,,,,,,,,,,,,,,,,
49,case_6,2024-04-10 18:26:46.268383,complete,Leucocytes,positive,K,YA,22.0,,138.0,,,,,,,,,,,,,,,,,,,,,,,
50,case_6,2024-04-10 19:10:32.268383,complete,Leucocytes,positive,H,YA,20.0,,1957.0,,,,,,,,,,,,,,,,,,,,,,,
51,case_6,2024-04-10 20:22:03.268383,complete,CRP,positive,J,YA,22.0,50.0,,,,,,,,,,,,,,,,,,,,,,,,
52,case_6,2024-04-10 20:48:52.268383,complete,Leucocytes,positive,E,YB,21.0,,138.0,,,,,,,,,,,,,,,,,,,,,,,
53,case_6,2024-04-10 21:51:32.268383,complete,Admission NC,positive,J,,,,,,,,,,,,,,,,,,,,,,,,,,,
54,case_7,2024-04-10 16:07:45.268383,complete,Leucocytes,positive,K,YA,20.0,,3611.0,,,,,,,,,,,,,,,,,,,,,,,
55,case_7,2024-04-10 16:38:10.268383,complete,CRP,positive,J,YA,20.0,2662.0,,,,,,,,,,,,,,,,,,,,,,,,
56,case_7,2024-04-10 17:56:55.268383,complete,CRP,positive,K,YA,22.0,50.0,,,,,,,,,,,,,,,,,,,,,,,,
57,case_7,2024-04-10 18:32:55.268383,complete,CRP,positive,J,QA,27.0,1715.0,,,,,,,,,,,,,,,,,,,,,,,,
58,case_7,2024-04-10 20:21:41.268383,complete,CRP,positive,J,YA,21.0,50.0,,,,,,,,,,,,,,,,,,,,,,,,
59,case_7,2024-04-10 21:05:07.268383,complete,Admission NC,positive,J,,,,,,,,,,,,,,,,,,,,,,,,,,,
60,case_7,2024-04-10 21:45:06.268383,complete,Admission NC,positive,J,,,,,,,,,,,,,,,,,,,,,,,,,,,
61,case_8,2024-04-10 15:49:24.268383,complete,CRP,positive,I,YD,20.0,52.0,,,,,,,,,,,,,,,,,,,,,,,,
62,case_8,2024-04-10 17:15:02.268383,complete,Admission NC,positive,J,,,,,,,,,,,,,,,,,,,,,,,,,,,
63,case_8,2024-04-10 17:45:02.268383,complete,CRP,positive,J,YA,20.0,50.0,,,,,,,,,,,,,,,,,,,,,,,,
64,case_8,2024-04-10 19:26:11.268383,complete,Leucocytes,positive,J,YA,21.0,,1957.0,,,,,,,,,,,,,,,,,,,,,,,
65,case_8,2024-04-10 20:25:31.268383,complete,CRP,positive,L,YA,22.0,50.0,,,,,,,,,,,,,,,,,,,,,,,,
66,case_8,2024-04-10 20:52:48.268383,complete,IV Antibiotics,positive,L,,,,,,,,,,,,,,,,,,,,,,,,,,,
67,case_8,2024-04-10 22:18:09.268383,complete,Admission NC,positive,J,,,,,,,,,,,,,,,,,,,,,,,,,,,
68,case_9,2024-04-10 16:12:25.268383,complete,Leucocytes,positive,K,YA,20.0,,3611.0,,,,,,,,,,,,,,,,,,,,,,,
69,case_9,2024-04-10 17:21:39.268383,complete,Leucocytes,positive,J,YA,22.0,,181.0,,,,,,,,,,,,,,,,,,,,,,,
70,case_9,2024-04-10 18:10:33.268383,complete,CRP,positive,A,YD,20.0,50.0,,,,,,,,,,,,,,,,,,,,,,,,
71,case_9,2024-04-10 18:47:42.268383,complete,CRP,positive,K,YA,89.0,1715.0,,,,,,,,,,,,,,,,,,,,,,,,
72,case_9,2024-04-10 20:13:46.268383,complete,Leucocytes,positive,J,YB,22.0,,139.0,,,,,,,,,,,,,,,,,,,,,,,
73,case_9,2024-04-10 20:40:45.268383,complete,Admission NC,positive,J,,,,,,,,,,,,,,,,,,,,,,,,,,,
74,case_9,2024-04-10 22:10:34.268383,complete,Admission NC,positive,J,,,,,,,,,,,,,,,,,,,,,,,,,,,
75,case_10,2024-04-10 15:38:04.268383,complete,Admission NC,positive,J,,,,,,,,,,,,,,,,,,,,,,,,,,,
76,case_10,2024-04-10 16:43:30.268383,complete,Leucocytes,positive,J,YB,22.0,,181.0,,,,,,,,,,,,,,,,,,,,,,,
77,case_10,2024-04-10 18:19:02.268383,complete,CRP,positive,E,YD,20.0,50.0,,,,,,,,,,,,,,,,,,,,,,,,
78,case_10,2024-04-10 19:26:37.268383,complete,CRP,positive,K,YA,88.0,1715.0,,,,,,,,,,,,,,,,,,,,,,,,
79,case_10,2024-04-10 20:15:51.268383,complete,Leucocytes,positive,?,YA,22.0,,138.0,,,,,,,,,,,,,,,,,,,,,,,
80,case_10,2024-04-10 21:24:45.268383,complete,CRP,positive,K,YC,20.0,50.0,,,,,,,,,,,,,,,,,,,,,,,,
81,case_10,2024-04-10 21:32:52.268383,complete,Admission NC,positive,F,,,,,,,,,,,,,,,,,,,,,,,,,,,
82,case_11,2024-04-10 15:58:59.268383,complete,CRP,positive,?,YC,24.0,50.0,,,,,,,,,,,,,,,,,,,,,,,,
83,case_11,2024-04-10 16:44:35.268383,complete,Leucocytes,positive,J,YA,20.0,,139.0,,,,,,,,,,,,,,,,,,,,,,,
84,case_11,2024-04-10 17:36:18.268383,complete,Leucocytes,positive,A,YA,21.0,,138.0,,,,,,,,,,,,,,,,,,,,,,,
85,case_11,2024-04-10 19:14:15.268383,complete,CRP,positive,?,YC,20.0,2925.0,,,,,,,,,,,,,,,,,,,,,,,,
86,case_11,2024-04-10 19:41:21.268383,complete,CRP,positive,L,YC,20.0,4596.0,,,,,,,,,,,,,,,,,,,,,,,,
87,case_11,2024-04-10 20:40:47.268383,complete,Admission NC,positive,J,,,,,,,,,,,,,,,,,,,,,,,,,,,
88,case_11,2024-04-10 21:54:21.268383,complete,Admission NC,positive,J,,,,,,,,,,,,,,,,,,,,,,,,,,,
89,case_12,2024-04-10 16:10:16.268383,complete,CRP,positive,I,YC,24.0,50.0,,,,,,,,,,,,,,,,,,,,,,,,
90,case_12,2024-04-10 17:30:36.268383,complete,Leucocytes,positive,J,YA,20.0,,435.0,,,,,,,,,,,,,,,,,,,,,,,
91,case_12,2024-04-10 18:16:07.268383,complete,Admission NC,positive,E,,,,,,,,,,,,,,,,,,,,,,,,,,,
92,case_12,2024-04-10 18:38:20.268383,complete,Leucocytes,positive,E,YA,21.0,,1957.0,,,,,,,,,,,,,,,,,,,,,,,
93,case_12,2024-04-10 20:04:27.268383,complete,CRP,positive,?,YC,22.0,50.0,,,,,,,,,,,,,,,,,,,,,,,,
94,case_12,2024-04-10 20:55:17.268383,complete,CRP,positive,K,YA,21.0,50.0,,,,,,,,,,,,,,,,,,,,,,,,
95,case_12,2024-04-10 22:13:14.268383,complete,Admission NC,positive,F,,,,,,,,,,,,,,,,,,,,,,,,,,,
96,case_13,2024-04-10 16:04:23.268383,complete,LacticAcid,positive,K,,,,,2.0,,,,,,,,,,,,,,,,,,,,,,
97,case_13,2024-04-10 17:06:27.268383,complete,Leucocytes,positive,K,YC,24.0,,2981.0,,,,,,,,,,,,,,,,,,,,,,,
98,case_13,2024-04-10 18:03:05.268383,complete,Leucocytes,positive,K,YA,20.0,,138.0,,,,,,,,,,,,,,,,,,,,,,,
99,case_13,2024-04-10 18:55:12.268383,complete,Leucocytes,positive,F,YA,22.0,,138.0,,,,,,,,,,,,,,,,,,,,,,,
100,case_13,2024-04-10 19:38:38.268383,complete,Leucocytes,positive,J,YC,54.0,,2032.0,,,,,,,,,,,,,,,,,,,,,,,
101,case_13,2024-04-10 20:59:49.268383,complete,CRP,positive,J,HE,20.0,50.0,,,,,,,,,,,,,,,,,,,,,,,,
102,case_13,2024-04-10 22:28:34.268383,complete,Leucocytes,positive,E,HE,20.0,,139.0,,,,,,,,,,,,,,,,,,,,,,,
103,case_13,2024-04-10 23:08:06.268383,complete,Admission NC,positive,J,,,,,,,,,,,,,,,,,,,,,,,,,,,
104,case_13,2024-04-10 23:41:00.268383,complete,Admission NC,positive,J,,,,,,,,,,,,,,,,,,,,,,,,,,,
105,case_14,2024-04-10 15:42:16.268383,complete,CRP,positive,I,YA,37.0,51.0,,,,,,,,,,,,,,,,,,,,,,,,
106,case_14,2024-04-10 17:31:44.268383,complete,Admission NC,positive,F,,,,,,,,,,,,,,,,,,,,,,,,,,,
107,case_14,2024-04-10 18:26:27.268383,complete,Leucocytes,positive,E,YA,20.0,,201.0,,,,,,,,,,,,,,,,,,,,,,,
108,case_14,2024-04-10 18:46:49.268383,complete,Leucocytes,positive,L,YA,21.0,,139.0,,,,,,,,,,,,,,,,,,,,,,,
109,case_14,2024-04-10 20:01:19.268383,complete,Admission NC,positive,F,,,,,,,,,,,,,,,,,,,,,,,,,,,
110,case_14,2024-04-10 20:39:33.268383,complete,Leucocytes,positive,J,YA,63.0,,1678.0,,,,,,,,,,,,,,,,,,,,,,,
111,case_14,2024-04-10 21:50:54.268383,complete,Leucocytes,positive,E,HE,20.0,,138.0,,,,,,,,,,,,,,,,,,,,,,,
112,case_14,2024-04-10 23:11:42.268383,complete,LacticAcid,positive,L,,,,,3.0,,,,,,,,,,,,,,,,,,,,,,
113,case_14,2024-04-10 23:58:34.268383,complete,Leucocytes,positive,L,B,20.0,,2282.0,,,,,,,,,,,,,,,,,,,,,,,
114,case_15,2024-04-10 16:24:39.268383,complete,CRP,positive,K,YB,82.0,4215.0,,,,,,,,,,,,,,,,,,,,,,,,
115,case_15,2024-04-10 17:26:11.268383,complete,Leucocytes,positive,A,YC,38.0,,1356.0,,,,,,,,,,,,,,,,,,,,,,,
116,case_15,2024-04-10 17:53:51.268383,complete,Leucocytes,positive,J,YA,74.0,,138.0,,,,,,,,,,,,,,,,,,,,,,,
117,case_15,2024-04-10 19:12:52.268383,complete,Leucocytes,positive,I,UA,20.0,,138.0,,,,,,,,,,,,,,,,,,,,,,,
118,case_15,2024-04-10 19:49:40.268383,complete,Admission NC,positive,J,,,,,,,,,,,,,,,,,,,,,,,,,,,
119,case_15,2024-04-10 21:27:21.268383,complete,ER Triage,positive,K,YA,20.0,,,,,,,,,,,,,,,,,,,,,,,,,
120,case_15,2024-04-10 21:40:28.268383,complete,Admission NC,positive,J,,,,,,,,,,,,,,,,,,,,,,,,,,,
121,case_15,2024-04-10 23:14:53.268383,complete,LacticAcid,positive,E,,,,,6.0,,,,,,,,,,,,,,,,,,,,,,
122,case_15,2024-04-10 23:41:26.268383,complete,Leucocytes,positive,J,B,21.0,,139.0,,,,,,,,,,,,,,,,,,,,,,,
123,case_16,2024-04-10 16:10:49.268383,complete,CRP,positive,?,YA,20.0,52.0,,,,,,,,,,,,,,,,,,,,,,,,
124,case_16,2024-04-10 16:39:35.268383,complete,Admission NC,positive,J,,,,,,,,,,,,,,,,,,,,,,,,,,,
125,case_16,2024-04-10 17:46:06.268383,complete,Admission NC,positive,L,,,,,,,,,,,,,,,,,,,,,,,,,,,
126,case_16,2024-04-10 18:37:33.268383,complete,CRP,positive,E,YA,89.0,50.0,,,,,,,,,,,,,,,,,,,,,,,,
127,case_16,2024-04-10 20:02:14.268383,complete,CRP,positive,K,YA,21.0,50.0,,,,,,,,,,,,,,,,,,,,,,,,
128,case_17,2024-04-10 16:10:02.268383,complete,CRP,positive,I,YB,23.0,4734.0,,,,,,,,,,,,,,,,,,,,,,,,
129,case_17,2024-04-10 17:31:16.268383,complete,Admission NC,positive,A,,,,,,,,,,,,,,,,,,,,,,,,,,,
130,case_17,2024-04-10 18:06:07.268383,complete,CRP,positive,K,YA,89.0,1862.0,,,,,,,,,,,,,,,,,,,,,,,,
131,case_17,2024-04-10 19:10:49.268383,complete,Admission NC,positive,A,,,,,,,,,,,,,,,,,,,,,,,,,,,
132,case_17,2024-04-10 20:18:41.268383,complete,Admission IC,positive,K,,,,,,,,,,,,,,,,,,,,,,,,,,,
133,case_18,2024-04-10 16:09:30.268383,complete,CRP,positive,K,YB,24.0,4734.0,,,,,,,,,,,,,,,,,,,,,,,,
134,case_18,2024-04-10 17:31:03.268383,complete,IV Antibiotics,positive,L,,,,,,,,,,,,,,,,,,,,,,,,,,,
135,case_18,2024-04-10 18:16:56.268383,complete,CRP,positive,E,YA,20.0,1862.0,,,,,,,,,,,,,,,,,,,,,,,,
136,case_18,2024-04-10 19:11:24.268383,complete,Admission NC,positive,J,,,,,,,,,,,,,,,,,,,,,,,,,,,
137,case_18,2024-04-10 20:13:34.268383,complete,Admission NC,positive,J,,,,,,,,,,,,,,,,,,,,,,,,,,,
138,case_19,2024-04-10 16:14:19.268383,complete,CRP,positive,K,YA,20.0,2947.0,,,,,,,,,,,,,,,,,,,,,,,,
139,case_19,2024-04-10 17:31:17.268383,complete,Leucocytes,positive,K,RA,21.0,,138.0,,,,,,,,,,,,,,,,,,,,,,,
140,case_19,2024-04-10 17:57:48.268383,complete,Admission NC,positive,L,,,,,,,,,,,,,,,,,,,,,,,,,,,
141,case_19,2024-04-10 19:09:15.268383,complete,Admission NC,positive,J,,,,,,,,,,,,,,,,,,,,,,,,,,,
142,case_19,2024-04-10 20:19:49.268383,complete,CRP,positive,L,YA,21.0,3121.0,,,,,,,,,,,,,,,,,,,,,,,,
143,case_20,2024-04-10 15:38:19.268383,complete,CRP,positive,K,YA,22.0,2657.0,,,,,,,,,,,,,,,,,,,,,,,,
144,case_20,2024-04-10 16:32:38.268383,complete,CRP,positive,E,YD,20.0,1397.0,,,,,,,,,,,,,,,,,,,,,,,,
145,case_20,2024-04-10 18:03:07.268383,complete,CRP,positive,K,YA,21.0,50.0,,,,,,,,,,,,,,,,,,,,,,,,
146,case_20,2024-04-10 19:00:57.268383,complete,Admission NC,positive,L,,,,,,,,,,,,,,,,,,,,,,,,,,,
147,case_20,2024-04-10 19:48:20.268383,complete,Admission NC,positive,?,,,,,,,,,,,,,,,,,,,,,,,,,,,
148,case_20,2024-04-10 21:30:51.268383,complete,Leucocytes,positive,C,YA,30.0,,2.0,,,,,,,,,,,,,,,,,,,,,,,
149,case_21,2024-04-10 15:41:02.268383,complete,LacticAcid,positive,I,,,,,3.0,,,,,,,,,,,,,,,,,,,,,,
150,case_21,2024-04-10 16:57:40.268383,complete,Leucocytes,positive,I,YD,20.0,,674.0,,,,,,,,,,,,,,,,,,,,,,,
151,case_21,2024-04-10 17:35:38.268383,complete,CRP,positive,L,YA,20.0,50.0,,,,,,,,,,,,,,,,,,,,,,,,
152,case_21,2024-04-10 19:28:16.268383,complete,Admission NC,positive,F,,,,,,,,,,,,,,,,,,,,,,,,,,,
153,case_21,2024-04-10 19:46:44.268383,complete,Admission NC,positive,A,,,,,,,,,,,,,,,,,,,,,,,,,,,
154,case_21,2024-04-10 20:44:32.268383,complete,CRP,positive,J,YA,21.0,50.0,,,,,,,,,,,,,,,,,,,,,,,,
155,case_22,2024-04-10 15:47:30.268383,complete,LacticAcid,positive,K,,,,,13.0,,,,,,,,,,,,,,,,,,,,,,
156,case_22,2024-04-10 17:31:26.268383,complete,Admission NC,positive,J,,,,,,,,,,,,,,,,,,,,,,,,,,,
157,case_22,2024-04-10 18:04:02.268383,complete,CRP,positive,L,YA,20.0,50.0,,,,,,,,,,,,,,,,,,,,,,,,
158,case_22,2024-04-10 18:39:49.268383,complete,Leucocytes,positive,J,QB,21.0,,509.0,,,,,,,,,,,,,,,,,,,,,,,
159,case_22,2024-04-10 20:16:48.268383,complete,Admission NC,positive,J,,,,,,,,,,,,,,,,,,,,,,,,,,,
160,case_22,2024-04-10 21:31:14.268383,complete,Leucocytes,positive,L,YA,20.0,,138.0,,,,,,,,,,,,,,,,,,,,,,,
161,case_23,2024-04-10 16:02:33.268383,complete,CRP,positive,K,YA,20.0,50.0,,,,,,,,,,,,,,,,,,,,,,,,
162,case_23,2024-04-10 16:48:14.268383,complete,CRP,positive,K,YA,22.0,1397.0,,,,,,,,,,,,,,,,,,,,,,,,
163,case_23,2024-04-10 17:58:59.268383,complete,CRP,positive,L,YB,25.0,50.0,,,,,,,,,,,,,,,,,,,,,,,,
164,case_23,2024-04-10 19:26:33.268383,complete,Admission NC,positive,F,,,,,,,,,,,,,,,,,,,,,,,,,,,
165,case_23,2024-04-10 19:57:05.268383,complete,Admission NC,positive,F,,,,,,,,,,,,,,,,,,,,,,,,,,,
166,case_23,2024-04-10 20:34:17.268383,complete,Leucocytes,positive,J,YA,27.0,,140.0,,,,,,,,,,,,,,,,,,,,,,,
167,case_24,2024-04-10 16:29:00.268383,complete,CRP,positive,K,YA,20.0,51.0,,,,,,,,,,,,,,,,,,,,,,,,
168,case_24,2024-04-10 16:48:44.268383,complete,LacticAcid,positive,A,,,,,2.0,,,,,,,,,,,,,,,,,,,,,,
169,case_24,2024-04-10 18:12:05.268383,complete,Leucocytes,positive,L,QA,20.0,,138.0,,,,,,,,,,,,,,,,,,,,,,,
170,case_24,2024-04-10 18:57:29.268383,complete,Admission NC,positive,?,,,,,,,,,,,,,,,,,,,,,,,,,,,
171,case_24,2024-04-10 20:00:16.268383,complete,Admission NC,positive,B,,,,,,,,,,,,,,,,,,,,,,,,,,,
172,case_24,2024-04-10 20:37:49.268383,complete,Leucocytes,positive,E,YA,24.0,,635.0,,,,,,,,,,,,,,,,,,,,,,,
173,case_25,2024-04-10 16:05:48.268383,complete,Leucocytes,positive,K,YC,21.0,,1504.0,,,,,,,,,,,,,,,,,,,,,,,
174,case_25,2024-04-10 17:25:09.268383,complete,Leucocytes,positive,L,YA,20.0,,1988.0,,,,,,,,,,,,,,,,,,,,,,,
175,case_25,2024-04-10 18:12:34.268383,complete,Admission NC,positive,F,,,,,,,,,,,,,,,,,,,,,,,,,,,
176,case_25,2024-04-10 19:31:59.268383,complete,Return ER,positive,?,,,,,,,,,,,,,,,,,,,,,,,,,,,
177,case_25,2024-04-10 19:39:45.268383,complete,Release A,positive,E,,,,,,,,,,,,,,,,,,,,,,,,,,,
178,case_25,2024-04-10 20:39:49.268383,complete,Leucocytes,positive,I,YD,24.0,,139.0,,,,,,,,,,,,,,,,,,,,,,,
179,case_25,2024-04-10 21:57:43.268383,complete,Return ER,positive,?,,,,,,,,,,,,,,,,,,,,,,,,,,,
180,case_25,2024-04-10 23:09:56.268383,complete,Return ER,positive,?,,,,,,,,,,,,,,,,,,,,,,,,,,,
181,case_25,2024-04-11 00:31:36.268383,complete,CRP,positive,L,HE,20.0,1664.0,,,,,,,,,,,,,,,,,,,,,,,,
182,case_25,2024-04-11 00:49:48.268383,complete,Admission NC,positive,J,,,,,,,,,,,,,,,,,,,,,,,,,,,
183,case_26,2024-04-10 15:35:31.268383,complete,CRP,positive,K,YD,21.0,51.0,,,,,,,,,,,,,,,,,,,,,,,,
184,case_26,2024-04-10 16:36:08.268383,complete,Admission NC,positive,F,,,,,,,,,,,,,,,,,,,,,,,,,,,
185,case_26,2024-04-10 17:47:40.268383,complete,Leucocytes,positive,L,YD,90.0,,1860.0,,,,,,,,,,,,,,,,,,,,,,,
186,case_26,2024-04-10 18:54:37.268383,complete,Return ER,positive,?,,,,,,,,,,,,,,,,,,,,,,,,,,,
187,case_26,2024-04-10 20:08:55.268383,complete,Release A,positive,E,,,,,,,,,,,,,,,,,,,,,,,,,,,
188,case_26,2024-04-10 21:27:39.268383,complete,Leucocytes,positive,E,B,23.0,,2321.0,,,,,,,,,,,,,,,,,,,,,,,
189,case_26,2024-04-10 21:39:01.268383,complete,Return ER,positive,?,,,,,,,,,,,,,,,,,,,,,,,,,,,
190,case_26,2024-04-10 23:25:04.268383,complete,Release A,positive,E,,,,,,,,,,,,,,,,,,,,,,,,,,,
191,case_26,2024-04-11 00:09:28.268383,complete,Admission NC,positive,F,,,,,,,,,,,,,,,,,,,,,,,,,,,
192,case_26,2024-04-11 01:11:26.268383,complete,Return ER,positive,L,,,,,,,,,,,,,,,,,,,,,,,,,,,
193,case_27,2024-04-10 15:58:00.268383,complete,CRP,positive,A,YA,22.0,895.0,,,,,,,,,,,,,,,,,,,,,,,,
194,case_27,2024-04-10 17:00:29.268383,complete,LacticAcid,positive,K,,,,,2.0,,,,,,,,,,,,,,,,,,,,,,
195,case_27,2024-04-10 18:20:46.268383,complete,Leucocytes,positive,L,YA,20.0,,1358.0,,,,,,,,,,,,,,,,,,,,,,,
196,case_27,2024-04-10 19:08:03.268383,complete,Return ER,positive,?,,,,,,,,,,,,,,,,,,,,,,,,,,,
197,case_27,2024-04-10 19:39:16.268383,complete,Release A,positive,E,,,,,,,,,,,,,,,,,,,,,,,,,,,
198,case_27,2024-04-10 20:57:15.268383,complete,Leucocytes,positive,L,YA,21.0,,138.0,,,,,,,,,,,,,,,,,,,,,,,
199,case_27,2024-04-10 21:33:34.268383,complete,CRP,positive,L,HE,20.0,4054.0,,,,,,,,,,,,,,,,,,,,,,,,
200,case_27,2024-04-10 23:14:51.268383,complete,Admission NC,positive,E,,,,,,,,,,,,,,,,,,,,,,,,,,,
201,case_27,2024-04-10 23:48:20.268383,complete,Admission NC,positive,J,,,,,,,,,,,,,,,,,,,,,,,,,,,
202,case_27,2024-04-11 01:29:54.268383,complete,Leucocytes,positive,J,Z,21.0,,2148.0,,,,,,,,,,,,,,,,,,,,,,,
203,case_28,2024-04-10 16:01:17.268383,complete,CRP,positive,K,YA,20.0,52.0,,,,,,,,,,,,,,,,,,,,,,,,
204,case_28,2024-04-10 17:12:17.268383,complete,Admission NC,positive,F,,,,,,,,,,,,,,,,,,,,,,,,,,,
205,case_28,2024-04-10 17:32:54.268383,complete,Leucocytes,positive,L,YD,58.0,,1860.0,,,,,,,,,,,,,,,,,,,,,,,
206,case_28,2024-04-10 18:42:20.268383,complete,Return ER,positive,?,,,,,,,,,,,,,,,,,,,,,,,,,,,
207,case_28,2024-04-10 19:40:36.268383,complete,Release A,positive,E,,,,,,,,,,,,,,,,,,,,,,,,,,,
208,case_28,2024-04-10 21:19:04.268383,complete,Leucocytes,positive,E,YB,20.0,,2321.0,,,,,,,,,,,,,,,,,,,,,,,
209,case_28,2024-04-10 22:15:08.268383,complete,Return ER,positive,?,,,,,,,,,,,,,,,,,,,,,,,,,,,
210,case_28,2024-04-10 22:44:51.268383,complete,Release A,positive,E,,,,,,,,,,,,,,,,,,,,,,,,,,,
211,case_28,2024-04-10 23:53:52.268383,complete,Admission NC,positive,F,,,,,,,,,,,,,,,,,,,,,,,,,,,
212,case_28,2024-04-11 01:27:02.268383,complete,Return ER,positive,?,,,,,,,,,,,,,,,,,,,,,,,,,,,
213,case_29,2024-04-10 16:11:43.268383,complete,ER Registration,positive,K,YA,22.0,,,,true,false,false,true,false,true,true,true,true,true,false,true,true,true,true,true,true,false,true,true,true,true
214,case_29,2024-04-10 16:44:14.268383,complete,CRP,positive,E,YA,20.0,52.0,,,,,,,,,,,,,,,,,,,,,,,,
215,case_29,2024-04-10 17:41:18.268383,complete,Leucocytes,positive,J,YA,20.0,,1860.0,,,,,,,,,,,,,,,,,,,,,,,
216,case_29,2024-04-10 19:20:12.268383,complete,Leucocytes,positive,L,YC,70.0,,139.0,,,,,,,,,,,,,,,,,,,,,,,
217,case_29,2024-04-10 19:55:37.268383,complete,Leucocytes,positive,I,YA,20.0,,3499.0,,,,,,,,,,,,,,,,,,,,,,,
218,case_29,2024-04-10 20:53:17.268383,complete,Admission NC,positive,E,,,,,,,,,,,,,,,,,,,,,,,,,,,
219,case_29,2024-04-10 21:49:42.268383,complete,Return ER,positive,?,,,,,,,,,,,,,,,,,,,,,,,,,,,
220,case_29,2024-04-10 22:59:39.268383,complete,CRP,positive,E,YC,21.0,4422.0,,,,,,,,,,,,,,,,,,,,,,,,
221,case_29,2024-04-10 23:47:34.268383,complete,Admission NC,positive,F,,,,,,,,,,,,,,,,,,,,,,,,,,,
222,case_29,2024-04-11 00:33:35.268383,complete,Return ER,positive,?,,,,,,,,,,,,,,,,,,,,,,,,,,,
