,case:concept:name,time:timestamp,lifecycle:transition,concept:name,case:label,org:group,Diagnose,Age,LacticAcid,InfectionSuspected,DiagnosticBlood,DisfuncOrg,SIRSCritTachypnea,Hypotensie,SIRSCritHeartRate,Infusion,DiagnosticArtAstrup,DiagnosticIC,DiagnosticSputum,DiagnosticLiquor,DiagnosticOther,SIRSCriteria2OrMore,DiagnosticXthorax,SIRSCritTemperature,DiagnosticUrinaryCulture,SIRSCritLeucos,Oligurie,DiagnosticLacticAcid,Hypoxie,DiagnosticUrinarySediment,DiagnosticECG,Leucocytes,CRP
0,case_0,2024-04-10 16:04:59.457784,complete,Admission NC,positive,J,,,,,,,,,,,,,,,,,,,,,,,,,,,
1,case_0,2024-04-10 16:45:34.457784,complete,Admission NC,positive,J,,,,,,,,,,,,,,,,,,,,,,,,,,,
2,case_0,2024-04-10 18:34:32.457784,complete,Admission IC,positive,J,,,,,,,,,,,,,,,,,,,,,,,,,,,
3,case_0,2024-04-10 18:41:00.457784,complete,Admission NC,positive,J,,,,,,,,,,,,,,,,,,,,,,,,,,,
4,case_0,2024-04-10 19:44:33.457784,complete,Admission NC,positive,J,,,,,,,,,,,,,,,,,,,,,,,,,,,
5,case_0,2024-04-10 21:06:24.457784,complete,ER Triage,positive,C,MC,46.0,,,,,,,,,,,,,,,,,,,,,,,,,
6,case_1,2024-04-10 15:54:28.457784,complete,Return ER,positive,?,,,,,,,,,,,,,,,,,,,,,,,,,,,
7,case_1,2024-04-10 16:54:53.457784,complete,ER Triage,positive,Y,XC,90.0,,,,,,,,,,,,,,,,,,,,,,,,,
8,case_1,2024-04-10 18:31:40.457784,complete,LacticAcid,positive,Y,,,149.0,,,,,,,,,,,,,,,,,,,,,,,,
9,case_1,2024-04-10 19:10:23.457784,complete,Admission NC,positive,F,,,,,,,,,,,,,,,,,,,,,,,,,,,
10,case_1,2024-04-10 20:14:06.457784,complete,Admission NC,positive,F,,,,,,,,,,,,,,,,,,,,,,,,,,,
11,case_1,2024-04-10 21:34:35.457784,complete,ER Registration,positive,Y,XB,90.0,,false,false,true,false,true,false,false,true,false,true,true,true,false,false,false,false,true,true,false,true,false,false,,
12,case_2,2024-04-10 16:12:22.457784,complete,Return ER,positive,?,,,,,,,,,,,,,,,,,,,,,,,,,,,
13,case_2,2024-04-10 17:38:08.457784,complete,Leucocytes,positive,Y,HE,90.0,,,,,,,,,,,,,,,,,,,,,,,,137.0,
14,case_2,2024-04-10 18:24:34.457784,complete,ER Triage,positive,C,GA,58.0,,,,,,,,,,,,,,,,,,,,,,,,,
15,case_2,2024-04-10 19:33:29.457784,complete,Admission NC,positive,F,,,,,,,,,,,,,,,,,,,,,,,,,,,
16,case_2,2024-04-10 19:40:43.457784,complete,Admission NC,positive,Y,,,,,,,,,,,,,,,,,,,,,,,,,,,
17,case_2,2024-04-10 21:10:18.457784,complete,ER Triage,positive,C,HE,90.0,,,,,,,,,,,,,,,,,,,,,,,,,
18,case_3,2024-04-10 15:54:46.457784,complete,Return ER,positive,?,,,,,,,,,,,,,,,,,,,,,,,,,,,
19,case_3,2024-04-10 16:58:10.457784,complete,Leucocytes,positive,Y,HE,90.0,,,,,,,,,,,,,,,,,,,,,,,,136.0,
20,case_3,2024-04-10 18:14:36.457784,complete,ER Triage,positive,C,OE,59.0,,,,,,,,,,,,,,,,,,,,,,,,,
21,case_3,2024-04-10 19:32:59.457784,complete,Admission NC,positive,F,,,,,,,,,,,,,,,,,,,,,,,,,,,
22,case_3,2024-04-10 19:46:23.457784,complete,Admission NC,positive,F,,,,,,,,,,,,,,,,,,,,,,,,,,,
23,case_3,2024-04-10 21:08:47.457784,complete,ER Triage,positive,Y,HE,90.0,,,,,,,,,,,,,,,,,,,,,,,,,
24,case_4,2024-04-10 16:26:06.457784,complete,Return ER,positive,?,,,,,,,,,,,,,,,,,,,,,,,,,,,
25,case_4,2024-04-10 17:37:29.457784,complete,Return ER,positive,Y,,,,,,,,,,,,,,,,,,,,,,,,,,,
26,case_4,2024-04-10 17:51:06.457784,complete,ER Triage,positive,C,HE,90.0,,,,,,,,,,,,,,,,,,,,,,,,,
27,case_4,2024-04-10 19:22:18.457784,complete,Admission NC,positive,F,,,,,,,,,,,,,,,,,,,,,,,,,,,
28,case_4,2024-04-10 20:07:50.457784,complete,Admission NC,positive,F,,,,,,,,,,,,,,,,,,,,,,,,,,,
29,case_4,2024-04-10 21:27:37.457784,complete,ER Registration,positive,Y,HA,90.0,,false,false,true,false,true,false,false,true,false,true,true,true,false,false,false,false,true,true,false,true,false,false,,
30,case_5,2024-04-10 16:12:15.457784,complete,Return ER,positive,?,,,,,,,,,,,,,,,,,,,,,,,,,,,
31,case_5,2024-04-10 16:49:54.457784,complete,Leucocytes,positive,Y,HE,90.0,,,,,,,,,,,,,,,,,,,,,,,,137.0,
32,case_5,2024-04-10 17:41:38.457784,complete,Admission NC,positive,F,,,,,,,,,,,,,,,,,,,,,,,,,,,
33,case_5,2024-04-10 19:08:07.457784,complete,ER Triage,positive,Y,PE,83.0,,,,,,,,,,,,,,,,,,,,,,,,,
34,case_5,2024-04-10 20:10:07.457784,complete,Admission NC,positive,F,,,,,,,,,,,,,,,,,,,,,,,,,,,
35,case_5,2024-04-10 21:00:24.457784,complete,ER Registration,positive,Y,HE,20.0,,false,false,true,false,true,false,false,true,false,true,true,true,false,false,false,false,true,true,false,true,false,false,,
36,case_6,2024-04-10 16:27:43.457784,complete,CRP,positive,Y,HB,90.0,,,,,,,,,,,,,,,,,,,,,,,,,5473.0
37,case_6,2024-04-10 16:59:25.457784,complete,CRP,positive,G,XC,90.0,,,,,,,,,,,,,,,,,,,,,,,,,5640.0
38,case_6,2024-04-10 18:20:41.457784,complete,Release A,positive,Y,,,,,,,,,,,,,,,,,,,,,,,,,,,
39,case_6,2024-04-10 18:41:40.457784,complete,Return ER,positive,?,,,,,,,,,,,,,,,,,,,,,,,,,,,
40,case_6,2024-04-10 19:49:12.457784,complete,Admission NC,positive,F,,,,,,,,,,,,,,,,,,,,,,,,,,,
41,case_6,2024-04-10 21:17:33.457784,complete,Admission NC,positive,F,,,,,,,,,,,,,,,,,,,,,,,,,,,
42,case_7,2024-04-10 16:25:35.457784,complete,Release B,positive,E,,,,,,,,,,,,,,,,,,,,,,,,,,,
43,case_7,2024-04-10 17:02:20.457784,complete,Admission NC,positive,K,,,,,,,,,,,,,,,,,,,,,,,,,,,
44,case_7,2024-04-10 18:15:53.457784,complete,Release B,positive,E,,,,,,,,,,,,,,,,,,,,,,,,,,,
45,case_7,2024-04-10 18:50:47.458782,complete,Admission NC,positive,K,,,,,,,,,,,,,,,,,,,,,,,,,,,
46,case_7,2024-04-10 19:46:16.458782,complete,Release B,positive,E,,,,,,,,,,,,,,,,,,,,,,,,,,,
47,case_7,2024-04-10 20:47:20.458782,complete,Admission NC,positive,K,,,,,,,,,,,,,,,,,,,,,,,,,,,
48,case_7,2024-04-10 21:55:34.458782,complete,Release B,positive,E,,,,,,,,,,,,,,,,,,,,,,,,,,,
49,case_7,2024-04-10 22:47:54.458782,complete,Admission NC,positive,K,,,,,,,,,,,,,,,,,,,,,,,,,,,
50,case_7,2024-04-11 00:10:22.458782,complete,Release B,positive,E,,,,,,,,,,,,,,,,,,,,,,,,,,,
51,case_8,2024-04-10 15:51:18.458782,complete,Admission NC,positive,J,,,,,,,,,,,,,,,,,,,,,,,,,,,
52,case_8,2024-04-10 17:02:40.458782,complete,Admission NC,positive,J,,,,,,,,,,,,,,,,,,,,,,,,,,,
53,case_8,2024-04-10 18:37:43.458782,complete,Admission IC,positive,J,,,,,,,,,,,,,,,,,,,,,,,,,,,
54,case_8,2024-04-10 19:09:57.458782,complete,Admission NC,positive,J,,,,,,,,,,,,,,,,,,,,,,,,,,,
55,case_8,2024-04-10 20:21:18.458782,complete,Release B,positive,E,,,,,,,,,,,,,,,,,,,,,,,,,,,
56,case_9,2024-04-10 16:05:30.458782,complete,Admission NC,positive,J,,,,,,,,,,,,,,,,,,,,,,,,,,,
57,case_9,2024-04-10 16:46:21.458782,complete,Admission NC,positive,Y,,,,,,,,,,,,,,,,,,,,,,,,,,,
58,case_9,2024-04-10 17:42:36.458782,complete,Release B,positive,E,,,,,,,,,,,,,,,,,,,,,,,,,,,
59,case_9,2024-04-10 19:26:38.458782,complete,Admission NC,positive,F,,,,,,,,,,,,,,,,,,,,,,,,,,,
60,case_9,2024-04-10 19:51:09.458782,complete,IV Antibiotics,positive,L,,,,,,,,,,,,,,,,,,,,,,,,,,,
61,case_10,2024-04-10 15:50:56.458782,complete,Admission NC,positive,J,,,,,,,,,,,,,,,,,,,,,,,,,,,
62,case_10,2024-04-10 17:15:53.458782,complete,Admission NC,positive,Q,,,,,,,,,,,,,,,,,,,,,,,,,,,
63,case_10,2024-04-10 17:44:29.458782,complete,Release B,positive,E,,,,,,,,,,,,,,,,,,,,,,,,,,,
64,case_10,2024-04-10 19:04:43.458782,complete,Admission NC,positive,F,,,,,,,,,,,,,,,,,,,,,,,,,,,
65,case_10,2024-04-10 20:08:22.458782,complete,Release B,positive,E,,,,,,,,,,,,,,,,,,,,,,,,,,,
66,case_11,2024-04-10 16:08:28.458782,complete,Admission NC,positive,J,,,,,,,,,,,,,,,,,,,,,,,,,,,
67,case_11,2024-04-10 16:47:40.458782,complete,Admission NC,positive,U,,,,,,,,,,,,,,,,,,,,,,,,,,,
68,case_11,2024-04-10 17:40:25.458782,complete,Release B,positive,E,,,,,,,,,,,,,,,,,,,,,,,,,,,
69,case_11,2024-04-10 19:17:52.458782,complete,Admission NC,positive,F,,,,,,,,,,,,,,,,,,,,,,,,,,,
70,case_11,2024-04-10 19:53:59.458782,complete,Release B,positive,E,,,,,,,,,,,,,,,,,,,,,,,,,,,
71,case_12,2024-04-10 16:22:15.458782,complete,Admission NC,positive,J,,,,,,,,,,,,,,,,,,,,,,,,,,,
72,case_12,2024-04-10 16:48:51.458782,complete,Admission NC,positive,V,,,,,,,,,,,,,,,,,,,,,,,,,,,
73,case_12,2024-04-10 18:05:33.458782,complete,Release B,positive,E,,,,,,,,,,,,,,,,,,,,,,,,,,,
74,case_12,2024-04-10 19:16:28.458782,complete,Admission NC,positive,F,,,,,,,,,,,,,,,,,,,,,,,,,,,
75,case_12,2024-04-10 19:50:39.458782,complete,Release B,positive,E,,,,,,,,,,,,,,,,,,,,,,,,,,,
76,case_13,2024-04-10 15:51:56.458782,complete,Return ER,positive,?,,,,,,,,,,,,,,,,,,,,,,,,,,,
77,case_13,2024-04-10 17:21:08.458782,complete,Release A,positive,Y,,,,,,,,,,,,,,,,,,,,,,,,,,,
78,case_13,2024-04-10 17:58:01.458782,complete,ER Triage,positive,C,HE,81.0,,,,,,,,,,,,,,,,,,,,,,,,,
79,case_13,2024-04-10 18:54:48.458782,complete,Admission NC,positive,F,,,,,,,,,,,,,,,,,,,,,,,,,,,
80,case_13,2024-04-10 19:44:06.458782,complete,Admission NC,positive,F,,,,,,,,,,,,,,,,,,,,,,,,,,,
81,case_13,2024-04-10 21:24:24.458782,complete,ER Triage,positive,C,HE,80.0,,,,,,,,,,,,,,,,,,,,,,,,,
82,case_13,2024-04-10 22:04:39.458782,complete,ER Triage,positive,C,TC,89.0,,,,,,,,,,,,,,,,,,,,,,,,,
83,case_14,2024-04-10 15:58:54.458782,complete,CRP,positive,Y,HE,90.0,,,,,,,,,,,,,,,,,,,,,,,,,3983.0
84,case_14,2024-04-10 16:51:05.458782,complete,CRP,positive,Y,HE,90.0,,,,,,,,,,,,,,,,,,,,,,,,,4999.0
85,case_14,2024-04-10 17:46:06.458782,complete,Release B,positive,E,,,,,,,,,,,,,,,,,,,,,,,,,,,
86,case_14,2024-04-10 19:20:10.458782,complete,Admission NC,positive,K,,,,,,,,,,,,,,,,,,,,,,,,,,,
87,case_14,2024-04-10 19:52:49.458782,complete,Release B,positive,E,,,,,,,,,,,,,,,,,,,,,,,,,,,
88,case_14,2024-04-10 21:09:44.458782,complete,Admission NC,positive,K,,,,,,,,,,,,,,,,,,,,,,,,,,,
89,case_14,2024-04-10 22:06:29.458782,complete,Release B,positive,E,,,,,,,,,,,,,,,,,,,,,,,,,,,
90,case_15,2024-04-10 16:29:05.458782,complete,CRP,positive,Y,HE,90.0,,,,,,,,,,,,,,,,,,,,,,,,,3986.0
91,case_15,2024-04-10 16:54:16.458782,complete,CRP,positive,Y,MD,90.0,,,,,,,,,,,,,,,,,,,,,,,,,4106.0
92,case_15,2024-04-10 18:26:06.458782,complete,Admission NC,positive,Y,,,,,,,,,,,,,,,,,,,,,,,,,,,
93,case_15,2024-04-10 19:09:57.458782,complete,Release A,positive,U,,,,,,,,,,,,,,,,,,,,,,,,,,,
94,case_15,2024-04-10 20:37:55.458782,complete,ER Sepsis Triage,positive,Y,HE,90.0,,,,,,,,,,,,,,,,,,,,,,,,,
95,case_15,2024-04-10 21:19:38.458782,complete,Admission NC,positive,Y,,,,,,,,,,,,,,,,,,,,,,,,,,,
96,case_15,2024-04-10 22:05:48.458782,complete,CRP,positive,Y,HE,89.0,,,,,,,,,,,,,,,,,,,,,,,,,2684.0
97,case_16,2024-04-10 16:34:35.458782,complete,Release B,positive,E,,,,,,,,,,,,,,,,,,,,,,,,,,,
98,case_16,2024-04-10 17:07:49.458782,complete,Admission NC,positive,K,,,,,,,,,,,,,,,,,,,,,,,,,,,
99,case_16,2024-04-10 18:25:21.458782,complete,Release B,positive,E,,,,,,,,,,,,,,,,,,,,,,,,,,,
100,case_16,2024-04-10 19:16:52.458782,complete,Admission NC,positive,F,,,,,,,,,,,,,,,,,,,,,,,,,,,
101,case_16,2024-04-10 20:11:51.458782,complete,ER Registration,positive,Y,HE,90.0,,false,false,true,false,true,true,false,false,false,true,true,false,false,false,false,false,true,true,false,true,false,false,,
102,case_16,2024-04-10 21:19:20.458782,complete,LacticAcid,positive,Y,,,8.0,,,,,,,,,,,,,,,,,,,,,,,,
103,case_16,2024-04-10 22:35:22.458782,complete,Leucocytes,positive,Y,HE,77.0,,,,,,,,,,,,,,,,,,,,,,,,1579.0,
104,case_17,2024-04-10 15:55:54.458782,complete,Return ER,positive,?,,,,,,,,,,,,,,,,,,,,,,,,,,,
105,case_17,2024-04-10 16:47:02.458782,complete,Release B,positive,E,,,,,,,,,,,,,,,,,,,,,,,,,,,
106,case_17,2024-04-10 18:33:52.458782,complete,Admission NC,positive,K,,,,,,,,,,,,,,,,,,,,,,,,,,,
107,case_17,2024-04-10 19:14:38.458782,complete,Release B,positive,E,,,,,,,,,,,,,,,,,,,,,,,,,,,
108,case_17,2024-04-10 20:20:41.458782,complete,Admission NC,positive,K,,,,,,,,,,,,,,,,,,,,,,,,,,,
109,case_17,2024-04-10 21:32:16.458782,complete,Release B,positive,E,,,,,,,,,,,,,,,,,,,,,,,,,,,
110,case_17,2024-04-10 22:21:48.458782,complete,Admission NC,positive,K,,,,,,,,,,,,,,,,,,,,,,,,,,,
111,case_17,2024-04-10 23:37:28.458782,complete,Release B,positive,E,,,,,,,,,,,,,,,,,,,,,,,,,,,
112,case_17,2024-04-10 23:58:09.458782,complete,Admission NC,positive,K,,,,,,,,,,,,,,,,,,,,,,,,,,,
113,case_17,2024-04-11 00:41:33.458782,complete,Release B,positive,E,,,,,,,,,,,,,,,,,,,,,,,,,,,
114,case_18,2024-04-10 16:27:19.458782,complete,Release B,positive,E,,,,,,,,,,,,,,,,,,,,,,,,,,,
115,case_18,2024-04-10 17:10:08.458782,complete,Admission NC,positive,K,,,,,,,,,,,,,,,,,,,,,,,,,,,
116,case_18,2024-04-10 18:18:17.458782,complete,Release B,positive,E,,,,,,,,,,,,,,,,,,,,,,,,,,,
117,case_18,2024-04-10 18:54:14.458782,complete,Admission NC,positive,K,,,,,,,,,,,,,,,,,,,,,,,,,,,
118,case_18,2024-04-10 19:46:01.458782,complete,Release B,positive,E,,,,,,,,,,,,,,,,,,,,,,,,,,,
119,case_18,2024-04-10 20:44:13.458782,complete,Admission NC,positive,K,,,,,,,,,,,,,,,,,,,,,,,,,,,
120,case_18,2024-04-10 21:46:35.458782,complete,Release B,positive,E,,,,,,,,,,,,,,,,,,,,,,,,,,,
121,case_18,2024-04-10 22:54:45.458782,complete,Release B,positive,E,,,,,,,,,,,,,,,,,,,,,,,,,,,
122,case_18,2024-04-10 23:57:40.458782,complete,Admission NC,positive,K,,,,,,,,,,,,,,,,,,,,,,,,,,,
123,case_18,2024-04-11 01:02:06.458782,complete,Release B,positive,E,,,,,,,,,,,,,,,,,,,,,,,,,,,
124,case_19,2024-04-10 15:43:40.458782,complete,LacticAcid,positive,A,,,84.0,,,,,,,,,,,,,,,,,,,,,,,,
125,case_19,2024-04-10 17:09:00.458782,complete,ER Registration,positive,K,N,20.0,,false,true,false,true,false,true,false,false,true,true,false,false,true,true,true,true,false,false,true,false,true,true,,
126,case_19,2024-04-10 18:10:30.458782,complete,ER Registration,positive,I,LB,90.0,,true,true,false,true,false,true,true,false,true,true,false,false,true,true,true,true,false,false,true,true,true,false,,
127,case_19,2024-04-10 18:49:40.458782,complete,IV Antibiotics,positive,L,,,,,,,,,,,,,,,,,,,,,,,,,,,
128,case_19,2024-04-10 19:48:23.458782,complete,Release B,positive,E,,,,,,,,,,,,,,,,,,,,,,,,,,,
129,case_19,2024-04-10 21:27:39.458782,complete,Admission NC,positive,K,,,,,,,,,,,,,,,,,,,,,,,,,,,
130,case_19,2024-04-10 22:35:29.458782,complete,Release B,positive,E,,,,,,,,,,,,,,,,,,,,,,,,,,,
131,case_19,2024-04-10 23:19:17.458782,complete,Release B,positive,E,,,,,,,,,,,,,,,,,,,,,,,,,,,
132,case_19,2024-04-10 23:54:03.458782,complete,Admission NC,positive,K,,,,,,,,,,,,,,,,,,,,,,,,,,,
133,case_19,2024-04-11 00:53:52.458782,complete,Release B,positive,E,,,,,,,,,,,,,,,,,,,,,,,,,,,
134,case_20,2024-04-10 15:50:46.458782,complete,IV Antibiotics,positive,L,,,,,,,,,,,,,,,,,,,,,,,,,,,
135,case_20,2024-04-10 16:57:01.458782,complete,ER Sepsis Triage,positive,L,WD,90.0,,,,,,,,,,,,,,,,,,,,,,,,,
136,case_20,2024-04-10 18:38:24.458782,complete,IV Antibiotics,positive,L,,,,,,,,,,,,,,,,,,,,,,,,,,,
137,case_20,2024-04-10 19:16:05.458782,complete,Admission NC,positive,F,,,,,,,,,,,,,,,,,,,,,,,,,,,
138,case_20,2024-04-10 19:45:05.458782,complete,Admission NC,positive,F,,,,,,,,,,,,,,,,,,,,,,,,,,,
139,case_20,2024-04-10 21:31:04.458782,complete,ER Triage,positive,C,OA,90.0,,,,,,,,,,,,,,,,,,,,,,,,,
140,case_20,2024-04-10 21:50:07.458782,complete,ER Triage,positive,C,HE,90.0,,,,,,,,,,,,,,,,,,,,,,,,,
141,case_20,2024-04-10 22:56:42.458782,complete,IV Antibiotics,positive,L,,,,,,,,,,,,,,,,,,,,,,,,,,,
142,case_20,2024-04-11 00:25:49.458782,complete,ER Sepsis Triage,positive,L,HE,89.0,,,,,,,,,,,,,,,,,,,,,,,,,
143,case_20,2024-04-11 01:25:40.458782,complete,IV Antibiotics,positive,L,,,,,,,,,,,,,,,,,,,,,,,,,,,
144,case_21,2024-04-10 16:02:11.458782,complete,LacticAcid,positive,Y,,,138.0,,,,,,,,,,,,,,,,,,,,,,,,
145,case_21,2024-04-10 17:16:16.458782,complete,Release B,positive,E,,,,,,,,,,,,,,,,,,,,,,,,,,,
146,case_21,2024-04-10 17:53:27.458782,complete,Admission NC,positive,K,,,,,,,,,,,,,,,,,,,,,,,,,,,
147,case_21,2024-04-10 19:07:36.458782,complete,Release B,positive,E,,,,,,,,,,,,,,,,,,,,,,,,,,,
148,case_21,2024-04-10 19:50:49.458782,complete,Admission NC,positive,O,,,,,,,,,,,,,,,,,,,,,,,,,,,
149,case_21,2024-04-10 21:23:01.458782,complete,ER Triage,positive,C,DA,80.0,,,,,,,,,,,,,,,,,,,,,,,,,
150,case_21,2024-04-10 22:19:44.458782,complete,ER Triage,positive,C,BA,90.0,,,,,,,,,,,,,,,,,,,,,,,,,
151,case_21,2024-04-10 23:28:36.458782,complete,Release B,positive,E,,,,,,,,,,,,,,,,,,,,,,,,,,,
152,case_21,2024-04-11 00:07:57.458782,complete,Admission NC,positive,K,,,,,,,,,,,,,,,,,,,,,,,,,,,
153,case_21,2024-04-11 01:25:46.458782,complete,Release B,positive,E,,,,,,,,,,,,,,,,,,,,,,,,,,,
154,case_22,2024-04-10 16:13:10.458782,complete,Return ER,positive,?,,,,,,,,,,,,,,,,,,,,,,,,,,,
155,case_22,2024-04-10 17:03:27.458782,complete,Admission NC,positive,J,,,,,,,,,,,,,,,,,,,,,,,,,,,
156,case_22,2024-04-10 18:37:01.458782,complete,Admission IC,positive,J,,,,,,,,,,,,,,,,,,,,,,,,,,,
157,case_22,2024-04-10 18:45:40.458782,complete,Admission NC,positive,J,,,,,,,,,,,,,,,,,,,,,,,,,,,
158,case_22,2024-04-10 20:13:18.458782,complete,ER Triage,positive,C,UA,20.0,,,,,,,,,,,,,,,,,,,,,,,,,
159,case_22,2024-04-10 21:38:14.458782,complete,IV Antibiotics,positive,L,,,,,,,,,,,,,,,,,,,,,,,,,,,
160,case_22,2024-04-10 21:43:54.458782,complete,ER Triage,positive,C,HE,20.0,,,,,,,,,,,,,,,,,,,,,,,,,
161,case_22,2024-04-10 23:37:42.458782,complete,IV Antibiotics,positive,L,,,,,,,,,,,,,,,,,,,,,,,,,,,
162,case_22,2024-04-11 00:09:20.458782,complete,ER Sepsis Triage,positive,L,HE,20.0,,,,,,,,,,,,,,,,,,,,,,,,,
163,case_22,2024-04-11 01:08:29.458782,complete,IV Antibiotics,positive,L,,,,,,,,,,,,,,,,,,,,,,,,,,,
164,case_23,2024-04-10 15:52:40.458782,complete,Admission NC,positive,J,,,,,,,,,,,,,,,,,,,,,,,,,,,
165,case_23,2024-04-10 16:50:39.458782,complete,Admission NC,positive,J,,,,,,,,,,,,,,,,,,,,,,,,,,,
166,case_23,2024-04-10 17:40:22.458782,complete,Admission IC,positive,J,,,,,,,,,,,,,,,,,,,,,,,,,,,
167,case_23,2024-04-10 18:58:53.458782,complete,Admission NC,positive,J,,,,,,,,,,,,,,,,,,,,,,,,,,,
168,case_23,2024-04-10 20:15:16.458782,complete,Admission NC,positive,J,,,,,,,,,,,,,,,,,,,,,,,,,,,
169,case_23,2024-04-10 21:27:20.458782,complete,Admission IC,positive,J,,,,,,,,,,,,,,,,,,,,,,,,,,,
170,case_23,2024-04-10 22:19:43.458782,complete,Admission NC,positive,J,,,,,,,,,,,,,,,,,,,,,,,,,,,
171,case_23,2024-04-10 22:45:05.458782,complete,Release B,positive,E,,,,,,,,,,,,,,,,,,,,,,,,,,,
172,case_24,2024-04-10 16:01:02.458782,complete,Admission NC,positive,J,,,,,,,,,,,,,,,,,,,,,,,,,,,
173,case_24,2024-04-10 16:59:58.458782,complete,Admission IC,positive,J,,,,,,,,,,,,,,,,,,,,,,,,,,,
174,case_24,2024-04-10 18:21:31.458782,complete,Admission NC,positive,J,,,,,,,,,,,,,,,,,,,,,,,,,,,
175,case_24,2024-04-10 18:49:14.458782,complete,Admission NC,positive,J,,,,,,,,,,,,,,,,,,,,,,,,,,,
176,case_24,2024-04-10 19:59:55.458782,complete,Release B,positive,E,,,,,,,,,,,,,,,,,,,,,,,,,,,
177,case_24,2024-04-10 20:48:10.458782,complete,Release B,positive,E,,,,,,,,,,,,,,,,,,,,,,,,,,,
178,case_24,2024-04-10 22:28:18.458782,complete,Admission NC,positive,J,,,,,,,,,,,,,,,,,,,,,,,,,,,
179,case_24,2024-04-10 23:19:02.458782,complete,IV Antibiotics,positive,L,,,,,,,,,,,,,,,,,,,,,,,,,,,
180,case_25,2024-04-10 16:38:29.458782,complete,Return ER,positive,?,,,,,,,,,,,,,,,,,,,,,,,,,,,
181,case_25,2024-04-10 17:19:07.458782,complete,Admission NC,positive,J,,,,,,,,,,,,,,,,,,,,,,,,,,,
182,case_25,2024-04-10 17:47:40.458782,complete,Admission IC,positive,J,,,,,,,,,,,,,,,,,,,,,,,,,,,
183,case_25,2024-04-10 19:10:28.458782,complete,Admission NC,positive,J,,,,,,,,,,,,,,,,,,,,,,,,,,,
184,case_25,2024-04-10 20:15:11.458782,complete,Release B,positive,E,,,,,,,,,,,,,,,,,,,,,,,,,,,
185,case_25,2024-04-10 21:37:56.458782,complete,IV Antibiotics,positive,L,,,,,,,,,,,,,,,,,,,,,,,,,,,
186,case_25,2024-04-10 22:13:54.458782,complete,ER Sepsis Triage,positive,L,HC,26.0,,,,,,,,,,,,,,,,,,,,,,,,,
187,case_25,2024-04-10 22:50:48.458782,complete,IV Antibiotics,positive,L,,,,,,,,,,,,,,,,,,,,,,,,,,,
188,case_26,2024-04-10 16:02:12.458782,complete,Return ER,positive,?,,,,,,,,,,,,,,,,,,,,,,,,,,,
189,case_26,2024-04-10 17:09:10.458782,complete,Admission NC,positive,J,,,,,,,,,,,,,,,,,,,,,,,,,,,
190,case_26,2024-04-10 17:59:00.458782,complete,Admission IC,positive,J,,,,,,,,,,,,,,,,,,,,,,,,,,,
191,case_26,2024-04-10 19:07:43.458782,complete,Admission NC,positive,J,,,,,,,,,,,,,,,,,,,,,,,,,,,
192,case_26,2024-04-10 20:14:08.458782,complete,Release B,positive,E,,,,,,,,,,,,,,,,,,,,,,,,,,,
193,case_26,2024-04-10 20:45:33.458782,complete,Release A,positive,Y,,,,,,,,,,,,,,,,,,,,,,,,,,,
194,case_26,2024-04-10 21:58:58.458782,complete,ER Triage,positive,C,HD,26.0,,,,,,,,,,,,,,,,,,,,,,,,,
195,case_26,2024-04-10 22:43:53.458782,complete,IV Antibiotics,positive,L,,,,,,,,,,,,,,,,,,,,,,,,,,,
196,case_27,2024-04-10 16:19:02.458782,complete,Return ER,positive,?,,,,,,,,,,,,,,,,,,,,,,,,,,,
197,case_27,2024-04-10 17:18:53.458782,complete,Admission NC,positive,J,,,,,,,,,,,,,,,,,,,,,,,,,,,
198,case_27,2024-04-10 17:59:17.458782,complete,Admission IC,positive,J,,,,,,,,,,,,,,,,,,,,,,,,,,,
199,case_27,2024-04-10 19:31:11.458782,complete,Admission NC,positive,J,,,,,,,,,,,,,,,,,,,,,,,,,,,
200,case_27,2024-04-10 19:53:32.458782,complete,Admission NC,positive,F,,,,,,,,,,,,,,,,,,,,,,,,,,,
201,case_27,2024-04-10 21:34:15.458782,complete,Release A,positive,Y,,,,,,,,,,,,,,,,,,,,,,,,,,,
202,case_27,2024-04-10 22:09:16.458782,complete,ER Sepsis Triage,positive,Y,CE,26.0,,,,,,,,,,,,,,,,,,,,,,,,,
203,case_27,2024-04-10 22:45:24.458782,complete,IV Antibiotics,positive,L,,,,,,,,,,,,,,,,,,,,,,,,,,,
204,case_28,2024-04-10 16:15:16.458782,complete,Return ER,positive,?,,,,,,,,,,,,,,,,,,,,,,,,,,,
205,case_28,2024-04-10 17:33:46.458782,complete,LacticAcid,positive,D,,,149.0,,,,,,,,,,,,,,,,,,,,,,,,
206,case_28,2024-04-10 17:55:34.458782,complete,Release B,positive,E,,,,,,,,,,,,,,,,,,,,,,,,,,,
207,case_28,2024-04-10 18:43:26.458782,complete,Admission NC,positive,J,,,,,,,,,,,,,,,,,,,,,,,,,,,
208,case_28,2024-04-10 19:45:36.458782,complete,Release B,positive,E,,,,,,,,,,,,,,,,,,,,,,,,,,,
209,case_28,2024-04-10 21:36:51.458782,complete,Release A,positive,Y,,,,,,,,,,,,,,,,,,,,,,,,,,,
210,case_28,2024-04-10 22:14:40.458782,complete,Admission NC,positive,J,,,,,,,,,,,,,,,,,,,,,,,,,,,
211,case_28,2024-04-10 22:49:55.458782,complete,IV Antibiotics,positive,L,,,,,,,,,,,,,,,,,,,,,,,,,,,
212,case_29,2024-04-10 16:35:11.458782,complete,Return ER,positive,?,,,,,,,,,,,,,,,,,,,,,,,,,,,
213,case_29,2024-04-10 17:24:15.458782,complete,Admission NC,positive,J,,,,,,,,,,,,,,,,,,,,,,,,,,,
214,case_29,2024-04-10 18:18:56.458782,complete,Admission IC,positive,J,,,,,,,,,,,,,,,,,,,,,,,,,,,
215,case_29,2024-04-10 19:39:03.458782,complete,Admission NC,positive,J,,,,,,,,,,,,,,,,,,,,,,,,,,,
216,case_29,2024-04-10 20:10:39.458782,complete,Release B,positive,E,,,,,,,,,,,,,,,,,,,,,,,,,,,
217,case_29,2024-04-10 20:58:00.458782,complete,Release B,positive,E,,,,,,,,,,,,,,,,,,,,,,,,,,,
218,case_29,2024-04-10 22:25:36.458782,complete,IV Antibiotics,positive,L,,,,,,,,,,,,,,,,,,,,,,,,,,,
219,case_29,2024-04-10 23:10:54.458782,complete,IV Antibiotics,positive,L,,,,,,,,,,,,,,,,,,,,,,,,,,,
