,case:concept:name,time:timestamp,lifecycle:transition,concept:name,case:label,org:group,Diagnose,Age,CRP,Leucocytes,LacticAcid,InfectionSuspected,DiagnosticBlood,DisfuncOrg,SIRSCritTachypnea,Hypotensie,SIRSCritHeartRate,Infusion,DiagnosticArtAstrup,DiagnosticIC,DiagnosticSputum,DiagnosticLiquor,DiagnosticOther,SIRSCriteria2OrMore,DiagnosticXthorax,SIRSCritTemperature,DiagnosticUrinaryCulture,SIRSCritLeucos,Oligurie,DiagnosticLacticAcid,Hypoxie,DiagnosticUrinarySediment,DiagnosticECG
0,case_0,2024-04-10 16:23:11.499553,complete,CRP,positive,J,YA,23.0,3176.0,,,,,,,,,,,,,,,,,,,,,,,,
1,case_0,2024-04-10 17:29:05.499553,complete,CRP,positive,L,YA,20.0,50.0,,,,,,,,,,,,,,,,,,,,,,,,
2,case_0,2024-04-10 18:08:57.499553,complete,CRP,positive,J,HE,20.0,50.0,,,,,,,,,,,,,,,,,,,,,,,,
3,case_0,2024-04-10 19:08:47.499553,complete,Admission NC,positive,F,,,,,,,,,,,,,,,,,,,,,,,,,,,
4,case_0,2024-04-10 19:54:17.499553,complete,CRP,positive,L,HB,20.0,50.0,,,,,,,,,,,,,,,,,,,,,,,,
5,case_0,2024-04-10 20:42:50.499553,complete,Leucocytes,positive,K,HD,20.0,,1183.0,,,,,,,,,,,,,,,,,,,,,,,
6,case_0,2024-04-10 21:37:15.499553,complete,Admission NC,positive,J,,,,,,,,,,,,,,,,,,,,,,,,,,,
7,case_1,2024-04-10 16:01:26.499553,complete,Leucocytes,positive,K,YB,22.0,,380.0,,,,,,,,,,,,,,,,,,,,,,,
8,case_1,2024-04-10 16:58:06.499553,complete,Leucocytes,positive,A,XD,20.0,,1443.0,,,,,,,,,,,,,,,,,,,,,,,
9,case_1,2024-04-10 18:33:08.499553,complete,Admission NC,positive,J,,,,,,,,,,,,,,,,,,,,,,,,,,,
10,case_1,2024-04-10 19:08:06.499553,complete,Admission NC,positive,L,,,,,,,,,,,,,,,,,,,,,,,,,,,
11,case_1,2024-04-10 20:18:26.499553,complete,CRP,positive,I,YA,21.0,3768.0,,,,,,,,,,,,,,,,,,,,,,,,
12,case_1,2024-04-10 21:00:39.499553,complete,Leucocytes,positive,I,YA,20.0,,138.0,,,,,,,,,,,,,,,,,,,,,,,
13,case_1,2024-04-10 22:11:33.499553,complete,CRP,positive,L,HE,90.0,2826.0,,,,,,,,,,,,,,,,,,,,,,,,
14,case_2,2024-04-10 15:49:03.499553,complete,CRP,positive,L,YC,21.0,3978.0,,,,,,,,,,,,,,,,,,,,,,,,
15,case_2,2024-04-10 16:57:33.499553,complete,Leucocytes,positive,E,GE,21.0,,138.0,,,,,,,,,,,,,,,,,,,,,,,
16,case_2,2024-04-10 18:03:27.499553,complete,CRP,positive,I,HE,21.0,2911.0,,,,,,,,,,,,,,,,,,,,,,,,
17,case_2,2024-04-10 18:34:09.499553,complete,CRP,positive,J,OC,24.0,934.0,,,,,,,,,,,,,,,,,,,,,,,,
18,case_2,2024-04-10 20:23:57.499553,complete,CRP,positive,I,HE,20.0,3768.0,,,,,,,,,,,,,,,,,,,,,,,,
19,case_2,2024-04-10 20:35:11.499553,complete,Admission NC,positive,L,,,,,,,,,,,,,,,,,,,,,,,,,,,
20,case_2,2024-04-10 22:27:53.499553,complete,Admission NC,positive,L,,,,,,,,,,,,,,,,,,,,,,,,,,,
21,case_3,2024-04-10 16:19:10.499553,complete,Leucocytes,positive,J,YA,20.0,,3611.0,,,,,,,,,,,,,,,,,,,,,,,
22,case_3,2024-04-10 17:14:00.499553,complete,Leucocytes,positive,J,MD,90.0,,1443.0,,,,,,,,,,,,,,,,,,,,,,,
23,case_3,2024-04-10 17:41:24.499553,complete,Admission NC,positive,J,,,,,,,,,,,,,,,,,,,,,,,,,,,
24,case_3,2024-04-10 18:45:16.499553,complete,CRP,positive,I,OC,20.0,474.0,,,,,,,,,,,,,,,,,,,,,,,,
25,case_3,2024-04-10 19:47:24.499553,complete,Admission NC,positive,F,,,,,,,,,,,,,,,,,,,,,,,,,,,
26,case_3,2024-04-10 20:48:17.499553,complete,Leucocytes,positive,K,HD,20.0,,1183.0,,,,,,,,,,,,,,,,,,,,,,,
27,case_3,2024-04-10 21:44:41.499553,complete,CRP,positive,E,HB,20.0,50.0,,,,,,,,,,,,,,,,,,,,,,,,
28,case_4,2024-04-10 15:45:42.499553,complete,Leucocytes,positive,J,YC,20.0,,2.0,,,,,,,,,,,,,,,,,,,,,,,
29,case_4,2024-04-10 17:12:37.499553,complete,CRP,positive,L,PB,20.0,50.0,,,,,,,,,,,,,,,,,,,,,,,,
30,case_4,2024-04-10 18:09:13.499553,complete,Admission NC,positive,?,,,,,,,,,,,,,,,,,,,,,,,,,,,
31,case_4,2024-04-10 18:50:35.499553,complete,Admission NC,positive,F,,,,,,,,,,,,,,,,,,,,,,,,,,,
32,case_4,2024-04-10 20:13:56.499553,complete,CRP,positive,J,HD,20.0,50.0,,,,,,,,,,,,,,,,,,,,,,,,
33,case_4,2024-04-10 21:00:46.499553,complete,CRP,positive,J,HD,20.0,50.0,,,,,,,,,,,,,,,,,,,,,,,,
34,case_4,2024-04-10 22:17:27.499553,complete,Leucocytes,positive,J,HB,20.0,,138.0,,,,,,,,,,,,,,,,,,,,,,,
35,case_5,2024-04-10 16:08:59.499553,complete,CRP,positive,E,YA,41.0,3836.0,,,,,,,,,,,,,,,,,,,,,,,,
36,case_5,2024-04-10 16:52:37.499553,complete,Admission NC,positive,F,,,,,,,,,,,,,,,,,,,,,,,,,,,
37,case_5,2024-04-10 17:46:13.499553,complete,Admission NC,positive,F,,,,,,,,,,,,,,,,,,,,,,,,,,,
38,case_5,2024-04-10 19:16:38.499553,complete,CRP,positive,I,WC,42.0,50.0,,,,,,,,,,,,,,,,,,,,,,,,
39,case_5,2024-04-10 20:07:47.499553,complete,CRP,positive,I,YA,21.0,3768.0,,,,,,,,,,,,,,,,,,,,,,,,
40,case_5,2024-04-10 21:25:27.499553,complete,CRP,positive,I,YA,20.0,5651.0,,,,,,,,,,,,,,,,,,,,,,,,
41,case_5,2024-04-10 22:27:11.499553,complete,CRP,positive,C,HB,22.0,2817.0,,,,,,,,,,,,,,,,,,,,,,,,
42,case_6,2024-04-10 15:43:19.499553,complete,CRP,positive,K,YD,20.0,50.0,,,,,,,,,,,,,,,,,,,,,,,,
43,case_6,2024-04-10 17:15:34.499553,complete,CRP,positive,J,MD,20.0,1145.0,,,,,,,,,,,,,,,,,,,,,,,,
44,case_6,2024-04-10 18:02:38.499553,complete,Admission NC,positive,F,,,,,,,,,,,,,,,,,,,,,,,,,,,
45,case_6,2024-04-10 19:23:14.499553,complete,CRP,positive,I,GB,20.0,474.0,,,,,,,,,,,,,,,,,,,,,,,,
46,case_6,2024-04-10 19:59:05.499553,complete,CRP,positive,J,HD,20.0,50.0,,,,,,,,,,,,,,,,,,,,,,,,
47,case_6,2024-04-10 21:32:04.499553,complete,Leucocytes,positive,K,HD,20.0,,1183.0,,,,,,,,,,,,,,,,,,,,,,,
48,case_6,2024-04-10 21:41:56.499553,complete,Admission NC,positive,J,,,,,,,,,,,,,,,,,,,,,,,,,,,
49,case_7,2024-04-10 16:15:01.499553,complete,Admission NC,positive,J,,,,,,,,,,,,,,,,,,,,,,,,,,,
50,case_7,2024-04-10 16:54:10.499553,complete,Leucocytes,positive,I,CC,89.0,,674.0,,,,,,,,,,,,,,,,,,,,,,,
51,case_7,2024-04-10 18:19:53.499553,complete,Admission NC,positive,F,,,,,,,,,,,,,,,,,,,,,,,,,,,
52,case_7,2024-04-10 19:28:55.499553,complete,Leucocytes,positive,I,SA,87.0,,138.0,,,,,,,,,,,,,,,,,,,,,,,
53,case_7,2024-04-10 19:49:57.499553,complete,CRP,positive,I,HE,21.0,50.0,,,,,,,,,,,,,,,,,,,,,,,,
54,case_7,2024-04-10 20:45:28.499553,complete,CRP,positive,L,HD,21.0,677.0,,,,,,,,,,,,,,,,,,,,,,,,
55,case_8,2024-04-10 15:46:16.499553,complete,Leucocytes,positive,L,YA,21.0,,3717.0,,,,,,,,,,,,,,,,,,,,,,,
56,case_8,2024-04-10 17:09:58.499553,complete,CRP,positive,L,YB,20.0,51.0,,,,,,,,,,,,,,,,,,,,,,,,
57,case_8,2024-04-10 17:35:52.499553,complete,Admission NC,positive,L,,,,,,,,,,,,,,,,,,,,,,,,,,,
58,case_8,2024-04-10 19:05:17.499553,complete,CRP,positive,L,YB,32.0,50.0,,,,,,,,,,,,,,,,,,,,,,,,
59,case_8,2024-04-10 20:08:36.499553,complete,Admission NC,positive,E,,,,,,,,,,,,,,,,,,,,,,,,,,,
60,case_9,2024-04-10 16:15:54.499553,complete,Admission NC,positive,J,,,,,,,,,,,,,,,,,,,,,,,,,,,
61,case_9,2024-04-10 16:52:20.499553,complete,Leucocytes,positive,J,PC,20.0,,138.0,,,,,,,,,,,,,,,,,,,,,,,
62,case_9,2024-04-10 17:52:25.499553,complete,CRP,positive,I,ID,37.0,50.0,,,,,,,,,,,,,,,,,,,,,,,,
63,case_9,2024-04-10 19:01:07.499553,complete,CRP,positive,I,HD,46.0,50.0,,,,,,,,,,,,,,,,,,,,,,,,
64,case_9,2024-04-10 20:27:37.499553,complete,Admission NC,positive,E,,,,,,,,,,,,,,,,,,,,,,,,,,,
65,case_10,2024-04-10 15:59:19.499553,complete,Leucocytes,positive,J,YA,21.0,,3717.0,,,,,,,,,,,,,,,,,,,,,,,
66,case_10,2024-04-10 16:42:20.499553,complete,CRP,positive,L,GE,20.0,50.0,,,,,,,,,,,,,,,,,,,,,,,,
67,case_10,2024-04-10 18:07:44.499553,complete,Admission NC,positive,F,,,,,,,,,,,,,,,,,,,,,,,,,,,
68,case_10,2024-04-10 18:54:57.499553,complete,CRP,positive,I,HE,30.0,951.0,,,,,,,,,,,,,,,,,,,,,,,,
69,case_10,2024-04-10 20:23:06.499553,complete,Admission NC,positive,E,,,,,,,,,,,,,,,,,,,,,,,,,,,
70,case_11,2024-04-10 16:17:39.499553,complete,CRP,positive,L,YB,21.0,50.0,,,,,,,,,,,,,,,,,,,,,,,,
71,case_11,2024-04-10 17:25:41.499553,complete,CRP,positive,L,YB,20.0,50.0,,,,,,,,,,,,,,,,,,,,,,,,
72,case_11,2024-04-10 18:20:34.499553,complete,Admission NC,positive,L,,,,,,,,,,,,,,,,,,,,,,,,,,,
73,case_11,2024-04-10 18:35:05.499553,complete,CRP,positive,L,HD,32.0,50.0,,,,,,,,,,,,,,,,,,,,,,,,
74,case_11,2024-04-10 20:03:00.499553,complete,Admission NC,positive,E,,,,,,,,,,,,,,,,,,,,,,,,,,,
75,case_12,2024-04-10 15:48:40.499553,complete,CRP,positive,J,QE,21.0,1452.0,,,,,,,,,,,,,,,,,,,,,,,,
76,case_12,2024-04-10 16:45:05.499553,complete,CRP,positive,L,IC,20.0,4506.0,,,,,,,,,,,,,,,,,,,,,,,,
77,case_12,2024-04-10 18:08:06.499553,complete,Admission NC,positive,F,,,,,,,,,,,,,,,,,,,,,,,,,,,
78,case_12,2024-04-10 19:03:41.499553,complete,CRP,positive,I,HD,30.0,50.0,,,,,,,,,,,,,,,,,,,,,,,,
79,case_12,2024-04-10 20:09:32.499553,complete,Admission NC,positive,E,,,,,,,,,,,,,,,,,,,,,,,,,,,
80,case_13,2024-04-10 15:51:29.499553,complete,CRP,positive,L,YB,23.0,5729.0,,,,,,,,,,,,,,,,,,,,,,,,
81,case_13,2024-04-10 16:38:11.499553,complete,Leucocytes,positive,K,X,21.0,,2981.0,,,,,,,,,,,,,,,,,,,,,,,
82,case_13,2024-04-10 17:55:48.499553,complete,Leucocytes,positive,I,IE,21.0,,139.0,,,,,,,,,,,,,,,,,,,,,,,
83,case_13,2024-04-10 19:17:16.499553,complete,CRP,positive,?,UB,20.0,1328.0,,,,,,,,,,,,,,,,,,,,,,,,
84,case_13,2024-04-10 20:18:27.499553,complete,CRP,positive,I,HE,24.0,3128.0,,,,,,,,,,,,,,,,,,,,,,,,
85,case_13,2024-04-10 21:22:07.499553,complete,Leucocytes,positive,L,YA,20.0,,139.0,,,,,,,,,,,,,,,,,,,,,,,
86,case_13,2024-04-10 22:21:03.499553,complete,Admission NC,positive,J,,,,,,,,,,,,,,,,,,,,,,,,,,,
87,case_13,2024-04-10 22:37:12.499553,complete,CRP,positive,I,HD,21.0,52.0,,,,,,,,,,,,,,,,,,,,,,,,
88,case_13,2024-04-11 00:21:26.499553,complete,Admission NC,positive,L,,,,,,,,,,,,,,,,,,,,,,,,,,,
89,case_14,2024-04-10 16:16:44.499553,complete,CRP,positive,L,YB,23.0,5728.0,,,,,,,,,,,,,,,,,,,,,,,,
90,case_14,2024-04-10 16:35:19.499553,complete,CRP,positive,L,YA,20.0,2095.0,,,,,,,,,,,,,,,,,,,,,,,,
91,case_14,2024-04-10 17:39:39.499553,complete,LacticAcid,positive,K,,,,,2.0,,,,,,,,,,,,,,,,,,,,,,
92,case_14,2024-04-10 19:02:49.499553,complete,Leucocytes,positive,L,UB,25.0,,138.0,,,,,,,,,,,,,,,,,,,,,,,
93,case_14,2024-04-10 20:12:58.499553,complete,CRP,positive,L,YB,20.0,4770.0,,,,,,,,,,,,,,,,,,,,,,,,
94,case_14,2024-04-10 21:20:51.499553,complete,Admission NC,positive,L,,,,,,,,,,,,,,,,,,,,,,,,,,,
95,case_14,2024-04-10 22:19:15.499553,complete,Leucocytes,positive,L,HE,20.0,,137.0,,,,,,,,,,,,,,,,,,,,,,,
96,case_14,2024-04-10 23:22:43.499553,complete,Leucocytes,positive,L,HD,21.0,,136.0,,,,,,,,,,,,,,,,,,,,,,,
97,case_14,2024-04-11 00:33:18.499553,complete,Admission NC,positive,J,,,,,,,,,,,,,,,,,,,,,,,,,,,
98,case_15,2024-04-10 15:49:02.499553,complete,Leucocytes,positive,L,YB,22.0,,512.0,,,,,,,,,,,,,,,,,,,,,,,
99,case_15,2024-04-10 17:12:16.499553,complete,CRP,positive,L,X,21.0,2095.0,,,,,,,,,,,,,,,,,,,,,,,,
100,case_15,2024-04-10 17:45:03.499553,complete,LacticAcid,positive,L,,,,,2.0,,,,,,,,,,,,,,,,,,,,,,
101,case_15,2024-04-10 19:14:00.499553,complete,Leucocytes,positive,I,MA,20.0,,2327.0,,,,,,,,,,,,,,,,,,,,,,,
102,case_15,2024-04-10 19:47:16.499553,complete,CRP,positive,I,YB,20.0,4770.0,,,,,,,,,,,,,,,,,,,,,,,,
103,case_15,2024-04-10 20:38:23.499553,complete,Admission NC,positive,J,,,,,,,,,,,,,,,,,,,,,,,,,,,
104,case_15,2024-04-10 21:58:02.499553,complete,Leucocytes,positive,L,HB,20.0,,137.0,,,,,,,,,,,,,,,,,,,,,,,
105,case_15,2024-04-10 23:20:00.499553,complete,Leucocytes,positive,L,HD,22.0,,137.0,,,,,,,,,,,,,,,,,,,,,,,
106,case_15,2024-04-11 00:17:27.499553,complete,Admission NC,positive,J,,,,,,,,,,,,,,,,,,,,,,,,,,,
107,case_16,2024-04-10 16:17:12.499553,complete,CRP,positive,J,YA,20.0,2973.0,,,,,,,,,,,,,,,,,,,,,,,,
108,case_16,2024-04-10 16:57:01.499553,complete,Leucocytes,positive,J,QC,20.0,,2981.0,,,,,,,,,,,,,,,,,,,,,,,
109,case_16,2024-04-10 17:35:36.499553,complete,CRP,positive,K,ZA,21.0,50.0,,,,,,,,,,,,,,,,,,,,,,,,
110,case_16,2024-04-10 18:47:02.499553,complete,Admission NC,positive,F,,,,,,,,,,,,,,,,,,,,,,,,,,,
111,case_16,2024-04-10 19:52:28.499553,complete,CRP,positive,J,HE,21.0,50.0,,,,,,,,,,,,,,,,,,,,,,,,
112,case_16,2024-04-10 20:40:05.499553,complete,CRP,positive,L,HE,23.0,51.0,,,,,,,,,,,,,,,,,,,,,,,,
113,case_16,2024-04-10 21:59:37.499553,complete,CRP,positive,I,HB,21.0,51.0,,,,,,,,,,,,,,,,,,,,,,,,
114,case_16,2024-04-10 22:34:39.499553,complete,Leucocytes,positive,I,HD,20.0,,138.0,,,,,,,,,,,,,,,,,,,,,,,
115,case_16,2024-04-11 00:02:59.499553,complete,Admission NC,positive,F,,,,,,,,,,,,,,,,,,,,,,,,,,,
116,case_17,2024-04-10 15:44:32.499553,complete,Admission NC,positive,E,,,,,,,,,,,,,,,,,,,,,,,,,,,
117,case_17,2024-04-10 17:18:58.499553,complete,Leucocytes,positive,L,YA,66.0,,2981.0,,,,,,,,,,,,,,,,,,,,,,,
118,case_17,2024-04-10 18:02:13.499553,complete,Leucocytes,positive,J,YC,20.0,,138.0,,,,,,,,,,,,,,,,,,,,,,,
119,case_17,2024-04-10 19:11:00.499553,complete,CRP,positive,I,HE,25.0,54.0,,,,,,,,,,,,,,,,,,,,,,,,
120,case_17,2024-04-10 20:00:04.499553,complete,CRP,positive,J,HD,20.0,3128.0,,,,,,,,,,,,,,,,,,,,,,,,
121,case_17,2024-04-10 20:35:42.499553,complete,Admission NC,positive,L,,,,,,,,,,,,,,,,,,,,,,,,,,,
122,case_17,2024-04-10 22:24:48.499553,complete,CRP,positive,E,PE,21.0,171.0,,,,,,,,,,,,,,,,,,,,,,,,
123,case_17,2024-04-10 22:35:44.499553,complete,CRP,positive,I,HC,20.0,51.0,,,,,,,,,,,,,,,,,,,,,,,,
124,case_17,2024-04-10 23:45:02.499553,complete,CRP,positive,E,HE,88.0,51.0,,,,,,,,,,,,,,,,,,,,,,,,
125,case_18,2024-04-10 15:54:10.499553,complete,CRP,positive,J,YA,22.0,3180.0,,,,,,,,,,,,,,,,,,,,,,,,
126,case_18,2024-04-10 17:23:10.499553,complete,CRP,positive,L,X,21.0,2648.0,,,,,,,,,,,,,,,,,,,,,,,,
127,case_18,2024-04-10 17:56:53.499553,complete,CRP,positive,?,YA,20.0,5730.0,,,,,,,,,,,,,,,,,,,,,,,,
128,case_18,2024-04-10 19:09:03.500551,complete,CRP,positive,L,UC,20.0,1328.0,,,,,,,,,,,,,,,,,,,,,,,,
129,case_18,2024-04-10 19:47:44.500551,complete,Admission NC,positive,F,,,,,,,,,,,,,,,,,,,,,,,,,,,
130,case_18,2024-04-10 20:44:13.500551,complete,Admission NC,positive,L,,,,,,,,,,,,,,,,,,,,,,,,,,,
131,case_18,2024-04-10 22:20:27.500551,complete,CRP,positive,I,YA,20.0,515.0,,,,,,,,,,,,,,,,,,,,,,,,
132,case_18,2024-04-10 23:28:15.500551,complete,CRP,positive,I,HE,25.0,52.0,,,,,,,,,,,,,,,,,,,,,,,,
133,case_18,2024-04-11 00:29:16.500551,complete,CRP,positive,E,HB,20.0,2218.0,,,,,,,,,,,,,,,,,,,,,,,,
134,case_19,2024-04-10 16:25:40.500551,complete,Leucocytes,positive,L,YA,22.0,,1472.0,,,,,,,,,,,,,,,,,,,,,,,
135,case_19,2024-04-10 16:35:40.500551,complete,Leucocytes,positive,J,YA,20.0,,2981.0,,,,,,,,,,,,,,,,,,,,,,,
136,case_19,2024-04-10 17:40:01.500551,complete,Admission NC,positive,F,,,,,,,,,,,,,,,,,,,,,,,,,,,
137,case_19,2024-04-10 19:16:46.500551,complete,CRP,positive,I,YA,87.0,5650.0,,,,,,,,,,,,,,,,,,,,,,,,
138,case_19,2024-04-10 20:07:28.500551,complete,CRP,positive,K,C,20.0,54.0,,,,,,,,,,,,,,,,,,,,,,,,
139,case_19,2024-04-10 21:20:59.500551,complete,Leucocytes,positive,L,YB,20.0,,138.0,,,,,,,,,,,,,,,,,,,,,,,
140,case_19,2024-04-10 21:56:48.500551,complete,Leucocytes,positive,I,HE,23.0,,3233.0,,,,,,,,,,,,,,,,,,,,,,,
141,case_19,2024-04-10 23:12:41.500594,complete,CRP,positive,J,HD,79.0,50.0,,,,,,,,,,,,,,,,,,,,,,,,
142,case_19,2024-04-10 23:35:07.500594,complete,Admission NC,positive,J,,,,,,,,,,,,,,,,,,,,,,,,,,,
143,case_20,2024-04-10 16:25:45.500594,complete,CRP,positive,L,YB,21.0,4215.0,,,,,,,,,,,,,,,,,,,,,,,,
144,case_20,2024-04-10 16:56:59.500605,complete,CRP,positive,L,YB,61.0,50.0,,,,,,,,,,,,,,,,,,,,,,,,
145,case_20,2024-04-10 18:23:53.500605,complete,Admission NC,positive,L,,,,,,,,,,,,,,,,,,,,,,,,,,,
146,case_20,2024-04-10 18:33:51.500605,complete,CRP,positive,I,UB,87.0,53.0,,,,,,,,,,,,,,,,,,,,,,,,
147,case_20,2024-04-10 19:58:24.500605,complete,Leucocytes,positive,I,AE,29.0,,2032.0,,,,,,,,,,,,,,,,,,,,,,,
148,case_20,2024-04-10 21:21:31.500605,complete,CRP,positive,L,YC,25.0,50.0,,,,,,,,,,,,,,,,,,,,,,,,
149,case_20,2024-04-10 22:31:49.500605,complete,CRP,positive,I,HE,20.0,171.0,,,,,,,,,,,,,,,,,,,,,,,,
150,case_20,2024-04-10 22:42:21.500605,complete,Admission NC,positive,F,,,,,,,,,,,,,,,,,,,,,,,,,,,
151,case_20,2024-04-10 23:49:04.500605,complete,Leucocytes,positive,E,PD,84.0,,2.0,,,,,,,,,,,,,,,,,,,,,,,
152,case_21,2024-04-10 16:25:07.500605,complete,CRP,positive,L,YA,21.0,3695.0,,,,,,,,,,,,,,,,,,,,,,,,
153,case_21,2024-04-10 17:13:37.500605,complete,LacticAcid,positive,L,,,,,2.0,,,,,,,,,,,,,,,,,,,,,,
154,case_21,2024-04-10 18:11:58.500605,complete,Leucocytes,positive,?,HE,25.0,,138.0,,,,,,,,,,,,,,,,,,,,,,,
155,case_21,2024-04-10 19:16:51.500605,complete,Admission NC,positive,L,,,,,,,,,,,,,,,,,,,,,,,,,,,
156,case_21,2024-04-10 19:47:14.500605,complete,Leucocytes,positive,J,DA,20.0,,137.0,,,,,,,,,,,,,,,,,,,,,,,
157,case_21,2024-04-10 20:46:18.500605,complete,CRP,positive,L,HE,21.0,2995.0,,,,,,,,,,,,,,,,,,,,,,,,
158,case_21,2024-04-10 22:14:09.500605,complete,CRP,positive,L,HE,20.0,51.0,,,,,,,,,,,,,,,,,,,,,,,,
159,case_21,2024-04-10 23:13:04.500605,complete,Admission NC,positive,L,,,,,,,,,,,,,,,,,,,,,,,,,,,
160,case_22,2024-04-10 15:47:53.500605,complete,Leucocytes,positive,L,YA,21.0,,446.0,,,,,,,,,,,,,,,,,,,,,,,
161,case_22,2024-04-10 16:55:57.500605,complete,Admission NC,positive,A,,,,,,,,,,,,,,,,,,,,,,,,,,,
162,case_22,2024-04-10 17:52:12.500605,complete,Admission NC,positive,F,,,,,,,,,,,,,,,,,,,,,,,,,,,
163,case_22,2024-04-10 19:31:13.500605,complete,CRP,positive,I,YC,20.0,55.0,,,,,,,,,,,,,,,,,,,,,,,,
164,case_22,2024-04-10 20:22:54.500605,complete,ER Registration,positive,L,DA,20.0,,,,true,true,false,true,false,false,false,false,true,false,false,false,false,true,false,true,true,true,true,true,true,false
165,case_22,2024-04-10 21:13:20.500605,complete,CRP,positive,K,HE,21.0,1970.0,,,,,,,,,,,,,,,,,,,,,,,,
166,case_22,2024-04-10 22:15:55.500605,complete,CRP,positive,I,PD,26.0,52.0,,,,,,,,,,,,,,,,,,,,,,,,
167,case_22,2024-04-10 23:23:41.500605,complete,Leucocytes,positive,L,HE,39.0,,3.0,,,,,,,,,,,,,,,,,,,,,,,
168,case_23,2024-04-10 15:35:51.500605,complete,CRP,positive,L,YA,61.0,50.0,,,,,,,,,,,,,,,,,,,,,,,,
169,case_23,2024-04-10 16:46:22.500605,complete,Leucocytes,positive,J,YB,88.0,,2212.0,,,,,,,,,,,,,,,,,,,,,,,
170,case_23,2024-04-10 17:40:30.500605,complete,Leucocytes,positive,L,YC,67.0,,138.0,,,,,,,,,,,,,,,,,,,,,,,
171,case_23,2024-04-10 19:21:25.500605,complete,Admission NC,positive,F,,,,,,,,,,,,,,,,,,,,,,,,,,,
172,case_23,2024-04-10 20:18:53.500605,complete,CRP,positive,J,DD,90.0,50.0,,,,,,,,,,,,,,,,,,,,,,,,
173,case_23,2024-04-10 21:15:44.500605,complete,Admission NC,positive,J,,,,,,,,,,,,,,,,,,,,,,,,,,,
174,case_23,2024-04-10 21:46:16.500605,complete,CRP,positive,I,PD,37.0,4944.0,,,,,,,,,,,,,,,,,,,,,,,,
175,case_23,2024-04-10 22:37:55.500605,complete,Leucocytes,positive,J,HD,87.0,,138.0,,,,,,,,,,,,,,,,,,,,,,,
176,case_24,2024-04-10 15:54:24.500605,complete,CRP,positive,E,DC,20.0,5727.0,,,,,,,,,,,,,,,,,,,,,,,,
177,case_24,2024-04-10 16:41:02.500605,complete,Leucocytes,positive,L,LB,20.0,,138.0,,,,,,,,,,,,,,,,,,,,,,,
178,case_24,2024-04-10 18:15:57.500605,complete,CRP,positive,K,YA,20.0,4961.0,,,,,,,,,,,,,,,,,,,,,,,,
179,case_24,2024-04-10 19:30:04.500605,complete,CRP,positive,I,NA,21.0,50.0,,,,,,,,,,,,,,,,,,,,,,,,
180,case_24,2024-04-10 20:19:44.500605,complete,Admission NC,positive,J,,,,,,,,,,,,,,,,,,,,,,,,,,,
181,case_24,2024-04-10 21:00:52.500605,complete,CRP,positive,K,YA,20.0,1970.0,,,,,,,,,,,,,,,,,,,,,,,,
182,case_24,2024-04-10 22:21:19.500605,complete,Admission NC,positive,J,,,,,,,,,,,,,,,,,,,,,,,,,,,
183,case_24,2024-04-10 22:37:50.500605,complete,Leucocytes,positive,E,HD,86.0,,3.0,,,,,,,,,,,,,,,,,,,,,,,
184,case_25,2024-04-10 16:16:03.500605,complete,CRP,positive,J,YA,20.0,50.0,,,,,,,,,,,,,,,,,,,,,,,,
185,case_25,2024-04-10 16:53:05.500605,complete,CRP,positive,J,YB,20.0,2849.0,,,,,,,,,,,,,,,,,,,,,,,,
186,case_25,2024-04-10 17:37:42.500605,complete,CRP,positive,L,YA,26.0,5725.0,,,,,,,,,,,,,,,,,,,,,,,,
187,case_25,2024-04-10 19:24:23.500605,complete,CRP,positive,I,TA,25.0,3371.0,,,,,,,,,,,,,,,,,,,,,,,,
188,case_25,2024-04-10 19:45:36.500605,complete,Leucocytes,positive,K,DE,21.0,,2.0,,,,,,,,,,,,,,,,,,,,,,,
189,case_25,2024-04-10 20:35:47.500605,complete,Admission NC,positive,F,,,,,,,,,,,,,,,,,,,,,,,,,,,
190,case_25,2024-04-10 22:12:32.500605,complete,Admission NC,positive,F,,,,,,,,,,,,,,,,,,,,,,,,,,,
191,case_25,2024-04-10 23:12:58.500605,complete,Admission NC,positive,F,,,,,,,,,,,,,,,,,,,,,,,,,,,
192,case_25,2024-04-10 23:46:16.500605,complete,CRP,positive,J,HE,20.0,50.0,,,,,,,,,,,,,,,,,,,,,,,,
193,case_25,2024-04-11 01:01:52.500605,complete,LacticAcid,positive,E,,,,,57.0,,,,,,,,,,,,,,,,,,,,,,
194,case_26,2024-04-10 15:52:10.500605,complete,CRP,positive,E,YB,20.0,50.0,,,,,,,,,,,,,,,,,,,,,,,,
195,case_26,2024-04-10 17:01:54.500605,complete,Leucocytes,positive,K,N,20.0,,138.0,,,,,,,,,,,,,,,,,,,,,,,
196,case_26,2024-04-10 18:07:55.500605,complete,Admission NC,positive,L,,,,,,,,,,,,,,,,,,,,,,,,,,,
197,case_26,2024-04-10 18:37:02.500605,complete,CRP,positive,I,YC,20.0,51.0,,,,,,,,,,,,,,,,,,,,,,,,
198,case_26,2024-04-10 19:49:17.500605,complete,Admission NC,positive,L,,,,,,,,,,,,,,,,,,,,,,,,,,,
199,case_26,2024-04-10 21:13:10.500605,complete,CRP,positive,J,OA,25.0,51.0,,,,,,,,,,,,,,,,,,,,,,,,
200,case_26,2024-04-10 22:23:34.500605,complete,CRP,positive,L,HE,20.0,4054.0,,,,,,,,,,,,,,,,,,,,,,,,
201,case_26,2024-04-10 22:43:23.500605,complete,IV Antibiotics,positive,L,,,,,,,,,,,,,,,,,,,,,,,,,,,
202,case_26,2024-04-10 23:39:21.500605,complete,IV Antibiotics,positive,L,,,,,,,,,,,,,,,,,,,,,,,,,,,
203,case_26,2024-04-11 00:33:54.500605,complete,CRP,positive,E,HB,23.0,50.0,,,,,,,,,,,,,,,,,,,,,,,,
204,case_27,2024-04-10 15:41:57.500605,complete,CRP,positive,J,YA,20.0,5730.0,,,,,,,,,,,,,,,,,,,,,,,,
205,case_27,2024-04-10 16:38:02.500605,complete,CRP,positive,L,YC,20.0,2985.0,,,,,,,,,,,,,,,,,,,,,,,,
206,case_27,2024-04-10 17:59:02.500605,complete,Admission NC,positive,F,,,,,,,,,,,,,,,,,,,,,,,,,,,
207,case_27,2024-04-10 19:23:58.500605,complete,LacticAcid,positive,L,,,,,10.0,,,,,,,,,,,,,,,,,,,,,,
208,case_27,2024-04-10 20:19:46.500605,complete,Admission NC,positive,J,,,,,,,,,,,,,,,,,,,,,,,,,,,
209,case_27,2024-04-10 20:42:37.500605,complete,CRP,positive,I,OA,20.0,51.0,,,,,,,,,,,,,,,,,,,,,,,,
210,case_27,2024-04-10 22:30:45.500605,complete,ER Registration,positive,?,YA,20.0,,,,true,false,true,false,false,true,false,true,false,false,false,false,false,true,false,false,true,false,true,false,true,false
211,case_27,2024-04-10 23:15:06.500605,complete,Leucocytes,positive,I,GB,20.0,,3.0,,,,,,,,,,,,,,,,,,,,,,,
212,case_27,2024-04-11 00:17:23.500605,complete,Leucocytes,positive,I,YA,20.0,,136.0,,,,,,,,,,,,,,,,,,,,,,,
213,case_27,2024-04-11 01:25:08.500605,complete,CRP,positive,E,Z,22.0,1921.0,,,,,,,,,,,,,,,,,,,,,,,,
214,case_28,2024-04-10 16:11:21.500605,complete,CRP,positive,E,YA,21.0,52.0,,,,,,,,,,,,,,,,,,,,,,,,
215,case_28,2024-04-10 16:59:41.500605,complete,CRP,positive,E,SA,20.0,2985.0,,,,,,,,,,,,,,,,,,,,,,,,
216,case_28,2024-04-10 18:02:00.500605,complete,Admission NC,positive,L,,,,,,,,,,,,,,,,,,,,,,,,,,,
217,case_28,2024-04-10 18:55:16.500605,complete,Leucocytes,positive,F,CE,20.0,,138.0,,,,,,,,,,,,,,,,,,,,,,,
218,case_28,2024-04-10 19:38:45.500605,complete,ER Triage,positive,I,UA,21.0,,,,,,,,,,,,,,,,,,,,,,,,,
219,case_28,2024-04-10 21:07:14.500605,complete,CRP,positive,I,OA,20.0,51.0,,,,,,,,,,,,,,,,,,,,,,,,
220,case_28,2024-04-10 22:18:54.500605,complete,Admission NC,positive,F,,,,,,,,,,,,,,,,,,,,,,,,,,,
221,case_28,2024-04-10 23:14:53.500605,complete,Leucocytes,positive,K,GC,20.0,,3160.0,,,,,,,,,,,,,,,,,,,,,,,
222,case_28,2024-04-11 00:19:08.500605,complete,CRP,positive,J,HE,22.0,51.0,,,,,,,,,,,,,,,,,,,,,,,,
223,case_28,2024-04-11 01:13:02.500605,complete,CRP,positive,E,Z,20.0,51.0,,,,,,,,,,,,,,,,,,,,,,,,
224,case_29,2024-04-10 15:39:20.500605,complete,ER Triage,positive,C,YA,20.0,,,,,,,,,,,,,,,,,,,,,,,,,
225,case_29,2024-04-10 17:10:52.500605,complete,CRP,positive,J,YB,22.0,3530.0,,,,,,,,,,,,,,,,,,,,,,,,
226,case_29,2024-04-10 18:10:25.500605,complete,Leucocytes,positive,I,LA,20.0,,1086.0,,,,,,,,,,,,,,,,,,,,,,,
227,case_29,2024-04-10 18:48:03.500605,complete,Admission NC,positive,J,,,,,,,,,,,,,,,,,,,,,,,,,,,
228,case_29,2024-04-10 19:50:54.500605,complete,Admission NC,positive,J,,,,,,,,,,,,,,,,,,,,,,,,,,,
229,case_29,2024-04-10 20:35:54.500605,complete,CRP,positive,I,YA,23.0,51.0,,,,,,,,,,,,,,,,,,,,,,,,
230,case_29,2024-04-10 22:25:34.500605,complete,Leucocytes,positive,K,HE,20.0,,197.0,,,,,,,,,,,,,,,,,,,,,,,
231,case_29,2024-04-10 22:55:07.500605,complete,CRP,positive,L,GB,20.0,52.0,,,,,,,,,,,,,,,,,,,,,,,,
232,case_29,2024-04-11 00:32:52.500605,complete,CRP,positive,?,HE,23.0,51.0,,,,,,,,,,,,,,,,,,,,,,,,
233,case_29,2024-04-11 01:10:24.500605,complete,CRP,positive,I,Z,20.0,5442.0,,,,,,,,,,,,,,,,,,,,,,,,
