,case:concept:name,time:timestamp,lifecycle:transition,concept:name,case:label,org:group,Diagnose,Age,Leucocytes,LacticAcid,InfectionSuspected,DiagnosticBlood,DisfuncOrg,SIRSCritTachypnea,Hypotensie,SIRSCritHeartRate,Infusion,DiagnosticArtAstrup,DiagnosticIC,DiagnosticSputum,DiagnosticLiquor,DiagnosticOther,SIRSCriteria2OrMore,DiagnosticXthorax,SIRSCritTemperature,DiagnosticUrinaryCulture,SIRSCritLeucos,Oligurie,DiagnosticLacticAcid,Hypoxie,DiagnosticUrinarySediment,DiagnosticECG,CRP
0,case_0,2024-04-10 16:17:21.505063,complete,Leucocytes,positive,Y,HE,90.0,123.0,,,,,,,,,,,,,,,,,,,,,,,,
1,case_0,2024-04-10 16:56:32.505063,complete,IV Antibiotics,positive,L,,,,,,,,,,,,,,,,,,,,,,,,,,,
2,case_0,2024-04-10 17:58:53.505063,complete,LacticAcid,positive,L,,,,149.0,,,,,,,,,,,,,,,,,,,,,,,
3,case_0,2024-04-10 18:39:38.505063,complete,Release B,positive,E,,,,,,,,,,,,,,,,,,,,,,,,,,,
4,case_0,2024-04-10 20:07:37.505063,complete,Return ER,positive,F,,,,,,,,,,,,,,,,,,,,,,,,,,,
5,case_0,2024-04-10 20:47:24.505063,complete,Admission NC,positive,Y,,,,,,,,,,,,,,,,,,,,,,,,,,,
6,case_0,2024-04-10 22:31:35.505063,complete,Admission NC,positive,F,,,,,,,,,,,,,,,,,,,,,,,,,,,
7,case_0,2024-04-10 22:41:39.505063,complete,Release A,positive,L,,,,,,,,,,,,,,,,,,,,,,,,,,,
8,case_0,2024-04-11 00:13:44.505063,complete,Admission NC,positive,F,,,,,,,,,,,,,,,,,,,,,,,,,,,
9,case_0,2024-04-11 01:06:02.505063,complete,Release B,positive,Y,,,,,,,,,,,,,,,,,,,,,,,,,,,
10,case_1,2024-04-10 16:00:46.505063,complete,Release B,positive,E,,,,,,,,,,,,,,,,,,,,,,,,,,,
11,case_1,2024-04-10 17:32:31.505063,complete,Admission NC,positive,K,,,,,,,,,,,,,,,,,,,,,,,,,,,
12,case_1,2024-04-10 18:25:45.505063,complete,Release B,positive,E,,,,,,,,,,,,,,,,,,,,,,,,,,,
13,case_1,2024-04-10 18:45:13.505063,complete,IV Antibiotics,positive,L,,,,,,,,,,,,,,,,,,,,,,,,,,,
14,case_1,2024-04-10 19:51:01.505063,complete,Return ER,positive,?,,,,,,,,,,,,,,,,,,,,,,,,,,,
15,case_1,2024-04-10 21:00:03.505063,complete,Release A,positive,E,,,,,,,,,,,,,,,,,,,,,,,,,,,
16,case_1,2024-04-10 22:26:59.505063,complete,ER Registration,positive,Y,HE,90.0,,,false,false,true,false,true,false,false,true,false,false,true,true,false,false,false,false,true,true,false,false,false,false,
17,case_1,2024-04-10 23:02:36.505063,complete,Return ER,positive,?,,,,,,,,,,,,,,,,,,,,,,,,,,,
18,case_1,2024-04-11 00:01:54.505063,complete,Admission NC,positive,F,,,,,,,,,,,,,,,,,,,,,,,,,,,
19,case_1,2024-04-11 00:43:55.505063,complete,Leucocytes,positive,Y,HE,90.0,924.0,,,,,,,,,,,,,,,,,,,,,,,,
20,case_2,2024-04-10 16:09:08.505063,complete,ER Triage,positive,C,HE,90.0,,,,,,,,,,,,,,,,,,,,,,,,,
21,case_2,2024-04-10 17:03:11.505063,complete,ER Registration,positive,L,HE,90.0,,,true,true,true,false,false,false,false,true,true,false,true,true,true,false,true,false,true,false,true,false,false,true,
22,case_2,2024-04-10 17:46:54.505063,complete,Admission NC,positive,F,,,,,,,,,,,,,,,,,,,,,,,,,,,
23,case_2,2024-04-10 19:29:26.505063,complete,Release B,positive,E,,,,,,,,,,,,,,,,,,,,,,,,,,,
24,case_2,2024-04-10 20:14:01.505063,complete,Admission NC,positive,K,,,,,,,,,,,,,,,,,,,,,,,,,,,
25,case_2,2024-04-10 21:01:35.505063,complete,Release B,positive,E,,,,,,,,,,,,,,,,,,,,,,,,,,,
26,case_2,2024-04-10 22:14:16.505063,complete,Leucocytes,positive,Y,HE,90.0,536.0,,,,,,,,,,,,,,,,,,,,,,,,
27,case_2,2024-04-10 23:21:36.505063,complete,Admission NC,positive,F,,,,,,,,,,,,,,,,,,,,,,,,,,,
28,case_2,2024-04-11 00:15:30.505063,complete,Admission NC,positive,J,,,,,,,,,,,,,,,,,,,,,,,,,,,
29,case_2,2024-04-11 01:21:51.505063,complete,ER Registration,positive,Y,HE,90.0,,,false,false,true,true,true,false,false,false,false,false,false,true,false,true,false,true,false,false,false,true,false,false,
30,case_3,2024-04-10 16:28:55.505063,complete,Release B,positive,E,,,,,,,,,,,,,,,,,,,,,,,,,,,
31,case_3,2024-04-10 16:46:41.505063,complete,Admission NC,positive,K,,,,,,,,,,,,,,,,,,,,,,,,,,,
32,case_3,2024-04-10 18:04:20.505063,complete,Release B,positive,E,,,,,,,,,,,,,,,,,,,,,,,,,,,
33,case_3,2024-04-10 19:12:37.505063,complete,Admission NC,positive,J,,,,,,,,,,,,,,,,,,,,,,,,,,,
34,case_3,2024-04-10 20:28:00.505063,complete,Admission NC,positive,F,,,,,,,,,,,,,,,,,,,,,,,,,,,
35,case_3,2024-04-10 20:37:21.505063,complete,Return ER,positive,?,,,,,,,,,,,,,,,,,,,,,,,,,,,
36,case_3,2024-04-10 22:26:25.505063,complete,Release A,positive,E,,,,,,,,,,,,,,,,,,,,,,,,,,,
37,case_3,2024-04-10 23:06:46.505063,complete,Leucocytes,positive,L,HE,90.0,3143.0,,,,,,,,,,,,,,,,,,,,,,,,
38,case_3,2024-04-11 00:20:37.505063,complete,Leucocytes,positive,C,HE,90.0,155.0,,,,,,,,,,,,,,,,,,,,,,,,
39,case_3,2024-04-11 01:30:50.505063,complete,Leucocytes,positive,Y,HE,90.0,138.0,,,,,,,,,,,,,,,,,,,,,,,,
40,case_4,2024-04-10 16:01:03.505063,complete,Return ER,positive,?,,,,,,,,,,,,,,,,,,,,,,,,,,,
41,case_4,2024-04-10 16:59:07.505063,complete,Admission NC,positive,J,,,,,,,,,,,,,,,,,,,,,,,,,,,
42,case_4,2024-04-10 18:01:58.505063,complete,Admission NC,positive,J,,,,,,,,,,,,,,,,,,,,,,,,,,,
43,case_4,2024-04-10 18:48:43.505063,complete,Admission IC,positive,J,,,,,,,,,,,,,,,,,,,,,,,,,,,
44,case_4,2024-04-10 19:41:29.505063,complete,Admission NC,positive,J,,,,,,,,,,,,,,,,,,,,,,,,,,,
45,case_4,2024-04-10 20:37:59.505063,complete,ER Sepsis Triage,positive,Y,HE,90.0,,,,,,,,,,,,,,,,,,,,,,,,,
46,case_4,2024-04-10 21:34:01.505063,complete,Return ER,positive,?,,,,,,,,,,,,,,,,,,,,,,,,,,,
47,case_4,2024-04-10 22:49:45.505063,complete,Return ER,positive,?,,,,,,,,,,,,,,,,,,,,,,,,,,,
48,case_4,2024-04-11 00:13:44.505063,complete,ER Registration,positive,C,HE,90.0,,,false,false,true,false,true,false,false,true,false,false,true,true,false,false,false,true,true,true,false,true,false,false,
49,case_4,2024-04-11 00:57:30.505063,complete,Leucocytes,positive,Y,HE,20.0,529.0,,,,,,,,,,,,,,,,,,,,,,,,
50,case_5,2024-04-10 15:48:04.505063,complete,Release B,positive,E,,,,,,,,,,,,,,,,,,,,,,,,,,,
51,case_5,2024-04-10 16:41:46.505063,complete,Admission NC,positive,K,,,,,,,,,,,,,,,,,,,,,,,,,,,
52,case_5,2024-04-10 17:49:26.505063,complete,Release B,positive,E,,,,,,,,,,,,,,,,,,,,,,,,,,,
53,case_5,2024-04-10 19:06:25.505063,complete,Admission NC,positive,J,,,,,,,,,,,,,,,,,,,,,,,,,,,
54,case_5,2024-04-10 20:19:59.505063,complete,Admission NC,positive,F,,,,,,,,,,,,,,,,,,,,,,,,,,,
55,case_5,2024-04-10 20:33:20.505063,complete,Return ER,positive,?,,,,,,,,,,,,,,,,,,,,,,,,,,,
56,case_5,2024-04-10 21:54:39.505063,complete,Release A,positive,E,,,,,,,,,,,,,,,,,,,,,,,,,,,
57,case_5,2024-04-10 23:17:56.505063,complete,Leucocytes,positive,L,HE,90.0,3128.0,,,,,,,,,,,,,,,,,,,,,,,,
58,case_5,2024-04-10 23:56:43.505063,complete,Leucocytes,positive,E,HE,90.0,138.0,,,,,,,,,,,,,,,,,,,,,,,,
59,case_5,2024-04-11 01:12:27.505063,complete,ER Registration,positive,Y,HE,75.0,,,false,false,true,false,true,false,false,true,false,true,true,true,false,false,false,false,true,true,false,true,false,false,
60,case_6,2024-04-10 16:23:38.505063,complete,Release B,positive,E,,,,,,,,,,,,,,,,,,,,,,,,,,,
61,case_6,2024-04-10 17:31:48.506065,complete,Return ER,positive,?,,,,,,,,,,,,,,,,,,,,,,,,,,,
62,case_6,2024-04-10 18:10:20.506065,complete,Release A,positive,E,,,,,,,,,,,,,,,,,,,,,,,,,,,
63,case_6,2024-04-10 19:26:34.506065,complete,IV Antibiotics,positive,L,,,,,,,,,,,,,,,,,,,,,,,,,,,
64,case_6,2024-04-10 20:17:16.506065,complete,Admission NC,positive,J,,,,,,,,,,,,,,,,,,,,,,,,,,,
65,case_6,2024-04-10 20:46:46.506065,complete,Admission IC,positive,J,,,,,,,,,,,,,,,,,,,,,,,,,,,
66,case_6,2024-04-10 21:44:44.506065,complete,Admission NC,positive,J,,,,,,,,,,,,,,,,,,,,,,,,,,,
67,case_7,2024-04-10 15:57:54.506065,complete,Release B,positive,E,,,,,,,,,,,,,,,,,,,,,,,,,,,
68,case_7,2024-04-10 16:44:15.506065,complete,ER Triage,positive,J,HE,88.0,,,,,,,,,,,,,,,,,,,,,,,,,
69,case_7,2024-04-10 18:03:01.506065,complete,Admission NC,positive,J,,,,,,,,,,,,,,,,,,,,,,,,,,,
70,case_7,2024-04-10 19:20:15.506065,complete,Admission IC,positive,J,,,,,,,,,,,,,,,,,,,,,,,,,,,
71,case_7,2024-04-10 20:02:13.506065,complete,Admission NC,positive,J,,,,,,,,,,,,,,,,,,,,,,,,,,,
72,case_7,2024-04-10 20:37:44.506065,complete,Admission IC,positive,J,,,,,,,,,,,,,,,,,,,,,,,,,,,
73,case_7,2024-04-10 22:19:28.506065,complete,Admission NC,positive,J,,,,,,,,,,,,,,,,,,,,,,,,,,,
74,case_8,2024-04-10 16:21:18.506065,complete,CRP,positive,Y,HE,90.0,,,,,,,,,,,,,,,,,,,,,,,,,3819.0
75,case_8,2024-04-10 16:50:51.506065,complete,ER Registration,positive,J,RD,24.0,,,false,false,true,false,true,true,false,false,false,true,true,false,false,false,false,false,true,true,false,true,false,false,
76,case_8,2024-04-10 18:16:51.506065,complete,ER Registration,positive,J,NA,20.0,,,false,false,true,false,true,false,false,false,false,false,true,false,false,false,false,false,true,true,false,false,false,false,
77,case_8,2024-04-10 19:05:32.506065,complete,Admission NC,positive,F,,,,,,,,,,,,,,,,,,,,,,,,,,,
78,case_8,2024-04-10 19:59:57.506065,complete,Admission NC,positive,J,,,,,,,,,,,,,,,,,,,,,,,,,,,
79,case_8,2024-04-10 20:50:19.506065,complete,Admission IC,positive,J,,,,,,,,,,,,,,,,,,,,,,,,,,,
80,case_8,2024-04-10 22:04:43.506065,complete,Admission NC,positive,J,,,,,,,,,,,,,,,,,,,,,,,,,,,
81,case_9,2024-04-10 16:09:09.506065,complete,Admission NC,positive,J,,,,,,,,,,,,,,,,,,,,,,,,,,,
82,case_9,2024-04-10 17:04:40.506065,complete,Admission NC,positive,J,,,,,,,,,,,,,,,,,,,,,,,,,,,
83,case_9,2024-04-10 18:05:34.506065,complete,Admission NC,positive,J,,,,,,,,,,,,,,,,,,,,,,,,,,,
84,case_9,2024-04-10 19:27:56.506065,complete,CRP,positive,Y,WC,50.0,,,,,,,,,,,,,,,,,,,,,,,,,681.0
85,case_9,2024-04-10 19:33:44.506065,complete,Admission NC,positive,J,,,,,,,,,,,,,,,,,,,,,,,,,,,
86,case_9,2024-04-10 20:35:55.506065,complete,Admission IC,positive,J,,,,,,,,,,,,,,,,,,,,,,,,,,,
87,case_9,2024-04-10 22:13:07.506065,complete,Admission NC,positive,J,,,,,,,,,,,,,,,,,,,,,,,,,,,
88,case_10,2024-04-10 16:12:18.506065,complete,CRP,positive,Y,HE,90.0,,,,,,,,,,,,,,,,,,,,,,,,,3819.0
89,case_10,2024-04-10 17:15:08.506065,complete,IV Antibiotics,positive,J,,,,,,,,,,,,,,,,,,,,,,,,,,,
90,case_10,2024-04-10 18:09:44.506065,complete,ER Triage,positive,C,HC,34.0,,,,,,,,,,,,,,,,,,,,,,,,,
91,case_10,2024-04-10 19:15:35.506065,complete,Admission NC,positive,F,,,,,,,,,,,,,,,,,,,,,,,,,,,
92,case_10,2024-04-10 20:13:03.506065,complete,Admission NC,positive,J,,,,,,,,,,,,,,,,,,,,,,,,,,,
93,case_10,2024-04-10 21:17:30.506065,complete,Admission IC,positive,J,,,,,,,,,,,,,,,,,,,,,,,,,,,
94,case_10,2024-04-10 22:26:35.506065,complete,Admission NC,positive,J,,,,,,,,,,,,,,,,,,,,,,,,,,,
95,case_11,2024-04-10 16:01:04.506065,complete,Admission NC,positive,F,,,,,,,,,,,,,,,,,,,,,,,,,,,
96,case_11,2024-04-10 17:08:52.506065,complete,Admission NC,positive,F,,,,,,,,,,,,,,,,,,,,,,,,,,,
97,case_11,2024-04-10 17:48:26.506065,complete,ER Triage,positive,L,HE,90.0,,,,,,,,,,,,,,,,,,,,,,,,,
98,case_11,2024-04-10 19:09:35.506065,complete,ER Triage,positive,C,HE,90.0,,,,,,,,,,,,,,,,,,,,,,,,,
99,case_11,2024-04-10 19:38:10.506065,complete,IV Antibiotics,positive,L,,,,,,,,,,,,,,,,,,,,,,,,,,,
100,case_12,2024-04-10 16:13:04.506065,complete,Admission NC,positive,J,,,,,,,,,,,,,,,,,,,,,,,,,,,
101,case_12,2024-04-10 17:02:14.506065,complete,ER Triage,positive,L,GA,20.0,,,,,,,,,,,,,,,,,,,,,,,,,
102,case_12,2024-04-10 18:15:19.506065,complete,Admission NC,positive,F,,,,,,,,,,,,,,,,,,,,,,,,,,,
103,case_12,2024-04-10 19:17:35.506065,complete,ER Triage,positive,C,ZD,20.0,,,,,,,,,,,,,,,,,,,,,,,,,
104,case_12,2024-04-10 19:56:13.506065,complete,IV Antibiotics,positive,L,,,,,,,,,,,,,,,,,,,,,,,,,,,
105,case_13,2024-04-10 16:12:19.506065,complete,ER Registration,positive,Y,HD,40.0,,,false,true,true,false,true,false,false,true,true,true,true,false,true,true,true,true,false,false,true,false,true,true,
106,case_13,2024-04-10 17:28:41.506065,complete,Release B,positive,E,,,,,,,,,,,,,,,,,,,,,,,,,,,
107,case_13,2024-04-10 18:04:59.506065,complete,Release B,positive,C,,,,,,,,,,,,,,,,,,,,,,,,,,,
108,case_13,2024-04-10 18:44:51.506065,complete,Admission NC,positive,F,,,,,,,,,,,,,,,,,,,,,,,,,,,
109,case_13,2024-04-10 20:23:30.506065,complete,Admission NC,positive,F,,,,,,,,,,,,,,,,,,,,,,,,,,,
110,case_14,2024-04-10 16:26:46.506065,complete,LacticAcid,positive,Y,,,,149.0,,,,,,,,,,,,,,,,,,,,,,,
111,case_14,2024-04-10 16:59:55.506065,complete,ER Triage,positive,C,HE,21.0,,,,,,,,,,,,,,,,,,,,,,,,,
112,case_14,2024-04-10 18:06:30.506065,complete,CRP,positive,J,HE,90.0,,,,,,,,,,,,,,,,,,,,,,,,,5442.0
113,case_14,2024-04-10 18:36:00.506065,complete,Admission NC,positive,J,,,,,,,,,,,,,,,,,,,,,,,,,,,
114,case_14,2024-04-10 19:49:46.506065,complete,Admission NC,positive,J,,,,,,,,,,,,,,,,,,,,,,,,,,,
115,case_15,2024-04-10 16:07:16.506065,complete,ER Sepsis Triage,positive,J,XD,20.0,,,,,,,,,,,,,,,,,,,,,,,,,
116,case_15,2024-04-10 16:50:28.506065,complete,Admission NC,positive,F,,,,,,,,,,,,,,,,,,,,,,,,,,,
117,case_15,2024-04-10 18:13:47.506065,complete,Admission NC,positive,F,,,,,,,,,,,,,,,,,,,,,,,,,,,
118,case_15,2024-04-10 18:46:53.506065,complete,ER Triage,positive,C,ZC,21.0,,,,,,,,,,,,,,,,,,,,,,,,,
119,case_15,2024-04-10 19:40:20.506065,complete,IV Antibiotics,positive,L,,,,,,,,,,,,,,,,,,,,,,,,,,,
120,case_16,2024-04-10 16:06:38.506065,complete,Admission NC,positive,J,,,,,,,,,,,,,,,,,,,,,,,,,,,
121,case_16,2024-04-10 16:50:18.506065,complete,Release B,positive,Y,,,,,,,,,,,,,,,,,,,,,,,,,,,
122,case_16,2024-04-10 18:00:41.506065,complete,CRP,positive,J,HE,90.0,,,,,,,,,,,,,,,,,,,,,,,,,4860.0
123,case_16,2024-04-10 18:57:59.506065,complete,Admission NC,positive,J,,,,,,,,,,,,,,,,,,,,,,,,,,,
124,case_16,2024-04-10 19:55:49.506065,complete,IV Antibiotics,positive,L,,,,,,,,,,,,,,,,,,,,,,,,,,,
125,case_17,2024-04-10 16:05:06.506065,complete,Admission NC,positive,J,,,,,,,,,,,,,,,,,,,,,,,,,,,
126,case_17,2024-04-10 17:01:46.506065,complete,Admission NC,positive,E,,,,,,,,,,,,,,,,,,,,,,,,,,,
127,case_17,2024-04-10 17:49:13.506065,complete,Release B,positive,E,,,,,,,,,,,,,,,,,,,,,,,,,,,
128,case_17,2024-04-10 19:02:28.506065,complete,Return ER,positive,?,,,,,,,,,,,,,,,,,,,,,,,,,,,
129,case_17,2024-04-10 20:27:36.506065,complete,Release A,positive,E,,,,,,,,,,,,,,,,,,,,,,,,,,,
130,case_18,2024-04-10 15:34:35.506065,complete,Admission NC,positive,J,,,,,,,,,,,,,,,,,,,,,,,,,,,
131,case_18,2024-04-10 16:36:19.506065,complete,Admission NC,positive,X,,,,,,,,,,,,,,,,,,,,,,,,,,,
132,case_18,2024-04-10 18:08:59.506065,complete,Return ER,positive,?,,,,,,,,,,,,,,,,,,,,,,,,,,,
133,case_18,2024-04-10 19:02:47.506065,complete,Return ER,positive,?,,,,,,,,,,,,,,,,,,,,,,,,,,,
134,case_18,2024-04-10 19:38:21.506065,complete,Return ER,positive,?,,,,,,,,,,,,,,,,,,,,,,,,,,,
135,case_18,2024-04-10 20:47:44.506065,complete,Admission NC,positive,J,,,,,,,,,,,,,,,,,,,,,,,,,,,
136,case_18,2024-04-10 22:05:47.506065,complete,Admission IC,positive,J,,,,,,,,,,,,,,,,,,,,,,,,,,,
137,case_18,2024-04-10 23:05:37.506065,complete,Admission NC,positive,J,,,,,,,,,,,,,,,,,,,,,,,,,,,
138,case_19,2024-04-10 16:08:04.506065,complete,CRP,positive,Y,HE,90.0,,,,,,,,,,,,,,,,,,,,,,,,,5727.0
139,case_19,2024-04-10 16:56:52.506065,complete,Return ER,positive,?,,,,,,,,,,,,,,,,,,,,,,,,,,,
140,case_19,2024-04-10 18:31:40.506065,complete,Leucocytes,positive,F,HE,89.0,137.0,,,,,,,,,,,,,,,,,,,,,,,,
141,case_19,2024-04-10 19:08:06.506065,complete,Admission NC,positive,F,,,,,,,,,,,,,,,,,,,,,,,,,,,
142,case_19,2024-04-10 19:49:21.506065,complete,Return ER,positive,Y,,,,,,,,,,,,,,,,,,,,,,,,,,,
143,case_19,2024-04-10 21:07:33.506065,complete,Admission NC,positive,J,,,,,,,,,,,,,,,,,,,,,,,,,,,
144,case_20,2024-04-10 16:01:42.506065,complete,CRP,positive,Y,HE,90.0,,,,,,,,,,,,,,,,,,,,,,,,,5730.0
145,case_20,2024-04-10 17:01:36.506065,complete,IV Antibiotics,positive,Y,,,,,,,,,,,,,,,,,,,,,,,,,,,
146,case_20,2024-04-10 18:31:05.506065,complete,Release A,positive,F,,,,,,,,,,,,,,,,,,,,,,,,,,,
147,case_20,2024-04-10 19:30:34.506065,complete,ER Registration,positive,Y,HE,21.0,,,false,false,true,false,true,false,false,true,false,false,true,true,false,false,false,false,true,true,false,true,false,false,
148,case_20,2024-04-10 20:07:18.506065,complete,Admission NC,positive,F,,,,,,,,,,,,,,,,,,,,,,,,,,,
149,case_20,2024-04-10 21:03:56.506065,complete,Admission NC,positive,J,,,,,,,,,,,,,,,,,,,,,,,,,,,
150,case_21,2024-04-10 15:41:33.506065,complete,CRP,positive,Y,HE,90.0,,,,,,,,,,,,,,,,,,,,,,,,,4569.0
151,case_21,2024-04-10 17:31:29.506065,complete,Admission NC,positive,J,,,,,,,,,,,,,,,,,,,,,,,,,,,
152,case_21,2024-04-10 17:49:40.506065,complete,Admission NC,positive,J,,,,,,,,,,,,,,,,,,,,,,,,,,,
153,case_21,2024-04-10 19:01:19.506065,complete,Admission NC,positive,F,,,,,,,,,,,,,,,,,,,,,,,,,,,
154,case_21,2024-04-10 19:34:11.506065,complete,Return ER,positive,?,,,,,,,,,,,,,,,,,,,,,,,,,,,
155,case_21,2024-04-10 21:12:23.506065,complete,ER Registration,positive,Y,HE,89.0,,,false,false,true,false,true,false,false,true,false,false,false,true,false,false,false,false,true,true,false,true,false,false,
156,case_22,2024-04-10 15:38:46.506065,complete,CRP,positive,Y,HE,90.0,,,,,,,,,,,,,,,,,,,,,,,,,5144.0
157,case_22,2024-04-10 17:22:48.506065,complete,Admission NC,positive,F,,,,,,,,,,,,,,,,,,,,,,,,,,,
158,case_22,2024-04-10 17:46:58.506065,complete,Admission NC,positive,J,,,,,,,,,,,,,,,,,,,,,,,,,,,
159,case_22,2024-04-10 19:21:36.506065,complete,Admission NC,positive,F,,,,,,,,,,,,,,,,,,,,,,,,,,,
160,case_22,2024-04-10 19:33:44.506065,complete,Return ER,positive,?,,,,,,,,,,,,,,,,,,,,,,,,,,,
161,case_22,2024-04-10 21:12:36.506065,complete,ER Registration,positive,Y,HE,90.0,,,false,false,true,false,true,false,true,true,false,false,true,true,false,false,false,false,true,true,false,true,true,false,
162,case_23,2024-04-10 15:45:11.506065,complete,CRP,positive,Y,HE,90.0,,,,,,,,,,,,,,,,,,,,,,,,,4941.0
163,case_23,2024-04-10 17:03:07.506065,complete,Admission NC,positive,J,,,,,,,,,,,,,,,,,,,,,,,,,,,
164,case_23,2024-04-10 18:02:53.506065,complete,Admission NC,positive,J,,,,,,,,,,,,,,,,,,,,,,,,,,,
165,case_23,2024-04-10 19:16:21.506065,complete,Admission NC,positive,F,,,,,,,,,,,,,,,,,,,,,,,,,,,
166,case_23,2024-04-10 19:46:39.506065,complete,Return ER,positive,?,,,,,,,,,,,,,,,,,,,,,,,,,,,
167,case_23,2024-04-10 21:02:46.506065,complete,Leucocytes,positive,Y,HE,40.0,3813.0,,,,,,,,,,,,,,,,,,,,,,,,
168,case_24,2024-04-10 16:21:39.506065,complete,CRP,positive,Y,HE,90.0,,,,,,,,,,,,,,,,,,,,,,,,,4661.0
169,case_24,2024-04-10 17:25:17.506065,complete,Admission NC,positive,J,,,,,,,,,,,,,,,,,,,,,,,,,,,
170,case_24,2024-04-10 17:47:50.506065,complete,Admission NC,positive,F,,,,,,,,,,,,,,,,,,,,,,,,,,,
171,case_24,2024-04-10 19:11:47.506065,complete,Admission NC,positive,F,,,,,,,,,,,,,,,,,,,,,,,,,,,
172,case_24,2024-04-10 20:09:37.506065,complete,Return ER,positive,?,,,,,,,,,,,,,,,,,,,,,,,,,,,
173,case_24,2024-04-10 21:28:06.506065,complete,ER Registration,positive,Y,HE,90.0,,,false,false,true,false,true,false,false,true,false,false,false,true,false,false,false,false,true,true,false,true,false,false,
174,case_25,2024-04-10 16:19:53.506065,complete,LacticAcid,positive,U,,,,149.0,,,,,,,,,,,,,,,,,,,,,,,
175,case_25,2024-04-10 17:11:09.506065,complete,Admission NC,positive,J,,,,,,,,,,,,,,,,,,,,,,,,,,,
176,case_25,2024-04-10 17:53:00.506065,complete,IV Antibiotics,positive,L,,,,,,,,,,,,,,,,,,,,,,,,,,,
177,case_25,2024-04-10 19:05:47.506065,complete,Admission NC,positive,J,,,,,,,,,,,,,,,,,,,,,,,,,,,
178,case_25,2024-04-10 20:21:35.506065,complete,Release B,positive,E,,,,,,,,,,,,,,,,,,,,,,,,,,,
179,case_25,2024-04-10 21:27:02.506065,complete,Admission NC,positive,K,,,,,,,,,,,,,,,,,,,,,,,,,,,
180,case_25,2024-04-10 22:27:06.506065,complete,Release B,positive,E,,,,,,,,,,,,,,,,,,,,,,,,,,,
181,case_25,2024-04-10 22:45:17.506065,complete,Release B,positive,X,,,,,,,,,,,,,,,,,,,,,,,,,,,
182,case_25,2024-04-11 00:07:00.506065,complete,Admission NC,positive,F,,,,,,,,,,,,,,,,,,,,,,,,,,,
183,case_26,2024-04-10 16:00:19.506065,complete,LacticAcid,positive,Y,,,,149.0,,,,,,,,,,,,,,,,,,,,,,,
184,case_26,2024-04-10 16:38:49.506065,complete,Admission NC,positive,J,,,,,,,,,,,,,,,,,,,,,,,,,,,
185,case_26,2024-04-10 17:39:54.506065,complete,IV Antibiotics,positive,L,,,,,,,,,,,,,,,,,,,,,,,,,,,
186,case_26,2024-04-10 18:53:43.506065,complete,Return ER,positive,?,,,,,,,,,,,,,,,,,,,,,,,,,,,
187,case_26,2024-04-10 19:39:40.506065,complete,Release B,positive,E,,,,,,,,,,,,,,,,,,,,,,,,,,,
188,case_26,2024-04-10 21:12:38.506065,complete,Admission NC,positive,K,,,,,,,,,,,,,,,,,,,,,,,,,,,
189,case_26,2024-04-10 22:16:06.506065,complete,Release B,positive,E,,,,,,,,,,,,,,,,,,,,,,,,,,,
190,case_26,2024-04-10 23:04:48.506065,complete,Admission NC,positive,J,,,,,,,,,,,,,,,,,,,,,,,,,,,
191,case_26,2024-04-10 23:36:20.506065,complete,ER Triage,positive,C,HE,90.0,,,,,,,,,,,,,,,,,,,,,,,,,
192,case_27,2024-04-10 16:00:15.506065,complete,Release A,positive,J,,,,,,,,,,,,,,,,,,,,,,,,,,,
193,case_27,2024-04-10 16:33:31.506065,complete,ER Sepsis Triage,positive,Y,HE,90.0,,,,,,,,,,,,,,,,,,,,,,,,,
194,case_27,2024-04-10 18:08:19.506065,complete,IV Antibiotics,positive,L,,,,,,,,,,,,,,,,,,,,,,,,,,,
195,case_27,2024-04-10 18:57:52.506065,complete,ER Triage,positive,C,HE,90.0,,,,,,,,,,,,,,,,,,,,,,,,,
196,case_27,2024-04-10 19:42:41.506065,complete,Release B,positive,E,,,,,,,,,,,,,,,,,,,,,,,,,,,
197,case_27,2024-04-10 21:04:21.506065,complete,Admission NC,positive,K,,,,,,,,,,,,,,,,,,,,,,,,,,,
198,case_27,2024-04-10 21:38:20.506065,complete,Release B,positive,E,,,,,,,,,,,,,,,,,,,,,,,,,,,
199,case_27,2024-04-10 22:34:56.506065,complete,Admission NC,positive,K,,,,,,,,,,,,,,,,,,,,,,,,,,,
200,case_27,2024-04-11 00:07:20.506065,complete,Release B,positive,E,,,,,,,,,,,,,,,,,,,,,,,,,,,
201,case_28,2024-04-10 15:49:20.506065,complete,ER Registration,positive,Y,HE,90.0,,,false,false,true,false,true,false,false,true,false,false,true,true,false,false,false,false,true,true,false,true,false,false,
202,case_28,2024-04-10 17:28:59.506065,complete,Admission NC,positive,J,,,,,,,,,,,,,,,,,,,,,,,,,,,
203,case_28,2024-04-10 18:32:55.506065,complete,IV Antibiotics,positive,L,,,,,,,,,,,,,,,,,,,,,,,,,,,
204,case_28,2024-04-10 19:15:44.506065,complete,Admission NC,positive,F,,,,,,,,,,,,,,,,,,,,,,,,,,,
205,case_28,2024-04-10 20:24:37.506065,complete,Release B,positive,E,,,,,,,,,,,,,,,,,,,,,,,,,,,
206,case_28,2024-04-10 21:30:31.506065,complete,Admission NC,positive,K,,,,,,,,,,,,,,,,,,,,,,,,,,,
207,case_28,2024-04-10 21:49:17.506065,complete,Release B,positive,E,,,,,,,,,,,,,,,,,,,,,,,,,,,
208,case_28,2024-04-10 23:10:35.506065,complete,Admission NC,positive,J,,,,,,,,,,,,,,,,,,,,,,,,,,,
209,case_28,2024-04-11 00:02:03.506065,complete,ER Triage,positive,C,HE,90.0,,,,,,,,,,,,,,,,,,,,,,,,,
210,case_29,2024-04-10 16:04:10.506065,complete,Admission NC,positive,J,,,,,,,,,,,,,,,,,,,,,,,,,,,
211,case_29,2024-04-10 16:44:49.506065,complete,Admission IC,positive,J,,,,,,,,,,,,,,,,,,,,,,,,,,,
212,case_29,2024-04-10 17:48:41.506065,complete,Admission NC,positive,J,,,,,,,,,,,,,,,,,,,,,,,,,,,
213,case_29,2024-04-10 18:55:30.506065,complete,Admission IC,positive,Y,,,,,,,,,,,,,,,,,,,,,,,,,,,
214,case_29,2024-04-10 19:33:45.506065,complete,Release B,positive,E,,,,,,,,,,,,,,,,,,,,,,,,,,,
215,case_29,2024-04-10 20:46:35.506065,complete,Admission NC,positive,K,,,,,,,,,,,,,,,,,,,,,,,,,,,
216,case_29,2024-04-10 21:37:48.506065,complete,Release B,positive,E,,,,,,,,,,,,,,,,,,,,,,,,,,,
217,case_29,2024-04-10 23:12:14.506065,complete,Leucocytes,positive,Y,HE,90.0,732.0,,,,,,,,,,,,,,,,,,,,,,,,
218,case_29,2024-04-11 00:05:13.506065,complete,Leucocytes,positive,Y,HE,67.0,1008.0,,,,,,,,,,,,,,,,,,,,,,,,
