,case:concept:name,time:timestamp,lifecycle:transition,concept:name,case:label,org:group,Diagnose,Age,CRP
0,case_0,2024-04-10 15:54:53.665801,complete,Return ER,positive,?,,,
1,case_0,2024-04-10 17:35:10.665801,complete,Return ER,positive,H,,,
2,case_0,2024-04-10 17:42:32.665801,complete,IV Antibiotics,positive,B,,,
3,case_0,2024-04-10 19:02:29.665801,complete,Admission NC,positive,V,,,
4,case_0,2024-04-10 20:18:14.665801,complete,IV Antibiotics,positive,R,,,
5,case_0,2024-04-10 20:51:53.665801,complete,Admission NC,positive,A,,,
6,case_1,2024-04-10 15:52:05.665801,complete,Return ER,positive,?,,,
7,case_1,2024-04-10 17:10:24.665801,complete,Release A,positive,H,,,
8,case_1,2024-04-10 17:42:48.665801,complete,IV Antibiotics,positive,B,,,
9,case_1,2024-04-10 19:33:45.665801,complete,Admission NC,positive,V,,,
10,case_1,2024-04-10 20:20:49.665801,complete,IV Antibiotics,positive,R,,,
11,case_1,2024-04-10 21:13:04.665801,complete,Admission NC,positive,A,,,
12,case_2,2024-04-10 15:51:22.665801,complete,Admission NC,positive,F,,,
13,case_2,2024-04-10 16:47:26.666801,complete,Release B,positive,E,,,
14,case_2,2024-04-10 17:38:58.666801,complete,Admission NC,positive,K,,,
15,case_2,2024-04-10 19:11:09.666801,complete,Release B,positive,E,,,
16,case_2,2024-04-10 19:57:32.666801,complete,Release A,positive,O,,,
17,case_2,2024-04-10 21:30:19.666801,complete,Release A,positive,A,,,
18,case_3,2024-04-10 16:07:44.666801,complete,Admission NC,positive,F,,,
19,case_3,2024-04-10 16:42:53.666801,complete,Admission NC,positive,H,,,
20,case_3,2024-04-10 18:30:07.666801,complete,Release A,positive,S,,,
21,case_3,2024-04-10 19:12:01.666801,complete,ER Triage,positive,A,SD,90.0,
22,case_3,2024-04-10 20:24:20.666801,complete,Release A,positive,S,,,
23,case_3,2024-04-10 20:36:16.666801,complete,ER Triage,positive,A,MD,40.0,
24,case_4,2024-04-10 16:13:05.666801,complete,Admission NC,positive,F,,,
25,case_4,2024-04-10 16:55:29.666801,complete,Release A,positive,H,,,
26,case_4,2024-04-10 18:03:19.666801,complete,IV Antibiotics,positive,B,,,
27,case_4,2024-04-10 19:28:46.666801,complete,IV Antibiotics,positive,V,,,
28,case_4,2024-04-10 19:37:50.666801,complete,Return ER,positive,?,,,
29,case_4,2024-04-10 21:12:15.666801,complete,Admission NC,positive,A,,,
30,case_5,2024-04-10 15:36:02.666801,complete,Admission NC,positive,F,,,
31,case_5,2024-04-10 17:26:14.666801,complete,Admission NC,positive,S,,,
32,case_5,2024-04-10 17:43:24.666801,complete,Release A,positive,A,,,
33,case_5,2024-04-10 19:06:08.666801,complete,ER Triage,positive,A,SD,78.0,
34,case_5,2024-04-10 19:35:25.666801,complete,ER Triage,positive,A,ZB,83.0,
35,case_5,2024-04-10 20:38:36.666801,complete,ER Triage,positive,H,Y,40.0,
36,case_6,2024-04-10 15:40:41.666801,complete,Admission NC,positive,F,,,
37,case_6,2024-04-10 16:48:04.666801,complete,Admission NC,positive,H,,,
38,case_6,2024-04-10 18:31:43.666801,complete,Release A,positive,A,,,
39,case_6,2024-04-10 19:09:24.666801,complete,Release A,positive,P,,,
40,case_6,2024-04-10 19:57:12.666801,complete,ER Triage,positive,A,R,90.0,
41,case_6,2024-04-10 20:42:28.666801,complete,ER Triage,positive,A,DE,90.0,
42,case_7,2024-04-10 16:28:46.666801,complete,Return ER,positive,?,,,
43,case_7,2024-04-10 16:43:36.666801,complete,Release A,positive,Y,,,
44,case_7,2024-04-10 17:39:13.666801,complete,IV Antibiotics,positive,Y,,,
45,case_7,2024-04-10 19:17:14.666801,complete,IV Antibiotics,positive,W,,,
46,case_7,2024-04-10 19:47:26.666801,complete,IV Antibiotics,positive,Q,,,
47,case_7,2024-04-10 21:10:26.666801,complete,Admission NC,positive,J,,,
48,case_7,2024-04-10 22:01:34.666801,complete,Admission IC,positive,J,,,
49,case_7,2024-04-10 23:16:43.666801,complete,Admission NC,positive,J,,,
50,case_8,2024-04-10 16:08:46.666801,complete,Admission NC,positive,F,,,
51,case_8,2024-04-10 16:51:45.666801,complete,ER Sepsis Triage,positive,U,EB,90.0,
52,case_8,2024-04-10 18:09:21.666801,complete,Admission NC,positive,Y,,,
53,case_8,2024-04-10 18:44:03.666801,complete,Release A,positive,Q,,,
54,case_8,2024-04-10 19:59:32.666801,complete,Release A,positive,A,,,
55,case_8,2024-04-10 21:35:03.666801,complete,ER Triage,positive,A,DE,90.0,
56,case_8,2024-04-10 22:23:35.666801,complete,ER Triage,positive,A,ZA,89.0,
57,case_8,2024-04-10 23:33:07.666801,complete,ER Triage,positive,D,RD,33.0,
58,case_9,2024-04-10 16:20:55.666801,complete,ER Triage,positive,C,VC,90.0,
59,case_9,2024-04-10 16:51:28.666801,complete,ER Sepsis Triage,positive,B,ND,84.0,
60,case_9,2024-04-10 17:50:42.666801,complete,Admission NC,positive,Y,,,
61,case_9,2024-04-10 19:23:44.666801,complete,Admission NC,positive,A,,,
62,case_9,2024-04-10 19:46:32.666801,complete,Release A,positive,A,,,
63,case_9,2024-04-10 21:20:32.666801,complete,ER Triage,positive,A,UB,90.0,
64,case_9,2024-04-10 22:35:02.666801,complete,ER Triage,positive,R,ZA,89.0,
65,case_9,2024-04-10 23:26:29.666801,complete,ER Triage,positive,A,RD,33.0,
66,case_10,2024-04-10 15:41:28.666801,complete,ER Triage,positive,C,VC,90.0,
67,case_10,2024-04-10 17:04:43.666801,complete,Release A,positive,U,,,
68,case_10,2024-04-10 18:25:49.666801,complete,Admission NC,positive,Y,,,
69,case_10,2024-04-10 19:18:15.666801,complete,Admission NC,positive,Q,,,
70,case_10,2024-04-10 19:58:47.666801,complete,Release A,positive,A,,,
71,case_10,2024-04-10 21:34:28.666801,complete,ER Triage,positive,B,DE,90.0,
72,case_10,2024-04-10 21:38:00.666801,complete,Release A,positive,A,,,
73,case_10,2024-04-10 22:45:51.666801,complete,ER Triage,positive,D,RD,33.0,
74,case_11,2024-04-10 16:13:13.666801,complete,Admission NC,positive,F,,,
75,case_11,2024-04-10 16:36:27.666801,complete,ER Sepsis Triage,positive,B,EB,90.0,
76,case_11,2024-04-10 18:01:32.666801,complete,IV Antibiotics,positive,Y,,,
77,case_11,2024-04-10 18:38:46.666801,complete,ER Sepsis Triage,positive,V,OC,78.0,
78,case_11,2024-04-10 20:32:18.666801,complete,Release A,positive,G,,,
79,case_11,2024-04-10 20:52:52.666801,complete,Admission NC,positive,A,,,
80,case_11,2024-04-10 21:50:19.666801,complete,ER Triage,positive,R,ZA,89.0,
81,case_11,2024-04-10 23:23:19.666801,complete,ER Triage,positive,A,BA,33.0,
82,case_12,2024-04-10 16:03:26.666801,complete,Admission NC,positive,F,,,
83,case_12,2024-04-10 16:37:16.666801,complete,Admission NC,positive,N,,,
84,case_12,2024-04-10 18:32:12.666801,complete,Release B,positive,E,,,
85,case_12,2024-04-10 19:00:44.666801,complete,Admission NC,positive,K,,,
86,case_12,2024-04-10 20:13:57.666801,complete,Release B,positive,E,,,
87,case_12,2024-04-10 20:54:06.666801,complete,Admission NC,positive,K,,,
88,case_12,2024-04-10 22:15:43.666801,complete,Release B,positive,E,,,
89,case_13,2024-04-10 15:53:58.666801,complete,Return ER,positive,?,,,
90,case_13,2024-04-10 17:15:31.666801,complete,Release A,positive,B,,,
91,case_13,2024-04-10 18:00:16.666801,complete,Admission NC,positive,J,,,
92,case_13,2024-04-10 19:23:42.666801,complete,Admission IC,positive,J,,,
93,case_13,2024-04-10 20:28:46.666801,complete,Admission NC,positive,J,,,
94,case_13,2024-04-10 21:12:21.666801,complete,Admission IC,positive,J,,,
95,case_13,2024-04-10 22:19:39.666801,complete,Admission NC,positive,J,,,
96,case_14,2024-04-10 15:50:52.666801,complete,Admission NC,positive,F,,,
97,case_14,2024-04-10 16:58:32.666801,complete,Release A,positive,B,,,
98,case_14,2024-04-10 18:04:06.666801,complete,Release B,positive,E,,,
99,case_14,2024-04-10 19:16:44.666801,complete,Admission NC,positive,K,,,
100,case_14,2024-04-10 20:34:56.666801,complete,Release B,positive,E,,,
101,case_14,2024-04-10 21:16:01.666801,complete,Admission NC,positive,K,,,
102,case_14,2024-04-10 21:35:17.666801,complete,Release B,positive,E,,,
103,case_15,2024-04-10 16:09:56.666801,complete,Return ER,positive,?,,,
104,case_15,2024-04-10 17:12:02.666801,complete,Release A,positive,B,,,
105,case_15,2024-04-10 18:33:58.666801,complete,IV Antibiotics,positive,D,,,
106,case_15,2024-04-10 18:54:09.666801,complete,Admission NC,positive,J,,,
107,case_15,2024-04-10 19:47:18.666801,complete,Admission IC,positive,J,,,
108,case_15,2024-04-10 21:34:24.666801,complete,Admission NC,positive,J,,,
109,case_15,2024-04-10 22:24:35.666801,complete,Admission IC,positive,J,,,
110,case_15,2024-04-10 22:56:59.666801,complete,Admission NC,positive,J,,,
111,case_15,2024-04-11 00:13:43.666801,complete,Admission IC,positive,J,,,
112,case_15,2024-04-11 01:29:01.666801,complete,Admission NC,positive,J,,,
113,case_16,2024-04-10 16:17:17.666801,complete,ER Triage,positive,C,PE,82.0,
114,case_16,2024-04-10 17:13:59.666801,complete,Admission NC,positive,T,,,
115,case_16,2024-04-10 17:40:16.666801,complete,Admission NC,positive,D,,,
116,case_16,2024-04-10 19:14:38.666801,complete,Return ER,positive,?,,,
117,case_16,2024-04-10 19:57:48.666801,complete,ER Sepsis Triage,positive,A,GA,90.0,
118,case_16,2024-04-10 21:26:22.666801,complete,ER Sepsis Triage,positive,A,OC,73.0,
119,case_16,2024-04-10 22:24:40.666801,complete,ER Triage,positive,A,KC,85.0,
120,case_16,2024-04-10 23:05:44.666801,complete,ER Sepsis Triage,positive,U,W,82.0,
121,case_16,2024-04-11 00:03:44.666801,complete,ER Triage,positive,A,IE,79.0,
122,case_16,2024-04-11 00:49:03.666801,complete,ER Sepsis Triage,positive,A,RD,76.0,
123,case_17,2024-04-10 16:16:29.666801,complete,Admission NC,positive,F,,,
124,case_17,2024-04-10 16:45:34.666801,complete,Admission NC,positive,V,,,
125,case_17,2024-04-10 17:53:46.666801,complete,IV Antibiotics,positive,H,,,
126,case_17,2024-04-10 18:47:52.666801,complete,Release B,positive,E,,,
127,case_17,2024-04-10 20:03:53.666801,complete,Admission NC,positive,K,,,
128,case_17,2024-04-10 21:03:00.666801,complete,Release B,positive,E,,,
129,case_17,2024-04-10 22:09:09.666801,complete,Admission NC,positive,K,,,
130,case_17,2024-04-10 22:45:04.666801,complete,Release B,positive,E,,,
131,case_17,2024-04-11 00:09:37.666801,complete,Admission NC,positive,K,,,
132,case_17,2024-04-11 00:44:46.666801,complete,Release B,positive,E,,,
133,case_18,2024-04-10 15:50:25.666801,complete,Return ER,positive,?,,,
134,case_18,2024-04-10 17:04:13.666801,complete,Release A,positive,B,,,
135,case_18,2024-04-10 18:08:27.666801,complete,IV Antibiotics,positive,O,,,
136,case_18,2024-04-10 18:49:25.666801,complete,Admission NC,positive,J,,,
137,case_18,2024-04-10 20:10:55.666801,complete,Admission IC,positive,J,,,
138,case_18,2024-04-10 21:10:23.666801,complete,Admission NC,positive,J,,,
139,case_18,2024-04-10 22:29:58.666801,complete,Admission NC,positive,J,,,
140,case_18,2024-04-10 22:59:48.666801,complete,Admission IC,positive,J,,,
141,case_18,2024-04-11 00:33:17.666801,complete,Admission NC,positive,J,,,
142,case_19,2024-04-10 16:33:03.666801,complete,ER Triage,positive,C,QB,74.0,
143,case_19,2024-04-10 16:50:47.666801,complete,Release A,positive,B,,,
144,case_19,2024-04-10 17:40:07.666801,complete,Release A,positive,R,,,
145,case_19,2024-04-10 18:36:05.666801,complete,Release A,positive,D,,,
146,case_19,2024-04-10 20:31:37.666801,complete,ER Triage,positive,S,IA,75.0,
147,case_19,2024-04-10 21:04:34.666801,complete,ER Triage,positive,P,YB,72.0,
148,case_19,2024-04-10 22:22:23.666801,complete,Release A,positive,P,,,
149,case_19,2024-04-10 23:14:51.666801,complete,Admission NC,positive,A,,,
150,case_19,2024-04-11 00:26:54.666801,complete,Admission NC,positive,W,,,
151,case_20,2024-04-10 15:57:49.666801,complete,ER Triage,positive,C,AC,90.0,
152,case_20,2024-04-10 17:17:16.666801,complete,Admission NC,positive,B,,,
153,case_20,2024-04-10 18:17:12.666801,complete,Release A,positive,Q,,,
154,case_20,2024-04-10 18:39:03.666801,complete,Admission NC,positive,D,,,
155,case_20,2024-04-10 20:14:25.666801,complete,ER Triage,positive,A,IC,90.0,
156,case_20,2024-04-10 21:31:12.666801,complete,ER Triage,positive,R,IB,90.0,
157,case_20,2024-04-10 21:57:22.666801,complete,ER Triage,positive,S,KC,69.0,
158,case_20,2024-04-10 23:21:49.666801,complete,ER Triage,positive,A,AC,82.0,
159,case_20,2024-04-10 23:51:49.666801,complete,ER Triage,positive,U,IE,31.0,
160,case_21,2024-04-10 16:16:24.666801,complete,Return ER,positive,?,,,
161,case_21,2024-04-10 17:09:30.666801,complete,Release A,positive,B,,,
162,case_21,2024-04-10 18:31:22.666801,complete,Admission NC,positive,J,,,
163,case_21,2024-04-10 18:37:00.666801,complete,Admission IC,positive,J,,,
164,case_21,2024-04-10 19:53:45.666801,complete,Admission NC,positive,J,,,
165,case_22,2024-04-10 16:23:24.666801,complete,Admission NC,positive,F,,,
166,case_22,2024-04-10 17:16:49.666801,complete,Release A,positive,B,,,
167,case_22,2024-04-10 18:24:42.666801,complete,Release A,positive,A,,,
168,case_22,2024-04-10 19:09:06.666801,complete,Release A,positive,A,,,
169,case_22,2024-04-10 20:22:10.666801,complete,Admission NC,positive,A,,,
170,case_23,2024-04-10 16:23:42.666801,complete,Return ER,positive,?,,,
171,case_23,2024-04-10 17:12:20.666801,complete,Release A,positive,D,,,
172,case_23,2024-04-10 17:58:51.666801,complete,Admission NC,positive,J,,,
173,case_23,2024-04-10 19:16:07.666801,complete,Admission IC,positive,J,,,
174,case_23,2024-04-10 20:35:13.666801,complete,Admission NC,positive,J,,,
175,case_24,2024-04-10 15:53:32.666801,complete,Admission NC,positive,F,,,
176,case_24,2024-04-10 17:24:19.666801,complete,Release A,positive,D,,,
177,case_24,2024-04-10 18:17:30.666801,complete,Release A,positive,A,,,
178,case_24,2024-04-10 19:24:57.666801,complete,Release A,positive,A,,,
179,case_24,2024-04-10 20:26:14.666801,complete,Admission NC,positive,A,,,
180,case_25,2024-04-10 16:11:16.666801,complete,CRP,positive,J,IC,87.0,1471.0
181,case_25,2024-04-10 17:29:26.666801,complete,CRP,positive,J,HC,37.0,3794.0
182,case_25,2024-04-10 18:32:02.666801,complete,Admission NC,positive,L,,,
183,case_25,2024-04-10 18:55:50.666801,complete,Admission NC,positive,L,,,
184,case_25,2024-04-10 19:49:42.666801,complete,CRP,positive,E,UC,90.0,5728.0
185,case_26,2024-04-10 15:44:49.666801,complete,CRP,positive,J,OC,90.0,1471.0
186,case_26,2024-04-10 17:02:30.666801,complete,CRP,positive,J,XC,90.0,4603.0
187,case_26,2024-04-10 18:05:56.666801,complete,Admission NC,positive,J,,,
188,case_26,2024-04-10 19:16:37.666801,complete,Admission IC,positive,J,,,
189,case_26,2024-04-10 19:46:42.666801,complete,Admission NC,positive,J,,,
190,case_27,2024-04-10 15:35:18.666801,complete,Admission NC,positive,F,,,
191,case_27,2024-04-10 17:11:31.666801,complete,Release A,positive,B,,,
192,case_27,2024-04-10 18:12:19.666801,complete,Release A,positive,A,,,
193,case_27,2024-04-10 18:47:47.666801,complete,Release A,positive,G,,,
194,case_27,2024-04-10 20:06:03.666801,complete,Admission NC,positive,A,,,
195,case_28,2024-04-10 16:00:47.666801,complete,Return ER,positive,?,,,
196,case_28,2024-04-10 17:08:13.666801,complete,Release A,positive,G,,,
197,case_28,2024-04-10 18:19:07.666801,complete,Admission NC,positive,J,,,
198,case_28,2024-04-10 19:33:47.666801,complete,Admission IC,positive,J,,,
199,case_28,2024-04-10 20:01:33.666801,complete,Admission NC,positive,J,,,
200,case_29,2024-04-10 16:06:54.666801,complete,Return ER,positive,?,,,
201,case_29,2024-04-10 16:37:04.666801,complete,Release A,positive,H,,,
202,case_29,2024-04-10 18:32:48.666801,complete,Admission NC,positive,J,,,
203,case_29,2024-04-10 19:34:07.666801,complete,Admission IC,positive,J,,,
204,case_29,2024-04-10 20:06:43.666801,complete,Admission NC,positive,J,,,
