,case:concept:name,time:timestamp,lifecycle:transition,concept:name,case:label,org:group,Diagnose,Age,InfectionSuspected,DiagnosticBlood,DisfuncOrg,SIRSCritTachypnea,Hypotensie,SIRSCritHeartRate,Infusion,DiagnosticArtAstrup,DiagnosticIC,DiagnosticSputum,DiagnosticLiquor,DiagnosticOther,SIRSCriteria2OrMore,DiagnosticXthorax,SIRSCritTemperature,DiagnosticUrinaryCulture,SIRSCritLeucos,Oligurie,DiagnosticLacticAcid,Hypoxie,DiagnosticUrinarySediment,DiagnosticECG,Leucocytes,LacticAcid
0,case_0,2024-04-10 16:28:38.033758,complete,Release B,positive,E,,,,,,,,,,,,,,,,,,,,,,,,,,
1,case_0,2024-04-10 17:18:25.033758,complete,Admission NC,positive,K,,,,,,,,,,,,,,,,,,,,,,,,,,
2,case_0,2024-04-10 18:26:23.033758,complete,Release B,positive,E,,,,,,,,,,,,,,,,,,,,,,,,,,
3,case_0,2024-04-10 19:04:43.033758,complete,Admission NC,positive,J,,,,,,,,,,,,,,,,,,,,,,,,,,
4,case_0,2024-04-10 19:44:58.033758,complete,Admission IC,positive,J,,,,,,,,,,,,,,,,,,,,,,,,,,
5,case_0,2024-04-10 21:21:41.033758,complete,Admission NC,positive,J,,,,,,,,,,,,,,,,,,,,,,,,,,
6,case_0,2024-04-10 22:11:02.033758,complete,Admission NC,positive,J,,,,,,,,,,,,,,,,,,,,,,,,,,
7,case_0,2024-04-10 22:49:35.033758,complete,Admission IC,positive,J,,,,,,,,,,,,,,,,,,,,,,,,,,
8,case_0,2024-04-10 23:44:44.033758,complete,Admission NC,positive,J,,,,,,,,,,,,,,,,,,,,,,,,,,
9,case_0,2024-04-11 00:41:19.033758,complete,Admission NC,positive,F,,,,,,,,,,,,,,,,,,,,,,,,,,
10,case_1,2024-04-10 15:59:09.033758,complete,Admission NC,positive,J,,,,,,,,,,,,,,,,,,,,,,,,,,
11,case_1,2024-04-10 17:03:20.033758,complete,Admission IC,positive,J,,,,,,,,,,,,,,,,,,,,,,,,,,
12,case_1,2024-04-10 18:32:49.033758,complete,Admission NC,positive,J,,,,,,,,,,,,,,,,,,,,,,,,,,
13,case_1,2024-04-10 18:45:52.033758,complete,Admission NC,positive,J,,,,,,,,,,,,,,,,,,,,,,,,,,
14,case_1,2024-04-10 19:53:54.033758,complete,Admission IC,positive,J,,,,,,,,,,,,,,,,,,,,,,,,,,
15,case_1,2024-04-10 20:52:38.033758,complete,Admission NC,positive,J,,,,,,,,,,,,,,,,,,,,,,,,,,
16,case_1,2024-04-10 21:39:40.033758,complete,Admission NC,positive,J,,,,,,,,,,,,,,,,,,,,,,,,,,
17,case_1,2024-04-10 22:47:07.033758,complete,Admission IC,positive,J,,,,,,,,,,,,,,,,,,,,,,,,,,
18,case_1,2024-04-11 00:24:24.033758,complete,Admission NC,positive,J,,,,,,,,,,,,,,,,,,,,,,,,,,
19,case_1,2024-04-11 01:17:57.033758,complete,Admission NC,positive,F,,,,,,,,,,,,,,,,,,,,,,,,,,
20,case_2,2024-04-10 15:45:30.033758,complete,Return ER,positive,?,,,,,,,,,,,,,,,,,,,,,,,,,,
21,case_2,2024-04-10 16:46:32.033758,complete,Return ER,positive,?,,,,,,,,,,,,,,,,,,,,,,,,,,
22,case_2,2024-04-10 18:05:39.033758,complete,Release B,positive,E,,,,,,,,,,,,,,,,,,,,,,,,,,
23,case_2,2024-04-10 19:30:28.033758,complete,Release B,positive,E,,,,,,,,,,,,,,,,,,,,,,,,,,
24,case_2,2024-04-10 20:28:38.033758,complete,Return ER,positive,?,,,,,,,,,,,,,,,,,,,,,,,,,,
25,case_2,2024-04-10 20:44:35.033758,complete,ER Registration,positive,Y,HE,90.0,false,false,true,false,true,false,false,true,false,false,true,true,false,false,false,false,true,true,false,true,false,false,,
26,case_2,2024-04-10 21:52:58.033758,complete,ER Triage,positive,C,HE,90.0,,,,,,,,,,,,,,,,,,,,,,,,
27,case_2,2024-04-10 23:12:02.033758,complete,Admission NC,positive,F,,,,,,,,,,,,,,,,,,,,,,,,,,
28,case_2,2024-04-11 00:13:55.033758,complete,Release B,positive,E,,,,,,,,,,,,,,,,,,,,,,,,,,
29,case_2,2024-04-11 00:37:03.033758,complete,Admission NC,positive,F,,,,,,,,,,,,,,,,,,,,,,,,,,
30,case_3,2024-04-10 15:59:15.033758,complete,IV Antibiotics,positive,L,,,,,,,,,,,,,,,,,,,,,,,,,,
31,case_3,2024-04-10 17:25:50.033758,complete,IV Antibiotics,positive,F,,,,,,,,,,,,,,,,,,,,,,,,,,
32,case_3,2024-04-10 18:09:58.033758,complete,Admission NC,positive,J,,,,,,,,,,,,,,,,,,,,,,,,,,
33,case_3,2024-04-10 18:38:20.033758,complete,Admission IC,positive,J,,,,,,,,,,,,,,,,,,,,,,,,,,
34,case_3,2024-04-10 19:54:54.033758,complete,Admission NC,positive,J,,,,,,,,,,,,,,,,,,,,,,,,,,
35,case_3,2024-04-10 21:31:42.033758,complete,IV Antibiotics,positive,L,,,,,,,,,,,,,,,,,,,,,,,,,,
36,case_3,2024-04-10 22:33:43.033758,complete,ER Triage,positive,C,HE,90.0,,,,,,,,,,,,,,,,,,,,,,,,
37,case_3,2024-04-10 23:04:50.033758,complete,Admission NC,positive,F,,,,,,,,,,,,,,,,,,,,,,,,,,
38,case_3,2024-04-10 23:36:23.033758,complete,Admission NC,positive,F,,,,,,,,,,,,,,,,,,,,,,,,,,
39,case_3,2024-04-11 01:23:29.033758,complete,ER Triage,positive,C,HE,90.0,,,,,,,,,,,,,,,,,,,,,,,,
40,case_4,2024-04-10 16:09:17.033758,complete,Release B,positive,E,,,,,,,,,,,,,,,,,,,,,,,,,,
41,case_4,2024-04-10 17:25:37.033758,complete,Admission NC,positive,K,,,,,,,,,,,,,,,,,,,,,,,,,,
42,case_4,2024-04-10 18:32:08.033758,complete,Release B,positive,E,,,,,,,,,,,,,,,,,,,,,,,,,,
43,case_4,2024-04-10 19:26:54.033758,complete,Admission NC,positive,J,,,,,,,,,,,,,,,,,,,,,,,,,,
44,case_4,2024-04-10 20:22:41.033758,complete,Admission IC,positive,Y,,,,,,,,,,,,,,,,,,,,,,,,,,
45,case_4,2024-04-10 20:48:54.033758,complete,Admission NC,positive,J,,,,,,,,,,,,,,,,,,,,,,,,,,
46,case_4,2024-04-10 22:07:43.033758,complete,Admission NC,positive,J,,,,,,,,,,,,,,,,,,,,,,,,,,
47,case_4,2024-04-10 23:29:52.033758,complete,Admission IC,positive,J,,,,,,,,,,,,,,,,,,,,,,,,,,
48,case_4,2024-04-11 00:18:04.033758,complete,Admission NC,positive,J,,,,,,,,,,,,,,,,,,,,,,,,,,
49,case_4,2024-04-11 00:36:45.033758,complete,Admission NC,positive,F,,,,,,,,,,,,,,,,,,,,,,,,,,
50,case_5,2024-04-10 16:05:04.033758,complete,Admission NC,positive,J,,,,,,,,,,,,,,,,,,,,,,,,,,
51,case_5,2024-04-10 17:08:10.033758,complete,Admission IC,positive,J,,,,,,,,,,,,,,,,,,,,,,,,,,
52,case_5,2024-04-10 17:43:18.033758,complete,Admission NC,positive,J,,,,,,,,,,,,,,,,,,,,,,,,,,
53,case_5,2024-04-10 18:45:55.033758,complete,Admission NC,positive,J,,,,,,,,,,,,,,,,,,,,,,,,,,
54,case_5,2024-04-10 19:42:20.033758,complete,Admission IC,positive,Y,,,,,,,,,,,,,,,,,,,,,,,,,,
55,case_5,2024-04-10 20:44:47.033758,complete,Admission NC,positive,J,,,,,,,,,,,,,,,,,,,,,,,,,,
56,case_5,2024-04-10 22:22:13.033758,complete,Admission NC,positive,J,,,,,,,,,,,,,,,,,,,,,,,,,,
57,case_5,2024-04-10 22:41:28.033758,complete,Admission IC,positive,J,,,,,,,,,,,,,,,,,,,,,,,,,,
58,case_5,2024-04-10 23:51:03.033758,complete,Admission NC,positive,J,,,,,,,,,,,,,,,,,,,,,,,,,,
59,case_5,2024-04-11 00:44:53.033758,complete,Admission NC,positive,F,,,,,,,,,,,,,,,,,,,,,,,,,,
60,case_6,2024-04-10 16:33:20.033758,complete,Return ER,positive,?,,,,,,,,,,,,,,,,,,,,,,,,,,
61,case_6,2024-04-10 17:22:25.033758,complete,Return ER,positive,?,,,,,,,,,,,,,,,,,,,,,,,,,,
62,case_6,2024-04-10 18:26:54.033758,complete,Release B,positive,E,,,,,,,,,,,,,,,,,,,,,,,,,,
63,case_6,2024-04-10 18:55:00.033758,complete,Release B,positive,E,,,,,,,,,,,,,,,,,,,,,,,,,,
64,case_6,2024-04-10 20:17:38.033758,complete,Return ER,positive,?,,,,,,,,,,,,,,,,,,,,,,,,,,
65,case_6,2024-04-10 21:10:57.033758,complete,ER Registration,positive,Y,HE,90.0,false,false,true,false,true,false,false,true,false,false,true,true,false,false,false,false,true,true,false,true,false,true,,
66,case_6,2024-04-10 22:33:39.033758,complete,ER Triage,positive,C,HE,90.0,,,,,,,,,,,,,,,,,,,,,,,,
67,case_6,2024-04-10 23:22:31.033758,complete,Admission NC,positive,F,,,,,,,,,,,,,,,,,,,,,,,,,,
68,case_6,2024-04-11 00:10:31.033758,complete,Release B,positive,E,,,,,,,,,,,,,,,,,,,,,,,,,,
69,case_6,2024-04-11 00:40:12.033758,complete,Admission NC,positive,F,,,,,,,,,,,,,,,,,,,,,,,,,,
70,case_7,2024-04-10 15:52:36.033758,complete,Release B,positive,E,,,,,,,,,,,,,,,,,,,,,,,,,,
71,case_7,2024-04-10 17:07:04.033758,complete,Admission NC,positive,K,,,,,,,,,,,,,,,,,,,,,,,,,,
72,case_7,2024-04-10 17:39:22.033758,complete,Release B,positive,E,,,,,,,,,,,,,,,,,,,,,,,,,,
73,case_7,2024-04-10 19:22:48.033758,complete,Admission NC,positive,J,,,,,,,,,,,,,,,,,,,,,,,,,,
74,case_7,2024-04-10 19:41:53.033758,complete,Admission IC,positive,X,,,,,,,,,,,,,,,,,,,,,,,,,,
75,case_7,2024-04-10 21:03:14.033758,complete,Admission NC,positive,J,,,,,,,,,,,,,,,,,,,,,,,,,,
76,case_7,2024-04-10 21:36:53.033758,complete,Admission NC,positive,J,,,,,,,,,,,,,,,,,,,,,,,,,,
77,case_7,2024-04-10 23:17:41.033758,complete,Admission IC,positive,J,,,,,,,,,,,,,,,,,,,,,,,,,,
78,case_7,2024-04-11 00:12:07.033758,complete,Admission NC,positive,J,,,,,,,,,,,,,,,,,,,,,,,,,,
79,case_7,2024-04-11 00:55:56.033758,complete,Admission NC,positive,F,,,,,,,,,,,,,,,,,,,,,,,,,,
80,case_8,2024-04-10 16:25:14.033758,complete,Admission NC,positive,J,,,,,,,,,,,,,,,,,,,,,,,,,,
81,case_8,2024-04-10 17:30:09.033758,complete,Admission IC,positive,J,,,,,,,,,,,,,,,,,,,,,,,,,,
82,case_8,2024-04-10 18:34:27.033758,complete,Admission NC,positive,J,,,,,,,,,,,,,,,,,,,,,,,,,,
83,case_8,2024-04-10 19:25:59.033758,complete,Admission IC,positive,J,,,,,,,,,,,,,,,,,,,,,,,,,,
84,case_8,2024-04-10 20:06:43.033758,complete,Admission NC,positive,J,,,,,,,,,,,,,,,,,,,,,,,,,,
85,case_8,2024-04-10 21:28:21.033758,complete,Admission NC,positive,J,,,,,,,,,,,,,,,,,,,,,,,,,,
86,case_9,2024-04-10 15:52:04.033758,complete,IV Antibiotics,positive,L,,,,,,,,,,,,,,,,,,,,,,,,,,
87,case_9,2024-04-10 17:01:41.033758,complete,ER Sepsis Triage,positive,L,HE,90.0,,,,,,,,,,,,,,,,,,,,,,,,
88,case_9,2024-04-10 17:40:28.033758,complete,IV Antibiotics,positive,L,,,,,,,,,,,,,,,,,,,,,,,,,,
89,case_9,2024-04-10 19:28:26.033758,complete,Return ER,positive,?,,,,,,,,,,,,,,,,,,,,,,,,,,
90,case_9,2024-04-10 20:24:02.033758,complete,Admission NC,positive,J,,,,,,,,,,,,,,,,,,,,,,,,,,
91,case_9,2024-04-10 21:20:31.033758,complete,Admission NC,positive,J,,,,,,,,,,,,,,,,,,,,,,,,,,
92,case_10,2024-04-10 16:20:42.033758,complete,ER Registration,positive,Y,HE,90.0,false,false,true,false,true,true,false,true,false,false,true,true,false,false,false,false,true,true,false,true,false,false,,
93,case_10,2024-04-10 17:16:54.033758,complete,Release B,positive,E,,,,,,,,,,,,,,,,,,,,,,,,,,
94,case_10,2024-04-10 18:11:56.033758,complete,IV Antibiotics,positive,L,,,,,,,,,,,,,,,,,,,,,,,,,,
95,case_10,2024-04-10 18:48:59.033758,complete,Release B,positive,E,,,,,,,,,,,,,,,,,,,,,,,,,,
96,case_10,2024-04-10 20:13:51.033758,complete,Admission NC,positive,Y,,,,,,,,,,,,,,,,,,,,,,,,,,
97,case_10,2024-04-10 20:58:11.033758,complete,Admission NC,positive,E,,,,,,,,,,,,,,,,,,,,,,,,,,
98,case_11,2024-04-10 16:18:26.033758,complete,ER Sepsis Triage,positive,Y,HE,90.0,,,,,,,,,,,,,,,,,,,,,,,,
99,case_11,2024-04-10 17:28:09.033758,complete,Admission NC,positive,Y,,,,,,,,,,,,,,,,,,,,,,,,,,
100,case_11,2024-04-10 17:55:22.033758,complete,Release B,positive,E,,,,,,,,,,,,,,,,,,,,,,,,,,
101,case_11,2024-04-10 19:21:00.033758,complete,Release B,positive,E,,,,,,,,,,,,,,,,,,,,,,,,,,
102,case_11,2024-04-10 19:38:07.033758,complete,Admission NC,positive,K,,,,,,,,,,,,,,,,,,,,,,,,,,
103,case_11,2024-04-10 20:57:24.033758,complete,Release B,positive,E,,,,,,,,,,,,,,,,,,,,,,,,,,
104,case_12,2024-04-10 16:26:31.033758,complete,ER Sepsis Triage,positive,Y,HE,90.0,,,,,,,,,,,,,,,,,,,,,,,,
105,case_12,2024-04-10 17:06:07.033758,complete,Return ER,positive,?,,,,,,,,,,,,,,,,,,,,,,,,,,
106,case_12,2024-04-10 17:53:44.033758,complete,Admission IC,positive,Y,,,,,,,,,,,,,,,,,,,,,,,,,,
107,case_12,2024-04-10 19:12:26.033758,complete,Admission NC,positive,F,,,,,,,,,,,,,,,,,,,,,,,,,,
108,case_12,2024-04-10 20:25:15.033758,complete,IV Antibiotics,positive,L,,,,,,,,,,,,,,,,,,,,,,,,,,
109,case_12,2024-04-10 21:34:09.033758,complete,Admission NC,positive,F,,,,,,,,,,,,,,,,,,,,,,,,,,
110,case_13,2024-04-10 15:54:49.033758,complete,ER Sepsis Triage,positive,Y,HE,90.0,,,,,,,,,,,,,,,,,,,,,,,,
111,case_13,2024-04-10 17:12:54.033758,complete,ER Sepsis Triage,positive,Y,HE,90.0,,,,,,,,,,,,,,,,,,,,,,,,
112,case_13,2024-04-10 17:50:50.033758,complete,Admission NC,positive,J,,,,,,,,,,,,,,,,,,,,,,,,,,
113,case_13,2024-04-10 19:09:00.033758,complete,Admission IC,positive,J,,,,,,,,,,,,,,,,,,,,,,,,,,
114,case_13,2024-04-10 20:24:08.033758,complete,Admission NC,positive,J,,,,,,,,,,,,,,,,,,,,,,,,,,
115,case_13,2024-04-10 21:26:35.033758,complete,Admission NC,positive,J,,,,,,,,,,,,,,,,,,,,,,,,,,
116,case_14,2024-04-10 15:39:50.033758,complete,ER Triage,positive,C,HE,90.0,,,,,,,,,,,,,,,,,,,,,,,,
117,case_14,2024-04-10 17:16:56.033758,complete,Admission NC,positive,F,,,,,,,,,,,,,,,,,,,,,,,,,,
118,case_14,2024-04-10 18:10:36.033758,complete,Admission IC,positive,X,,,,,,,,,,,,,,,,,,,,,,,,,,
119,case_14,2024-04-10 18:53:35.033758,complete,IV Antibiotics,positive,L,,,,,,,,,,,,,,,,,,,,,,,,,,
120,case_14,2024-04-10 20:30:22.033758,complete,Leucocytes,positive,Y,HE,90.0,,,,,,,,,,,,,,,,,,,,,,,137.0,
121,case_14,2024-04-10 20:44:52.033758,complete,Admission NC,positive,J,,,,,,,,,,,,,,,,,,,,,,,,,,
122,case_15,2024-04-10 16:17:45.033758,complete,Admission NC,positive,J,,,,,,,,,,,,,,,,,,,,,,,,,,
123,case_15,2024-04-10 16:42:01.033758,complete,Admission NC,positive,J,,,,,,,,,,,,,,,,,,,,,,,,,,
124,case_15,2024-04-10 18:08:25.033758,complete,Admission IC,positive,J,,,,,,,,,,,,,,,,,,,,,,,,,,
125,case_15,2024-04-10 19:31:53.033758,complete,Admission NC,positive,J,,,,,,,,,,,,,,,,,,,,,,,,,,
126,case_15,2024-04-10 19:53:06.033758,complete,Admission IC,positive,Y,,,,,,,,,,,,,,,,,,,,,,,,,,
127,case_15,2024-04-10 21:09:57.033758,complete,ER Triage,positive,C,HE,90.0,,,,,,,,,,,,,,,,,,,,,,,,
128,case_15,2024-04-10 21:51:31.033758,complete,Admission NC,positive,F,,,,,,,,,,,,,,,,,,,,,,,,,,
129,case_15,2024-04-10 23:00:16.033758,complete,IV Antibiotics,positive,L,,,,,,,,,,,,,,,,,,,,,,,,,,
130,case_16,2024-04-10 15:55:22.033758,complete,IV Antibiotics,positive,Y,,,,,,,,,,,,,,,,,,,,,,,,,,
131,case_16,2024-04-10 17:04:09.033758,complete,Return ER,positive,?,,,,,,,,,,,,,,,,,,,,,,,,,,
132,case_16,2024-04-10 18:31:56.033758,complete,ER Triage,positive,C,HE,90.0,,,,,,,,,,,,,,,,,,,,,,,,
133,case_16,2024-04-10 19:08:12.033758,complete,Admission NC,positive,F,,,,,,,,,,,,,,,,,,,,,,,,,,
134,case_16,2024-04-10 19:35:06.033758,complete,Admission NC,positive,E,,,,,,,,,,,,,,,,,,,,,,,,,,
135,case_16,2024-04-10 20:47:49.033758,complete,ER Triage,positive,C,HE,90.0,,,,,,,,,,,,,,,,,,,,,,,,
136,case_16,2024-04-10 22:20:37.033758,complete,IV Antibiotics,positive,L,,,,,,,,,,,,,,,,,,,,,,,,,,
137,case_16,2024-04-10 22:58:46.033758,complete,Release B,positive,E,,,,,,,,,,,,,,,,,,,,,,,,,,
138,case_17,2024-04-10 15:40:08.033758,complete,Admission NC,positive,Y,,,,,,,,,,,,,,,,,,,,,,,,,,
139,case_17,2024-04-10 17:17:50.033758,complete,Admission NC,positive,J,,,,,,,,,,,,,,,,,,,,,,,,,,
140,case_17,2024-04-10 18:01:36.033758,complete,ER Triage,positive,C,HE,90.0,,,,,,,,,,,,,,,,,,,,,,,,
141,case_17,2024-04-10 19:25:56.033758,complete,ER Sepsis Triage,positive,Y,HE,90.0,,,,,,,,,,,,,,,,,,,,,,,,
142,case_17,2024-04-10 20:17:08.033758,complete,IV Antibiotics,positive,L,,,,,,,,,,,,,,,,,,,,,,,,,,
143,case_17,2024-04-10 21:08:53.033758,complete,Release B,positive,E,,,,,,,,,,,,,,,,,,,,,,,,,,
144,case_17,2024-04-10 22:25:10.033758,complete,IV Antibiotics,positive,L,,,,,,,,,,,,,,,,,,,,,,,,,,
145,case_17,2024-04-10 23:22:13.033758,complete,Release B,positive,E,,,,,,,,,,,,,,,,,,,,,,,,,,
146,case_18,2024-04-10 15:35:09.033758,complete,Admission NC,positive,Y,,,,,,,,,,,,,,,,,,,,,,,,,,
147,case_18,2024-04-10 16:43:34.033758,complete,ER Sepsis Triage,positive,Y,HE,90.0,,,,,,,,,,,,,,,,,,,,,,,,
148,case_18,2024-04-10 18:01:04.033758,complete,ER Triage,positive,C,HE,90.0,,,,,,,,,,,,,,,,,,,,,,,,
149,case_18,2024-04-10 18:58:59.033758,complete,Return ER,positive,?,,,,,,,,,,,,,,,,,,,,,,,,,,
150,case_18,2024-04-10 20:31:51.033758,complete,IV Antibiotics,positive,L,,,,,,,,,,,,,,,,,,,,,,,,,,
151,case_18,2024-04-10 21:05:56.033758,complete,ER Sepsis Triage,positive,L,HE,90.0,,,,,,,,,,,,,,,,,,,,,,,,
152,case_18,2024-04-10 21:41:10.033758,complete,IV Antibiotics,positive,L,,,,,,,,,,,,,,,,,,,,,,,,,,
153,case_18,2024-04-10 22:42:49.033758,complete,Admission NC,positive,F,,,,,,,,,,,,,,,,,,,,,,,,,,
154,case_19,2024-04-10 16:20:51.033758,complete,ER Sepsis Triage,positive,Y,HE,90.0,,,,,,,,,,,,,,,,,,,,,,,,
155,case_19,2024-04-10 17:16:59.033758,complete,Release B,positive,E,,,,,,,,,,,,,,,,,,,,,,,,,,
156,case_19,2024-04-10 18:18:46.033758,complete,Admission NC,positive,F,,,,,,,,,,,,,,,,,,,,,,,,,,
157,case_19,2024-04-10 18:38:20.033758,complete,ER Registration,positive,Y,HE,90.0,false,false,true,false,true,false,false,true,false,false,true,true,false,false,false,true,true,true,false,true,true,false,,
158,case_19,2024-04-10 19:49:58.033758,complete,IV Antibiotics,positive,L,,,,,,,,,,,,,,,,,,,,,,,,,,
159,case_19,2024-04-10 20:35:13.033758,complete,ER Sepsis Triage,positive,Y,HE,90.0,,,,,,,,,,,,,,,,,,,,,,,,
160,case_19,2024-04-10 22:22:49.033758,complete,IV Antibiotics,positive,L,,,,,,,,,,,,,,,,,,,,,,,,,,
161,case_19,2024-04-10 22:59:04.033758,complete,Admission NC,positive,J,,,,,,,,,,,,,,,,,,,,,,,,,,
162,case_20,2024-04-10 16:03:14.033758,complete,Admission NC,positive,Y,,,,,,,,,,,,,,,,,,,,,,,,,,
163,case_20,2024-04-10 17:18:03.033758,complete,IV Antibiotics,positive,L,,,,,,,,,,,,,,,,,,,,,,,,,,
164,case_20,2024-04-10 17:48:20.033758,complete,ER Sepsis Triage,positive,L,HE,90.0,,,,,,,,,,,,,,,,,,,,,,,,
165,case_20,2024-04-10 19:17:06.033758,complete,IV Antibiotics,positive,L,,,,,,,,,,,,,,,,,,,,,,,,,,
166,case_20,2024-04-10 20:16:23.033758,complete,Admission NC,positive,J,,,,,,,,,,,,,,,,,,,,,,,,,,
167,case_20,2024-04-10 20:38:35.033758,complete,ER Triage,positive,C,HE,90.0,,,,,,,,,,,,,,,,,,,,,,,,
168,case_20,2024-04-10 22:06:11.033758,complete,ER Triage,positive,C,HE,90.0,,,,,,,,,,,,,,,,,,,,,,,,
169,case_20,2024-04-10 22:42:09.033758,complete,IV Antibiotics,positive,L,,,,,,,,,,,,,,,,,,,,,,,,,,
170,case_21,2024-04-10 16:22:17.033758,complete,ER Sepsis Triage,positive,Y,HE,90.0,,,,,,,,,,,,,,,,,,,,,,,,
171,case_21,2024-04-10 17:18:41.033758,complete,Admission NC,positive,?,,,,,,,,,,,,,,,,,,,,,,,,,,
172,case_21,2024-04-10 17:59:54.033758,complete,ER Triage,positive,C,HE,90.0,,,,,,,,,,,,,,,,,,,,,,,,
173,case_21,2024-04-10 19:23:57.033758,complete,Return ER,positive,?,,,,,,,,,,,,,,,,,,,,,,,,,,
174,case_21,2024-04-10 20:10:40.033758,complete,IV Antibiotics,positive,L,,,,,,,,,,,,,,,,,,,,,,,,,,
175,case_21,2024-04-10 21:18:22.033758,complete,ER Sepsis Triage,positive,L,HE,90.0,,,,,,,,,,,,,,,,,,,,,,,,
176,case_21,2024-04-10 21:35:53.033758,complete,IV Antibiotics,positive,L,,,,,,,,,,,,,,,,,,,,,,,,,,
177,case_21,2024-04-10 23:01:38.033758,complete,Admission NC,positive,J,,,,,,,,,,,,,,,,,,,,,,,,,,
178,case_22,2024-04-10 15:35:50.033758,complete,Admission NC,positive,J,,,,,,,,,,,,,,,,,,,,,,,,,,
179,case_22,2024-04-10 17:09:53.033758,complete,Admission NC,positive,F,,,,,,,,,,,,,,,,,,,,,,,,,,
180,case_22,2024-04-10 17:54:52.033758,complete,Release B,positive,E,,,,,,,,,,,,,,,,,,,,,,,,,,
181,case_22,2024-04-10 19:32:36.033758,complete,Admission NC,positive,F,,,,,,,,,,,,,,,,,,,,,,,,,,
182,case_22,2024-04-10 20:18:24.033758,complete,Release B,positive,E,,,,,,,,,,,,,,,,,,,,,,,,,,
183,case_23,2024-04-10 15:42:41.033758,complete,Admission NC,positive,F,,,,,,,,,,,,,,,,,,,,,,,,,,
184,case_23,2024-04-10 17:05:09.033758,complete,Return ER,positive,?,,,,,,,,,,,,,,,,,,,,,,,,,,
185,case_23,2024-04-10 17:51:10.033758,complete,ER Triage,positive,C,HE,90.0,,,,,,,,,,,,,,,,,,,,,,,,
186,case_23,2024-04-10 19:03:47.033758,complete,Admission NC,positive,J,,,,,,,,,,,,,,,,,,,,,,,,,,
187,case_23,2024-04-10 19:53:20.033758,complete,Admission NC,positive,J,,,,,,,,,,,,,,,,,,,,,,,,,,
188,case_23,2024-04-10 21:30:40.033758,complete,ER Triage,positive,C,HE,90.0,,,,,,,,,,,,,,,,,,,,,,,,
189,case_23,2024-04-10 21:49:07.033758,complete,ER Triage,positive,C,HE,90.0,,,,,,,,,,,,,,,,,,,,,,,,
190,case_24,2024-04-10 16:16:21.033758,complete,LacticAcid,positive,Y,,,,,,,,,,,,,,,,,,,,,,,,,,149.0
191,case_24,2024-04-10 17:30:50.033758,complete,Admission NC,positive,Y,,,,,,,,,,,,,,,,,,,,,,,,,,
192,case_24,2024-04-10 18:26:06.033758,complete,IV Antibiotics,positive,L,,,,,,,,,,,,,,,,,,,,,,,,,,
193,case_24,2024-04-10 19:01:39.033758,complete,Admission NC,positive,?,,,,,,,,,,,,,,,,,,,,,,,,,,
194,case_24,2024-04-10 19:36:35.033758,complete,Return ER,positive,?,,,,,,,,,,,,,,,,,,,,,,,,,,
195,case_24,2024-04-10 21:05:45.033758,complete,ER Triage,positive,C,HE,90.0,,,,,,,,,,,,,,,,,,,,,,,,
196,case_24,2024-04-10 22:01:57.033758,complete,Admission NC,positive,C,,,,,,,,,,,,,,,,,,,,,,,,,,
197,case_25,2024-04-10 15:36:54.033758,complete,IV Antibiotics,positive,L,,,,,,,,,,,,,,,,,,,,,,,,,,
198,case_25,2024-04-10 16:45:25.033758,complete,ER Sepsis Triage,positive,L,HE,90.0,,,,,,,,,,,,,,,,,,,,,,,,
199,case_25,2024-04-10 18:24:55.033758,complete,IV Antibiotics,positive,L,,,,,,,,,,,,,,,,,,,,,,,,,,
200,case_25,2024-04-10 19:11:31.033758,complete,Admission NC,positive,J,,,,,,,,,,,,,,,,,,,,,,,,,,
201,case_25,2024-04-10 20:33:51.033758,complete,Admission NC,positive,F,,,,,,,,,,,,,,,,,,,,,,,,,,
202,case_25,2024-04-10 20:55:26.033758,complete,ER Registration,positive,Y,HE,90.0,false,false,true,false,true,false,false,true,false,false,true,true,false,false,false,false,true,true,false,true,false,false,,
203,case_25,2024-04-10 22:16:46.033758,complete,ER Triage,positive,C,HE,90.0,,,,,,,,,,,,,,,,,,,,,,,,
204,case_26,2024-04-10 15:47:02.033758,complete,Admission NC,positive,Y,,,,,,,,,,,,,,,,,,,,,,,,,,
205,case_26,2024-04-10 16:50:51.033758,complete,Admission NC,positive,Y,,,,,,,,,,,,,,,,,,,,,,,,,,
206,case_26,2024-04-10 17:54:50.033758,complete,ER Triage,positive,C,HE,90.0,,,,,,,,,,,,,,,,,,,,,,,,
207,case_26,2024-04-10 18:37:25.033758,complete,ER Registration,positive,Y,HE,90.0,true,true,true,false,true,false,false,true,true,true,true,true,true,false,true,false,true,false,true,true,false,true,,
208,case_26,2024-04-10 19:58:06.033758,complete,IV Antibiotics,positive,L,,,,,,,,,,,,,,,,,,,,,,,,,,
209,case_26,2024-04-10 20:53:43.033758,complete,ER Triage,positive,C,HE,90.0,,,,,,,,,,,,,,,,,,,,,,,,
210,case_26,2024-04-10 22:31:12.033758,complete,ER Triage,positive,C,HE,90.0,,,,,,,,,,,,,,,,,,,,,,,,
211,case_27,2024-04-10 15:35:44.033758,complete,ER Sepsis Triage,positive,Y,HE,90.0,,,,,,,,,,,,,,,,,,,,,,,,
212,case_27,2024-04-10 17:02:49.033758,complete,Admission NC,positive,L,,,,,,,,,,,,,,,,,,,,,,,,,,
213,case_27,2024-04-10 18:18:27.033758,complete,ER Triage,positive,C,HE,90.0,,,,,,,,,,,,,,,,,,,,,,,,
214,case_27,2024-04-10 19:01:07.033758,complete,ER Registration,positive,Y,HE,90.0,true,true,true,false,true,false,false,true,true,false,true,true,true,false,true,false,true,true,true,true,false,true,,
215,case_27,2024-04-10 20:06:03.033758,complete,Admission NC,positive,J,,,,,,,,,,,,,,,,,,,,,,,,,,
216,case_27,2024-04-10 21:12:03.033758,complete,ER Registration,positive,Y,HE,90.0,false,false,true,false,true,false,false,true,false,false,true,true,false,false,false,false,true,true,false,true,false,false,,
217,case_27,2024-04-10 21:54:31.033758,complete,IV Antibiotics,positive,L,,,,,,,,,,,,,,,,,,,,,,,,,,
218,case_28,2024-04-10 16:21:51.033758,complete,ER Triage,positive,C,HE,90.0,,,,,,,,,,,,,,,,,,,,,,,,
219,case_28,2024-04-10 17:23:25.033758,complete,Admission NC,positive,J,,,,,,,,,,,,,,,,,,,,,,,,,,
220,case_28,2024-04-10 17:46:40.033758,complete,IV Antibiotics,positive,L,,,,,,,,,,,,,,,,,,,,,,,,,,
221,case_28,2024-04-10 18:57:53.033758,complete,ER Sepsis Triage,positive,L,HE,90.0,,,,,,,,,,,,,,,,,,,,,,,,
222,case_28,2024-04-10 20:05:07.033758,complete,IV Antibiotics,positive,L,,,,,,,,,,,,,,,,,,,,,,,,,,
223,case_28,2024-04-10 21:17:22.033758,complete,Release B,positive,E,,,,,,,,,,,,,,,,,,,,,,,,,,
224,case_28,2024-04-10 22:24:13.033758,complete,Admission NC,positive,K,,,,,,,,,,,,,,,,,,,,,,,,,,
225,case_28,2024-04-10 22:36:04.033758,complete,Release B,positive,E,,,,,,,,,,,,,,,,,,,,,,,,,,
226,case_28,2024-04-11 00:33:42.033758,complete,Admission NC,positive,J,,,,,,,,,,,,,,,,,,,,,,,,,,
227,case_29,2024-04-10 15:42:11.033758,complete,Leucocytes,positive,Y,HE,90.0,,,,,,,,,,,,,,,,,,,,,,,137.0,
228,case_29,2024-04-10 16:54:11.033758,complete,Release B,positive,E,,,,,,,,,,,,,,,,,,,,,,,,,,
229,case_29,2024-04-10 17:43:37.033758,complete,IV Antibiotics,positive,L,,,,,,,,,,,,,,,,,,,,,,,,,,
230,case_29,2024-04-10 18:50:38.033758,complete,Admission NC,positive,J,,,,,,,,,,,,,,,,,,,,,,,,,,
231,case_29,2024-04-10 20:26:57.033758,complete,Admission IC,positive,J,,,,,,,,,,,,,,,,,,,,,,,,,,
232,case_29,2024-04-10 21:34:42.033758,complete,Admission NC,positive,J,,,,,,,,,,,,,,,,,,,,,,,,,,
233,case_29,2024-04-10 22:31:03.033758,complete,ER Triage,positive,C,HE,90.0,,,,,,,,,,,,,,,,,,,,,,,,
234,case_29,2024-04-10 23:12:32.033758,complete,LacticAcid,positive,Y,,,,,,,,,,,,,,,,,,,,,,,,,,149.0
235,case_29,2024-04-11 00:11:03.033758,complete,IV Antibiotics,positive,Y,,,,,,,,,,,,,,,,,,,,,,,,,,
