,case:concept:name,time:timestamp,lifecycle:transition,concept:name,case:label,org:group,Diagnose,Age,InfectionSuspected,DiagnosticBlood,DisfuncOrg,SIRSCritTachypnea,Hypotensie,SIRSCritHeartRate,Infusion,DiagnosticArtAstrup,DiagnosticIC,DiagnosticSputum,DiagnosticLiquor,DiagnosticOther,SIRSCriteria2OrMore,DiagnosticXthorax,SIRSCritTemperature,DiagnosticUrinaryCulture,SIRSCritLeucos,Oligurie,DiagnosticLacticAcid,Hypoxie,DiagnosticUrinarySediment,DiagnosticECG,CRP,Leucocytes,LacticAcid
0,case_0,2024-04-10 16:03:30.356704,complete,Admission NC,positive,J,,,,,,,,,,,,,,,,,,,,,,,,,,,
1,case_0,2024-04-10 16:54:27.356704,complete,Admission NC,positive,J,,,,,,,,,,,,,,,,,,,,,,,,,,,
2,case_0,2024-04-10 17:40:48.356704,complete,Admission IC,positive,J,,,,,,,,,,,,,,,,,,,,,,,,,,,
3,case_0,2024-04-10 18:52:58.356704,complete,Admission NC,positive,J,,,,,,,,,,,,,,,,,,,,,,,,,,,
4,case_0,2024-04-10 20:01:21.356704,complete,Release B,positive,E,,,,,,,,,,,,,,,,,,,,,,,,,,,
5,case_1,2024-04-10 15:49:40.356704,complete,Admission NC,positive,F,,,,,,,,,,,,,,,,,,,,,,,,,,,
6,case_1,2024-04-10 17:13:33.356704,complete,Admission NC,positive,J,,,,,,,,,,,,,,,,,,,,,,,,,,,
7,case_1,2024-04-10 18:11:54.356704,complete,Admission IC,positive,J,,,,,,,,,,,,,,,,,,,,,,,,,,,
8,case_1,2024-04-10 19:21:40.356704,complete,Admission NC,positive,J,,,,,,,,,,,,,,,,,,,,,,,,,,,
9,case_1,2024-04-10 19:45:36.356704,complete,Admission IC,positive,S,,,,,,,,,,,,,,,,,,,,,,,,,,,
10,case_2,2024-04-10 15:53:25.356704,complete,Admission NC,positive,J,,,,,,,,,,,,,,,,,,,,,,,,,,,
11,case_2,2024-04-10 16:49:44.356704,complete,Admission NC,positive,J,,,,,,,,,,,,,,,,,,,,,,,,,,,
12,case_2,2024-04-10 18:17:30.356704,complete,Admission IC,positive,J,,,,,,,,,,,,,,,,,,,,,,,,,,,
13,case_2,2024-04-10 19:14:36.356704,complete,Admission NC,positive,J,,,,,,,,,,,,,,,,,,,,,,,,,,,
14,case_2,2024-04-10 20:01:11.356704,complete,ER Registration,positive,Y,PD,90.0,false,false,true,false,true,false,false,true,false,false,true,true,false,false,false,false,true,true,false,true,false,false,,,
15,case_3,2024-04-10 15:54:32.356704,complete,IV Antibiotics,positive,L,,,,,,,,,,,,,,,,,,,,,,,,,,,
16,case_3,2024-04-10 16:54:32.356704,complete,ER Sepsis Triage,positive,L,HE,90.0,,,,,,,,,,,,,,,,,,,,,,,,,
17,case_3,2024-04-10 18:28:06.356704,complete,IV Antibiotics,positive,L,,,,,,,,,,,,,,,,,,,,,,,,,,,
18,case_3,2024-04-10 19:27:35.356704,complete,Admission NC,positive,F,,,,,,,,,,,,,,,,,,,,,,,,,,,
19,case_3,2024-04-10 19:34:44.356704,complete,IV Antibiotics,positive,L,,,,,,,,,,,,,,,,,,,,,,,,,,,
20,case_3,2024-04-10 20:47:22.356704,complete,ER Sepsis Triage,positive,L,OE,90.0,,,,,,,,,,,,,,,,,,,,,,,,,
21,case_3,2024-04-10 22:20:43.356704,complete,IV Antibiotics,positive,L,,,,,,,,,,,,,,,,,,,,,,,,,,,
22,case_3,2024-04-10 23:23:28.356704,complete,Release A,positive,D,,,,,,,,,,,,,,,,,,,,,,,,,,,
23,case_3,2024-04-10 23:39:57.356704,complete,Admission NC,positive,F,,,,,,,,,,,,,,,,,,,,,,,,,,,
24,case_4,2024-04-10 16:15:45.356704,complete,Release B,positive,E,,,,,,,,,,,,,,,,,,,,,,,,,,,
25,case_4,2024-04-10 16:38:34.356704,complete,Release B,positive,E,,,,,,,,,,,,,,,,,,,,,,,,,,,
26,case_4,2024-04-10 18:03:02.356704,complete,Admission NC,positive,F,,,,,,,,,,,,,,,,,,,,,,,,,,,
27,case_4,2024-04-10 18:58:11.356704,complete,CRP,positive,Y,HE,87.0,,,,,,,,,,,,,,,,,,,,,,,1387.0,,
28,case_4,2024-04-10 19:41:46.356704,complete,CRP,positive,Y,HE,90.0,,,,,,,,,,,,,,,,,,,,,,,4768.0,,
29,case_4,2024-04-10 21:30:56.356704,complete,IV Antibiotics,positive,L,,,,,,,,,,,,,,,,,,,,,,,,,,,
30,case_4,2024-04-10 22:00:41.356704,complete,ER Sepsis Triage,positive,L,HE,89.0,,,,,,,,,,,,,,,,,,,,,,,,,
31,case_4,2024-04-10 22:37:48.356704,complete,IV Antibiotics,positive,L,,,,,,,,,,,,,,,,,,,,,,,,,,,
32,case_4,2024-04-11 00:13:28.356704,complete,Admission NC,positive,F,,,,,,,,,,,,,,,,,,,,,,,,,,,
33,case_5,2024-04-10 16:34:07.356704,complete,CRP,positive,Y,HE,90.0,,,,,,,,,,,,,,,,,,,,,,,4598.0,,
34,case_5,2024-04-10 17:25:05.356704,complete,Release B,positive,E,,,,,,,,,,,,,,,,,,,,,,,,,,,
35,case_5,2024-04-10 17:58:44.356704,complete,Return ER,positive,?,,,,,,,,,,,,,,,,,,,,,,,,,,,
36,case_5,2024-04-10 18:39:31.356704,complete,Return ER,positive,?,,,,,,,,,,,,,,,,,,,,,,,,,,,
37,case_5,2024-04-10 19:50:45.356704,complete,CRP,positive,Y,HE,90.0,,,,,,,,,,,,,,,,,,,,,,,4770.0,,
38,case_5,2024-04-10 21:25:05.356704,complete,CRP,positive,W,HE,90.0,,,,,,,,,,,,,,,,,,,,,,,5343.0,,
39,case_5,2024-04-10 21:46:29.356704,complete,Return ER,positive,?,,,,,,,,,,,,,,,,,,,,,,,,,,,
40,case_5,2024-04-10 22:39:30.356704,complete,Admission NC,positive,F,,,,,,,,,,,,,,,,,,,,,,,,,,,
41,case_5,2024-04-11 00:09:31.356704,complete,Admission NC,positive,F,,,,,,,,,,,,,,,,,,,,,,,,,,,
42,case_6,2024-04-10 15:36:51.356704,complete,CRP,positive,Y,HE,38.0,,,,,,,,,,,,,,,,,,,,,,,5374.0,,
43,case_6,2024-04-10 16:37:14.356704,complete,Leucocytes,positive,K,GE,90.0,,,,,,,,,,,,,,,,,,,,,,,,137.0,
44,case_6,2024-04-10 18:16:04.356704,complete,Release B,positive,E,,,,,,,,,,,,,,,,,,,,,,,,,,,
45,case_6,2024-04-10 19:10:36.356704,complete,CRP,positive,Y,HE,90.0,,,,,,,,,,,,,,,,,,,,,,,1393.0,,
46,case_6,2024-04-10 19:42:01.356704,complete,ER Registration,positive,Y,HE,90.0,false,false,true,false,true,false,true,true,false,false,true,true,false,false,false,false,true,true,false,true,true,false,,,
47,case_6,2024-04-10 21:19:52.356704,complete,Admission NC,positive,F,,,,,,,,,,,,,,,,,,,,,,,,,,,
48,case_6,2024-04-10 22:30:11.356704,complete,Return ER,positive,?,,,,,,,,,,,,,,,,,,,,,,,,,,,
49,case_6,2024-04-10 22:44:25.356704,complete,Admission NC,positive,F,,,,,,,,,,,,,,,,,,,,,,,,,,,
50,case_6,2024-04-11 00:22:01.356704,complete,CRP,positive,Y,HE,87.0,,,,,,,,,,,,,,,,,,,,,,,1952.0,,
51,case_7,2024-04-10 16:21:08.356704,complete,CRP,positive,Y,HE,44.0,,,,,,,,,,,,,,,,,,,,,,,2154.0,,
52,case_7,2024-04-10 16:41:06.356704,complete,Admission NC,positive,F,,,,,,,,,,,,,,,,,,,,,,,,,,,
53,case_7,2024-04-10 18:18:20.356704,complete,ER Triage,positive,C,HE,51.0,,,,,,,,,,,,,,,,,,,,,,,,,
54,case_7,2024-04-10 18:36:15.356704,complete,CRP,positive,Y,HE,90.0,,,,,,,,,,,,,,,,,,,,,,,1353.0,,
55,case_7,2024-04-10 20:00:09.356704,complete,CRP,positive,Y,HE,85.0,,,,,,,,,,,,,,,,,,,,,,,3234.0,,
56,case_7,2024-04-10 20:48:52.356704,complete,ER Triage,positive,C,HE,80.0,,,,,,,,,,,,,,,,,,,,,,,,,
57,case_7,2024-04-10 22:27:06.356704,complete,Admission NC,positive,J,,,,,,,,,,,,,,,,,,,,,,,,,,,
58,case_7,2024-04-10 22:46:29.356704,complete,IV Antibiotics,positive,L,,,,,,,,,,,,,,,,,,,,,,,,,,,
59,case_7,2024-04-10 23:49:48.356704,complete,IV Antibiotics,positive,L,,,,,,,,,,,,,,,,,,,,,,,,,,,
60,case_8,2024-04-10 16:28:03.356704,complete,IV Antibiotics,positive,L,,,,,,,,,,,,,,,,,,,,,,,,,,,
61,case_8,2024-04-10 17:18:50.356704,complete,Leucocytes,positive,Y,HE,90.0,,,,,,,,,,,,,,,,,,,,,,,,119.0,
62,case_8,2024-04-10 17:46:34.356704,complete,Leucocytes,positive,Y,HE,89.0,,,,,,,,,,,,,,,,,,,,,,,,103.0,
63,case_8,2024-04-10 19:11:00.356704,complete,IV Antibiotics,positive,L,,,,,,,,,,,,,,,,,,,,,,,,,,,
64,case_8,2024-04-10 20:18:47.356704,complete,IV Antibiotics,positive,S,,,,,,,,,,,,,,,,,,,,,,,,,,,
65,case_8,2024-04-10 21:13:39.356704,complete,IV Antibiotics,positive,L,,,,,,,,,,,,,,,,,,,,,,,,,,,
66,case_8,2024-04-10 21:42:17.356704,complete,IV Antibiotics,positive,L,,,,,,,,,,,,,,,,,,,,,,,,,,,
67,case_8,2024-04-10 22:59:45.356704,complete,Admission NC,positive,J,,,,,,,,,,,,,,,,,,,,,,,,,,,
68,case_8,2024-04-10 23:58:53.356704,complete,Admission IC,positive,J,,,,,,,,,,,,,,,,,,,,,,,,,,,
69,case_8,2024-04-11 01:21:37.356704,complete,Admission NC,positive,J,,,,,,,,,,,,,,,,,,,,,,,,,,,
70,case_9,2024-04-10 16:15:40.356704,complete,Leucocytes,positive,Y,WC,90.0,,,,,,,,,,,,,,,,,,,,,,,,136.0,
71,case_9,2024-04-10 16:51:17.357705,complete,Admission NC,positive,J,,,,,,,,,,,,,,,,,,,,,,,,,,,
72,case_9,2024-04-10 17:51:34.357705,complete,Admission NC,positive,J,,,,,,,,,,,,,,,,,,,,,,,,,,,
73,case_9,2024-04-10 19:13:10.357705,complete,CRP,positive,Y,CE,90.0,,,,,,,,,,,,,,,,,,,,,,,2992.0,,
74,case_9,2024-04-10 20:24:48.357705,complete,IV Antibiotics,positive,Y,,,,,,,,,,,,,,,,,,,,,,,,,,,
75,case_9,2024-04-10 20:49:20.357705,complete,CRP,positive,Y,PD,90.0,,,,,,,,,,,,,,,,,,,,,,,5218.0,,
76,case_9,2024-04-10 21:56:55.357705,complete,ER Registration,positive,Y,HE,89.0,false,false,true,false,true,false,false,true,false,false,true,true,false,false,false,false,true,true,false,true,false,false,,,
77,case_9,2024-04-10 23:06:30.357705,complete,Return ER,positive,?,,,,,,,,,,,,,,,,,,,,,,,,,,,
78,case_9,2024-04-11 00:08:38.357705,complete,Return ER,positive,?,,,,,,,,,,,,,,,,,,,,,,,,,,,
79,case_9,2024-04-11 01:21:49.357705,complete,CRP,positive,Y,HE,90.0,,,,,,,,,,,,,,,,,,,,,,,5660.0,,
80,case_10,2024-04-10 16:09:04.357705,complete,Leucocytes,positive,Y,HE,90.0,,,,,,,,,,,,,,,,,,,,,,,,137.0,
81,case_10,2024-04-10 16:59:28.357705,complete,Leucocytes,positive,Y,N,52.0,,,,,,,,,,,,,,,,,,,,,,,,137.0,
82,case_10,2024-04-10 17:58:40.357705,complete,Admission NC,positive,F,,,,,,,,,,,,,,,,,,,,,,,,,,,
83,case_10,2024-04-10 19:15:52.357705,complete,CRP,positive,Y,CE,20.0,,,,,,,,,,,,,,,,,,,,,,,2593.0,,
84,case_10,2024-04-10 20:31:31.357705,complete,Admission NC,positive,F,,,,,,,,,,,,,,,,,,,,,,,,,,,
85,case_10,2024-04-10 21:23:15.357705,complete,IV Antibiotics,positive,L,,,,,,,,,,,,,,,,,,,,,,,,,,,
86,case_10,2024-04-10 22:25:22.357705,complete,Leucocytes,positive,Y,HE,85.0,,,,,,,,,,,,,,,,,,,,,,,,137.0,
87,case_10,2024-04-10 23:04:06.357705,complete,Return ER,positive,?,,,,,,,,,,,,,,,,,,,,,,,,,,,
88,case_10,2024-04-10 23:45:23.357705,complete,CRP,positive,Y,HE,87.0,,,,,,,,,,,,,,,,,,,,,,,5709.0,,
89,case_10,2024-04-11 00:35:34.357705,complete,Return ER,positive,?,,,,,,,,,,,,,,,,,,,,,,,,,,,
90,case_11,2024-04-10 16:24:16.357705,complete,Leucocytes,positive,Y,WC,90.0,,,,,,,,,,,,,,,,,,,,,,,,137.0,
91,case_11,2024-04-10 17:12:43.357705,complete,Leucocytes,positive,X,SA,90.0,,,,,,,,,,,,,,,,,,,,,,,,137.0,
92,case_11,2024-04-10 18:00:37.357705,complete,Admission NC,positive,F,,,,,,,,,,,,,,,,,,,,,,,,,,,
93,case_11,2024-04-10 19:05:03.357705,complete,CRP,positive,Y,TA,90.0,,,,,,,,,,,,,,,,,,,,,,,2572.0,,
94,case_11,2024-04-10 19:56:07.357705,complete,Admission NC,positive,J,,,,,,,,,,,,,,,,,,,,,,,,,,,
95,case_11,2024-04-10 20:59:24.357705,complete,Admission IC,positive,J,,,,,,,,,,,,,,,,,,,,,,,,,,,
96,case_11,2024-04-10 22:30:40.357705,complete,Admission NC,positive,J,,,,,,,,,,,,,,,,,,,,,,,,,,,
97,case_11,2024-04-10 22:39:22.357705,complete,ER Sepsis Triage,positive,Y,GC,44.0,,,,,,,,,,,,,,,,,,,,,,,,,
98,case_11,2024-04-11 00:01:54.357705,complete,Return ER,positive,?,,,,,,,,,,,,,,,,,,,,,,,,,,,
99,case_11,2024-04-11 01:09:48.357705,complete,CRP,positive,Y,HE,82.0,,,,,,,,,,,,,,,,,,,,,,,5532.0,,
100,case_12,2024-04-10 15:50:27.357705,complete,Leucocytes,positive,Y,HE,90.0,,,,,,,,,,,,,,,,,,,,,,,,137.0,
101,case_12,2024-04-10 16:48:11.357705,complete,Leucocytes,positive,Y,HE,90.0,,,,,,,,,,,,,,,,,,,,,,,,136.0,
102,case_12,2024-04-10 18:01:28.357705,complete,ER Triage,positive,C,HD,89.0,,,,,,,,,,,,,,,,,,,,,,,,,
103,case_12,2024-04-10 18:42:51.357705,complete,Admission NC,positive,F,,,,,,,,,,,,,,,,,,,,,,,,,,,
104,case_12,2024-04-10 19:43:17.357705,complete,Admission NC,positive,F,,,,,,,,,,,,,,,,,,,,,,,,,,,
105,case_12,2024-04-10 21:25:22.357705,complete,ER Triage,positive,C,HA,90.0,,,,,,,,,,,,,,,,,,,,,,,,,
106,case_12,2024-04-10 21:35:46.357705,complete,IV Antibiotics,positive,L,,,,,,,,,,,,,,,,,,,,,,,,,,,
107,case_12,2024-04-10 22:48:33.357705,complete,ER Sepsis Triage,positive,L,DE,44.0,,,,,,,,,,,,,,,,,,,,,,,,,
108,case_12,2024-04-11 00:05:17.357705,complete,IV Antibiotics,positive,L,,,,,,,,,,,,,,,,,,,,,,,,,,,
109,case_12,2024-04-11 00:48:28.357705,complete,IV Antibiotics,positive,L,,,,,,,,,,,,,,,,,,,,,,,,,,,
110,case_13,2024-04-10 16:11:02.357705,complete,Release A,positive,Y,,,,,,,,,,,,,,,,,,,,,,,,,,,
111,case_13,2024-04-10 17:28:46.357705,complete,Leucocytes,positive,Y,HE,90.0,,,,,,,,,,,,,,,,,,,,,,,,137.0,
112,case_13,2024-04-10 18:09:25.357705,complete,Return ER,positive,?,,,,,,,,,,,,,,,,,,,,,,,,,,,
113,case_13,2024-04-10 18:43:05.357705,complete,CRP,positive,Y,CE,90.0,,,,,,,,,,,,,,,,,,,,,,,2658.0,,
114,case_13,2024-04-10 19:57:49.357705,complete,Return ER,positive,Y,,,,,,,,,,,,,,,,,,,,,,,,,,,
115,case_13,2024-04-10 21:00:44.357705,complete,Admission NC,positive,Y,,,,,,,,,,,,,,,,,,,,,,,,,,,
116,case_13,2024-04-10 21:39:26.357705,complete,IV Antibiotics,positive,L,,,,,,,,,,,,,,,,,,,,,,,,,,,
117,case_13,2024-04-10 23:11:05.357705,complete,CRP,positive,Y,GB,44.0,,,,,,,,,,,,,,,,,,,,,,,5466.0,,
118,case_13,2024-04-11 00:33:00.357705,complete,Admission NC,positive,F,,,,,,,,,,,,,,,,,,,,,,,,,,,
119,case_13,2024-04-11 01:09:55.357705,complete,Return ER,positive,?,,,,,,,,,,,,,,,,,,,,,,,,,,,
120,case_14,2024-04-10 16:08:46.357705,complete,Leucocytes,positive,Y,WB,90.0,,,,,,,,,,,,,,,,,,,,,,,,137.0,
121,case_14,2024-04-10 17:24:04.357705,complete,ER Registration,positive,X,HD,90.0,false,false,true,false,true,false,false,false,false,false,true,true,false,false,false,false,true,true,false,true,false,false,,,
122,case_14,2024-04-10 18:07:15.357705,complete,Admission NC,positive,F,,,,,,,,,,,,,,,,,,,,,,,,,,,
123,case_14,2024-04-10 19:08:31.357705,complete,Release B,positive,E,,,,,,,,,,,,,,,,,,,,,,,,,,,
124,case_14,2024-04-10 20:31:15.357705,complete,Release B,positive,E,,,,,,,,,,,,,,,,,,,,,,,,,,,
125,case_14,2024-04-10 20:47:35.357705,complete,Admission NC,positive,K,,,,,,,,,,,,,,,,,,,,,,,,,,,
126,case_14,2024-04-10 21:58:41.357705,complete,Release B,positive,E,,,,,,,,,,,,,,,,,,,,,,,,,,,
127,case_14,2024-04-10 23:23:06.357705,complete,CRP,positive,Y,HE,44.0,,,,,,,,,,,,,,,,,,,,,,,3474.0,,
128,case_14,2024-04-10 23:47:40.357705,complete,CRP,positive,Y,HE,87.0,,,,,,,,,,,,,,,,,,,,,,,51.0,,
129,case_14,2024-04-11 00:54:28.357705,complete,ER Triage,positive,C,HE,90.0,,,,,,,,,,,,,,,,,,,,,,,,,
130,case_15,2024-04-10 16:12:42.357705,complete,Release B,positive,E,,,,,,,,,,,,,,,,,,,,,,,,,,,
131,case_15,2024-04-10 17:12:08.357705,complete,ER Registration,positive,Y,HE,90.0,false,false,true,false,true,false,false,true,false,false,true,true,false,false,false,false,true,true,false,true,false,false,,,
132,case_15,2024-04-10 17:56:02.357705,complete,Admission NC,positive,F,,,,,,,,,,,,,,,,,,,,,,,,,,,
133,case_15,2024-04-10 19:16:55.357705,complete,Admission NC,positive,F,,,,,,,,,,,,,,,,,,,,,,,,,,,
134,case_15,2024-04-10 20:24:14.357705,complete,Release B,positive,E,,,,,,,,,,,,,,,,,,,,,,,,,,,
135,case_15,2024-04-10 21:10:36.357705,complete,CRP,positive,Y,HE,90.0,,,,,,,,,,,,,,,,,,,,,,,5730.0,,
136,case_15,2024-04-10 22:21:17.357705,complete,Release B,positive,E,,,,,,,,,,,,,,,,,,,,,,,,,,,
137,case_15,2024-04-10 22:46:41.357705,complete,Release B,positive,E,,,,,,,,,,,,,,,,,,,,,,,,,,,
138,case_16,2024-04-10 16:30:34.357705,complete,CRP,positive,Y,HE,20.0,,,,,,,,,,,,,,,,,,,,,,,5728.0,,
139,case_16,2024-04-10 17:22:58.357705,complete,Leucocytes,positive,Y,HE,90.0,,,,,,,,,,,,,,,,,,,,,,,,137.0,
140,case_16,2024-04-10 17:38:48.357705,complete,Leucocytes,positive,Y,HE,89.0,,,,,,,,,,,,,,,,,,,,,,,,137.0,
141,case_16,2024-04-10 19:15:03.357705,complete,CRP,positive,Y,HE,90.0,,,,,,,,,,,,,,,,,,,,,,,5546.0,,
142,case_16,2024-04-10 19:36:02.357705,complete,CRP,positive,Y,PB,90.0,,,,,,,,,,,,,,,,,,,,,,,3355.0,,
143,case_16,2024-04-10 21:20:37.357705,complete,Admission NC,positive,J,,,,,,,,,,,,,,,,,,,,,,,,,,,
144,case_16,2024-04-10 21:52:51.357705,complete,Admission NC,positive,F,,,,,,,,,,,,,,,,,,,,,,,,,,,
145,case_16,2024-04-10 23:09:35.357705,complete,ER Registration,positive,Y,HC,20.0,false,false,true,false,true,false,false,true,false,false,true,true,false,false,false,false,true,true,false,true,false,false,,,
146,case_17,2024-04-10 15:35:41.357705,complete,CRP,positive,Y,HE,90.0,,,,,,,,,,,,,,,,,,,,,,,5730.0,,
147,case_17,2024-04-10 17:12:54.357705,complete,CRP,positive,Y,HE,90.0,,,,,,,,,,,,,,,,,,,,,,,1762.0,,
148,case_17,2024-04-10 17:45:10.357705,complete,Leucocytes,positive,Y,HE,89.0,,,,,,,,,,,,,,,,,,,,,,,,137.0,
149,case_17,2024-04-10 19:01:12.357705,complete,CRP,positive,Y,HE,85.0,,,,,,,,,,,,,,,,,,,,,,,4404.0,,
150,case_17,2024-04-10 20:15:21.357705,complete,Release B,positive,E,,,,,,,,,,,,,,,,,,,,,,,,,,,
151,case_17,2024-04-10 20:55:12.357705,complete,Admission NC,positive,F,,,,,,,,,,,,,,,,,,,,,,,,,,,
152,case_17,2024-04-10 22:05:52.357705,complete,CRP,positive,Y,HE,86.0,,,,,,,,,,,,,,,,,,,,,,,5612.0,,
153,case_17,2024-04-10 23:29:34.357705,complete,Admission NC,positive,F,,,,,,,,,,,,,,,,,,,,,,,,,,,
154,case_18,2024-04-10 15:35:33.357705,complete,Admission NC,positive,F,,,,,,,,,,,,,,,,,,,,,,,,,,,
155,case_18,2024-04-10 17:25:56.357705,complete,ER Registration,positive,Y,HE,90.0,false,false,true,false,true,false,false,true,false,false,true,true,false,false,false,false,true,true,false,true,false,false,,,
156,case_18,2024-04-10 18:15:59.357705,complete,IV Antibiotics,positive,L,,,,,,,,,,,,,,,,,,,,,,,,,,,
157,case_18,2024-04-10 19:20:37.357705,complete,Admission NC,positive,J,,,,,,,,,,,,,,,,,,,,,,,,,,,
158,case_18,2024-04-10 19:40:32.357705,complete,LacticAcid,positive,Y,,,,,,,,,,,,,,,,,,,,,,,,,,,8.0
159,case_18,2024-04-10 21:10:04.357705,complete,Leucocytes,positive,Y,HE,90.0,,,,,,,,,,,,,,,,,,,,,,,,3813.0,
160,case_18,2024-04-10 21:47:44.357705,complete,LacticAcid,positive,Y,,,,,,,,,,,,,,,,,,,,,,,,,,,8.0
161,case_18,2024-04-10 22:45:51.357705,complete,Leucocytes,positive,Y,HE,33.0,,,,,,,,,,,,,,,,,,,,,,,,2374.0,
162,case_19,2024-04-10 16:17:58.357705,complete,CRP,positive,Y,HE,90.0,,,,,,,,,,,,,,,,,,,,,,,5730.0,,
163,case_19,2024-04-10 17:02:55.357705,complete,Admission NC,positive,J,,,,,,,,,,,,,,,,,,,,,,,,,,,
164,case_19,2024-04-10 18:31:54.357705,complete,Admission IC,positive,J,,,,,,,,,,,,,,,,,,,,,,,,,,,
165,case_19,2024-04-10 18:58:33.357705,complete,Admission NC,positive,J,,,,,,,,,,,,,,,,,,,,,,,,,,,
166,case_19,2024-04-10 20:08:33.357705,complete,CRP,positive,Y,HE,90.0,,,,,,,,,,,,,,,,,,,,,,,5245.0,,
167,case_19,2024-04-10 21:21:09.357705,complete,CRP,positive,Y,HE,29.0,,,,,,,,,,,,,,,,,,,,,,,51.0,,
168,case_19,2024-04-10 22:15:51.357705,complete,CRP,positive,Y,HE,89.0,,,,,,,,,,,,,,,,,,,,,,,5689.0,,
169,case_19,2024-04-10 23:31:59.357705,complete,CRP,positive,Y,HA,33.0,,,,,,,,,,,,,,,,,,,,,,,476.0,,
170,case_20,2024-04-10 15:34:53.357705,complete,CRP,positive,Y,HE,90.0,,,,,,,,,,,,,,,,,,,,,,,4425.0,,
171,case_20,2024-04-10 16:39:54.357705,complete,ER Registration,positive,Y,HE,90.0,false,false,true,false,true,false,false,true,false,false,true,true,false,false,false,false,true,true,false,true,false,false,,,
172,case_20,2024-04-10 18:06:53.357705,complete,Release B,positive,E,,,,,,,,,,,,,,,,,,,,,,,,,,,
173,case_20,2024-04-10 18:38:54.357705,complete,LacticAcid,positive,Y,,,,,,,,,,,,,,,,,,,,,,,,,,,8.0
174,case_20,2024-04-10 19:47:16.357705,complete,Leucocytes,positive,Y,HE,90.0,,,,,,,,,,,,,,,,,,,,,,,,3813.0,
175,case_20,2024-04-10 20:40:06.357705,complete,Admission NC,positive,F,,,,,,,,,,,,,,,,,,,,,,,,,,,
176,case_20,2024-04-10 21:48:54.357705,complete,Release B,positive,E,,,,,,,,,,,,,,,,,,,,,,,,,,,
177,case_20,2024-04-10 22:52:40.357705,complete,Admission NC,positive,F,,,,,,,,,,,,,,,,,,,,,,,,,,,
178,case_21,2024-04-10 16:03:27.357705,complete,CRP,positive,Y,HE,66.0,,,,,,,,,,,,,,,,,,,,,,,5177.0,,
179,case_21,2024-04-10 16:55:49.357705,complete,ER Triage,positive,C,HE,74.0,,,,,,,,,,,,,,,,,,,,,,,,,
180,case_21,2024-04-10 18:14:12.357705,complete,Admission NC,positive,J,,,,,,,,,,,,,,,,,,,,,,,,,,,
181,case_21,2024-04-10 19:08:35.357705,complete,Admission NC,positive,J,,,,,,,,,,,,,,,,,,,,,,,,,,,
182,case_21,2024-04-10 19:53:31.357705,complete,Admission NC,positive,F,,,,,,,,,,,,,,,,,,,,,,,,,,,
183,case_21,2024-04-10 21:02:14.357705,complete,IV Antibiotics,positive,L,,,,,,,,,,,,,,,,,,,,,,,,,,,
184,case_21,2024-04-10 22:12:09.357705,complete,CRP,positive,Y,HE,89.0,,,,,,,,,,,,,,,,,,,,,,,5434.0,,
185,case_21,2024-04-10 23:29:50.357705,complete,CRP,positive,Y,GD,33.0,,,,,,,,,,,,,,,,,,,,,,,54.0,,
186,case_22,2024-04-10 15:49:03.357705,complete,Release B,positive,E,,,,,,,,,,,,,,,,,,,,,,,,,,,
187,case_22,2024-04-10 17:19:14.357705,complete,Admission NC,positive,F,,,,,,,,,,,,,,,,,,,,,,,,,,,
188,case_22,2024-04-10 18:24:59.357705,complete,Leucocytes,positive,Y,WB,89.0,,,,,,,,,,,,,,,,,,,,,,,,137.0,
189,case_22,2024-04-10 19:33:27.357705,complete,Admission NC,positive,V,,,,,,,,,,,,,,,,,,,,,,,,,,,
190,case_22,2024-04-10 19:55:00.357705,complete,IV Antibiotics,positive,L,,,,,,,,,,,,,,,,,,,,,,,,,,,
191,case_22,2024-04-10 21:18:56.357705,complete,CRP,positive,Y,VA,90.0,,,,,,,,,,,,,,,,,,,,,,,5730.0,,
192,case_22,2024-04-10 22:30:36.357705,complete,IV Antibiotics,positive,L,,,,,,,,,,,,,,,,,,,,,,,,,,,
193,case_22,2024-04-10 23:02:22.357705,complete,CRP,positive,X,KB,33.0,,,,,,,,,,,,,,,,,,,,,,,1733.0,,
194,case_23,2024-04-10 16:33:37.357705,complete,Admission NC,positive,J,,,,,,,,,,,,,,,,,,,,,,,,,,,
195,case_23,2024-04-10 16:43:24.357705,complete,CRP,positive,Y,HE,74.0,,,,,,,,,,,,,,,,,,,,,,,4686.0,,
196,case_23,2024-04-10 18:32:49.357705,complete,CRP,positive,Y,HE,89.0,,,,,,,,,,,,,,,,,,,,,,,5730.0,,
197,case_23,2024-04-10 19:08:10.357705,complete,ER Registration,positive,Y,HE,90.0,false,false,true,false,true,false,false,true,false,true,true,true,false,false,false,false,true,true,false,true,false,false,,,
198,case_23,2024-04-10 20:19:54.357705,complete,Admission NC,positive,J,,,,,,,,,,,,,,,,,,,,,,,,,,,
199,case_23,2024-04-10 21:06:04.357705,complete,CRP,positive,Y,HE,90.0,,,,,,,,,,,,,,,,,,,,,,,4030.0,,
200,case_23,2024-04-10 21:43:58.357705,complete,CRP,positive,Y,HE,89.0,,,,,,,,,,,,,,,,,,,,,,,54.0,,
201,case_23,2024-04-10 22:34:47.357705,complete,CRP,positive,Y,GB,33.0,,,,,,,,,,,,,,,,,,,,,,,51.0,,
202,case_24,2024-04-10 15:59:52.357705,complete,CRP,positive,Y,HE,90.0,,,,,,,,,,,,,,,,,,,,,,,5587.0,,
203,case_24,2024-04-10 16:52:31.357705,complete,Admission NC,positive,Y,,,,,,,,,,,,,,,,,,,,,,,,,,,
204,case_24,2024-04-10 17:46:03.357705,complete,IV Antibiotics,positive,L,,,,,,,,,,,,,,,,,,,,,,,,,,,
205,case_24,2024-04-10 18:42:04.357705,complete,ER Sepsis Triage,positive,L,HE,90.0,,,,,,,,,,,,,,,,,,,,,,,,,
206,case_24,2024-04-10 20:23:20.357705,complete,IV Antibiotics,positive,L,,,,,,,,,,,,,,,,,,,,,,,,,,,
207,case_24,2024-04-10 21:14:34.357705,complete,Admission NC,positive,F,,,,,,,,,,,,,,,,,,,,,,,,,,,
208,case_25,2024-04-10 16:00:52.357705,complete,CRP,positive,Y,HE,90.0,,,,,,,,,,,,,,,,,,,,,,,5593.0,,
209,case_25,2024-04-10 17:30:03.357705,complete,ER Registration,positive,Y,HE,90.0,false,false,true,false,true,false,false,true,false,false,true,true,false,false,false,false,true,true,false,true,true,false,,,
210,case_25,2024-04-10 17:53:41.357705,complete,Admission NC,positive,Y,,,,,,,,,,,,,,,,,,,,,,,,,,,
211,case_25,2024-04-10 18:46:08.357705,complete,Admission NC,positive,F,,,,,,,,,,,,,,,,,,,,,,,,,,,
212,case_25,2024-04-10 20:15:42.357705,complete,IV Antibiotics,positive,L,,,,,,,,,,,,,,,,,,,,,,,,,,,
213,case_25,2024-04-10 20:47:34.357705,complete,CRP,positive,Y,XC,90.0,,,,,,,,,,,,,,,,,,,,,,,4174.0,,
214,case_26,2024-04-10 15:52:56.357705,complete,CRP,positive,Y,HE,56.0,,,,,,,,,,,,,,,,,,,,,,,4835.0,,
215,case_26,2024-04-10 16:42:59.357705,complete,CRP,positive,Y,HE,90.0,,,,,,,,,,,,,,,,,,,,,,,620.0,,
216,case_26,2024-04-10 17:42:41.357705,complete,ER Registration,positive,Y,HE,89.0,false,false,true,false,true,false,false,true,false,false,true,true,false,false,false,false,true,true,false,true,false,false,,,
217,case_26,2024-04-10 19:17:42.357705,complete,Admission NC,positive,F,,,,,,,,,,,,,,,,,,,,,,,,,,,
218,case_26,2024-04-10 19:41:54.357705,complete,Admission NC,positive,Y,,,,,,,,,,,,,,,,,,,,,,,,,,,
219,case_26,2024-04-10 21:21:48.357705,complete,CRP,positive,Y,HE,40.0,,,,,,,,,,,,,,,,,,,,,,,5676.0,,
220,case_27,2024-04-10 16:15:38.357705,complete,CRP,positive,Y,HE,90.0,,,,,,,,,,,,,,,,,,,,,,,5592.0,,
221,case_27,2024-04-10 17:31:43.357705,complete,CRP,positive,Y,HE,90.0,,,,,,,,,,,,,,,,,,,,,,,96.0,,
222,case_27,2024-04-10 17:42:15.357705,complete,CRP,positive,Y,HE,71.0,,,,,,,,,,,,,,,,,,,,,,,1832.0,,
223,case_27,2024-04-10 18:50:27.357705,complete,Admission NC,positive,F,,,,,,,,,,,,,,,,,,,,,,,,,,,
224,case_27,2024-04-10 20:14:19.357705,complete,Admission NC,positive,F,,,,,,,,,,,,,,,,,,,,,,,,,,,
225,case_27,2024-04-10 20:36:58.357705,complete,CRP,positive,Y,HE,89.0,,,,,,,,,,,,,,,,,,,,,,,3501.0,,
226,case_28,2024-04-10 16:11:16.357705,complete,CRP,positive,Y,HE,90.0,,,,,,,,,,,,,,,,,,,,,,,2798.0,,
227,case_28,2024-04-10 16:40:10.357705,complete,LacticAcid,positive,Y,,,,,,,,,,,,,,,,,,,,,,,,,,,7.0
228,case_28,2024-04-10 17:56:23.357705,complete,Leucocytes,positive,Y,HE,89.0,,,,,,,,,,,,,,,,,,,,,,,,3813.0,
229,case_28,2024-04-10 18:40:01.357705,complete,Admission NC,positive,Y,,,,,,,,,,,,,,,,,,,,,,,,,,,
230,case_28,2024-04-10 20:26:39.357705,complete,Admission NC,positive,F,,,,,,,,,,,,,,,,,,,,,,,,,,,
231,case_28,2024-04-10 21:30:19.357705,complete,CRP,positive,Y,HE,90.0,,,,,,,,,,,,,,,,,,,,,,,3405.0,,
232,case_29,2024-04-10 16:00:14.357705,complete,Release B,positive,E,,,,,,,,,,,,,,,,,,,,,,,,,,,
233,case_29,2024-04-10 17:26:57.357705,complete,Admission NC,positive,K,,,,,,,,,,,,,,,,,,,,,,,,,,,
234,case_29,2024-04-10 18:27:32.357705,complete,Release B,positive,E,,,,,,,,,,,,,,,,,,,,,,,,,,,
235,case_29,2024-04-10 18:37:08.357705,complete,Admission NC,positive,K,,,,,,,,,,,,,,,,,,,,,,,,,,,
236,case_29,2024-04-10 19:54:14.357705,complete,Release B,positive,E,,,,,,,,,,,,,,,,,,,,,,,,,,,
237,case_29,2024-04-10 21:24:10.357705,complete,Admission NC,positive,K,,,,,,,,,,,,,,,,,,,,,,,,,,,
238,case_29,2024-04-10 22:00:33.357705,complete,Release B,positive,E,,,,,,,,,,,,,,,,,,,,,,,,,,,
