,case:concept:name,time:timestamp,lifecycle:transition,concept:name,case:label,org:group,Diagnose,Age,InfectionSuspected,DiagnosticBlood,DisfuncOrg,SIRSCritTachypnea,Hypotensie,SIRSCritHeartRate,Infusion,DiagnosticArtAstrup,DiagnosticIC,DiagnosticSputum,DiagnosticLiquor,DiagnosticOther,SIRSCriteria2OrMore,DiagnosticXthorax,SIRSCritTemperature,DiagnosticUrinaryCulture,SIRSCritLeucos,Oligurie,DiagnosticLacticAcid,Hypoxie,DiagnosticUrinarySediment,DiagnosticECG,CRP,Leucocytes,LacticAcid
0,case_0,2024-04-10 16:13:17.247445,complete,ER Sepsis Triage,positive,J,EE,20.0,,,,,,,,,,,,,,,,,,,,,,,,,
1,case_0,2024-04-10 17:13:35.247445,complete,Admission NC,positive,E,,,,,,,,,,,,,,,,,,,,,,,,,,,
2,case_0,2024-04-10 17:58:45.247445,complete,ER Registration,positive,I,IE,20.0,false,true,true,false,false,true,false,false,false,false,true,false,false,true,true,true,true,true,false,true,false,false,,,
3,case_0,2024-04-10 19:23:46.247445,complete,CRP,positive,L,HC,21.0,,,,,,,,,,,,,,,,,,,,,,,1323.0,,
4,case_0,2024-04-10 20:16:35.247445,complete,Admission NC,positive,C,,,,,,,,,,,,,,,,,,,,,,,,,,,
5,case_0,2024-04-10 21:29:59.247445,complete,ER Registration,positive,L,HD,20.0,false,true,true,true,false,true,false,false,true,false,false,false,false,true,true,true,true,true,true,false,false,false,,,
6,case_0,2024-04-10 21:36:09.247445,complete,Leucocytes,positive,I,HE,20.0,,,,,,,,,,,,,,,,,,,,,,,,139.0,
7,case_0,2024-04-10 22:34:33.247445,complete,CRP,positive,J,HE,22.0,,,,,,,,,,,,,,,,,,,,,,,1374.0,,
8,case_0,2024-04-11 00:08:35.247445,complete,CRP,positive,E,HD,24.0,,,,,,,,,,,,,,,,,,,,,,,3250.0,,
9,case_1,2024-04-10 16:32:19.247445,complete,Admission NC,positive,F,,,,,,,,,,,,,,,,,,,,,,,,,,,
10,case_1,2024-04-10 17:17:45.247445,complete,CRP,positive,E,X,21.0,,,,,,,,,,,,,,,,,,,,,,,2088.0,,
11,case_1,2024-04-10 18:24:52.247445,complete,CRP,positive,J,HC,21.0,,,,,,,,,,,,,,,,,,,,,,,5730.0,,
12,case_1,2024-04-10 18:49:31.247445,complete,Admission NC,positive,L,,,,,,,,,,,,,,,,,,,,,,,,,,,
13,case_1,2024-04-10 20:23:06.247445,complete,CRP,positive,L,HD,20.0,,,,,,,,,,,,,,,,,,,,,,,4770.0,,
14,case_1,2024-04-10 21:18:29.247445,complete,CRP,positive,L,HC,21.0,,,,,,,,,,,,,,,,,,,,,,,5029.0,,
15,case_1,2024-04-10 22:32:43.247445,complete,Leucocytes,positive,L,HD,88.0,,,,,,,,,,,,,,,,,,,,,,,,137.0,
16,case_1,2024-04-10 23:18:55.247445,complete,Leucocytes,positive,L,HE,20.0,,,,,,,,,,,,,,,,,,,,,,,,137.0,
17,case_1,2024-04-10 23:56:23.247445,complete,Leucocytes,positive,E,HD,22.0,,,,,,,,,,,,,,,,,,,,,,,,137.0,
18,case_2,2024-04-10 15:58:43.247445,complete,ER Registration,positive,L,EE,41.0,true,true,false,true,false,true,true,false,false,false,true,false,true,false,true,false,true,true,false,true,false,false,,,
19,case_2,2024-04-10 17:23:39.247445,complete,Admission NC,positive,J,,,,,,,,,,,,,,,,,,,,,,,,,,,
20,case_2,2024-04-10 17:58:39.247445,complete,Leucocytes,positive,J,AD,21.0,,,,,,,,,,,,,,,,,,,,,,,,137.0,
21,case_2,2024-04-10 18:56:55.247445,complete,CRP,positive,J,MA,90.0,,,,,,,,,,,,,,,,,,,,,,,1327.0,,
22,case_2,2024-04-10 20:13:09.247445,complete,CRP,positive,J,HE,21.0,,,,,,,,,,,,,,,,,,,,,,,4770.0,,
23,case_2,2024-04-10 21:25:22.247445,complete,CRP,positive,C,HE,22.0,,,,,,,,,,,,,,,,,,,,,,,5035.0,,
24,case_2,2024-04-10 21:55:39.247445,complete,CRP,positive,I,HC,20.0,,,,,,,,,,,,,,,,,,,,,,,2950.0,,
25,case_2,2024-04-10 23:23:15.247445,complete,Admission NC,positive,F,,,,,,,,,,,,,,,,,,,,,,,,,,,
26,case_2,2024-04-11 00:14:04.247445,complete,CRP,positive,E,HB,22.0,,,,,,,,,,,,,,,,,,,,,,,3286.0,,
27,case_3,2024-04-10 15:45:33.247445,complete,Leucocytes,positive,L,WC,57.0,,,,,,,,,,,,,,,,,,,,,,,,333.0,
28,case_3,2024-04-10 16:38:30.247445,complete,CRP,positive,I,FB,26.0,,,,,,,,,,,,,,,,,,,,,,,5730.0,,
29,case_3,2024-04-10 17:58:33.247445,complete,Admission NC,positive,J,,,,,,,,,,,,,,,,,,,,,,,,,,,
30,case_3,2024-04-10 19:32:13.247445,complete,CRP,positive,L,SA,22.0,,,,,,,,,,,,,,,,,,,,,,,2819.0,,
31,case_3,2024-04-10 19:38:39.247445,complete,CRP,positive,L,HC,20.0,,,,,,,,,,,,,,,,,,,,,,,4687.0,,
32,case_3,2024-04-10 20:41:23.247445,complete,Admission NC,positive,L,,,,,,,,,,,,,,,,,,,,,,,,,,,
33,case_4,2024-04-10 15:56:03.247445,complete,Admission NC,positive,J,,,,,,,,,,,,,,,,,,,,,,,,,,,
34,case_4,2024-04-10 17:16:12.247445,complete,CRP,positive,L,FC,20.0,,,,,,,,,,,,,,,,,,,,,,,5729.0,,
35,case_4,2024-04-10 17:34:11.247445,complete,Leucocytes,positive,I,OE,21.0,,,,,,,,,,,,,,,,,,,,,,,,137.0,
36,case_4,2024-04-10 19:09:35.247445,complete,CRP,positive,I,PE,20.0,,,,,,,,,,,,,,,,,,,,,,,2838.0,,
37,case_4,2024-04-10 19:34:23.247445,complete,Leucocytes,positive,I,HC,90.0,,,,,,,,,,,,,,,,,,,,,,,,142.0,
38,case_4,2024-04-10 21:08:48.247445,complete,Admission NC,positive,J,,,,,,,,,,,,,,,,,,,,,,,,,,,
39,case_5,2024-04-10 16:04:26.247445,complete,CRP,positive,L,MD,20.0,,,,,,,,,,,,,,,,,,,,,,,5192.0,,
40,case_5,2024-04-10 17:31:29.247445,complete,Leucocytes,positive,L,CC,21.0,,,,,,,,,,,,,,,,,,,,,,,,137.0,
41,case_5,2024-04-10 18:30:58.247445,complete,CRP,positive,I,OE,20.0,,,,,,,,,,,,,,,,,,,,,,,869.0,,
42,case_5,2024-04-10 19:01:50.247445,complete,CRP,positive,I,HA,21.0,,,,,,,,,,,,,,,,,,,,,,,2873.0,,
43,case_5,2024-04-10 20:08:28.247445,complete,Admission NC,positive,L,,,,,,,,,,,,,,,,,,,,,,,,,,,
44,case_5,2024-04-10 20:54:36.247445,complete,Admission NC,positive,L,,,,,,,,,,,,,,,,,,,,,,,,,,,
45,case_6,2024-04-10 15:43:51.247445,complete,Admission NC,positive,J,,,,,,,,,,,,,,,,,,,,,,,,,,,
46,case_6,2024-04-10 17:05:48.247445,complete,Leucocytes,positive,L,YD,20.0,,,,,,,,,,,,,,,,,,,,,,,,2666.0,
47,case_6,2024-04-10 18:32:24.247445,complete,CRP,positive,L,HC,88.0,,,,,,,,,,,,,,,,,,,,,,,1678.0,,
48,case_6,2024-04-10 18:45:43.247445,complete,CRP,positive,I,SB,22.0,,,,,,,,,,,,,,,,,,,,,,,1748.0,,
49,case_6,2024-04-10 20:03:25.247445,complete,Admission NC,positive,L,,,,,,,,,,,,,,,,,,,,,,,,,,,
50,case_6,2024-04-10 20:51:50.247445,complete,Leucocytes,positive,J,HE,79.0,,,,,,,,,,,,,,,,,,,,,,,,3793.0,
51,case_7,2024-04-10 16:04:21.247445,complete,CRP,positive,L,WC,21.0,,,,,,,,,,,,,,,,,,,,,,,5730.0,,
52,case_7,2024-04-10 17:08:27.247445,complete,Admission NC,positive,J,,,,,,,,,,,,,,,,,,,,,,,,,,,
53,case_7,2024-04-10 17:58:33.247445,complete,Leucocytes,positive,C,WD,21.0,,,,,,,,,,,,,,,,,,,,,,,,143.0,
54,case_7,2024-04-10 19:03:48.247445,complete,Admission NC,positive,J,,,,,,,,,,,,,,,,,,,,,,,,,,,
55,case_7,2024-04-10 19:52:32.247445,complete,CRP,positive,I,HC,20.0,,,,,,,,,,,,,,,,,,,,,,,4687.0,,
56,case_7,2024-04-10 21:03:05.247445,complete,CRP,positive,E,HB,22.0,,,,,,,,,,,,,,,,,,,,,,,5551.0,,
57,case_8,2024-04-10 15:59:21.247445,complete,CRP,positive,E,WC,21.0,,,,,,,,,,,,,,,,,,,,,,,5192.0,,
58,case_8,2024-04-10 17:10:31.247445,complete,CRP,positive,L,CC,40.0,,,,,,,,,,,,,,,,,,,,,,,5730.0,,
59,case_8,2024-04-10 18:30:34.247445,complete,CRP,positive,C,OB,21.0,,,,,,,,,,,,,,,,,,,,,,,867.0,,
60,case_8,2024-04-10 18:54:48.247445,complete,Admission NC,positive,L,,,,,,,,,,,,,,,,,,,,,,,,,,,
61,case_8,2024-04-10 20:20:15.247445,complete,CRP,positive,I,HE,20.0,,,,,,,,,,,,,,,,,,,,,,,5689.0,,
62,case_8,2024-04-10 20:36:46.247445,complete,Admission NC,positive,L,,,,,,,,,,,,,,,,,,,,,,,,,,,
63,case_9,2024-04-10 15:33:51.247445,complete,CRP,positive,J,SC,21.0,,,,,,,,,,,,,,,,,,,,,,,5540.0,,
64,case_9,2024-04-10 16:47:53.247445,complete,Leucocytes,positive,I,KE,22.0,,,,,,,,,,,,,,,,,,,,,,,,137.0,
65,case_9,2024-04-10 17:39:25.247445,complete,Admission NC,positive,J,,,,,,,,,,,,,,,,,,,,,,,,,,,
66,case_9,2024-04-10 19:10:59.247445,complete,CRP,positive,I,HA,20.0,,,,,,,,,,,,,,,,,,,,,,,2793.0,,
67,case_9,2024-04-10 20:18:57.247445,complete,CRP,positive,L,HE,20.0,,,,,,,,,,,,,,,,,,,,,,,5473.0,,
68,case_9,2024-04-10 21:25:21.247445,complete,Admission NC,positive,L,,,,,,,,,,,,,,,,,,,,,,,,,,,
69,case_10,2024-04-10 16:31:13.247445,complete,CRP,positive,J,HD,20.0,,,,,,,,,,,,,,,,,,,,,,,5728.0,,
70,case_10,2024-04-10 16:54:44.247445,complete,CRP,positive,I,LB,20.0,,,,,,,,,,,,,,,,,,,,,,,1265.0,,
71,case_10,2024-04-10 17:58:13.247445,complete,Admission NC,positive,E,,,,,,,,,,,,,,,,,,,,,,,,,,,
72,case_10,2024-04-10 19:10:24.247445,complete,CRP,positive,I,VD,20.0,,,,,,,,,,,,,,,,,,,,,,,52.0,,
73,case_10,2024-04-10 19:40:26.247445,complete,CRP,positive,I,DA,21.0,,,,,,,,,,,,,,,,,,,,,,,5301.0,,
74,case_10,2024-04-10 21:11:38.247445,complete,CRP,positive,I,HC,24.0,,,,,,,,,,,,,,,,,,,,,,,2996.0,,
75,case_10,2024-04-10 21:48:45.247445,complete,Admission NC,positive,L,,,,,,,,,,,,,,,,,,,,,,,,,,,
76,case_10,2024-04-10 23:04:10.247445,complete,Leucocytes,positive,L,HE,34.0,,,,,,,,,,,,,,,,,,,,,,,,5.0,
77,case_11,2024-04-10 16:10:44.247445,complete,CRP,positive,E,DC,23.0,,,,,,,,,,,,,,,,,,,,,,,5729.0,,
78,case_11,2024-04-10 17:16:24.247445,complete,Admission NC,positive,L,,,,,,,,,,,,,,,,,,,,,,,,,,,
79,case_11,2024-04-10 18:02:10.247445,complete,Leucocytes,positive,J,HE,22.0,,,,,,,,,,,,,,,,,,,,,,,,139.0,
80,case_11,2024-04-10 19:28:00.247445,complete,Leucocytes,positive,X,VD,22.0,,,,,,,,,,,,,,,,,,,,,,,,2628.0,
81,case_11,2024-04-10 20:32:40.247445,complete,Leucocytes,positive,J,MD,20.0,,,,,,,,,,,,,,,,,,,,,,,,137.0,
82,case_11,2024-04-10 21:07:57.247445,complete,Admission NC,positive,J,,,,,,,,,,,,,,,,,,,,,,,,,,,
83,case_11,2024-04-10 22:12:25.247445,complete,CRP,positive,J,HD,22.0,,,,,,,,,,,,,,,,,,,,,,,5611.0,,
84,case_11,2024-04-10 22:37:55.247445,complete,CRP,positive,L,HE,39.0,,,,,,,,,,,,,,,,,,,,,,,3268.0,,
85,case_12,2024-04-10 16:14:59.247445,complete,Leucocytes,positive,E,DC,20.0,,,,,,,,,,,,,,,,,,,,,,,,137.0,
86,case_12,2024-04-10 17:16:32.247445,complete,CRP,positive,L,LB,20.0,,,,,,,,,,,,,,,,,,,,,,,1625.0,,
87,case_12,2024-04-10 17:43:13.247445,complete,Admission NC,positive,L,,,,,,,,,,,,,,,,,,,,,,,,,,,
88,case_12,2024-04-10 19:24:53.247445,complete,CRP,positive,I,VD,20.0,,,,,,,,,,,,,,,,,,,,,,,55.0,,
89,case_12,2024-04-10 19:55:18.247445,complete,CRP,positive,I,UA,20.0,,,,,,,,,,,,,,,,,,,,,,,5301.0,,
90,case_12,2024-04-10 20:38:13.247445,complete,CRP,positive,J,HE,21.0,,,,,,,,,,,,,,,,,,,,,,,4226.0,,
91,case_12,2024-04-10 21:45:13.247445,complete,Admission NC,positive,L,,,,,,,,,,,,,,,,,,,,,,,,,,,
92,case_12,2024-04-10 23:25:35.247445,complete,Leucocytes,positive,J,HE,35.0,,,,,,,,,,,,,,,,,,,,,,,,2.0,
93,case_13,2024-04-10 15:37:23.247445,complete,Leucocytes,positive,L,HD,89.0,,,,,,,,,,,,,,,,,,,,,,,,137.0,
94,case_13,2024-04-10 17:27:43.247445,complete,Leucocytes,positive,I,LB,26.0,,,,,,,,,,,,,,,,,,,,,,,,136.0,
95,case_13,2024-04-10 18:16:03.247445,complete,Admission NC,positive,L,,,,,,,,,,,,,,,,,,,,,,,,,,,
96,case_13,2024-04-10 19:04:20.247445,complete,Leucocytes,positive,I,VD,20.0,,,,,,,,,,,,,,,,,,,,,,,,136.0,
97,case_13,2024-04-10 20:24:29.247445,complete,CRP,positive,J,DE,21.0,,,,,,,,,,,,,,,,,,,,,,,5301.0,,
98,case_13,2024-04-10 21:15:07.247445,complete,CRP,positive,I,HE,20.0,,,,,,,,,,,,,,,,,,,,,,,4235.0,,
99,case_13,2024-04-10 22:12:32.247445,complete,Admission NC,positive,L,,,,,,,,,,,,,,,,,,,,,,,,,,,
100,case_13,2024-04-10 22:36:38.247445,complete,CRP,positive,E,HE,35.0,,,,,,,,,,,,,,,,,,,,,,,3265.0,,
101,case_14,2024-04-10 16:09:45.247445,complete,IV Liquid,positive,L,DD,20.0,,,,,,,,,,,,,,,,,,,,,,,,,
102,case_14,2024-04-10 17:05:08.247445,complete,IV Liquid,positive,L,LC,20.0,,,,,,,,,,,,,,,,,,,,,,,,,
103,case_14,2024-04-10 18:17:14.247445,complete,Admission NC,positive,L,,,,,,,,,,,,,,,,,,,,,,,,,,,
104,case_14,2024-04-10 18:39:53.247445,complete,Leucocytes,positive,L,NB,21.0,,,,,,,,,,,,,,,,,,,,,,,,2628.0,
105,case_14,2024-04-10 19:45:11.247445,complete,Leucocytes,positive,I,EB,21.0,,,,,,,,,,,,,,,,,,,,,,,,136.0,
106,case_14,2024-04-10 21:09:15.247445,complete,Admission NC,positive,C,,,,,,,,,,,,,,,,,,,,,,,,,,,
107,case_14,2024-04-10 21:55:37.247445,complete,CRP,positive,J,HD,90.0,,,,,,,,,,,,,,,,,,,,,,,4909.0,,
108,case_14,2024-04-10 23:04:49.247445,complete,LacticAcid,positive,E,,,,,,,,,,,,,,,,,,,,,,,,,,,29.0
109,case_15,2024-04-10 15:34:50.247445,complete,CRP,positive,E,HD,20.0,,,,,,,,,,,,,,,,,,,,,,,5725.0,,
110,case_15,2024-04-10 17:21:15.247445,complete,Leucocytes,positive,L,TD,22.0,,,,,,,,,,,,,,,,,,,,,,,,2059.0,
111,case_15,2024-04-10 18:20:58.247445,complete,Admission NC,positive,L,,,,,,,,,,,,,,,,,,,,,,,,,,,
112,case_15,2024-04-10 19:06:11.247445,complete,CRP,positive,L,VD,20.0,,,,,,,,,,,,,,,,,,,,,,,55.0,,
113,case_15,2024-04-10 20:07:37.247445,complete,CRP,positive,I,DA,20.0,,,,,,,,,,,,,,,,,,,,,,,4149.0,,
114,case_15,2024-04-10 20:36:32.247445,complete,CRP,positive,I,HC,20.0,,,,,,,,,,,,,,,,,,,,,,,4268.0,,
115,case_15,2024-04-10 22:18:53.247445,complete,CRP,positive,L,HE,22.0,,,,,,,,,,,,,,,,,,,,,,,5000.0,,
116,case_15,2024-04-10 22:41:30.247445,complete,Admission NC,positive,W,,,,,,,,,,,,,,,,,,,,,,,,,,,
117,case_16,2024-04-10 15:41:58.247445,complete,CRP,positive,A,DC,21.0,,,,,,,,,,,,,,,,,,,,,,,5729.0,,
118,case_16,2024-04-10 17:30:29.247445,complete,CRP,positive,L,LC,20.0,,,,,,,,,,,,,,,,,,,,,,,1247.0,,
119,case_16,2024-04-10 18:19:39.247445,complete,Admission NC,positive,J,,,,,,,,,,,,,,,,,,,,,,,,,,,
120,case_16,2024-04-10 18:46:30.247445,complete,Leucocytes,positive,I,VD,21.0,,,,,,,,,,,,,,,,,,,,,,,,132.0,
121,case_16,2024-04-10 19:43:08.247445,complete,Admission NC,positive,J,,,,,,,,,,,,,,,,,,,,,,,,,,,
122,case_16,2024-04-10 21:06:51.247445,complete,CRP,positive,J,HE,20.0,,,,,,,,,,,,,,,,,,,,,,,2995.0,,
123,case_16,2024-04-10 21:54:01.247445,complete,CRP,positive,K,PE,23.0,,,,,,,,,,,,,,,,,,,,,,,5611.0,,
124,case_16,2024-04-10 22:39:45.247445,complete,CRP,positive,L,HC,34.0,,,,,,,,,,,,,,,,,,,,,,,5059.0,,
125,case_17,2024-04-10 15:37:47.247445,complete,CRP,positive,L,DB,22.0,,,,,,,,,,,,,,,,,,,,,,,5730.0,,
126,case_17,2024-04-10 17:12:15.247445,complete,Leucocytes,positive,L,LB,22.0,,,,,,,,,,,,,,,,,,,,,,,,16.0,
127,case_17,2024-04-10 17:50:52.247445,complete,Leucocytes,positive,I,HC,23.0,,,,,,,,,,,,,,,,,,,,,,,,141.0,
128,case_17,2024-04-10 18:58:09.247445,complete,Admission NC,positive,J,,,,,,,,,,,,,,,,,,,,,,,,,,,
129,case_17,2024-04-10 19:35:35.247445,complete,CRP,positive,L,DA,25.0,,,,,,,,,,,,,,,,,,,,,,,5301.0,,
130,case_17,2024-04-10 20:49:55.247445,complete,Admission NC,positive,J,,,,,,,,,,,,,,,,,,,,,,,,,,,
131,case_17,2024-04-10 22:06:45.247445,complete,ER Registration,positive,J,HA,22.0,false,false,true,false,false,true,false,true,false,true,false,false,false,true,false,false,false,false,true,true,true,true,,,
132,case_17,2024-04-10 22:44:58.247445,complete,CRP,positive,L,HE,34.0,,,,,,,,,,,,,,,,,,,,,,,53.0,,
133,case_18,2024-04-10 16:00:36.247445,complete,Leucocytes,positive,L,DC,20.0,,,,,,,,,,,,,,,,,,,,,,,,1777.0,
134,case_18,2024-04-10 16:47:25.247445,complete,Leucocytes,positive,L,LA,20.0,,,,,,,,,,,,,,,,,,,,,,,,17.0,
135,case_18,2024-04-10 17:59:29.247445,complete,Leucocytes,positive,J,HE,21.0,,,,,,,,,,,,,,,,,,,,,,,,139.0,
136,case_18,2024-04-10 19:14:00.247445,complete,Admission NC,positive,L,,,,,,,,,,,,,,,,,,,,,,,,,,,
137,case_18,2024-04-10 20:07:47.247445,complete,Admission NC,positive,E,,,,,,,,,,,,,,,,,,,,,,,,,,,
138,case_18,2024-04-10 20:46:10.247445,complete,CRP,positive,I,HC,22.0,,,,,,,,,,,,,,,,,,,,,,,4270.0,,
139,case_18,2024-04-10 21:37:42.247445,complete,CRP,positive,J,HC,20.0,,,,,,,,,,,,,,,,,,,,,,,5624.0,,
140,case_18,2024-04-10 23:28:59.247445,complete,CRP,positive,L,HC,34.0,,,,,,,,,,,,,,,,,,,,,,,3325.0,,
141,case_19,2024-04-10 16:11:51.247445,complete,CRP,positive,J,WB,21.0,,,,,,,,,,,,,,,,,,,,,,,5730.0,,
142,case_19,2024-04-10 16:56:16.247445,complete,CRP,positive,L,HD,20.0,,,,,,,,,,,,,,,,,,,,,,,2849.0,,
143,case_19,2024-04-10 18:21:02.247445,complete,ER Registration,positive,?,CD,24.0,true,false,true,false,false,false,true,true,true,true,true,false,false,true,false,true,true,false,false,true,false,true,,,
144,case_19,2024-04-10 19:13:00.247445,complete,CRP,positive,I,CE,21.0,,,,,,,,,,,,,,,,,,,,,,,3373.0,,
145,case_19,2024-04-10 20:14:35.247445,complete,Admission NC,positive,?,,,,,,,,,,,,,,,,,,,,,,,,,,,
146,case_19,2024-04-10 20:39:15.247445,complete,CRP,positive,I,HA,20.0,,,,,,,,,,,,,,,,,,,,,,,5468.0,,
147,case_19,2024-04-10 21:51:36.247445,complete,Admission NC,positive,L,,,,,,,,,,,,,,,,,,,,,,,,,,,
148,case_19,2024-04-10 23:03:55.247445,complete,CRP,positive,E,GB,20.0,,,,,,,,,,,,,,,,,,,,,,,5690.0,,
149,case_19,2024-04-10 23:36:36.247445,complete,Leucocytes,positive,K,HD,21.0,,,,,,,,,,,,,,,,,,,,,,,,135.0,
150,case_19,2024-04-11 00:54:14.247445,complete,Leucocytes,positive,J,HE,21.0,,,,,,,,,,,,,,,,,,,,,,,,138.0,
151,case_20,2024-04-10 15:54:10.247445,complete,Admission NC,positive,F,,,,,,,,,,,,,,,,,,,,,,,,,,,
152,case_20,2024-04-10 16:54:38.247445,complete,Admission NC,positive,L,,,,,,,,,,,,,,,,,,,,,,,,,,,
153,case_20,2024-04-10 17:52:12.247445,complete,CRP,positive,J,LB,22.0,,,,,,,,,,,,,,,,,,,,,,,5730.0,,
154,case_20,2024-04-10 19:00:29.247445,complete,Leucocytes,positive,I,TA,22.0,,,,,,,,,,,,,,,,,,,,,,,,136.0,
155,case_20,2024-04-10 19:59:27.247445,complete,CRP,positive,I,DE,22.0,,,,,,,,,,,,,,,,,,,,,,,1681.0,,
156,case_20,2024-04-10 21:28:13.247445,complete,CRP,positive,F,GA,39.0,,,,,,,,,,,,,,,,,,,,,,,5470.0,,
157,case_20,2024-04-10 21:42:24.247445,complete,CRP,positive,J,HD,21.0,,,,,,,,,,,,,,,,,,,,,,,1758.0,,
158,case_20,2024-04-10 23:15:50.247445,complete,CRP,positive,K,GB,22.0,,,,,,,,,,,,,,,,,,,,,,,3422.0,,
159,case_20,2024-04-10 23:34:05.247445,complete,Leucocytes,positive,J,PE,21.0,,,,,,,,,,,,,,,,,,,,,,,,137.0,
160,case_20,2024-04-11 01:05:59.247445,complete,CRP,positive,E,HD,20.0,,,,,,,,,,,,,,,,,,,,,,,5724.0,,
161,case_21,2024-04-10 15:43:56.247445,complete,LacticAcid,positive,J,,,,,,,,,,,,,,,,,,,,,,,,,,,10.0
162,case_21,2024-04-10 17:15:22.247445,complete,Leucocytes,positive,J,N,21.0,,,,,,,,,,,,,,,,,,,,,,,,132.0,
163,case_21,2024-04-10 18:32:20.247445,complete,Admission NC,positive,C,,,,,,,,,,,,,,,,,,,,,,,,,,,
164,case_21,2024-04-10 19:17:29.247445,complete,CRP,positive,J,TC,24.0,,,,,,,,,,,,,,,,,,,,,,,3374.0,,
165,case_21,2024-04-10 19:48:28.247445,complete,CRP,positive,I,DC,20.0,,,,,,,,,,,,,,,,,,,,,,,1677.0,,
166,case_21,2024-04-10 20:34:34.247445,complete,CRP,positive,L,GB,21.0,,,,,,,,,,,,,,,,,,,,,,,5470.0,,
167,case_21,2024-04-10 22:02:28.247445,complete,CRP,positive,L,HE,20.0,,,,,,,,,,,,,,,,,,,,,,,221.0,,
168,case_21,2024-04-10 22:59:22.247445,complete,Leucocytes,positive,I,GB,21.0,,,,,,,,,,,,,,,,,,,,,,,,137.0,
169,case_21,2024-04-11 00:31:31.247445,complete,CRP,positive,I,HE,89.0,,,,,,,,,,,,,,,,,,,,,,,5589.0,,
170,case_21,2024-04-11 01:17:29.247445,complete,Admission NC,positive,J,,,,,,,,,,,,,,,,,,,,,,,,,,,
171,case_22,2024-04-10 15:33:46.247445,complete,Leucocytes,positive,L,FC,22.0,,,,,,,,,,,,,,,,,,,,,,,,134.0,
172,case_22,2024-04-10 17:14:25.247445,complete,Leucocytes,positive,L,HD,20.0,,,,,,,,,,,,,,,,,,,,,,,,135.0,
173,case_22,2024-04-10 17:55:29.247445,complete,CRP,positive,L,CB,20.0,,,,,,,,,,,,,,,,,,,,,,,5728.0,,
174,case_22,2024-04-10 18:49:01.247445,complete,CRP,positive,I,TB,20.0,,,,,,,,,,,,,,,,,,,,,,,3370.0,,
175,case_22,2024-04-10 19:40:13.247445,complete,CRP,positive,?,UA,20.0,,,,,,,,,,,,,,,,,,,,,,,1733.0,,
176,case_22,2024-04-10 21:09:39.247445,complete,CRP,positive,I,PE,21.0,,,,,,,,,,,,,,,,,,,,,,,5726.0,,
177,case_22,2024-04-10 21:43:27.247445,complete,CRP,positive,L,HE,22.0,,,,,,,,,,,,,,,,,,,,,,,1798.0,,
178,case_22,2024-04-10 23:08:30.247445,complete,Admission NC,positive,J,,,,,,,,,,,,,,,,,,,,,,,,,,,
179,case_22,2024-04-11 00:07:34.247445,complete,Admission NC,positive,J,,,,,,,,,,,,,,,,,,,,,,,,,,,
180,case_22,2024-04-11 00:55:50.247445,complete,Leucocytes,positive,L,HE,20.0,,,,,,,,,,,,,,,,,,,,,,,,140.0,
181,case_23,2024-04-10 16:14:42.247445,complete,CRP,positive,C,Q,25.0,,,,,,,,,,,,,,,,,,,,,,,5727.0,,
182,case_23,2024-04-10 17:03:58.247445,complete,Admission NC,positive,E,,,,,,,,,,,,,,,,,,,,,,,,,,,
183,case_23,2024-04-10 18:03:44.247445,complete,CRP,positive,J,LB,20.0,,,,,,,,,,,,,,,,,,,,,,,5729.0,,
184,case_23,2024-04-10 18:44:38.247445,complete,CRP,positive,L,TA,22.0,,,,,,,,,,,,,,,,,,,,,,,3373.0,,
185,case_23,2024-04-10 20:15:45.247445,complete,Leucocytes,positive,I,DE,21.0,,,,,,,,,,,,,,,,,,,,,,,,139.0,
186,case_23,2024-04-10 21:03:21.247445,complete,CRP,positive,I,OB,20.0,,,,,,,,,,,,,,,,,,,,,,,5468.0,,
187,case_23,2024-04-10 22:16:57.247445,complete,Admission NC,positive,?,,,,,,,,,,,,,,,,,,,,,,,,,,,
188,case_23,2024-04-10 23:30:22.247445,complete,Leucocytes,positive,J,GE,23.0,,,,,,,,,,,,,,,,,,,,,,,,136.0,
189,case_23,2024-04-10 23:43:25.247445,complete,CRP,positive,L,HE,20.0,,,,,,,,,,,,,,,,,,,,,,,5416.0,,
190,case_23,2024-04-11 01:12:52.247445,complete,CRP,positive,I,HD,21.0,,,,,,,,,,,,,,,,,,,,,,,3499.0,,
191,case_24,2024-04-10 15:51:30.247445,complete,Admission NC,positive,E,,,,,,,,,,,,,,,,,,,,,,,,,,,
192,case_24,2024-04-10 16:53:07.247445,complete,CRP,positive,L,GE,20.0,,,,,,,,,,,,,,,,,,,,,,,4499.0,,
193,case_24,2024-04-10 18:25:42.247445,complete,CRP,positive,C,AA,80.0,,,,,,,,,,,,,,,,,,,,,,,736.0,,
194,case_24,2024-04-10 18:35:03.247445,complete,Admission NC,positive,L,,,,,,,,,,,,,,,,,,,,,,,,,,,
195,case_24,2024-04-10 19:59:35.247445,complete,CRP,positive,L,HE,57.0,,,,,,,,,,,,,,,,,,,,,,,2782.0,,
196,case_25,2024-04-10 16:04:53.247445,complete,Leucocytes,positive,L,QE,20.0,,,,,,,,,,,,,,,,,,,,,,,,133.0,
197,case_25,2024-04-10 16:41:20.247445,complete,Admission NC,positive,?,,,,,,,,,,,,,,,,,,,,,,,,,,,
198,case_25,2024-04-10 18:11:40.247445,complete,CRP,positive,I,AA,37.0,,,,,,,,,,,,,,,,,,,,,,,846.0,,
199,case_25,2024-04-10 19:18:07.247445,complete,Admission NC,positive,J,,,,,,,,,,,,,,,,,,,,,,,,,,,
200,case_25,2024-04-10 19:56:27.247445,complete,CRP,positive,L,HD,23.0,,,,,,,,,,,,,,,,,,,,,,,2781.0,,
201,case_26,2024-04-10 16:26:08.247445,complete,CRP,positive,L,QE,41.0,,,,,,,,,,,,,,,,,,,,,,,4610.0,,
202,case_26,2024-04-10 17:29:48.247445,complete,Admission NC,positive,L,,,,,,,,,,,,,,,,,,,,,,,,,,,
203,case_26,2024-04-10 18:25:03.247445,complete,CRP,positive,I,IC,20.0,,,,,,,,,,,,,,,,,,,,,,,850.0,,
204,case_26,2024-04-10 18:49:46.247445,complete,Admission NC,positive,E,,,,,,,,,,,,,,,,,,,,,,,,,,,
205,case_26,2024-04-10 20:00:50.247445,complete,CRP,positive,L,HE,20.0,,,,,,,,,,,,,,,,,,,,,,,2718.0,,
206,case_27,2024-04-10 16:04:12.247445,complete,Admission NC,positive,F,,,,,,,,,,,,,,,,,,,,,,,,,,,
207,case_27,2024-04-10 16:34:16.247445,complete,CRP,positive,L,PA,22.0,,,,,,,,,,,,,,,,,,,,,,,758.0,,
208,case_27,2024-04-10 17:38:31.247445,complete,Admission NC,positive,J,,,,,,,,,,,,,,,,,,,,,,,,,,,
209,case_27,2024-04-10 18:54:00.247445,complete,Leucocytes,positive,L,GC,21.0,,,,,,,,,,,,,,,,,,,,,,,,34.0,
210,case_27,2024-04-10 20:13:32.247445,complete,Leucocytes,positive,E,HB,89.0,,,,,,,,,,,,,,,,,,,,,,,,347.0,
211,case_27,2024-04-10 21:14:15.247445,complete,Leucocytes,positive,I,PE,20.0,,,,,,,,,,,,,,,,,,,,,,,,138.0,
212,case_27,2024-04-10 21:51:31.247445,complete,CRP,positive,L,HD,20.0,,,,,,,,,,,,,,,,,,,,,,,2660.0,,
213,case_28,2024-04-10 15:50:43.247445,complete,Admission NC,positive,J,,,,,,,,,,,,,,,,,,,,,,,,,,,
214,case_28,2024-04-10 17:30:24.247445,complete,CRP,positive,E,MD,23.0,,,,,,,,,,,,,,,,,,,,,,,129.0,,
215,case_28,2024-04-10 18:00:33.247445,complete,Admission NC,positive,L,,,,,,,,,,,,,,,,,,,,,,,,,,,
216,case_28,2024-04-10 19:08:14.247445,complete,CRP,positive,I,GA,89.0,,,,,,,,,,,,,,,,,,,,,,,942.0,,
217,case_28,2024-04-10 19:40:44.247445,complete,CRP,positive,L,HB,20.0,,,,,,,,,,,,,,,,,,,,,,,2880.0,,
218,case_28,2024-04-10 21:09:37.247445,complete,CRP,positive,J,PE,22.0,,,,,,,,,,,,,,,,,,,,,,,4745.0,,
219,case_28,2024-04-10 21:49:42.247445,complete,CRP,positive,L,HE,20.0,,,,,,,,,,,,,,,,,,,,,,,2660.0,,
220,case_29,2024-04-10 15:41:15.247445,complete,CRP,positive,E,FD,25.0,,,,,,,,,,,,,,,,,,,,,,,4992.0,,
221,case_29,2024-04-10 17:31:44.247445,complete,Leucocytes,positive,L,XC,43.0,,,,,,,,,,,,,,,,,,,,,,,,2362.0,
222,case_29,2024-04-10 18:30:34.247445,complete,Admission NC,positive,J,,,,,,,,,,,,,,,,,,,,,,,,,,,
223,case_29,2024-04-10 18:57:35.247445,complete,CRP,positive,J,GA,20.0,,,,,,,,,,,,,,,,,,,,,,,1455.0,,
224,case_29,2024-04-10 20:26:45.247445,complete,Leucocytes,positive,L,HD,20.0,,,,,,,,,,,,,,,,,,,,,,,,1269.0,
225,case_29,2024-04-10 21:04:06.247445,complete,CRP,positive,L,HC,25.0,,,,,,,,,,,,,,,,,,,,,,,5365.0,,
226,case_29,2024-04-10 21:42:32.247445,complete,Admission NC,positive,L,,,,,,,,,,,,,,,,,,,,,,,,,,,
