,case:concept:name,time:timestamp,lifecycle:transition,concept:name,case:label,org:group,Diagnose,Age,Leucocytes,CRP,InfectionSuspected,DiagnosticBlood,DisfuncOrg,SIRSCritTachypnea,Hypotensie,SIRSCritHeartRate,Infusion,DiagnosticArtAstrup,DiagnosticIC,DiagnosticSputum,DiagnosticLiquor,DiagnosticOther,SIRSCriteria2OrMore,DiagnosticXthorax,SIRSCritTemperature,DiagnosticUrinaryCulture,SIRSCritLeucos,Oligurie,DiagnosticLacticAcid,Hypoxie,DiagnosticUrinarySediment,DiagnosticECG,LacticAcid
0,case_0,2024-04-10 16:25:09.968139,complete,Release B,positive,E,,,,,,,,,,,,,,,,,,,,,,,,,,,
1,case_0,2024-04-10 17:09:54.968139,complete,Admission NC,positive,K,,,,,,,,,,,,,,,,,,,,,,,,,,,
2,case_0,2024-04-10 17:55:59.968139,complete,Release B,positive,E,,,,,,,,,,,,,,,,,,,,,,,,,,,
3,case_0,2024-04-10 18:38:24.968139,complete,Admission NC,positive,K,,,,,,,,,,,,,,,,,,,,,,,,,,,
4,case_0,2024-04-10 19:38:26.968139,complete,Release B,positive,E,,,,,,,,,,,,,,,,,,,,,,,,,,,
5,case_0,2024-04-10 20:57:17.968139,complete,Admission NC,positive,K,,,,,,,,,,,,,,,,,,,,,,,,,,,
6,case_0,2024-04-10 21:55:12.968139,complete,Release B,positive,E,,,,,,,,,,,,,,,,,,,,,,,,,,,
7,case_1,2024-04-10 16:09:05.968139,complete,Admission NC,positive,J,,,,,,,,,,,,,,,,,,,,,,,,,,,
8,case_1,2024-04-10 17:36:59.968139,complete,Admission NC,positive,J,,,,,,,,,,,,,,,,,,,,,,,,,,,
9,case_1,2024-04-10 17:39:18.968139,complete,IV Antibiotics,positive,L,,,,,,,,,,,,,,,,,,,,,,,,,,,
10,case_1,2024-04-10 19:37:17.968139,complete,ER Sepsis Triage,positive,L,OC,20.0,,,,,,,,,,,,,,,,,,,,,,,,,
11,case_1,2024-04-10 19:44:16.968139,complete,IV Antibiotics,positive,L,,,,,,,,,,,,,,,,,,,,,,,,,,,
12,case_1,2024-04-10 21:21:36.968139,complete,ER Sepsis Triage,positive,L,HE,20.0,,,,,,,,,,,,,,,,,,,,,,,,,
13,case_1,2024-04-10 22:15:59.968139,complete,IV Antibiotics,positive,L,,,,,,,,,,,,,,,,,,,,,,,,,,,
14,case_2,2024-04-10 16:29:03.968139,complete,Admission NC,positive,J,,,,,,,,,,,,,,,,,,,,,,,,,,,
15,case_2,2024-04-10 17:34:01.968139,complete,Leucocytes,positive,?,MD,20.0,137.0,,,,,,,,,,,,,,,,,,,,,,,,
16,case_2,2024-04-10 18:35:48.968139,complete,Admission NC,positive,J,,,,,,,,,,,,,,,,,,,,,,,,,,,
17,case_2,2024-04-10 19:13:12.968139,complete,CRP,positive,I,OC,20.0,,953.0,,,,,,,,,,,,,,,,,,,,,,,
18,case_2,2024-04-10 20:36:25.968139,complete,Admission NC,positive,L,,,,,,,,,,,,,,,,,,,,,,,,,,,
19,case_2,2024-04-10 21:20:20.968139,complete,CRP,positive,I,HE,20.0,,4711.0,,,,,,,,,,,,,,,,,,,,,,,
20,case_2,2024-04-10 21:39:00.968139,complete,CRP,positive,I,HE,20.0,,2817.0,,,,,,,,,,,,,,,,,,,,,,,
21,case_3,2024-04-10 16:09:31.968139,complete,Release B,positive,E,,,,,,,,,,,,,,,,,,,,,,,,,,,
22,case_3,2024-04-10 17:20:02.968139,complete,Admission NC,positive,K,,,,,,,,,,,,,,,,,,,,,,,,,,,
23,case_3,2024-04-10 18:03:38.968139,complete,Release B,positive,E,,,,,,,,,,,,,,,,,,,,,,,,,,,
24,case_3,2024-04-10 18:40:30.968139,complete,Leucocytes,positive,Y,OD,77.0,107.0,,,,,,,,,,,,,,,,,,,,,,,,
25,case_3,2024-04-10 19:47:27.968139,complete,Release B,positive,E,,,,,,,,,,,,,,,,,,,,,,,,,,,
26,case_3,2024-04-10 20:59:49.968139,complete,Admission NC,positive,K,,,,,,,,,,,,,,,,,,,,,,,,,,,
27,case_3,2024-04-10 22:20:10.968139,complete,Release B,positive,E,,,,,,,,,,,,,,,,,,,,,,,,,,,
28,case_4,2024-04-10 16:09:50.968139,complete,CRP,positive,C,EE,20.0,,3978.0,,,,,,,,,,,,,,,,,,,,,,,
29,case_4,2024-04-10 16:49:52.968139,complete,Admission NC,positive,?,,,,,,,,,,,,,,,,,,,,,,,,,,,
30,case_4,2024-04-10 17:38:48.968139,complete,Admission NC,positive,?,,,,,,,,,,,,,,,,,,,,,,,,,,,
31,case_4,2024-04-10 19:34:18.968139,complete,ER Registration,positive,?,OD,21.0,,,false,true,false,false,false,true,true,false,true,true,false,false,true,false,true,false,false,true,true,false,true,true,
32,case_4,2024-04-10 20:18:54.968139,complete,Admission NC,positive,F,,,,,,,,,,,,,,,,,,,,,,,,,,,
33,case_4,2024-04-10 21:27:45.968139,complete,Admission NC,positive,F,,,,,,,,,,,,,,,,,,,,,,,,,,,
34,case_4,2024-04-10 22:02:25.968139,complete,CRP,positive,K,HE,20.0,,2857.0,,,,,,,,,,,,,,,,,,,,,,,
35,case_5,2024-04-10 16:23:30.968139,complete,Return ER,positive,?,,,,,,,,,,,,,,,,,,,,,,,,,,,
36,case_5,2024-04-10 17:23:36.968139,complete,Return ER,positive,Y,,,,,,,,,,,,,,,,,,,,,,,,,,,
37,case_5,2024-04-10 18:29:56.968139,complete,Admission NC,positive,F,,,,,,,,,,,,,,,,,,,,,,,,,,,
38,case_5,2024-04-10 18:51:58.968139,complete,Admission NC,positive,E,,,,,,,,,,,,,,,,,,,,,,,,,,,
39,case_5,2024-04-10 19:39:46.968139,complete,IV Antibiotics,positive,Y,,,,,,,,,,,,,,,,,,,,,,,,,,,
40,case_5,2024-04-10 20:47:30.968139,complete,ER Registration,positive,Y,FB,71.0,,,false,false,true,false,true,false,false,true,false,true,true,true,false,false,false,false,true,true,false,true,false,false,
41,case_6,2024-04-10 16:05:54.968139,complete,Return ER,positive,?,,,,,,,,,,,,,,,,,,,,,,,,,,,
42,case_6,2024-04-10 17:08:29.968139,complete,Return ER,positive,?,,,,,,,,,,,,,,,,,,,,,,,,,,,
43,case_6,2024-04-10 18:25:39.968139,complete,Admission NC,positive,F,,,,,,,,,,,,,,,,,,,,,,,,,,,
44,case_6,2024-04-10 19:25:22.968139,complete,ER Sepsis Triage,positive,Y,HE,73.0,,,,,,,,,,,,,,,,,,,,,,,,,
45,case_6,2024-04-10 20:03:19.968139,complete,Admission NC,positive,J,,,,,,,,,,,,,,,,,,,,,,,,,,,
46,case_6,2024-04-10 20:42:37.968139,complete,ER Registration,positive,Y,ND,54.0,,,false,false,true,false,true,false,false,true,false,true,true,true,false,false,false,false,true,true,false,true,false,false,
47,case_7,2024-04-10 15:53:32.968139,complete,Return ER,positive,?,,,,,,,,,,,,,,,,,,,,,,,,,,,
48,case_7,2024-04-10 17:16:05.968139,complete,Return ER,positive,?,,,,,,,,,,,,,,,,,,,,,,,,,,,
49,case_7,2024-04-10 18:27:01.968139,complete,Admission NC,positive,F,,,,,,,,,,,,,,,,,,,,,,,,,,,
50,case_7,2024-04-10 19:04:40.968139,complete,ER Sepsis Triage,positive,Y,HE,72.0,,,,,,,,,,,,,,,,,,,,,,,,,
51,case_7,2024-04-10 20:06:02.968139,complete,Admission NC,positive,J,,,,,,,,,,,,,,,,,,,,,,,,,,,
52,case_7,2024-04-10 21:35:56.968139,complete,ER Registration,positive,Y,EE,41.0,,,false,false,true,false,true,false,false,true,false,true,true,true,false,false,false,false,true,true,false,true,false,false,
53,case_8,2024-04-10 16:25:14.968139,complete,Return ER,positive,?,,,,,,,,,,,,,,,,,,,,,,,,,,,
54,case_8,2024-04-10 16:44:09.968139,complete,Return ER,positive,Y,,,,,,,,,,,,,,,,,,,,,,,,,,,
55,case_8,2024-04-10 18:07:17.968139,complete,Leucocytes,positive,Y,HE,89.0,134.0,,,,,,,,,,,,,,,,,,,,,,,,
56,case_8,2024-04-10 19:31:40.968139,complete,Admission NC,positive,F,,,,,,,,,,,,,,,,,,,,,,,,,,,
57,case_8,2024-04-10 20:05:27.968139,complete,Admission NC,positive,F,,,,,,,,,,,,,,,,,,,,,,,,,,,
58,case_8,2024-04-10 20:57:51.968139,complete,ER Registration,positive,Y,HE,46.0,,,false,false,true,false,true,false,false,true,false,true,true,true,false,false,false,false,true,true,false,true,false,false,
59,case_9,2024-04-10 15:42:20.968139,complete,Return ER,positive,?,,,,,,,,,,,,,,,,,,,,,,,,,,,
60,case_9,2024-04-10 17:04:58.968139,complete,Return ER,positive,?,,,,,,,,,,,,,,,,,,,,,,,,,,,
61,case_9,2024-04-10 18:35:54.968139,complete,Leucocytes,positive,Y,HE,89.0,137.0,,,,,,,,,,,,,,,,,,,,,,,,
62,case_9,2024-04-10 19:22:03.968139,complete,Admission NC,positive,F,,,,,,,,,,,,,,,,,,,,,,,,,,,
63,case_9,2024-04-10 20:23:31.968139,complete,Admission NC,positive,F,,,,,,,,,,,,,,,,,,,,,,,,,,,
64,case_9,2024-04-10 20:53:43.968139,complete,ER Registration,positive,Y,HD,33.0,,,false,false,true,false,true,false,false,true,false,true,true,true,false,false,false,false,true,true,false,true,false,false,
65,case_10,2024-04-10 16:29:05.968139,complete,Return ER,positive,?,,,,,,,,,,,,,,,,,,,,,,,,,,,
66,case_10,2024-04-10 17:13:44.968139,complete,Return ER,positive,Y,,,,,,,,,,,,,,,,,,,,,,,,,,,
67,case_10,2024-04-10 18:08:31.968139,complete,Leucocytes,positive,Y,HE,89.0,130.0,,,,,,,,,,,,,,,,,,,,,,,,
68,case_10,2024-04-10 19:37:03.968139,complete,Admission NC,positive,F,,,,,,,,,,,,,,,,,,,,,,,,,,,
69,case_10,2024-04-10 20:04:39.968139,complete,Admission NC,positive,F,,,,,,,,,,,,,,,,,,,,,,,,,,,
70,case_10,2024-04-10 20:48:51.968139,complete,ER Registration,positive,Y,HE,30.0,,,false,false,true,false,true,false,false,true,false,true,true,true,false,false,false,false,true,true,false,true,false,false,
71,case_11,2024-04-10 15:52:28.968139,complete,Return ER,positive,?,,,,,,,,,,,,,,,,,,,,,,,,,,,
72,case_11,2024-04-10 16:53:45.968139,complete,Return ER,positive,Y,,,,,,,,,,,,,,,,,,,,,,,,,,,
73,case_11,2024-04-10 17:40:57.968139,complete,Leucocytes,positive,Y,HE,90.0,101.0,,,,,,,,,,,,,,,,,,,,,,,,
74,case_11,2024-04-10 18:53:26.968139,complete,Admission NC,positive,F,,,,,,,,,,,,,,,,,,,,,,,,,,,
75,case_11,2024-04-10 20:06:49.968139,complete,Admission NC,positive,F,,,,,,,,,,,,,,,,,,,,,,,,,,,
76,case_11,2024-04-10 20:40:59.968139,complete,ER Registration,positive,Y,ED,90.0,,,false,false,true,false,true,false,false,true,false,true,true,true,false,false,false,false,true,true,false,true,false,false,
77,case_12,2024-04-10 15:58:34.968139,complete,ER Triage,positive,C,HE,90.0,,,,,,,,,,,,,,,,,,,,,,,,,
78,case_12,2024-04-10 17:30:43.968139,complete,ER Triage,positive,C,HE,74.0,,,,,,,,,,,,,,,,,,,,,,,,,
79,case_12,2024-04-10 17:42:42.968139,complete,ER Triage,positive,C,WA,89.0,,,,,,,,,,,,,,,,,,,,,,,,,
80,case_12,2024-04-10 18:43:23.968139,complete,Admission NC,positive,J,,,,,,,,,,,,,,,,,,,,,,,,,,,
81,case_12,2024-04-10 19:46:56.968139,complete,Admission NC,positive,J,,,,,,,,,,,,,,,,,,,,,,,,,,,
82,case_12,2024-04-10 21:05:51.968139,complete,Admission NC,positive,J,,,,,,,,,,,,,,,,,,,,,,,,,,,
83,case_12,2024-04-10 22:22:29.968139,complete,Admission IC,positive,J,,,,,,,,,,,,,,,,,,,,,,,,,,,
84,case_12,2024-04-10 23:36:31.968139,complete,Admission NC,positive,J,,,,,,,,,,,,,,,,,,,,,,,,,,,
85,case_13,2024-04-10 15:51:02.968139,complete,CRP,positive,Y,HE,90.0,,4328.0,,,,,,,,,,,,,,,,,,,,,,,
86,case_13,2024-04-10 17:02:39.968139,complete,ER Registration,positive,Y,LC,90.0,,,false,false,true,false,true,false,false,true,false,false,true,true,false,false,false,false,true,true,false,true,false,false,
87,case_13,2024-04-10 17:59:44.968139,complete,Admission NC,positive,U,,,,,,,,,,,,,,,,,,,,,,,,,,,
88,case_13,2024-04-10 19:34:16.968139,complete,Admission NC,positive,F,,,,,,,,,,,,,,,,,,,,,,,,,,,
89,case_13,2024-04-10 20:30:01.968139,complete,IV Antibiotics,positive,L,,,,,,,,,,,,,,,,,,,,,,,,,,,
90,case_13,2024-04-10 20:54:24.968139,complete,CRP,positive,Y,HE,90.0,,5254.0,,,,,,,,,,,,,,,,,,,,,,,
91,case_13,2024-04-10 22:32:22.968139,complete,CRP,positive,Y,HE,89.0,,5297.0,,,,,,,,,,,,,,,,,,,,,,,
92,case_13,2024-04-10 23:11:17.968139,complete,CRP,positive,Y,HE,33.0,,1408.0,,,,,,,,,,,,,,,,,,,,,,,
93,case_14,2024-04-10 15:44:37.968139,complete,CRP,positive,Y,HE,90.0,,5159.0,,,,,,,,,,,,,,,,,,,,,,,
94,case_14,2024-04-10 16:55:46.968139,complete,ER Registration,positive,Y,LC,90.0,,,false,false,true,false,true,false,false,true,false,false,true,true,false,false,false,false,true,true,false,true,false,false,
95,case_14,2024-04-10 18:19:06.968139,complete,Admission NC,positive,F,,,,,,,,,,,,,,,,,,,,,,,,,,,
96,case_14,2024-04-10 19:05:50.968139,complete,Admission NC,positive,F,,,,,,,,,,,,,,,,,,,,,,,,,,,
97,case_14,2024-04-10 20:27:42.968139,complete,CRP,positive,V,JE,90.0,,5301.0,,,,,,,,,,,,,,,,,,,,,,,
98,case_14,2024-04-10 20:43:42.968139,complete,Return ER,positive,Y,,,,,,,,,,,,,,,,,,,,,,,,,,,
99,case_14,2024-04-10 21:53:40.968139,complete,Admission NC,positive,F,,,,,,,,,,,,,,,,,,,,,,,,,,,
100,case_14,2024-04-10 23:24:47.968139,complete,CRP,positive,Y,HE,33.0,,2549.0,,,,,,,,,,,,,,,,,,,,,,,
101,case_15,2024-04-10 16:36:42.968139,complete,LacticAcid,positive,Y,,,,,,,,,,,,,,,,,,,,,,,,,,,67.0
102,case_15,2024-04-10 17:28:13.968139,complete,ER Registration,positive,Y,LB,45.0,,,false,false,true,false,true,false,false,true,false,false,true,true,false,false,false,false,true,true,false,true,false,false,
103,case_15,2024-04-10 18:21:32.968139,complete,Release A,positive,T,,,,,,,,,,,,,,,,,,,,,,,,,,,
104,case_15,2024-04-10 18:43:18.968139,complete,IV Antibiotics,positive,L,,,,,,,,,,,,,,,,,,,,,,,,,,,
105,case_15,2024-04-10 20:03:42.968139,complete,Admission NC,positive,F,,,,,,,,,,,,,,,,,,,,,,,,,,,
106,case_15,2024-04-10 21:29:41.968139,complete,Admission NC,positive,Y,,,,,,,,,,,,,,,,,,,,,,,,,,,
107,case_15,2024-04-10 21:59:28.968139,complete,CRP,positive,Y,HE,20.0,,4944.0,,,,,,,,,,,,,,,,,,,,,,,
108,case_15,2024-04-10 23:03:43.968139,complete,CRP,positive,Y,HE,20.0,,3499.0,,,,,,,,,,,,,,,,,,,,,,,
109,case_16,2024-04-10 16:21:52.968139,complete,CRP,positive,Y,HE,90.0,,4422.0,,,,,,,,,,,,,,,,,,,,,,,
110,case_16,2024-04-10 17:22:20.968139,complete,ER Registration,positive,Y,LC,90.0,,,false,false,true,false,true,false,false,true,false,false,true,true,false,false,false,false,true,true,false,true,false,false,
111,case_16,2024-04-10 17:39:44.968139,complete,Admission NC,positive,F,,,,,,,,,,,,,,,,,,,,,,,,,,,
112,case_16,2024-04-10 19:14:14.968139,complete,Admission NC,positive,F,,,,,,,,,,,,,,,,,,,,,,,,,,,
113,case_16,2024-04-10 19:46:16.968139,complete,IV Antibiotics,positive,L,,,,,,,,,,,,,,,,,,,,,,,,,,,
114,case_16,2024-04-10 20:53:17.968139,complete,CRP,positive,Y,HE,90.0,,5254.0,,,,,,,,,,,,,,,,,,,,,,,
115,case_16,2024-04-10 22:21:11.968139,complete,CRP,positive,Y,HE,89.0,,5297.0,,,,,,,,,,,,,,,,,,,,,,,
116,case_16,2024-04-10 22:50:41.968139,complete,CRP,positive,Y,HE,33.0,,1536.0,,,,,,,,,,,,,,,,,,,,,,,
117,case_17,2024-04-10 15:38:55.968139,complete,Admission NC,positive,J,,,,,,,,,,,,,,,,,,,,,,,,,,,
118,case_17,2024-04-10 17:09:15.968139,complete,Admission NC,positive,F,,,,,,,,,,,,,,,,,,,,,,,,,,,
119,case_17,2024-04-10 17:38:23.968139,complete,Release B,positive,E,,,,,,,,,,,,,,,,,,,,,,,,,,,
120,case_17,2024-04-10 19:13:12.968139,complete,Admission NC,positive,F,,,,,,,,,,,,,,,,,,,,,,,,,,,
121,case_17,2024-04-10 19:41:06.968139,complete,Release B,positive,E,,,,,,,,,,,,,,,,,,,,,,,,,,,
122,case_18,2024-04-10 16:25:43.968139,complete,Admission NC,positive,J,,,,,,,,,,,,,,,,,,,,,,,,,,,
123,case_18,2024-04-10 17:00:17.968139,complete,Admission NC,positive,J,,,,,,,,,,,,,,,,,,,,,,,,,,,
124,case_18,2024-04-10 17:53:22.968139,complete,Admission IC,positive,J,,,,,,,,,,,,,,,,,,,,,,,,,,,
125,case_18,2024-04-10 19:04:20.968139,complete,Admission NC,positive,J,,,,,,,,,,,,,,,,,,,,,,,,,,,
126,case_18,2024-04-10 20:27:58.968139,complete,Release B,positive,E,,,,,,,,,,,,,,,,,,,,,,,,,,,
127,case_19,2024-04-10 15:39:51.968139,complete,Return ER,positive,?,,,,,,,,,,,,,,,,,,,,,,,,,,,
128,case_19,2024-04-10 16:55:41.968139,complete,Admission NC,positive,Y,,,,,,,,,,,,,,,,,,,,,,,,,,,
129,case_19,2024-04-10 18:03:46.968139,complete,Release B,positive,E,,,,,,,,,,,,,,,,,,,,,,,,,,,
130,case_19,2024-04-10 19:04:50.968139,complete,Admission NC,positive,F,,,,,,,,,,,,,,,,,,,,,,,,,,,
131,case_19,2024-04-10 19:49:45.968139,complete,Admission IC,positive,S,,,,,,,,,,,,,,,,,,,,,,,,,,,
132,case_20,2024-04-10 16:09:21.968139,complete,Admission NC,positive,F,,,,,,,,,,,,,,,,,,,,,,,,,,,
133,case_20,2024-04-10 17:36:21.968139,complete,IV Antibiotics,positive,L,,,,,,,,,,,,,,,,,,,,,,,,,,,
134,case_20,2024-04-10 18:27:09.968139,complete,ER Sepsis Triage,positive,L,HC,90.0,,,,,,,,,,,,,,,,,,,,,,,,,
135,case_20,2024-04-10 19:18:23.968139,complete,IV Antibiotics,positive,L,,,,,,,,,,,,,,,,,,,,,,,,,,,
136,case_20,2024-04-10 20:05:13.968139,complete,Admission NC,positive,F,,,,,,,,,,,,,,,,,,,,,,,,,,,
137,case_21,2024-04-10 16:04:28.968139,complete,CRP,positive,L,WC,89.0,,4567.0,,,,,,,,,,,,,,,,,,,,,,,
138,case_21,2024-04-10 16:38:27.968139,complete,Release B,positive,E,,,,,,,,,,,,,,,,,,,,,,,,,,,
139,case_21,2024-04-10 17:50:34.968139,complete,Admission NC,positive,K,,,,,,,,,,,,,,,,,,,,,,,,,,,
140,case_21,2024-04-10 19:18:27.968139,complete,Release B,positive,E,,,,,,,,,,,,,,,,,,,,,,,,,,,
141,case_21,2024-04-10 20:12:56.968139,complete,Admission NC,positive,J,,,,,,,,,,,,,,,,,,,,,,,,,,,
142,case_22,2024-04-10 15:55:16.968139,complete,Admission NC,positive,J,,,,,,,,,,,,,,,,,,,,,,,,,,,
143,case_22,2024-04-10 16:41:29.968139,complete,Admission NC,positive,J,,,,,,,,,,,,,,,,,,,,,,,,,,,
144,case_22,2024-04-10 18:23:48.968139,complete,Admission IC,positive,J,,,,,,,,,,,,,,,,,,,,,,,,,,,
145,case_22,2024-04-10 19:08:41.968139,complete,Admission NC,positive,J,,,,,,,,,,,,,,,,,,,,,,,,,,,
146,case_22,2024-04-10 20:01:14.968139,complete,Admission IC,positive,J,,,,,,,,,,,,,,,,,,,,,,,,,,,
147,case_22,2024-04-10 21:10:10.968139,complete,Admission NC,positive,J,,,,,,,,,,,,,,,,,,,,,,,,,,,
148,case_22,2024-04-10 22:14:57.968139,complete,Admission IC,positive,J,,,,,,,,,,,,,,,,,,,,,,,,,,,
149,case_22,2024-04-10 22:40:27.968139,complete,Admission NC,positive,J,,,,,,,,,,,,,,,,,,,,,,,,,,,
150,case_22,2024-04-11 00:05:19.968139,complete,Admission NC,positive,F,,,,,,,,,,,,,,,,,,,,,,,,,,,
151,case_22,2024-04-11 00:38:18.968139,complete,Admission NC,positive,F,,,,,,,,,,,,,,,,,,,,,,,,,,,
152,case_23,2024-04-10 16:24:46.968139,complete,Return ER,positive,?,,,,,,,,,,,,,,,,,,,,,,,,,,,
153,case_23,2024-04-10 17:14:40.968139,complete,Admission NC,positive,Y,,,,,,,,,,,,,,,,,,,,,,,,,,,
154,case_23,2024-04-10 18:02:03.968139,complete,IV Antibiotics,positive,L,,,,,,,,,,,,,,,,,,,,,,,,,,,
155,case_23,2024-04-10 18:40:17.968139,complete,ER Sepsis Triage,positive,L,HE,89.0,,,,,,,,,,,,,,,,,,,,,,,,,
156,case_23,2024-04-10 20:10:12.968139,complete,IV Antibiotics,positive,L,,,,,,,,,,,,,,,,,,,,,,,,,,,
157,case_23,2024-04-10 21:20:49.968139,complete,ER Sepsis Triage,positive,L,HE,90.0,,,,,,,,,,,,,,,,,,,,,,,,,
158,case_23,2024-04-10 22:12:41.968139,complete,IV Antibiotics,positive,L,,,,,,,,,,,,,,,,,,,,,,,,,,,
159,case_23,2024-04-10 22:37:55.968139,complete,ER Sepsis Triage,positive,L,MB,90.0,,,,,,,,,,,,,,,,,,,,,,,,,
160,case_23,2024-04-11 00:01:32.968139,complete,IV Antibiotics,positive,L,,,,,,,,,,,,,,,,,,,,,,,,,,,
161,case_23,2024-04-11 01:05:49.968139,complete,Admission NC,positive,F,,,,,,,,,,,,,,,,,,,,,,,,,,,
162,case_24,2024-04-10 15:51:01.968139,complete,Return ER,positive,?,,,,,,,,,,,,,,,,,,,,,,,,,,,
163,case_24,2024-04-10 17:16:31.968139,complete,Admission NC,positive,J,,,,,,,,,,,,,,,,,,,,,,,,,,,
164,case_24,2024-04-10 18:13:26.968139,complete,Admission IC,positive,J,,,,,,,,,,,,,,,,,,,,,,,,,,,
165,case_24,2024-04-10 19:17:51.968139,complete,Admission NC,positive,J,,,,,,,,,,,,,,,,,,,,,,,,,,,
166,case_24,2024-04-10 20:33:56.968139,complete,Admission NC,positive,F,,,,,,,,,,,,,,,,,,,,,,,,,,,
167,case_24,2024-04-10 20:59:21.968139,complete,Admission NC,positive,F,,,,,,,,,,,,,,,,,,,,,,,,,,,
168,case_24,2024-04-10 22:34:07.968139,complete,Admission NC,positive,J,,,,,,,,,,,,,,,,,,,,,,,,,,,
169,case_24,2024-04-10 23:24:50.968139,complete,Admission IC,positive,J,,,,,,,,,,,,,,,,,,,,,,,,,,,
170,case_24,2024-04-11 00:27:55.968139,complete,Admission NC,positive,J,,,,,,,,,,,,,,,,,,,,,,,,,,,
171,case_24,2024-04-11 01:18:48.968139,complete,Admission NC,positive,F,,,,,,,,,,,,,,,,,,,,,,,,,,,
172,case_25,2024-04-10 16:17:27.968139,complete,Release B,positive,E,,,,,,,,,,,,,,,,,,,,,,,,,,,
173,case_25,2024-04-10 17:31:30.968139,complete,Admission NC,positive,K,,,,,,,,,,,,,,,,,,,,,,,,,,,
174,case_25,2024-04-10 18:33:07.968139,complete,Release B,positive,E,,,,,,,,,,,,,,,,,,,,,,,,,,,
175,case_25,2024-04-10 19:19:13.968139,complete,Admission NC,positive,K,,,,,,,,,,,,,,,,,,,,,,,,,,,
176,case_25,2024-04-10 19:52:43.968139,complete,Release B,positive,E,,,,,,,,,,,,,,,,,,,,,,,,,,,
177,case_25,2024-04-10 20:59:01.968139,complete,Admission NC,positive,K,,,,,,,,,,,,,,,,,,,,,,,,,,,
178,case_25,2024-04-10 22:00:57.968139,complete,Release B,positive,E,,,,,,,,,,,,,,,,,,,,,,,,,,,
179,case_25,2024-04-10 23:30:34.968139,complete,Admission NC,positive,K,,,,,,,,,,,,,,,,,,,,,,,,,,,
180,case_25,2024-04-11 00:16:02.968139,complete,Release B,positive,E,,,,,,,,,,,,,,,,,,,,,,,,,,,
181,case_26,2024-04-10 16:17:23.968139,complete,IV Antibiotics,positive,L,,,,,,,,,,,,,,,,,,,,,,,,,,,
182,case_26,2024-04-10 17:22:18.968139,complete,CRP,positive,Y,X,20.0,,2088.0,,,,,,,,,,,,,,,,,,,,,,,
183,case_26,2024-04-10 18:26:39.968139,complete,Admission NC,positive,F,,,,,,,,,,,,,,,,,,,,,,,,,,,
184,case_26,2024-04-10 18:41:33.968139,complete,Admission NC,positive,F,,,,,,,,,,,,,,,,,,,,,,,,,,,
185,case_26,2024-04-10 20:07:09.968139,complete,IV Antibiotics,positive,L,,,,,,,,,,,,,,,,,,,,,,,,,,,
186,case_26,2024-04-10 20:49:25.968139,complete,ER Sepsis Triage,positive,L,HE,20.0,,,,,,,,,,,,,,,,,,,,,,,,,
187,case_26,2024-04-10 22:08:50.968139,complete,IV Antibiotics,positive,L,,,,,,,,,,,,,,,,,,,,,,,,,,,
188,case_26,2024-04-10 23:00:07.968139,complete,Return ER,positive,?,,,,,,,,,,,,,,,,,,,,,,,,,,,
189,case_26,2024-04-11 00:14:15.968139,complete,ER Registration,positive,Y,HE,66.0,,,false,false,true,false,true,false,true,true,false,false,true,true,false,false,false,false,true,true,false,false,true,false,
190,case_27,2024-04-10 16:22:45.968139,complete,IV Antibiotics,positive,L,,,,,,,,,,,,,,,,,,,,,,,,,,,
191,case_27,2024-04-10 16:47:33.968139,complete,CRP,positive,Y,X,82.0,,2181.0,,,,,,,,,,,,,,,,,,,,,,,
192,case_27,2024-04-10 18:35:35.968139,complete,Admission NC,positive,W,,,,,,,,,,,,,,,,,,,,,,,,,,,
193,case_27,2024-04-10 19:12:57.968139,complete,Admission NC,positive,Y,,,,,,,,,,,,,,,,,,,,,,,,,,,
194,case_27,2024-04-10 20:10:58.968139,complete,IV Antibiotics,positive,L,,,,,,,,,,,,,,,,,,,,,,,,,,,
195,case_27,2024-04-10 20:40:11.968139,complete,ER Sepsis Triage,positive,L,HE,20.0,,,,,,,,,,,,,,,,,,,,,,,,,
196,case_27,2024-04-10 21:46:41.968139,complete,IV Antibiotics,positive,L,,,,,,,,,,,,,,,,,,,,,,,,,,,
197,case_27,2024-04-10 22:41:59.968139,complete,LacticAcid,positive,Y,,,,,,,,,,,,,,,,,,,,,,,,,,,148.0
198,case_27,2024-04-11 00:28:45.968139,complete,IV Antibiotics,positive,L,,,,,,,,,,,,,,,,,,,,,,,,,,,
199,case_28,2024-04-10 15:45:46.968139,complete,Leucocytes,positive,O,CA,82.0,3.0,,,,,,,,,,,,,,,,,,,,,,,,
200,case_28,2024-04-10 16:38:53.968139,complete,CRP,positive,J,X,20.0,,5730.0,,,,,,,,,,,,,,,,,,,,,,,
201,case_28,2024-04-10 17:57:02.968139,complete,Release A,positive,K,,,,,,,,,,,,,,,,,,,,,,,,,,,
202,case_28,2024-04-10 18:54:11.968139,complete,Admission NC,positive,F,,,,,,,,,,,,,,,,,,,,,,,,,,,
203,case_28,2024-04-10 19:46:07.968139,complete,CRP,positive,I,HE,20.0,,69.0,,,,,,,,,,,,,,,,,,,,,,,
204,case_28,2024-04-10 20:45:34.968139,complete,Admission NC,positive,F,,,,,,,,,,,,,,,,,,,,,,,,,,,
205,case_28,2024-04-10 21:47:38.968139,complete,ER Triage,positive,C,HE,20.0,,,,,,,,,,,,,,,,,,,,,,,,,
206,case_28,2024-04-10 23:24:24.968139,complete,ER Sepsis Triage,positive,I,HD,21.0,,,,,,,,,,,,,,,,,,,,,,,,,
207,case_28,2024-04-10 23:54:48.968139,complete,ER Sepsis Triage,positive,J,HE,20.0,,,,,,,,,,,,,,,,,,,,,,,,,
208,case_29,2024-04-10 15:42:32.968139,complete,IV Antibiotics,positive,L,,,,,,,,,,,,,,,,,,,,,,,,,,,
209,case_29,2024-04-10 17:27:37.968139,complete,CRP,positive,Y,X,43.0,,2084.0,,,,,,,,,,,,,,,,,,,,,,,
210,case_29,2024-04-10 17:59:51.968139,complete,CRP,positive,F,ZA,20.0,,5730.0,,,,,,,,,,,,,,,,,,,,,,,
211,case_29,2024-04-10 19:35:57.969145,complete,Admission NC,positive,F,,,,,,,,,,,,,,,,,,,,,,,,,,,
212,case_29,2024-04-10 20:15:58.969145,complete,IV Antibiotics,positive,L,,,,,,,,,,,,,,,,,,,,,,,,,,,
213,case_29,2024-04-10 21:13:31.969145,complete,ER Sepsis Triage,positive,L,HE,20.0,,,,,,,,,,,,,,,,,,,,,,,,,
214,case_29,2024-04-10 22:12:32.969145,complete,IV Antibiotics,positive,L,,,,,,,,,,,,,,,,,,,,,,,,,,,
215,case_29,2024-04-10 23:04:58.969145,complete,Return ER,positive,?,,,,,,,,,,,,,,,,,,,,,,,,,,,
216,case_29,2024-04-11 00:19:59.969145,complete,Admission NC,positive,F,,,,,,,,,,,,,,,,,,,,,,,,,,,
