,case:concept:name,time:timestamp,lifecycle:transition,concept:name,case:label,org:group,LacticAcid,Diagnose,Age,InfectionSuspected,DiagnosticBlood,DisfuncOrg,SIRSCritTachypnea,Hypotensie,SIRSCritHeartRate,Infusion,DiagnosticArtAstrup,DiagnosticIC,DiagnosticSputum,DiagnosticLiquor,DiagnosticOther,SIRSCriteria2OrMore,DiagnosticXthorax,SIRSCritTemperature,DiagnosticUrinaryCulture,SIRSCritLeucos,Oligurie,DiagnosticLacticAcid,Hypoxie,DiagnosticUrinarySediment,DiagnosticECG,Leucocytes,CRP
0,case_0,2024-04-10 16:00:56.260019,complete,Release B,positive,E,,,,,,,,,,,,,,,,,,,,,,,,,,,
1,case_0,2024-04-10 16:45:52.260019,complete,Admission NC,positive,K,,,,,,,,,,,,,,,,,,,,,,,,,,,
2,case_0,2024-04-10 18:03:31.260019,complete,Release B,positive,E,,,,,,,,,,,,,,,,,,,,,,,,,,,
3,case_0,2024-04-10 19:07:03.260019,complete,Admission NC,positive,K,,,,,,,,,,,,,,,,,,,,,,,,,,,
4,case_0,2024-04-10 20:20:22.260019,complete,Release B,positive,E,,,,,,,,,,,,,,,,,,,,,,,,,,,
5,case_0,2024-04-10 21:19:31.260019,complete,Admission NC,positive,K,,,,,,,,,,,,,,,,,,,,,,,,,,,
6,case_0,2024-04-10 22:11:53.260019,complete,Release B,positive,E,,,,,,,,,,,,,,,,,,,,,,,,,,,
7,case_1,2024-04-10 16:04:19.260019,complete,Release B,positive,E,,,,,,,,,,,,,,,,,,,,,,,,,,,
8,case_1,2024-04-10 17:28:43.260019,complete,Admission NC,positive,K,,,,,,,,,,,,,,,,,,,,,,,,,,,
9,case_1,2024-04-10 17:40:35.260019,complete,Release B,positive,E,,,,,,,,,,,,,,,,,,,,,,,,,,,
10,case_1,2024-04-10 19:02:18.260019,complete,LacticAcid,positive,Y,149.0,,,,,,,,,,,,,,,,,,,,,,,,,,
11,case_1,2024-04-10 20:13:03.260019,complete,ER Registration,positive,Y,,WB,31.0,false,false,true,false,true,true,false,false,false,true,true,false,false,false,false,false,true,true,false,true,false,false,,
12,case_1,2024-04-10 20:46:09.260019,complete,ER Registration,positive,A,,HA,90.0,false,false,true,false,true,false,false,true,false,false,true,true,false,true,false,true,true,false,false,false,false,false,,
13,case_1,2024-04-10 22:25:13.260019,complete,Admission NC,positive,F,,,,,,,,,,,,,,,,,,,,,,,,,,,
14,case_2,2024-04-10 16:19:28.260019,complete,Admission NC,positive,J,,,,,,,,,,,,,,,,,,,,,,,,,,,
15,case_2,2024-04-10 16:54:30.260019,complete,Admission NC,positive,F,,,,,,,,,,,,,,,,,,,,,,,,,,,
16,case_2,2024-04-10 18:16:19.260019,complete,Leucocytes,positive,Y,,HE,89.0,,,,,,,,,,,,,,,,,,,,,,,83.0,
17,case_2,2024-04-10 19:24:34.260019,complete,Leucocytes,positive,Y,,GC,75.0,,,,,,,,,,,,,,,,,,,,,,,137.0,
18,case_2,2024-04-10 19:44:45.260019,complete,Leucocytes,positive,Y,,HE,90.0,,,,,,,,,,,,,,,,,,,,,,,137.0,
19,case_2,2024-04-10 20:53:54.260019,complete,Leucocytes,positive,Y,,HE,90.0,,,,,,,,,,,,,,,,,,,,,,,137.0,
20,case_2,2024-04-10 22:00:05.260019,complete,CRP,positive,Y,,KA,89.0,,,,,,,,,,,,,,,,,,,,,,,,250.0
21,case_3,2024-04-10 16:03:32.260019,complete,Release B,positive,E,,,,,,,,,,,,,,,,,,,,,,,,,,,
22,case_3,2024-04-10 17:21:35.260019,complete,Admission NC,positive,K,,,,,,,,,,,,,,,,,,,,,,,,,,,
23,case_3,2024-04-10 17:39:23.260019,complete,Release B,positive,E,,,,,,,,,,,,,,,,,,,,,,,,,,,
24,case_3,2024-04-10 19:11:55.260019,complete,Admission NC,positive,F,,,,,,,,,,,,,,,,,,,,,,,,,,,
25,case_3,2024-04-10 20:34:23.260019,complete,IV Antibiotics,positive,L,,,,,,,,,,,,,,,,,,,,,,,,,,,
26,case_3,2024-04-10 21:12:51.260019,complete,ER Sepsis Triage,positive,L,,OE,80.0,,,,,,,,,,,,,,,,,,,,,,,,
27,case_3,2024-04-10 21:56:52.260019,complete,IV Antibiotics,positive,L,,,,,,,,,,,,,,,,,,,,,,,,,,,
28,case_4,2024-04-10 15:57:52.260019,complete,Release B,positive,E,,,,,,,,,,,,,,,,,,,,,,,,,,,
29,case_4,2024-04-10 17:14:31.260019,complete,Admission NC,positive,K,,,,,,,,,,,,,,,,,,,,,,,,,,,
30,case_4,2024-04-10 18:15:03.260019,complete,Release B,positive,E,,,,,,,,,,,,,,,,,,,,,,,,,,,
31,case_4,2024-04-10 19:04:14.260019,complete,ER Registration,positive,Y,,HE,75.0,false,false,true,true,true,false,false,true,false,false,true,true,false,true,false,true,true,false,false,true,false,false,,
32,case_4,2024-04-10 20:06:25.260019,complete,ER Registration,positive,Y,,HE,90.0,false,false,true,false,true,true,false,false,false,true,true,false,false,false,false,false,true,true,false,true,false,false,,
33,case_4,2024-04-10 21:01:43.260019,complete,LacticAcid,positive,Y,108.0,,,,,,,,,,,,,,,,,,,,,,,,,,
34,case_4,2024-04-10 21:45:00.260019,complete,Admission NC,positive,F,,,,,,,,,,,,,,,,,,,,,,,,,,,
35,case_5,2024-04-10 15:49:02.260019,complete,Admission NC,positive,J,,,,,,,,,,,,,,,,,,,,,,,,,,,
36,case_5,2024-04-10 16:42:23.260019,complete,CRP,positive,Y,,HE,90.0,,,,,,,,,,,,,,,,,,,,,,,,2659.0
37,case_5,2024-04-10 18:08:37.260019,complete,IV Antibiotics,positive,L,,,,,,,,,,,,,,,,,,,,,,,,,,,
38,case_5,2024-04-10 19:07:04.260019,complete,ER Sepsis Triage,positive,L,,HE,22.0,,,,,,,,,,,,,,,,,,,,,,,,
39,case_5,2024-04-10 19:42:19.260019,complete,IV Antibiotics,positive,L,,,,,,,,,,,,,,,,,,,,,,,,,,,
40,case_5,2024-04-10 21:08:51.260019,complete,ER Sepsis Triage,positive,L,,HE,56.0,,,,,,,,,,,,,,,,,,,,,,,,
41,case_5,2024-04-10 22:25:45.260019,complete,IV Antibiotics,positive,L,,,,,,,,,,,,,,,,,,,,,,,,,,,
42,case_5,2024-04-10 22:49:05.260019,complete,IV Antibiotics,positive,L,,,,,,,,,,,,,,,,,,,,,,,,,,,
43,case_5,2024-04-11 00:34:24.260019,complete,Admission NC,positive,F,,,,,,,,,,,,,,,,,,,,,,,,,,,
44,case_6,2024-04-10 16:27:07.260019,complete,CRP,positive,Y,,HE,90.0,,,,,,,,,,,,,,,,,,,,,,,,2769.0
45,case_6,2024-04-10 17:06:53.260019,complete,CRP,positive,Y,,HE,90.0,,,,,,,,,,,,,,,,,,,,,,,,2521.0
46,case_6,2024-04-10 18:06:03.260019,complete,CRP,positive,Y,,HE,89.0,,,,,,,,,,,,,,,,,,,,,,,,772.0
47,case_6,2024-04-10 18:41:30.260019,complete,CRP,positive,Y,,HD,90.0,,,,,,,,,,,,,,,,,,,,,,,,1330.0
48,case_6,2024-04-10 20:00:33.260019,complete,Return ER,positive,?,,,,,,,,,,,,,,,,,,,,,,,,,,,
49,case_6,2024-04-10 21:35:41.260019,complete,Return ER,positive,?,,,,,,,,,,,,,,,,,,,,,,,,,,,
50,case_6,2024-04-10 22:32:10.260019,complete,Admission NC,positive,F,,,,,,,,,,,,,,,,,,,,,,,,,,,
51,case_6,2024-04-10 23:16:19.260019,complete,Admission NC,positive,F,,,,,,,,,,,,,,,,,,,,,,,,,,,
52,case_6,2024-04-11 00:20:40.260019,complete,CRP,positive,Y,,HE,87.0,,,,,,,,,,,,,,,,,,,,,,,,1673.0
53,case_7,2024-04-10 15:56:56.260019,complete,Admission NC,positive,J,,,,,,,,,,,,,,,,,,,,,,,,,,,
54,case_7,2024-04-10 17:14:14.260019,complete,Admission NC,positive,Y,,,,,,,,,,,,,,,,,,,,,,,,,,,
55,case_7,2024-04-10 17:53:29.260019,complete,CRP,positive,Y,,HD,89.0,,,,,,,,,,,,,,,,,,,,,,,,4364.0
56,case_7,2024-04-10 19:29:25.260019,complete,CRP,positive,Y,,HC,90.0,,,,,,,,,,,,,,,,,,,,,,,,3126.0
57,case_7,2024-04-10 20:02:18.260019,complete,Return ER,positive,?,,,,,,,,,,,,,,,,,,,,,,,,,,,
58,case_7,2024-04-10 20:57:41.260019,complete,Return ER,positive,?,,,,,,,,,,,,,,,,,,,,,,,,,,,
59,case_7,2024-04-10 21:51:56.260019,complete,CRP,positive,Y,,LC,89.0,,,,,,,,,,,,,,,,,,,,,,,,1625.0
60,case_7,2024-04-10 22:55:38.260019,complete,Return ER,positive,?,,,,,,,,,,,,,,,,,,,,,,,,,,,
61,case_7,2024-04-11 00:33:54.260019,complete,CRP,positive,X,,JC,87.0,,,,,,,,,,,,,,,,,,,,,,,,1500.0
62,case_8,2024-04-10 15:58:26.260019,complete,CRP,positive,Y,,HE,90.0,,,,,,,,,,,,,,,,,,,,,,,,5730.0
63,case_8,2024-04-10 17:00:45.260019,complete,CRP,positive,Y,,HE,90.0,,,,,,,,,,,,,,,,,,,,,,,,389.0
64,case_8,2024-04-10 17:44:13.260019,complete,CRP,positive,Y,,HE,89.0,,,,,,,,,,,,,,,,,,,,,,,,722.0
65,case_8,2024-04-10 18:45:26.260019,complete,Return ER,positive,?,,,,,,,,,,,,,,,,,,,,,,,,,,,
66,case_8,2024-04-10 19:37:16.260019,complete,Return ER,positive,?,,,,,,,,,,,,,,,,,,,,,,,,,,,
67,case_8,2024-04-10 20:59:01.260019,complete,Return ER,positive,?,,,,,,,,,,,,,,,,,,,,,,,,,,,
68,case_8,2024-04-10 21:51:24.260019,complete,CRP,positive,Y,,HE,89.0,,,,,,,,,,,,,,,,,,,,,,,,5698.0
69,case_8,2024-04-10 22:40:52.260019,complete,Admission NC,positive,F,,,,,,,,,,,,,,,,,,,,,,,,,,,
70,case_8,2024-04-11 00:11:56.260019,complete,Admission NC,positive,F,,,,,,,,,,,,,,,,,,,,,,,,,,,
71,case_9,2024-04-10 15:47:28.260019,complete,Return ER,positive,?,,,,,,,,,,,,,,,,,,,,,,,,,,,
72,case_9,2024-04-10 17:28:59.260019,complete,Release B,positive,E,,,,,,,,,,,,,,,,,,,,,,,,,,,
73,case_9,2024-04-10 18:23:10.260019,complete,Admission NC,positive,K,,,,,,,,,,,,,,,,,,,,,,,,,,,
74,case_9,2024-04-10 19:02:40.260019,complete,Release B,positive,E,,,,,,,,,,,,,,,,,,,,,,,,,,,
75,case_9,2024-04-10 20:30:11.260019,complete,Admission NC,positive,K,,,,,,,,,,,,,,,,,,,,,,,,,,,
76,case_9,2024-04-10 21:28:36.260019,complete,Release B,positive,E,,,,,,,,,,,,,,,,,,,,,,,,,,,
77,case_9,2024-04-10 22:12:10.260019,complete,Admission NC,positive,K,,,,,,,,,,,,,,,,,,,,,,,,,,,
78,case_9,2024-04-10 23:01:47.260019,complete,Release B,positive,E,,,,,,,,,,,,,,,,,,,,,,,,,,,
79,case_9,2024-04-10 23:42:48.260019,complete,Admission NC,positive,K,,,,,,,,,,,,,,,,,,,,,,,,,,,
80,case_9,2024-04-11 01:35:51.260019,complete,Release B,positive,E,,,,,,,,,,,,,,,,,,,,,,,,,,,
81,case_10,2024-04-10 16:14:04.260019,complete,Release B,positive,E,,,,,,,,,,,,,,,,,,,,,,,,,,,
82,case_10,2024-04-10 17:24:06.260019,complete,Release B,positive,E,,,,,,,,,,,,,,,,,,,,,,,,,,,
83,case_10,2024-04-10 17:53:45.260019,complete,Admission NC,positive,J,,,,,,,,,,,,,,,,,,,,,,,,,,,
84,case_10,2024-04-10 18:46:24.260019,complete,Admission IC,positive,J,,,,,,,,,,,,,,,,,,,,,,,,,,,
85,case_10,2024-04-10 20:22:45.260019,complete,Admission NC,positive,J,,,,,,,,,,,,,,,,,,,,,,,,,,,
86,case_10,2024-04-10 20:45:05.260019,complete,Admission NC,positive,J,,,,,,,,,,,,,,,,,,,,,,,,,,,
87,case_10,2024-04-10 21:48:02.260019,complete,Admission IC,positive,J,,,,,,,,,,,,,,,,,,,,,,,,,,,
88,case_10,2024-04-10 23:23:15.260019,complete,Admission NC,positive,J,,,,,,,,,,,,,,,,,,,,,,,,,,,
89,case_10,2024-04-11 00:20:35.260019,complete,Admission IC,positive,J,,,,,,,,,,,,,,,,,,,,,,,,,,,
90,case_10,2024-04-11 00:38:42.260019,complete,Admission NC,positive,J,,,,,,,,,,,,,,,,,,,,,,,,,,,
91,case_11,2024-04-10 16:22:48.260019,complete,CRP,positive,L,,Q,20.0,,,,,,,,,,,,,,,,,,,,,,,,5730.0
92,case_11,2024-04-10 16:38:43.260019,complete,Admission NC,positive,L,,,,,,,,,,,,,,,,,,,,,,,,,,,
93,case_11,2024-04-10 18:13:19.260019,complete,Admission NC,positive,F,,,,,,,,,,,,,,,,,,,,,,,,,,,
94,case_11,2024-04-10 18:52:58.260019,complete,CRP,positive,I,,CE,20.0,,,,,,,,,,,,,,,,,,,,,,,,3361.0
95,case_11,2024-04-10 19:59:04.260019,complete,CRP,positive,I,,UA,20.0,,,,,,,,,,,,,,,,,,,,,,,,1677.0
96,case_11,2024-04-10 21:16:35.260019,complete,IV Antibiotics,positive,L,,,,,,,,,,,,,,,,,,,,,,,,,,,
97,case_11,2024-04-10 22:18:22.260019,complete,CRP,positive,I,,HE,20.0,,,,,,,,,,,,,,,,,,,,,,,,1783.0
98,case_11,2024-04-10 23:23:42.260019,complete,IV Antibiotics,positive,L,,,,,,,,,,,,,,,,,,,,,,,,,,,
99,case_11,2024-04-10 23:47:38.260019,complete,LacticAcid,positive,I,8.0,,,,,,,,,,,,,,,,,,,,,,,,,,
100,case_11,2024-04-11 01:11:40.260019,complete,Leucocytes,positive,L,,HE,20.0,,,,,,,,,,,,,,,,,,,,,,,140.0,
101,case_12,2024-04-10 16:17:13.260019,complete,Admission NC,positive,J,,,,,,,,,,,,,,,,,,,,,,,,,,,
102,case_12,2024-04-10 16:58:11.260019,complete,Admission NC,positive,L,,,,,,,,,,,,,,,,,,,,,,,,,,,
103,case_12,2024-04-10 18:03:06.260019,complete,CRP,positive,I,,CC,20.0,,,,,,,,,,,,,,,,,,,,,,,,5730.0
104,case_12,2024-04-10 19:15:56.260019,complete,CRP,positive,I,,CE,20.0,,,,,,,,,,,,,,,,,,,,,,,,3364.0
105,case_12,2024-04-10 20:20:22.260019,complete,CRP,positive,I,,UA,20.0,,,,,,,,,,,,,,,,,,,,,,,,1677.0
106,case_12,2024-04-10 21:00:26.260019,complete,CRP,positive,I,,OA,20.0,,,,,,,,,,,,,,,,,,,,,,,,5470.0
107,case_12,2024-04-10 21:53:55.260019,complete,CRP,positive,I,,HE,20.0,,,,,,,,,,,,,,,,,,,,,,,,1787.0
108,case_12,2024-04-10 23:16:31.260019,complete,ER Triage,positive,C,,GB,20.0,,,,,,,,,,,,,,,,,,,,,,,,
109,case_12,2024-04-10 23:53:34.260019,complete,ER Triage,positive,C,,HE,20.0,,,,,,,,,,,,,,,,,,,,,,,,
110,case_12,2024-04-11 00:56:12.260019,complete,ER Triage,positive,C,,HE,20.0,,,,,,,,,,,,,,,,,,,,,,,,
111,case_13,2024-04-10 15:53:17.260019,complete,LacticAcid,positive,U,23.0,,,,,,,,,,,,,,,,,,,,,,,,,,
112,case_13,2024-04-10 17:28:42.260019,complete,CRP,positive,Y,,N,20.0,,,,,,,,,,,,,,,,,,,,,,,,2950.0
113,case_13,2024-04-10 18:15:36.260019,complete,LacticAcid,positive,X,35.0,,,,,,,,,,,,,,,,,,,,,,,,,,
114,case_13,2024-04-10 19:24:51.260019,complete,Admission NC,positive,F,,,,,,,,,,,,,,,,,,,,,,,,,,,
115,case_13,2024-04-10 20:02:01.260019,complete,CRP,positive,Y,,UA,20.0,,,,,,,,,,,,,,,,,,,,,,,,1677.0
116,case_13,2024-04-10 20:47:01.260019,complete,Leucocytes,positive,Y,,WA,20.0,,,,,,,,,,,,,,,,,,,,,,,137.0,
117,case_13,2024-04-10 21:43:40.260019,complete,CRP,positive,Y,,HE,20.0,,,,,,,,,,,,,,,,,,,,,,,,1683.0
118,case_13,2024-04-10 22:39:50.260019,complete,CRP,positive,Y,,GB,20.0,,,,,,,,,,,,,,,,,,,,,,,,3325.0
119,case_13,2024-04-11 00:25:28.260019,complete,CRP,positive,Y,,HE,20.0,,,,,,,,,,,,,,,,,,,,,,,,5673.0
120,case_13,2024-04-11 01:04:24.260019,complete,Admission NC,positive,Y,,,,,,,,,,,,,,,,,,,,,,,,,,,
121,case_14,2024-04-10 16:00:36.260019,complete,CRP,positive,L,,Q,20.0,,,,,,,,,,,,,,,,,,,,,,,,5730.0
122,case_14,2024-04-10 16:53:56.260019,complete,CRP,positive,L,,N,20.0,,,,,,,,,,,,,,,,,,,,,,,,2922.0
123,case_14,2024-04-10 18:23:28.260019,complete,CRP,positive,I,,CB,20.0,,,,,,,,,,,,,,,,,,,,,,,,5730.0
124,case_14,2024-04-10 19:32:26.260019,complete,Admission NC,positive,J,,,,,,,,,,,,,,,,,,,,,,,,,,,
125,case_14,2024-04-10 20:24:18.260019,complete,Admission IC,positive,J,,,,,,,,,,,,,,,,,,,,,,,,,,,
126,case_14,2024-04-10 21:36:41.260019,complete,Admission NC,positive,J,,,,,,,,,,,,,,,,,,,,,,,,,,,
127,case_14,2024-04-10 22:31:18.260019,complete,CRP,positive,I,,HE,20.0,,,,,,,,,,,,,,,,,,,,,,,,1770.0
128,case_14,2024-04-10 23:03:58.260019,complete,CRP,positive,I,,GB,20.0,,,,,,,,,,,,,,,,,,,,,,,,3442.0
129,case_14,2024-04-11 00:19:30.260019,complete,CRP,positive,I,,HE,20.0,,,,,,,,,,,,,,,,,,,,,,,,5436.0
130,case_14,2024-04-11 00:37:49.260019,complete,Release A,positive,L,,,,,,,,,,,,,,,,,,,,,,,,,,,
131,case_15,2024-04-10 15:47:24.260019,complete,CRP,positive,L,,Q,20.0,,,,,,,,,,,,,,,,,,,,,,,,5730.0
132,case_15,2024-04-10 17:01:41.260019,complete,CRP,positive,K,,N,20.0,,,,,,,,,,,,,,,,,,,,,,,,2930.0
133,case_15,2024-04-10 18:18:56.260019,complete,CRP,positive,I,,LB,20.0,,,,,,,,,,,,,,,,,,,,,,,,5730.0
134,case_15,2024-04-10 18:54:19.260019,complete,Return ER,positive,?,,,,,,,,,,,,,,,,,,,,,,,,,,,
135,case_15,2024-04-10 19:45:10.260019,complete,CRP,positive,I,,UA,20.0,,,,,,,,,,,,,,,,,,,,,,,,1677.0
136,case_15,2024-04-10 20:47:02.260019,complete,Admission NC,positive,L,,,,,,,,,,,,,,,,,,,,,,,,,,,
137,case_15,2024-04-10 22:07:11.260019,complete,Return ER,positive,?,,,,,,,,,,,,,,,,,,,,,,,,,,,
138,case_15,2024-04-10 22:51:03.260019,complete,Admission NC,positive,L,,,,,,,,,,,,,,,,,,,,,,,,,,,
139,case_15,2024-04-11 00:20:13.260019,complete,LacticAcid,positive,I,8.0,,,,,,,,,,,,,,,,,,,,,,,,,,
140,case_15,2024-04-11 01:31:20.260019,complete,Leucocytes,positive,L,,HE,20.0,,,,,,,,,,,,,,,,,,,,,,,138.0,
141,case_16,2024-04-10 16:22:17.260019,complete,CRP,positive,L,,Q,20.0,,,,,,,,,,,,,,,,,,,,,,,,5730.0
142,case_16,2024-04-10 17:13:01.260019,complete,Admission NC,positive,L,,,,,,,,,,,,,,,,,,,,,,,,,,,
143,case_16,2024-04-10 17:59:25.260019,complete,CRP,positive,I,,CA,20.0,,,,,,,,,,,,,,,,,,,,,,,,5730.0
144,case_16,2024-04-10 19:23:25.260019,complete,IV Antibiotics,positive,I,,,,,,,,,,,,,,,,,,,,,,,,,,,
145,case_16,2024-04-10 20:36:05.260019,complete,CRP,positive,L,,UA,20.0,,,,,,,,,,,,,,,,,,,,,,,,1677.0
146,case_16,2024-04-10 21:29:44.260019,complete,IV Antibiotics,positive,L,,,,,,,,,,,,,,,,,,,,,,,,,,,
147,case_16,2024-04-10 22:32:48.260019,complete,IV Antibiotics,positive,L,,,,,,,,,,,,,,,,,,,,,,,,,,,
148,case_16,2024-04-10 22:49:03.260019,complete,IV Antibiotics,positive,L,,,,,,,,,,,,,,,,,,,,,,,,,,,
149,case_16,2024-04-11 00:08:42.260019,complete,IV Antibiotics,positive,L,,,,,,,,,,,,,,,,,,,,,,,,,,,
150,case_16,2024-04-11 00:55:22.260019,complete,Admission NC,positive,L,,,,,,,,,,,,,,,,,,,,,,,,,,,
151,case_17,2024-04-10 16:04:14.260019,complete,CRP,positive,J,,Q,20.0,,,,,,,,,,,,,,,,,,,,,,,,5730.0
152,case_17,2024-04-10 16:47:18.260019,complete,Admission NC,positive,L,,,,,,,,,,,,,,,,,,,,,,,,,,,
153,case_17,2024-04-10 18:18:25.260019,complete,CRP,positive,I,,LB,20.0,,,,,,,,,,,,,,,,,,,,,,,,5730.0
154,case_17,2024-04-10 19:29:03.260019,complete,Admission NC,positive,J,,,,,,,,,,,,,,,,,,,,,,,,,,,
155,case_17,2024-04-10 19:50:31.260019,complete,Return ER,positive,I,,,,,,,,,,,,,,,,,,,,,,,,,,,
156,case_17,2024-04-10 20:43:04.260019,complete,Return ER,positive,I,,,,,,,,,,,,,,,,,,,,,,,,,,,
157,case_17,2024-04-10 21:52:00.260019,complete,Return ER,positive,?,,,,,,,,,,,,,,,,,,,,,,,,,,,
158,case_17,2024-04-10 23:12:01.260019,complete,CRP,positive,I,,GB,20.0,,,,,,,,,,,,,,,,,,,,,,,,3430.0
159,case_17,2024-04-11 00:13:59.260019,complete,Return ER,positive,?,,,,,,,,,,,,,,,,,,,,,,,,,,,
160,case_17,2024-04-11 01:07:17.260019,complete,CRP,positive,L,,HE,20.0,,,,,,,,,,,,,,,,,,,,,,,,3514.0
161,case_18,2024-04-10 15:51:41.260019,complete,Admission NC,positive,J,,,,,,,,,,,,,,,,,,,,,,,,,,,
162,case_18,2024-04-10 16:47:11.260019,complete,Admission NC,positive,F,,,,,,,,,,,,,,,,,,,,,,,,,,,
163,case_18,2024-04-10 18:27:32.260019,complete,Release A,positive,Y,,,,,,,,,,,,,,,,,,,,,,,,,,,
164,case_18,2024-04-10 18:41:16.260019,complete,Release B,positive,E,,,,,,,,,,,,,,,,,,,,,,,,,,,
165,case_18,2024-04-10 19:54:31.260019,complete,Release A,positive,Y,,,,,,,,,,,,,,,,,,,,,,,,,,,
166,case_18,2024-04-10 20:56:37.260019,complete,ER Triage,positive,C,,OE,90.0,,,,,,,,,,,,,,,,,,,,,,,,
167,case_18,2024-04-10 22:11:11.260019,complete,IV Antibiotics,positive,L,,,,,,,,,,,,,,,,,,,,,,,,,,,
168,case_18,2024-04-10 23:26:56.260019,complete,ER Triage,positive,C,,NC,33.0,,,,,,,,,,,,,,,,,,,,,,,,
169,case_19,2024-04-10 16:07:23.260019,complete,CRP,positive,Y,,HE,82.0,,,,,,,,,,,,,,,,,,,,,,,,5494.0
170,case_19,2024-04-10 17:18:42.260019,complete,CRP,positive,Y,,HE,74.0,,,,,,,,,,,,,,,,,,,,,,,,1136.0
171,case_19,2024-04-10 17:50:54.260019,complete,Admission NC,positive,Y,,,,,,,,,,,,,,,,,,,,,,,,,,,
172,case_19,2024-04-10 19:28:16.260019,complete,ER Registration,positive,Y,,NC,90.0,false,false,true,false,true,false,false,true,false,false,true,true,false,false,false,false,true,true,false,true,false,false,,
173,case_19,2024-04-10 20:00:51.260019,complete,Return ER,positive,?,,,,,,,,,,,,,,,,,,,,,,,,,,,
174,case_19,2024-04-10 20:49:14.260019,complete,CRP,positive,Y,,HE,90.0,,,,,,,,,,,,,,,,,,,,,,,,5694.0
175,case_19,2024-04-10 22:31:26.260019,complete,CRP,positive,Y,,HE,89.0,,,,,,,,,,,,,,,,,,,,,,,,5717.0
176,case_19,2024-04-10 22:41:01.260019,complete,Admission NC,positive,Y,,,,,,,,,,,,,,,,,,,,,,,,,,,
177,case_20,2024-04-10 15:43:04.260019,complete,CRP,positive,Y,,HE,90.0,,,,,,,,,,,,,,,,,,,,,,,,5730.0
178,case_20,2024-04-10 17:20:35.260019,complete,CRP,positive,Y,,HE,90.0,,,,,,,,,,,,,,,,,,,,,,,,720.0
179,case_20,2024-04-10 18:20:59.260019,complete,Admission NC,positive,J,,,,,,,,,,,,,,,,,,,,,,,,,,,
180,case_20,2024-04-10 18:45:44.260019,complete,CRP,positive,Y,,HE,90.0,,,,,,,,,,,,,,,,,,,,,,,,225.0
181,case_20,2024-04-10 19:53:34.260019,complete,CRP,positive,Y,,EB,90.0,,,,,,,,,,,,,,,,,,,,,,,,4149.0
182,case_20,2024-04-10 20:44:35.260019,complete,Admission NC,positive,J,,,,,,,,,,,,,,,,,,,,,,,,,,,
183,case_20,2024-04-10 22:36:21.260019,complete,Admission NC,positive,J,,,,,,,,,,,,,,,,,,,,,,,,,,,
184,case_20,2024-04-10 23:10:52.260019,complete,Return ER,positive,?,,,,,,,,,,,,,,,,,,,,,,,,,,,
185,case_21,2024-04-10 16:22:26.260019,complete,Admission NC,positive,J,,,,,,,,,,,,,,,,,,,,,,,,,,,
186,case_21,2024-04-10 17:09:58.260019,complete,CRP,positive,Y,,HE,74.0,,,,,,,,,,,,,,,,,,,,,,,,3781.0
187,case_21,2024-04-10 18:29:53.260019,complete,Release A,positive,Y,,,,,,,,,,,,,,,,,,,,,,,,,,,
188,case_21,2024-04-10 19:14:03.260019,complete,IV Antibiotics,positive,L,,,,,,,,,,,,,,,,,,,,,,,,,,,
189,case_21,2024-04-10 20:34:55.260019,complete,Admission NC,positive,Y,,,,,,,,,,,,,,,,,,,,,,,,,,,
190,case_21,2024-04-10 20:39:18.260019,complete,ER Sepsis Triage,positive,Y,,HE,90.0,,,,,,,,,,,,,,,,,,,,,,,,
191,case_21,2024-04-10 22:05:12.260019,complete,Release A,positive,Y,,,,,,,,,,,,,,,,,,,,,,,,,,,
192,case_21,2024-04-10 23:08:35.260019,complete,IV Liquid,positive,Y,,SA,33.0,,,,,,,,,,,,,,,,,,,,,,,,
193,case_22,2024-04-10 16:03:58.260019,complete,Admission NC,positive,J,,,,,,,,,,,,,,,,,,,,,,,,,,,
194,case_22,2024-04-10 17:01:02.260019,complete,Admission IC,positive,J,,,,,,,,,,,,,,,,,,,,,,,,,,,
195,case_22,2024-04-10 18:32:23.260019,complete,Admission NC,positive,J,,,,,,,,,,,,,,,,,,,,,,,,,,,
196,case_22,2024-04-10 19:13:50.260019,complete,Admission NC,positive,J,,,,,,,,,,,,,,,,,,,,,,,,,,,
197,case_22,2024-04-10 20:05:01.260019,complete,Return ER,positive,?,,,,,,,,,,,,,,,,,,,,,,,,,,,
198,case_23,2024-04-10 16:32:21.260019,complete,Admission NC,positive,F,,,,,,,,,,,,,,,,,,,,,,,,,,,
199,case_23,2024-04-10 17:01:58.260019,complete,Admission NC,positive,J,,,,,,,,,,,,,,,,,,,,,,,,,,,
200,case_23,2024-04-10 18:04:15.260019,complete,Admission IC,positive,J,,,,,,,,,,,,,,,,,,,,,,,,,,,
201,case_23,2024-04-10 18:43:55.260019,complete,Admission NC,positive,J,,,,,,,,,,,,,,,,,,,,,,,,,,,
202,case_23,2024-04-10 19:42:41.260019,complete,Return ER,positive,?,,,,,,,,,,,,,,,,,,,,,,,,,,,
203,case_24,2024-04-10 15:40:44.260019,complete,Return ER,positive,?,,,,,,,,,,,,,,,,,,,,,,,,,,,
204,case_24,2024-04-10 17:23:48.260019,complete,Admission NC,positive,Y,,,,,,,,,,,,,,,,,,,,,,,,,,,
205,case_24,2024-04-10 18:23:36.260019,complete,Release B,positive,E,,,,,,,,,,,,,,,,,,,,,,,,,,,
206,case_24,2024-04-10 19:00:15.260019,complete,Admission NC,positive,K,,,,,,,,,,,,,,,,,,,,,,,,,,,
207,case_24,2024-04-10 20:03:28.260019,complete,Release B,positive,E,,,,,,,,,,,,,,,,,,,,,,,,,,,
208,case_25,2024-04-10 16:06:48.260019,complete,CRP,positive,Y,,HE,87.0,,,,,,,,,,,,,,,,,,,,,,,,5559.0
209,case_25,2024-04-10 17:32:51.260019,complete,Release B,positive,E,,,,,,,,,,,,,,,,,,,,,,,,,,,
210,case_25,2024-04-10 17:59:12.260019,complete,Admission NC,positive,K,,,,,,,,,,,,,,,,,,,,,,,,,,,
211,case_25,2024-04-10 19:14:05.260019,complete,Release B,positive,E,,,,,,,,,,,,,,,,,,,,,,,,,,,
212,case_25,2024-04-10 19:44:29.260019,complete,Return ER,positive,?,,,,,,,,,,,,,,,,,,,,,,,,,,,
213,case_25,2024-04-10 20:58:50.260019,complete,Admission NC,positive,F,,,,,,,,,,,,,,,,,,,,,,,,,,,
214,case_26,2024-04-10 16:34:26.260019,complete,CRP,positive,Y,,HE,87.0,,,,,,,,,,,,,,,,,,,,,,,,5592.0
215,case_26,2024-04-10 16:55:12.260019,complete,CRP,positive,Y,,HE,90.0,,,,,,,,,,,,,,,,,,,,,,,,1156.0
216,case_26,2024-04-10 18:03:00.260019,complete,Admission NC,positive,J,,,,,,,,,,,,,,,,,,,,,,,,,,,
217,case_26,2024-04-10 19:12:54.260019,complete,Admission NC,positive,J,,,,,,,,,,,,,,,,,,,,,,,,,,,
218,case_26,2024-04-10 19:40:22.260019,complete,CRP,positive,Y,,HE,90.0,,,,,,,,,,,,,,,,,,,,,,,,2889.0
219,case_26,2024-04-10 21:24:21.260019,complete,Admission NC,positive,J,,,,,,,,,,,,,,,,,,,,,,,,,,,
220,case_27,2024-04-10 16:11:48.260019,complete,Return ER,positive,?,,,,,,,,,,,,,,,,,,,,,,,,,,,
221,case_27,2024-04-10 17:31:02.260019,complete,Admission NC,positive,F,,,,,,,,,,,,,,,,,,,,,,,,,,,
222,case_27,2024-04-10 18:10:12.260019,complete,CRP,positive,Y,,HE,89.0,,,,,,,,,,,,,,,,,,,,,,,,4766.0
223,case_27,2024-04-10 19:35:14.260019,complete,Admission NC,positive,F,,,,,,,,,,,,,,,,,,,,,,,,,,,
224,case_27,2024-04-10 20:12:51.260019,complete,CRP,positive,Y,,ED,90.0,,,,,,,,,,,,,,,,,,,,,,,,4381.0
225,case_27,2024-04-10 20:56:58.260019,complete,CRP,positive,D,,HE,24.0,,,,,,,,,,,,,,,,,,,,,,,,4722.0
226,case_28,2024-04-10 16:04:48.260019,complete,CRP,positive,Y,,HE,87.0,,,,,,,,,,,,,,,,,,,,,,,,5592.0
227,case_28,2024-04-10 17:35:46.260019,complete,CRP,positive,Y,,HE,90.0,,,,,,,,,,,,,,,,,,,,,,,,634.0
228,case_28,2024-04-10 18:22:54.260019,complete,CRP,positive,Y,,HE,89.0,,,,,,,,,,,,,,,,,,,,,,,,4177.0
229,case_28,2024-04-10 18:46:38.260019,complete,CRP,positive,Y,,HE,90.0,,,,,,,,,,,,,,,,,,,,,,,,55.0
230,case_28,2024-04-10 20:29:33.260019,complete,Admission NC,positive,F,,,,,,,,,,,,,,,,,,,,,,,,,,,
231,case_28,2024-04-10 20:45:58.260019,complete,Admission NC,positive,F,,,,,,,,,,,,,,,,,,,,,,,,,,,
232,case_29,2024-04-10 16:28:23.260019,complete,Admission NC,positive,F,,,,,,,,,,,,,,,,,,,,,,,,,,,
233,case_29,2024-04-10 17:34:05.260019,complete,Admission NC,positive,Y,,,,,,,,,,,,,,,,,,,,,,,,,,,
234,case_29,2024-04-10 18:22:23.260019,complete,CRP,positive,Y,,HE,89.0,,,,,,,,,,,,,,,,,,,,,,,,4419.0
235,case_29,2024-04-10 18:42:57.260019,complete,CRP,positive,Y,,CD,90.0,,,,,,,,,,,,,,,,,,,,,,,,54.0
236,case_29,2024-04-10 19:49:07.260019,complete,Return ER,positive,?,,,,,,,,,,,,,,,,,,,,,,,,,,,
237,case_29,2024-04-10 20:38:56.260019,complete,CRP,positive,O,,XC,90.0,,,,,,,,,,,,,,,,,,,,,,,,2264.0
