,case:concept:name,time:timestamp,lifecycle:transition,concept:name,case:label,org:group,Diagnose,Age,Leucocytes,LacticAcid,CRP,InfectionSuspected,DiagnosticBlood,DisfuncOrg,SIRSCritTachypnea,Hypotensie,SIRSCritHeartRate,Infusion,DiagnosticArtAstrup,DiagnosticIC,DiagnosticSputum,DiagnosticLiquor,DiagnosticOther,SIRSCriteria2OrMore,DiagnosticXthorax,SIRSCritTemperature,DiagnosticUrinaryCulture,SIRSCritLeucos,Oligurie,DiagnosticLacticAcid,Hypoxie,DiagnosticUrinarySediment,DiagnosticECG
0,case_0,2024-04-10 16:19:55.837657,complete,Leucocytes,positive,J,HC,22.0,1616.0,,,,,,,,,,,,,,,,,,,,,,,,
1,case_0,2024-04-10 17:02:12.837657,complete,LacticAcid,positive,E,,,,10.0,,,,,,,,,,,,,,,,,,,,,,,
2,case_0,2024-04-10 18:12:42.837657,complete,LacticAcid,positive,E,,,,12.0,,,,,,,,,,,,,,,,,,,,,,,
3,case_0,2024-04-10 18:34:02.837657,complete,Admission NC,positive,L,,,,,,,,,,,,,,,,,,,,,,,,,,,
4,case_0,2024-04-10 19:38:44.837657,complete,Admission NC,positive,L,,,,,,,,,,,,,,,,,,,,,,,,,,,
5,case_0,2024-04-10 20:35:41.837657,complete,CRP,positive,L,HA,20.0,,,2867.0,,,,,,,,,,,,,,,,,,,,,,
6,case_0,2024-04-10 22:18:04.837657,complete,Admission NC,positive,J,,,,,,,,,,,,,,,,,,,,,,,,,,,
7,case_0,2024-04-10 23:23:19.837657,complete,CRP,positive,L,RC,20.0,,,319.0,,,,,,,,,,,,,,,,,,,,,,
8,case_1,2024-04-10 16:22:07.837657,complete,CRP,positive,A,DB,88.0,,,5729.0,,,,,,,,,,,,,,,,,,,,,,
9,case_1,2024-04-10 17:15:38.837657,complete,IV Antibiotics,positive,E,,,,,,,,,,,,,,,,,,,,,,,,,,,
10,case_1,2024-04-10 18:14:33.837657,complete,Admission NC,positive,L,,,,,,,,,,,,,,,,,,,,,,,,,,,
11,case_1,2024-04-10 19:19:40.837657,complete,LacticAcid,positive,L,,,,15.0,,,,,,,,,,,,,,,,,,,,,,,
12,case_1,2024-04-10 20:05:35.837657,complete,LacticAcid,positive,J,,,,9.0,,,,,,,,,,,,,,,,,,,,,,,
13,case_1,2024-04-10 20:53:48.837657,complete,Admission NC,positive,L,,,,,,,,,,,,,,,,,,,,,,,,,,,
14,case_1,2024-04-10 22:20:47.837657,complete,Release A,positive,L,,,,,,,,,,,,,,,,,,,,,,,,,,,
15,case_1,2024-04-10 23:02:48.837657,complete,LacticAcid,positive,L,,,,12.0,,,,,,,,,,,,,,,,,,,,,,,
16,case_2,2024-04-10 15:52:33.837657,complete,CRP,positive,J,HC,36.0,,,5728.0,,,,,,,,,,,,,,,,,,,,,,
17,case_2,2024-04-10 16:40:29.837657,complete,LacticAcid,positive,E,,,,9.0,,,,,,,,,,,,,,,,,,,,,,,
18,case_2,2024-04-10 18:16:06.837657,complete,LacticAcid,positive,L,,,,10.0,,,,,,,,,,,,,,,,,,,,,,,
19,case_2,2024-04-10 19:09:17.837657,complete,Admission NC,positive,L,,,,,,,,,,,,,,,,,,,,,,,,,,,
20,case_2,2024-04-10 20:12:12.837657,complete,Admission NC,positive,U,,,,,,,,,,,,,,,,,,,,,,,,,,,
21,case_2,2024-04-10 20:58:34.837657,complete,CRP,positive,L,HE,21.0,,,2865.0,,,,,,,,,,,,,,,,,,,,,,
22,case_2,2024-04-10 21:41:00.837657,complete,LacticAcid,positive,L,,,,15.0,,,,,,,,,,,,,,,,,,,,,,,
23,case_2,2024-04-10 22:49:54.837657,complete,CRP,positive,L,RC,20.0,,,5005.0,,,,,,,,,,,,,,,,,,,,,,
24,case_3,2024-04-10 16:06:56.837657,complete,CRP,positive,A,DB,21.0,,,5730.0,,,,,,,,,,,,,,,,,,,,,,
25,case_3,2024-04-10 16:45:27.837657,complete,IV Antibiotics,positive,E,,,,,,,,,,,,,,,,,,,,,,,,,,,
26,case_3,2024-04-10 18:24:16.837657,complete,LacticAcid,positive,L,,,,15.0,,,,,,,,,,,,,,,,,,,,,,,
27,case_3,2024-04-10 18:45:27.837657,complete,LacticAcid,positive,L,,,,48.0,,,,,,,,,,,,,,,,,,,,,,,
28,case_3,2024-04-10 19:42:11.837657,complete,LacticAcid,positive,L,,,,10.0,,,,,,,,,,,,,,,,,,,,,,,
29,case_3,2024-04-10 21:04:13.837657,complete,LacticAcid,positive,L,,,,9.0,,,,,,,,,,,,,,,,,,,,,,,
30,case_3,2024-04-10 22:24:26.837657,complete,Admission NC,positive,L,,,,,,,,,,,,,,,,,,,,,,,,,,,
31,case_3,2024-04-10 23:10:08.837657,complete,Admission NC,positive,E,,,,,,,,,,,,,,,,,,,,,,,,,,,
32,case_4,2024-04-10 15:32:20.837657,complete,Leucocytes,positive,A,DA,36.0,137.0,,,,,,,,,,,,,,,,,,,,,,,,
33,case_4,2024-04-10 16:32:35.837657,complete,Admission NC,positive,J,,,,,,,,,,,,,,,,,,,,,,,,,,,
34,case_4,2024-04-10 18:10:38.837657,complete,LacticAcid,positive,J,,,,10.0,,,,,,,,,,,,,,,,,,,,,,,
35,case_4,2024-04-10 19:22:32.837657,complete,LacticAcid,positive,L,,,,53.0,,,,,,,,,,,,,,,,,,,,,,,
36,case_4,2024-04-10 19:56:45.837657,complete,LacticAcid,positive,L,,,,9.0,,,,,,,,,,,,,,,,,,,,,,,
37,case_4,2024-04-10 21:27:05.837657,complete,LacticAcid,positive,E,,,,12.0,,,,,,,,,,,,,,,,,,,,,,,
38,case_4,2024-04-10 22:20:53.837657,complete,LacticAcid,positive,L,,,,19.0,,,,,,,,,,,,,,,,,,,,,,,
39,case_4,2024-04-10 22:43:24.837657,complete,Admission NC,positive,L,,,,,,,,,,,,,,,,,,,,,,,,,,,
40,case_5,2024-04-10 15:45:01.837657,complete,CRP,positive,A,DC,36.0,,,5729.0,,,,,,,,,,,,,,,,,,,,,,
41,case_5,2024-04-10 16:42:17.837657,complete,Admission NC,positive,J,,,,,,,,,,,,,,,,,,,,,,,,,,,
42,case_5,2024-04-10 17:46:50.837657,complete,LacticAcid,positive,J,,,,9.0,,,,,,,,,,,,,,,,,,,,,,,
43,case_5,2024-04-10 18:43:05.837657,complete,LacticAcid,positive,L,,,,48.0,,,,,,,,,,,,,,,,,,,,,,,
44,case_5,2024-04-10 19:58:09.837657,complete,LacticAcid,positive,L,,,,10.0,,,,,,,,,,,,,,,,,,,,,,,
45,case_5,2024-04-10 21:14:49.837657,complete,LacticAcid,positive,E,,,,10.0,,,,,,,,,,,,,,,,,,,,,,,
46,case_5,2024-04-10 22:22:17.837657,complete,LacticAcid,positive,L,,,,18.0,,,,,,,,,,,,,,,,,,,,,,,
47,case_5,2024-04-10 23:07:00.837657,complete,Admission NC,positive,L,,,,,,,,,,,,,,,,,,,,,,,,,,,
48,case_6,2024-04-10 16:14:33.837657,complete,LacticAcid,positive,F,,,,147.0,,,,,,,,,,,,,,,,,,,,,,,
49,case_6,2024-04-10 16:43:57.837657,complete,Leucocytes,positive,J,HC,84.0,137.0,,,,,,,,,,,,,,,,,,,,,,,,
50,case_6,2024-04-10 17:44:06.837657,complete,Admission NC,positive,E,,,,,,,,,,,,,,,,,,,,,,,,,,,
51,case_6,2024-04-10 18:56:24.837657,complete,CRP,positive,K,SB,79.0,,,3801.0,,,,,,,,,,,,,,,,,,,,,,
52,case_6,2024-04-10 20:23:04.837657,complete,Admission NC,positive,J,,,,,,,,,,,,,,,,,,,,,,,,,,,
53,case_6,2024-04-10 21:18:57.837657,complete,Leucocytes,positive,E,BE,53.0,137.0,,,,,,,,,,,,,,,,,,,,,,,,
54,case_7,2024-04-10 16:26:05.837657,complete,CRP,positive,E,WB,24.0,,,5358.0,,,,,,,,,,,,,,,,,,,,,,
55,case_7,2024-04-10 17:22:36.837657,complete,CRP,positive,E,HE,30.0,,,5729.0,,,,,,,,,,,,,,,,,,,,,,
56,case_7,2024-04-10 18:19:58.837657,complete,LacticAcid,positive,L,,,,12.0,,,,,,,,,,,,,,,,,,,,,,,
57,case_7,2024-04-10 18:59:08.837657,complete,Admission NC,positive,L,,,,,,,,,,,,,,,,,,,,,,,,,,,
58,case_7,2024-04-10 20:21:20.837657,complete,Admission NC,positive,J,,,,,,,,,,,,,,,,,,,,,,,,,,,
59,case_7,2024-04-10 21:24:34.837657,complete,CRP,positive,E,C,21.0,,,349.0,,,,,,,,,,,,,,,,,,,,,,
60,case_8,2024-04-10 15:37:50.837657,complete,CRP,positive,L,VD,71.0,,,5390.0,,,,,,,,,,,,,,,,,,,,,,
61,case_8,2024-04-10 16:47:05.837657,complete,CRP,positive,E,HC,72.0,,,5730.0,,,,,,,,,,,,,,,,,,,,,,
62,case_8,2024-04-10 18:21:50.837657,complete,Admission NC,positive,L,,,,,,,,,,,,,,,,,,,,,,,,,,,
63,case_8,2024-04-10 19:28:08.837657,complete,Admission NC,positive,E,,,,,,,,,,,,,,,,,,,,,,,,,,,
64,case_8,2024-04-10 20:29:53.837657,complete,LacticAcid,positive,J,,,,11.0,,,,,,,,,,,,,,,,,,,,,,,
65,case_8,2024-04-10 20:34:16.837657,complete,CRP,positive,E,E,22.0,,,4209.0,,,,,,,,,,,,,,,,,,,,,,
66,case_9,2024-04-10 16:01:02.837657,complete,Leucocytes,positive,E,VA,20.0,174.0,,,,,,,,,,,,,,,,,,,,,,,,
67,case_9,2024-04-10 17:02:55.837657,complete,Leucocytes,positive,E,HE,89.0,2509.0,,,,,,,,,,,,,,,,,,,,,,,,
68,case_9,2024-04-10 18:05:06.837657,complete,Admission NC,positive,C,,,,,,,,,,,,,,,,,,,,,,,,,,,
69,case_9,2024-04-10 19:11:36.837657,complete,Admission NC,positive,J,,,,,,,,,,,,,,,,,,,,,,,,,,,
70,case_9,2024-04-10 19:40:26.837657,complete,LacticAcid,positive,L,,,,9.0,,,,,,,,,,,,,,,,,,,,,,,
71,case_9,2024-04-10 20:32:45.837657,complete,Admission NC,positive,E,,,,,,,,,,,,,,,,,,,,,,,,,,,
72,case_10,2024-04-10 16:07:08.837657,complete,Return ER,positive,?,,,,,,,,,,,,,,,,,,,,,,,,,,,
73,case_10,2024-04-10 17:01:05.837657,complete,LacticAcid,positive,E,,,,13.0,,,,,,,,,,,,,,,,,,,,,,,
74,case_10,2024-04-10 17:44:53.837657,complete,Admission NC,positive,L,,,,,,,,,,,,,,,,,,,,,,,,,,,
75,case_10,2024-04-10 18:59:25.837657,complete,CRP,positive,E,HD,21.0,,,3056.0,,,,,,,,,,,,,,,,,,,,,,
76,case_10,2024-04-10 20:07:57.837657,complete,Admission NC,positive,L,,,,,,,,,,,,,,,,,,,,,,,,,,,
77,case_10,2024-04-10 21:26:01.837657,complete,CRP,positive,J,Y,20.0,,,3300.0,,,,,,,,,,,,,,,,,,,,,,
78,case_10,2024-04-10 22:21:37.837657,complete,CRP,positive,E,HC,20.0,,,3881.0,,,,,,,,,,,,,,,,,,,,,,
79,case_10,2024-04-10 23:23:45.837657,complete,CRP,positive,E,HE,21.0,,,5723.0,,,,,,,,,,,,,,,,,,,,,,
80,case_10,2024-04-11 00:22:11.837657,complete,LacticAcid,positive,I,,,,13.0,,,,,,,,,,,,,,,,,,,,,,,
81,case_10,2024-04-11 00:58:30.837657,complete,Return ER,positive,L,,,,,,,,,,,,,,,,,,,,,,,,,,,
82,case_11,2024-04-10 16:17:56.837657,complete,CRP,positive,L,YB,56.0,,,5726.0,,,,,,,,,,,,,,,,,,,,,,
83,case_11,2024-04-10 16:52:44.837657,complete,Admission NC,positive,L,,,,,,,,,,,,,,,,,,,,,,,,,,,
84,case_11,2024-04-10 18:26:26.837657,complete,Admission NC,positive,E,,,,,,,,,,,,,,,,,,,,,,,,,,,
85,case_11,2024-04-10 18:42:13.837657,complete,Release B,positive,E,,,,,,,,,,,,,,,,,,,,,,,,,,,
86,case_11,2024-04-10 20:23:27.837657,complete,LacticAcid,positive,L,,,,9.0,,,,,,,,,,,,,,,,,,,,,,,
87,case_11,2024-04-10 21:01:43.837657,complete,Admission IC,positive,A,,,,,,,,,,,,,,,,,,,,,,,,,,,
88,case_11,2024-04-10 22:04:23.837657,complete,Release B,positive,J,,,,,,,,,,,,,,,,,,,,,,,,,,,
89,case_11,2024-04-10 22:52:38.837657,complete,LacticAcid,positive,L,,,,10.0,,,,,,,,,,,,,,,,,,,,,,,
90,case_11,2024-04-11 00:08:45.837657,complete,CRP,positive,E,HD,88.0,,,3259.0,,,,,,,,,,,,,,,,,,,,,,
91,case_11,2024-04-11 00:58:06.837657,complete,LacticAcid,positive,J,,,,9.0,,,,,,,,,,,,,,,,,,,,,,,
92,case_12,2024-04-10 15:36:37.837657,complete,CRP,positive,A,FE,20.0,,,5729.0,,,,,,,,,,,,,,,,,,,,,,
93,case_12,2024-04-10 17:25:47.837657,complete,LacticAcid,positive,E,,,,12.0,,,,,,,,,,,,,,,,,,,,,,,
94,case_12,2024-04-10 17:57:57.837657,complete,LacticAcid,positive,L,,,,13.0,,,,,,,,,,,,,,,,,,,,,,,
95,case_12,2024-04-10 18:33:58.837657,complete,LacticAcid,positive,L,,,,9.0,,,,,,,,,,,,,,,,,,,,,,,
96,case_12,2024-04-10 19:59:29.837657,complete,LacticAcid,positive,J,,,,15.0,,,,,,,,,,,,,,,,,,,,,,,
97,case_12,2024-04-10 21:26:47.837657,complete,LacticAcid,positive,I,,,,12.0,,,,,,,,,,,,,,,,,,,,,,,
98,case_12,2024-04-10 21:51:45.837657,complete,Admission NC,positive,L,,,,,,,,,,,,,,,,,,,,,,,,,,,
99,case_12,2024-04-10 23:27:33.837657,complete,Admission NC,positive,J,,,,,,,,,,,,,,,,,,,,,,,,,,,
100,case_12,2024-04-11 00:29:27.837657,complete,ER Registration,positive,L,HC,22.0,,,,false,false,false,true,false,true,false,true,false,true,true,false,true,true,true,true,true,false,false,true,false,false
101,case_12,2024-04-11 00:54:15.837657,complete,Admission NC,positive,L,,,,,,,,,,,,,,,,,,,,,,,,,,,
102,case_13,2024-04-10 16:26:17.837657,complete,CRP,positive,E,QA,55.0,,,5729.0,,,,,,,,,,,,,,,,,,,,,,
103,case_13,2024-04-10 17:17:29.837657,complete,Release A,positive,J,,,,,,,,,,,,,,,,,,,,,,,,,,,
104,case_13,2024-04-10 17:53:49.837657,complete,LacticAcid,positive,E,,,,10.0,,,,,,,,,,,,,,,,,,,,,,,
105,case_13,2024-04-10 18:32:34.837657,complete,LacticAcid,positive,L,,,,9.0,,,,,,,,,,,,,,,,,,,,,,,
106,case_13,2024-04-10 20:24:47.837657,complete,Admission NC,positive,L,,,,,,,,,,,,,,,,,,,,,,,,,,,
107,case_13,2024-04-10 20:57:59.837657,complete,Admission NC,positive,L,,,,,,,,,,,,,,,,,,,,,,,,,,,
108,case_13,2024-04-10 21:40:24.837657,complete,LacticAcid,positive,E,,,,11.0,,,,,,,,,,,,,,,,,,,,,,,
109,case_13,2024-04-10 22:44:56.837657,complete,LacticAcid,positive,J,,,,12.0,,,,,,,,,,,,,,,,,,,,,,,
110,case_13,2024-04-11 00:26:39.837657,complete,IV Antibiotics,positive,L,,,,,,,,,,,,,,,,,,,,,,,,,,,
111,case_13,2024-04-11 01:18:20.837657,complete,LacticAcid,positive,E,,,,17.0,,,,,,,,,,,,,,,,,,,,,,,
112,case_14,2024-04-10 15:41:01.837657,complete,CRP,positive,L,KE,22.0,,,5725.0,,,,,,,,,,,,,,,,,,,,,,
113,case_14,2024-04-10 16:59:38.837657,complete,IV Antibiotics,positive,E,,,,,,,,,,,,,,,,,,,,,,,,,,,
114,case_14,2024-04-10 18:31:59.837657,complete,LacticAcid,positive,L,,,,14.0,,,,,,,,,,,,,,,,,,,,,,,
115,case_14,2024-04-10 18:48:20.837657,complete,Leucocytes,positive,L,DC,86.0,135.0,,,,,,,,,,,,,,,,,,,,,,,,
116,case_14,2024-04-10 19:58:25.837657,complete,Release B,positive,J,,,,,,,,,,,,,,,,,,,,,,,,,,,
117,case_14,2024-04-10 21:00:03.837657,complete,Leucocytes,positive,L,HE,24.0,1304.0,,,,,,,,,,,,,,,,,,,,,,,,
118,case_14,2024-04-10 22:22:05.837657,complete,LacticAcid,positive,J,,,,11.0,,,,,,,,,,,,,,,,,,,,,,,
119,case_14,2024-04-10 23:20:45.837657,complete,Admission NC,positive,L,,,,,,,,,,,,,,,,,,,,,,,,,,,
120,case_14,2024-04-10 23:43:24.837657,complete,Admission NC,positive,?,,,,,,,,,,,,,,,,,,,,,,,,,,,
121,case_15,2024-04-10 15:48:30.837657,complete,Leucocytes,positive,J,KE,20.0,1314.0,,,,,,,,,,,,,,,,,,,,,,,,
122,case_15,2024-04-10 17:27:46.837657,complete,Admission NC,positive,E,,,,,,,,,,,,,,,,,,,,,,,,,,,
123,case_15,2024-04-10 17:52:20.837657,complete,Admission NC,positive,L,,,,,,,,,,,,,,,,,,,,,,,,,,,
124,case_15,2024-04-10 19:29:28.837657,complete,ER Registration,positive,L,DE,21.0,,,,true,true,true,false,true,false,true,false,false,false,true,true,false,true,false,false,false,true,false,true,false,true
125,case_15,2024-04-10 19:36:20.837657,complete,LacticAcid,positive,E,,,,9.0,,,,,,,,,,,,,,,,,,,,,,,
126,case_15,2024-04-10 20:53:06.837657,complete,Admission NC,positive,J,,,,,,,,,,,,,,,,,,,,,,,,,,,
127,case_15,2024-04-10 22:04:28.837657,complete,LacticAcid,positive,E,,,,18.0,,,,,,,,,,,,,,,,,,,,,,,
128,case_15,2024-04-10 22:45:37.837657,complete,CRP,positive,L,HE,22.0,,,101.0,,,,,,,,,,,,,,,,,,,,,,
129,case_15,2024-04-10 23:49:16.837657,complete,LacticAcid,positive,A,,,,14.0,,,,,,,,,,,,,,,,,,,,,,,
130,case_16,2024-04-10 16:07:52.837657,complete,CRP,positive,A,EE,25.0,,,5728.0,,,,,,,,,,,,,,,,,,,,,,
131,case_16,2024-04-10 17:13:28.837657,complete,LacticAcid,positive,L,,,,13.0,,,,,,,,,,,,,,,,,,,,,,,
132,case_16,2024-04-10 17:51:54.837657,complete,LacticAcid,positive,L,,,,8.0,,,,,,,,,,,,,,,,,,,,,,,
133,case_16,2024-04-10 19:21:04.837657,complete,Leucocytes,positive,K,DE,20.0,2167.0,,,,,,,,,,,,,,,,,,,,,,,,
134,case_16,2024-04-10 19:51:06.837657,complete,Release A,positive,L,,,,,,,,,,,,,,,,,,,,,,,,,,,
135,case_16,2024-04-10 20:49:58.837657,complete,Admission NC,positive,E,,,,,,,,,,,,,,,,,,,,,,,,,,,
136,case_16,2024-04-10 22:13:13.837657,complete,Admission NC,positive,L,,,,,,,,,,,,,,,,,,,,,,,,,,,
137,case_16,2024-04-10 23:24:39.837657,complete,CRP,positive,L,IB,21.0,,,3256.0,,,,,,,,,,,,,,,,,,,,,,
138,case_16,2024-04-11 00:19:42.837657,complete,Admission NC,positive,L,,,,,,,,,,,,,,,,,,,,,,,,,,,
139,case_17,2024-04-10 16:31:12.837657,complete,CRP,positive,E,PE,20.0,,,4355.0,,,,,,,,,,,,,,,,,,,,,,
140,case_17,2024-04-10 17:12:25.837657,complete,Release A,positive,J,,,,,,,,,,,,,,,,,,,,,,,,,,,
141,case_17,2024-04-10 17:41:50.837657,complete,LacticAcid,positive,E,,,,18.0,,,,,,,,,,,,,,,,,,,,,,,
142,case_17,2024-04-10 19:27:50.837657,complete,CRP,positive,J,DE,21.0,,,1038.0,,,,,,,,,,,,,,,,,,,,,,
143,case_17,2024-04-10 19:57:47.837657,complete,Admission NC,positive,E,,,,,,,,,,,,,,,,,,,,,,,,,,,
144,case_17,2024-04-10 20:34:31.837657,complete,Admission NC,positive,L,,,,,,,,,,,,,,,,,,,,,,,,,,,
145,case_17,2024-04-10 21:52:05.837657,complete,LacticAcid,positive,E,,,,12.0,,,,,,,,,,,,,,,,,,,,,,,
146,case_17,2024-04-10 23:13:53.837657,complete,LacticAcid,positive,J,,,,9.0,,,,,,,,,,,,,,,,,,,,,,,
147,case_17,2024-04-10 23:46:48.837657,complete,LacticAcid,positive,E,,,,11.0,,,,,,,,,,,,,,,,,,,,,,,
148,case_18,2024-04-10 15:37:21.837657,complete,Leucocytes,positive,J,KE,21.0,136.0,,,,,,,,,,,,,,,,,,,,,,,,
149,case_18,2024-04-10 17:17:00.837657,complete,IV Antibiotics,positive,J,,,,,,,,,,,,,,,,,,,,,,,,,,,
150,case_18,2024-04-10 17:37:33.837657,complete,LacticAcid,positive,J,,,,18.0,,,,,,,,,,,,,,,,,,,,,,,
151,case_18,2024-04-10 19:06:18.837657,complete,CRP,positive,K,UA,22.0,,,1043.0,,,,,,,,,,,,,,,,,,,,,,
152,case_18,2024-04-10 19:57:28.837657,complete,Admission NC,positive,L,,,,,,,,,,,,,,,,,,,,,,,,,,,
153,case_18,2024-04-10 21:20:55.837657,complete,Admission NC,positive,C,,,,,,,,,,,,,,,,,,,,,,,,,,,
154,case_18,2024-04-10 22:21:40.837657,complete,IV Antibiotics,positive,I,,,,,,,,,,,,,,,,,,,,,,,,,,,
155,case_18,2024-04-10 22:41:02.837657,complete,Release B,positive,E,,,,,,,,,,,,,,,,,,,,,,,,,,,
156,case_18,2024-04-10 23:50:35.837657,complete,LacticAcid,positive,E,,,,14.0,,,,,,,,,,,,,,,,,,,,,,,
157,case_19,2024-04-10 15:34:22.837657,complete,Leucocytes,positive,L,EC,25.0,1316.0,,,,,,,,,,,,,,,,,,,,,,,,
158,case_19,2024-04-10 17:16:40.837657,complete,Admission NC,positive,E,,,,,,,,,,,,,,,,,,,,,,,,,,,
159,case_19,2024-04-10 17:43:30.837657,complete,Admission NC,positive,J,,,,,,,,,,,,,,,,,,,,,,,,,,,
160,case_19,2024-04-10 18:53:00.837657,complete,CRP,positive,J,UA,20.0,,,1041.0,,,,,,,,,,,,,,,,,,,,,,
161,case_19,2024-04-10 20:18:26.837657,complete,Return ER,positive,J,,,,,,,,,,,,,,,,,,,,,,,,,,,
162,case_19,2024-04-10 20:36:01.837657,complete,LacticAcid,positive,L,,,,11.0,,,,,,,,,,,,,,,,,,,,,,,
163,case_19,2024-04-10 21:45:44.837657,complete,LacticAcid,positive,J,,,,9.0,,,,,,,,,,,,,,,,,,,,,,,
164,case_19,2024-04-10 23:25:41.837657,complete,Release B,positive,L,,,,,,,,,,,,,,,,,,,,,,,,,,,
165,case_19,2024-04-10 23:43:56.837657,complete,LacticAcid,positive,L,,,,13.0,,,,,,,,,,,,,,,,,,,,,,,
166,case_20,2024-04-10 15:46:01.837657,complete,CRP,positive,L,EE,20.0,,,5730.0,,,,,,,,,,,,,,,,,,,,,,
167,case_20,2024-04-10 17:24:44.837657,complete,Admission NC,positive,E,,,,,,,,,,,,,,,,,,,,,,,,,,,
168,case_20,2024-04-10 18:31:55.837657,complete,Admission NC,positive,L,,,,,,,,,,,,,,,,,,,,,,,,,,,
169,case_20,2024-04-10 18:36:45.837657,complete,CRP,positive,J,DC,24.0,,,1041.0,,,,,,,,,,,,,,,,,,,,,,
170,case_20,2024-04-10 20:11:56.837657,complete,IV Antibiotics,positive,E,,,,,,,,,,,,,,,,,,,,,,,,,,,
171,case_20,2024-04-10 21:29:23.837657,complete,CRP,positive,L,HC,25.0,,,2140.0,,,,,,,,,,,,,,,,,,,,,,
172,case_20,2024-04-10 21:42:10.837657,complete,IV Antibiotics,positive,L,,,,,,,,,,,,,,,,,,,,,,,,,,,
173,case_20,2024-04-10 23:26:55.837657,complete,Release A,positive,J,,,,,,,,,,,,,,,,,,,,,,,,,,,
174,case_20,2024-04-11 00:30:14.837657,complete,LacticAcid,positive,E,,,,12.0,,,,,,,,,,,,,,,,,,,,,,,
175,case_21,2024-04-10 15:36:57.837657,complete,CRP,positive,A,EE,20.0,,,5729.0,,,,,,,,,,,,,,,,,,,,,,
176,case_21,2024-04-10 17:14:59.837657,complete,LacticAcid,positive,L,,,,12.0,,,,,,,,,,,,,,,,,,,,,,,
177,case_21,2024-04-10 18:13:33.837657,complete,Release B,positive,E,,,,,,,,,,,,,,,,,,,,,,,,,,,
178,case_21,2024-04-10 19:20:07.837657,complete,CRP,positive,L,DE,21.0,,,1044.0,,,,,,,,,,,,,,,,,,,,,,
179,case_21,2024-04-10 19:37:33.837657,complete,Release B,positive,J,,,,,,,,,,,,,,,,,,,,,,,,,,,
180,case_21,2024-04-10 20:46:29.837657,complete,Leucocytes,positive,A,HE,20.0,1303.0,,,,,,,,,,,,,,,,,,,,,,,,
181,case_21,2024-04-10 22:18:59.837657,complete,LacticAcid,positive,L,,,,18.0,,,,,,,,,,,,,,,,,,,,,,,
182,case_21,2024-04-10 23:16:49.837657,complete,Admission NC,positive,L,,,,,,,,,,,,,,,,,,,,,,,,,,,
183,case_21,2024-04-10 23:40:54.837657,complete,Admission NC,positive,J,,,,,,,,,,,,,,,,,,,,,,,,,,,
184,case_22,2024-04-10 15:34:30.837657,complete,Leucocytes,positive,A,KE,20.0,136.0,,,,,,,,,,,,,,,,,,,,,,,,
185,case_22,2024-04-10 16:48:30.837657,complete,Admission NC,positive,C,,,,,,,,,,,,,,,,,,,,,,,,,,,
186,case_22,2024-04-10 18:29:36.837657,complete,Admission NC,positive,E,,,,,,,,,,,,,,,,,,,,,,,,,,,
187,case_22,2024-04-10 19:01:58.837657,complete,CRP,positive,L,UA,20.0,,,1044.0,,,,,,,,,,,,,,,,,,,,,,
188,case_22,2024-04-10 20:05:30.837657,complete,Admission IC,positive,L,,,,,,,,,,,,,,,,,,,,,,,,,,,
189,case_22,2024-04-10 20:58:23.837657,complete,Admission NC,positive,J,,,,,,,,,,,,,,,,,,,,,,,,,,,
190,case_22,2024-04-10 21:40:32.837657,complete,Admission NC,positive,L,,,,,,,,,,,,,,,,,,,,,,,,,,,
191,case_22,2024-04-10 23:25:31.837657,complete,Release B,positive,J,,,,,,,,,,,,,,,,,,,,,,,,,,,
192,case_22,2024-04-10 23:50:43.837657,complete,Admission NC,positive,J,,,,,,,,,,,,,,,,,,,,,,,,,,,
193,case_23,2024-04-10 16:14:06.837657,complete,Admission NC,positive,J,,,,,,,,,,,,,,,,,,,,,,,,,,,
194,case_23,2024-04-10 16:40:23.837657,complete,CRP,positive,E,GA,60.0,,,4339.0,,,,,,,,,,,,,,,,,,,,,,
195,case_23,2024-04-10 18:01:15.837657,complete,CRP,positive,L,F,20.0,,,4850.0,,,,,,,,,,,,,,,,,,,,,,
196,case_23,2024-04-10 19:07:59.837657,complete,Admission NC,positive,F,,,,,,,,,,,,,,,,,,,,,,,,,,,
197,case_23,2024-04-10 19:48:33.837657,complete,Leucocytes,positive,E,F,90.0,1549.0,,,,,,,,,,,,,,,,,,,,,,,,
198,case_24,2024-04-10 15:46:45.837657,complete,Admission NC,positive,J,,,,,,,,,,,,,,,,,,,,,,,,,,,
199,case_24,2024-04-10 16:50:59.837657,complete,LacticAcid,positive,E,,,,9.0,,,,,,,,,,,,,,,,,,,,,,,
200,case_24,2024-04-10 18:06:00.837657,complete,Admission NC,positive,E,,,,,,,,,,,,,,,,,,,,,,,,,,,
201,case_24,2024-04-10 18:55:59.837657,complete,CRP,positive,J,HD,20.0,,,55.0,,,,,,,,,,,,,,,,,,,,,,
202,case_24,2024-04-10 19:48:41.837657,complete,CRP,positive,A,G,20.0,,,5126.0,,,,,,,,,,,,,,,,,,,,,,
203,case_25,2024-04-10 15:37:05.837657,complete,LacticAcid,positive,J,,,,148.0,,,,,,,,,,,,,,,,,,,,,,,
204,case_25,2024-04-10 16:54:08.837657,complete,Admission NC,positive,A,,,,,,,,,,,,,,,,,,,,,,,,,,,
205,case_25,2024-04-10 17:49:17.837657,complete,CRP,positive,L,R,20.0,,,4824.0,,,,,,,,,,,,,,,,,,,,,,
206,case_25,2024-04-10 19:25:49.837657,complete,Admission NC,positive,J,,,,,,,,,,,,,,,,,,,,,,,,,,,
207,case_25,2024-04-10 20:06:36.837657,complete,CRP,positive,J,G,20.0,,,5283.0,,,,,,,,,,,,,,,,,,,,,,
208,case_26,2024-04-10 15:46:16.837657,complete,LacticAcid,positive,J,,,,10.0,,,,,,,,,,,,,,,,,,,,,,,
209,case_26,2024-04-10 17:15:15.837657,complete,Admission NC,positive,J,,,,,,,,,,,,,,,,,,,,,,,,,,,
210,case_26,2024-04-10 17:39:17.837657,complete,CRP,positive,J,VD,40.0,,,2693.0,,,,,,,,,,,,,,,,,,,,,,
211,case_26,2024-04-10 19:15:14.837657,complete,Release A,positive,L,,,,,,,,,,,,,,,,,,,,,,,,,,,
212,case_26,2024-04-10 20:25:02.837657,complete,CRP,positive,J,HD,20.0,,,50.0,,,,,,,,,,,,,,,,,,,,,,
213,case_26,2024-04-10 20:47:02.837657,complete,Release A,positive,J,,,,,,,,,,,,,,,,,,,,,,,,,,,
214,case_26,2024-04-10 22:27:15.837657,complete,Admission NC,positive,E,,,,,,,,,,,,,,,,,,,,,,,,,,,
215,case_27,2024-04-10 15:50:39.837657,complete,LacticAcid,positive,A,,,,10.0,,,,,,,,,,,,,,,,,,,,,,,
216,case_27,2024-04-10 17:25:29.837657,complete,LacticAcid,positive,E,,,,10.0,,,,,,,,,,,,,,,,,,,,,,,
217,case_27,2024-04-10 18:19:37.837657,complete,LacticAcid,positive,L,,,,20.0,,,,,,,,,,,,,,,,,,,,,,,
218,case_27,2024-04-10 18:39:15.837657,complete,CRP,positive,L,FE,24.0,,,685.0,,,,,,,,,,,,,,,,,,,,,,
219,case_27,2024-04-10 20:20:52.837657,complete,Admission NC,positive,L,,,,,,,,,,,,,,,,,,,,,,,,,,,
220,case_27,2024-04-10 20:52:34.837657,complete,Admission NC,positive,A,,,,,,,,,,,,,,,,,,,,,,,,,,,
221,case_27,2024-04-10 22:14:21.837657,complete,CRP,positive,L,BD,20.0,,,2835.0,,,,,,,,,,,,,,,,,,,,,,
222,case_28,2024-04-10 15:55:04.837657,complete,CRP,positive,E,XD,39.0,,,3819.0,,,,,,,,,,,,,,,,,,,,,,
223,case_28,2024-04-10 17:15:11.837657,complete,LacticAcid,positive,E,,,,9.0,,,,,,,,,,,,,,,,,,,,,,,
224,case_28,2024-04-10 17:40:35.837657,complete,LacticAcid,positive,A,,,,12.0,,,,,,,,,,,,,,,,,,,,,,,
225,case_28,2024-04-10 18:48:42.837657,complete,Admission NC,positive,L,,,,,,,,,,,,,,,,,,,,,,,,,,,
226,case_28,2024-04-10 19:47:41.837657,complete,Admission NC,positive,L,,,,,,,,,,,,,,,,,,,,,,,,,,,
227,case_28,2024-04-10 20:48:05.837657,complete,LacticAcid,positive,L,,,,37.0,,,,,,,,,,,,,,,,,,,,,,,
228,case_28,2024-04-10 22:05:43.837657,complete,CRP,positive,L,B,21.0,,,2863.0,,,,,,,,,,,,,,,,,,,,,,
229,case_29,2024-04-10 15:58:18.837657,complete,LacticAcid,positive,E,,,,13.0,,,,,,,,,,,,,,,,,,,,,,,
230,case_29,2024-04-10 17:13:44.837657,complete,LacticAcid,positive,L,,,,11.0,,,,,,,,,,,,,,,,,,,,,,,
231,case_29,2024-04-10 18:15:55.837657,complete,CRP,positive,E,VC,23.0,,,2696.0,,,,,,,,,,,,,,,,,,,,,,
232,case_29,2024-04-10 18:55:33.837657,complete,CRP,positive,E,UB,20.0,,,683.0,,,,,,,,,,,,,,,,,,,,,,
233,case_29,2024-04-10 19:58:22.837657,complete,Admission NC,positive,E,,,,,,,,,,,,,,,,,,,,,,,,,,,
234,case_29,2024-04-10 20:48:09.837657,complete,Admission NC,positive,L,,,,,,,,,,,,,,,,,,,,,,,,,,,
235,case_29,2024-04-10 22:24:12.837657,complete,Admission NC,positive,A,,,,,,,,,,,,,,,,,,,,,,,,,,,
