,case:concept:name,time:timestamp,lifecycle:transition,concept:name,case:label,org:group,Diagnose,Age,CRP,LacticAcid,Leucocytes
0,case_0,2024-04-10 16:35:57.131408,complete,CRP,positive,?,YB,23.0,3597.0,,
1,case_0,2024-04-10 17:25:10.131408,complete,LacticAcid,positive,A,,,,2.0,
2,case_0,2024-04-10 18:01:05.131408,complete,Leucocytes,positive,K,YB,21.0,,,138.0
3,case_0,2024-04-10 19:09:10.131408,complete,Leucocytes,positive,I,QA,21.0,,,363.0
4,case_0,2024-04-10 20:33:30.131408,complete,Leucocytes,positive,K,YB,20.0,,,139.0
5,case_0,2024-04-10 21:18:33.131408,complete,Admission NC,positive,E,,,,,
6,case_0,2024-04-10 22:19:35.131408,complete,CRP,positive,A,YA,25.0,4059.0,,
7,case_0,2024-04-10 22:57:55.131408,complete,Admission NC,positive,F,,,,,
8,case_1,2024-04-10 16:38:10.131408,complete,CRP,positive,K,YA,20.0,629.0,,
9,case_1,2024-04-10 16:47:43.131408,complete,CRP,positive,K,YC,23.0,50.0,,
10,case_1,2024-04-10 18:22:48.131408,complete,CRP,positive,I,YA,20.0,461.0,,
11,case_1,2024-04-10 19:21:03.131408,complete,CRP,positive,K,YA,20.0,1784.0,,
12,case_1,2024-04-10 20:36:15.131408,complete,Leucocytes,positive,K,YC,20.0,,,1147.0
13,case_1,2024-04-10 20:48:10.131408,complete,CRP,positive,I,AD,20.0,50.0,,
14,case_1,2024-04-10 21:42:38.131408,complete,Admission NC,positive,F,,,,,
15,case_1,2024-04-10 22:42:27.131408,complete,Admission NC,positive,F,,,,,
16,case_2,2024-04-10 16:28:06.131408,complete,LacticAcid,positive,I,,,,2.0,
17,case_2,2024-04-10 17:19:53.131408,complete,Leucocytes,positive,K,YB,22.0,,,139.0
18,case_2,2024-04-10 17:58:09.131408,complete,Leucocytes,positive,F,YA,23.0,,,3451.0
19,case_2,2024-04-10 19:34:40.131408,complete,Admission NC,positive,J,,,,,
20,case_2,2024-04-10 19:41:34.131408,complete,Leucocytes,positive,K,YB,20.0,,,1069.0
21,case_2,2024-04-10 21:12:09.131408,complete,Admission NC,positive,F,,,,,
22,case_2,2024-04-10 21:58:51.131408,complete,CRP,positive,F,YC,21.0,4566.0,,
23,case_2,2024-04-10 23:12:50.131408,complete,CRP,positive,K,YB,23.0,3977.0,,
24,case_3,2024-04-10 16:21:42.131408,complete,CRP,positive,K,YB,24.0,2275.0,,
25,case_3,2024-04-10 17:07:47.131408,complete,CRP,positive,I,YA,21.0,50.0,,
26,case_3,2024-04-10 18:36:17.131408,complete,Admission NC,positive,J,,,,,
27,case_3,2024-04-10 19:37:56.131408,complete,CRP,positive,K,YD,22.0,581.0,,
28,case_3,2024-04-10 19:41:53.131408,complete,Admission NC,positive,J,,,,,
29,case_3,2024-04-10 21:32:31.131408,complete,Leucocytes,positive,K,QB,20.0,,,2373.0
30,case_3,2024-04-10 22:25:14.131408,complete,LacticAcid,positive,K,,,,48.0,
31,case_3,2024-04-10 22:56:08.131408,complete,CRP,positive,I,QC,20.0,50.0,,
32,case_4,2024-04-10 15:46:43.131408,complete,Leucocytes,positive,K,YD,21.0,,,1403.0
33,case_4,2024-04-10 17:34:04.131408,complete,Leucocytes,positive,K,YA,20.0,,,138.0
34,case_4,2024-04-10 18:15:45.131408,complete,CRP,positive,K,YA,20.0,461.0,,
35,case_4,2024-04-10 18:40:44.131408,complete,CRP,positive,A,YA,21.0,1784.0,,
36,case_4,2024-04-10 19:54:13.131408,complete,Leucocytes,positive,K,YB,20.0,,,1147.0
37,case_4,2024-04-10 20:44:08.131408,complete,Leucocytes,positive,I,AD,22.0,,,139.0
38,case_4,2024-04-10 22:27:46.131408,complete,Admission NC,positive,J,,,,,
39,case_4,2024-04-10 23:28:39.131408,complete,Admission NC,positive,F,,,,,
40,case_5,2024-04-10 15:49:20.131408,complete,CRP,positive,I,YA,20.0,629.0,,
41,case_5,2024-04-10 16:47:54.131408,complete,Leucocytes,positive,K,YC,23.0,,,2267.0
42,case_5,2024-04-10 18:11:42.131408,complete,CRP,positive,I,YA,20.0,50.0,,
43,case_5,2024-04-10 19:01:40.131408,complete,CRP,positive,K,YA,20.0,1784.0,,
44,case_5,2024-04-10 20:30:27.131408,complete,CRP,positive,K,YC,20.0,50.0,,
45,case_5,2024-04-10 21:07:36.131408,complete,Leucocytes,positive,I,AD,20.0,,,138.0
46,case_5,2024-04-10 22:08:52.131408,complete,Admission NC,positive,?,,,,,
47,case_5,2024-04-10 23:25:57.131408,complete,Admission NC,positive,F,,,,,
48,case_6,2024-04-10 16:07:14.131408,complete,Leucocytes,positive,I,YB,20.0,,,2058.0
49,case_6,2024-04-10 17:04:01.131408,complete,Leucocytes,positive,K,YA,20.0,,,1514.0
50,case_6,2024-04-10 18:22:19.131408,complete,CRP,positive,K,YA,22.0,461.0,,
51,case_6,2024-04-10 19:24:04.131408,complete,Admission NC,positive,F,,,,,
52,case_6,2024-04-10 20:14:10.131408,complete,Leucocytes,positive,K,YB,20.0,,,1147.0
53,case_6,2024-04-10 21:34:34.131408,complete,CRP,positive,I,AD,20.0,4886.0,,
54,case_6,2024-04-10 21:45:24.131408,complete,CRP,positive,I,YC,20.0,50.0,,
55,case_6,2024-04-10 22:46:39.131408,complete,Admission NC,positive,F,,,,,
56,case_7,2024-04-10 16:28:39.131408,complete,Admission NC,positive,J,,,,,
57,case_7,2024-04-10 16:52:03.131408,complete,Admission NC,positive,F,,,,,
58,case_7,2024-04-10 18:38:02.131408,complete,CRP,positive,A,YA,21.0,3201.0,,
59,case_7,2024-04-10 19:20:15.131408,complete,CRP,positive,I,YA,20.0,3468.0,,
60,case_7,2024-04-10 20:10:47.131408,complete,Leucocytes,positive,?,YA,20.0,,,1812.0
61,case_7,2024-04-10 20:51:25.131408,complete,CRP,positive,K,YA,20.0,51.0,,
62,case_7,2024-04-10 21:41:46.131408,complete,CRP,positive,K,YD,20.0,3917.0,,
63,case_7,2024-04-10 23:14:11.131408,complete,CRP,positive,K,V,20.0,50.0,,
64,case_8,2024-04-10 16:34:18.131408,complete,Admission NC,positive,J,,,,,
65,case_8,2024-04-10 16:47:55.131408,complete,Admission NC,positive,F,,,,,
66,case_8,2024-04-10 18:30:03.131408,complete,CRP,positive,A,YA,21.0,3201.0,,
67,case_8,2024-04-10 18:45:26.131408,complete,CRP,positive,I,YA,20.0,3468.0,,
68,case_8,2024-04-10 19:48:06.131408,complete,CRP,positive,?,YA,20.0,243.0,,
69,case_8,2024-04-10 21:22:34.131408,complete,CRP,positive,K,YA,20.0,51.0,,
70,case_8,2024-04-10 22:11:46.131408,complete,CRP,positive,K,YD,20.0,3917.0,,
71,case_8,2024-04-10 23:02:31.131408,complete,CRP,positive,K,V,20.0,50.0,,
72,case_9,2024-04-10 15:51:55.131408,complete,Admission NC,positive,D,,,,,
73,case_9,2024-04-10 17:33:46.131408,complete,Admission NC,positive,J,,,,,
74,case_9,2024-04-10 17:41:29.131408,complete,Leucocytes,positive,K,YB,20.0,,,3630.0
75,case_9,2024-04-10 19:32:27.131408,complete,Leucocytes,positive,K,YA,20.0,,,3520.0
76,case_9,2024-04-10 20:15:54.131408,complete,CRP,positive,A,YC,20.0,4344.0,,
77,case_9,2024-04-10 20:54:56.131408,complete,Leucocytes,positive,A,YA,20.0,,,64.0
78,case_9,2024-04-10 21:45:16.131408,complete,CRP,positive,K,YB,20.0,50.0,,
79,case_9,2024-04-10 23:10:51.131408,complete,Leucocytes,positive,K,YD,20.0,,,392.0
80,case_10,2024-04-10 15:50:10.131408,complete,Leucocytes,positive,A,YB,20.0,,,2601.0
81,case_10,2024-04-10 16:47:29.131408,complete,Leucocytes,positive,L,YA,21.0,,,3346.0
82,case_10,2024-04-10 18:21:40.131408,complete,CRP,positive,K,YA,20.0,3201.0,,
83,case_10,2024-04-10 18:40:05.131408,complete,CRP,positive,K,QA,21.0,4514.0,,
84,case_10,2024-04-10 20:15:31.131408,complete,Leucocytes,positive,K,IA,20.0,,,139.0
85,case_10,2024-04-10 21:10:24.131408,complete,Admission NC,positive,A,,,,,
86,case_10,2024-04-10 22:17:57.131408,complete,CRP,positive,K,YB,20.0,2944.0,,
87,case_10,2024-04-10 23:35:02.131408,complete,Admission NC,positive,J,,,,,
88,case_11,2024-04-10 16:09:40.131408,complete,CRP,positive,K,YA,21.0,1877.0,,
89,case_11,2024-04-10 16:41:02.131408,complete,Leucocytes,positive,A,YD,22.0,,,138.0
90,case_11,2024-04-10 18:33:05.131408,complete,Admission NC,positive,?,,,,,
91,case_11,2024-04-10 18:55:06.131408,complete,Admission NC,positive,A,,,,,
92,case_11,2024-04-10 19:43:38.131408,complete,Leucocytes,positive,K,YB,20.0,,,3462.0
93,case_12,2024-04-10 15:46:08.131408,complete,CRP,positive,K,IE,20.0,5312.0,,
94,case_12,2024-04-10 17:38:07.131408,complete,Return ER,positive,?,,,,,
95,case_12,2024-04-10 17:56:36.131408,complete,CRP,positive,K,YA,20.0,3254.0,,
96,case_12,2024-04-10 18:58:29.131408,complete,Admission NC,positive,F,,,,,
97,case_12,2024-04-10 19:47:08.131408,complete,Admission NC,positive,F,,,,,
98,case_13,2024-04-10 15:50:20.131408,complete,CRP,positive,K,YC,21.0,4734.0,,
99,case_13,2024-04-10 17:01:16.131408,complete,Admission NC,positive,A,,,,,
100,case_13,2024-04-10 17:48:31.131408,complete,Admission NC,positive,J,,,,,
101,case_13,2024-04-10 19:03:14.131408,complete,CRP,positive,K,YB,20.0,4853.0,,
102,case_13,2024-04-10 20:22:34.131408,complete,CRP,positive,I,YC,20.0,50.0,,
103,case_14,2024-04-10 16:20:01.131408,complete,CRP,positive,K,YB,21.0,4734.0,,
104,case_14,2024-04-10 16:56:48.131408,complete,Admission NC,positive,J,,,,,
105,case_14,2024-04-10 18:08:24.131408,complete,Admission NC,positive,E,,,,,
106,case_14,2024-04-10 19:02:15.131408,complete,CRP,positive,A,YB,20.0,4853.0,,
107,case_14,2024-04-10 20:34:49.131408,complete,CRP,positive,K,YB,20.0,50.0,,
108,case_15,2024-04-10 16:03:32.131408,complete,Leucocytes,positive,K,YC,21.0,,,604.0
109,case_15,2024-04-10 17:09:42.131408,complete,CRP,positive,?,YA,20.0,50.0,,
110,case_15,2024-04-10 17:55:56.131408,complete,Admission NC,positive,F,,,,,
111,case_15,2024-04-10 19:04:59.131408,complete,Admission NC,positive,F,,,,,
112,case_15,2024-04-10 20:11:04.131408,complete,LacticAcid,positive,K,,,,57.0,
113,case_16,2024-04-10 15:41:33.131408,complete,CRP,positive,K,YA,20.0,4264.0,,
114,case_16,2024-04-10 16:41:59.131408,complete,Admission NC,positive,J,,,,,
115,case_16,2024-04-10 18:02:55.131408,complete,Leucocytes,positive,A,YB,22.0,,,138.0
116,case_16,2024-04-10 19:31:12.131408,complete,Leucocytes,positive,I,YA,21.0,,,905.0
117,case_16,2024-04-10 19:41:16.131408,complete,Admission NC,positive,J,,,,,
118,case_16,2024-04-10 20:41:24.131408,complete,CRP,positive,I,QA,21.0,2892.0,,
119,case_16,2024-04-10 22:12:49.131408,complete,Leucocytes,positive,K,YD,21.0,,,3233.0
120,case_16,2024-04-10 22:45:00.131408,complete,Leucocytes,positive,K,YA,21.0,,,44.0
121,case_16,2024-04-11 00:36:49.131408,complete,CRP,positive,A,X,20.0,51.0,,
122,case_17,2024-04-10 15:51:54.131408,complete,CRP,positive,K,YA,20.0,2973.0,,
123,case_17,2024-04-10 17:27:01.131408,complete,CRP,positive,I,YA,20.0,87.0,,
124,case_17,2024-04-10 17:40:47.131408,complete,Leucocytes,positive,K,YA,20.0,,,138.0
125,case_17,2024-04-10 19:23:37.131408,complete,Leucocytes,positive,A,YA,20.0,,,138.0
126,case_17,2024-04-10 20:01:19.131408,complete,LacticAcid,positive,A,,,,2.0,
127,case_17,2024-04-10 21:15:52.131408,complete,Leucocytes,positive,A,YA,20.0,,,138.0
128,case_17,2024-04-10 22:26:38.131408,complete,Leucocytes,positive,A,YC,21.0,,,139.0
129,case_17,2024-04-10 22:57:26.131408,complete,Admission NC,positive,A,,,,,
130,case_17,2024-04-10 23:55:54.131408,complete,Admission NC,positive,F,,,,,
131,case_18,2024-04-10 16:33:11.131408,complete,Leucocytes,positive,I,YA,20.0,,,404.0
132,case_18,2024-04-10 16:53:00.131408,complete,Leucocytes,positive,I,YA,22.0,,,3369.0
133,case_18,2024-04-10 18:34:07.131408,complete,Leucocytes,positive,K,YA,20.0,,,138.0
134,case_18,2024-04-10 19:04:30.131408,complete,CRP,positive,L,YB,23.0,50.0,,
135,case_18,2024-04-10 20:38:40.131408,complete,Leucocytes,positive,A,YA,21.0,,,138.0
136,case_18,2024-04-10 21:36:12.131408,complete,Leucocytes,positive,I,YB,24.0,,,3572.0
137,case_18,2024-04-10 22:35:05.131408,complete,CRP,positive,I,YA,21.0,50.0,,
138,case_18,2024-04-10 23:14:35.131408,complete,Admission NC,positive,J,,,,,
139,case_18,2024-04-11 00:38:54.131408,complete,Admission NC,positive,F,,,,,
140,case_19,2024-04-10 16:36:31.131408,complete,LacticAcid,positive,A,,,,3.0,
141,case_19,2024-04-10 16:55:21.131408,complete,Leucocytes,positive,I,YD,22.0,,,138.0
142,case_19,2024-04-10 18:09:11.131408,complete,LacticAcid,positive,K,,,,2.0,
143,case_19,2024-04-10 19:02:45.131408,complete,Leucocytes,positive,I,YB,21.0,,,856.0
144,case_19,2024-04-10 19:42:30.131408,complete,Leucocytes,positive,L,YB,20.0,,,138.0
145,case_19,2024-04-10 21:29:00.131408,complete,Admission NC,positive,J,,,,,
146,case_19,2024-04-10 21:50:48.131408,complete,Admission NC,positive,F,,,,,
147,case_19,2024-04-10 22:41:32.131408,complete,Leucocytes,positive,I,YA,23.0,,,2198.0
148,case_19,2024-04-11 00:15:07.131408,complete,Leucocytes,positive,A,YA,25.0,,,3450.0
149,case_20,2024-04-10 16:05:15.131408,complete,Leucocytes,positive,K,YA,22.0,,,2738.0
150,case_20,2024-04-10 17:01:20.131408,complete,Leucocytes,positive,A,YA,22.0,,,2088.0
151,case_20,2024-04-10 18:25:53.131408,complete,Leucocytes,positive,K,YB,24.0,,,138.0
152,case_20,2024-04-10 18:49:29.131408,complete,CRP,positive,K,YC,20.0,50.0,,
153,case_20,2024-04-10 20:09:46.131408,complete,Admission NC,positive,F,,,,,
154,case_20,2024-04-10 21:24:15.131408,complete,Admission NC,positive,F,,,,,
155,case_20,2024-04-10 22:39:19.131408,complete,CRP,positive,A,JB,22.0,5551.0,,
156,case_21,2024-04-10 16:08:23.131408,complete,Leucocytes,positive,?,YA,21.0,,,2738.0
157,case_21,2024-04-10 17:37:32.131408,complete,Leucocytes,positive,L,YA,22.0,,,941.0
158,case_21,2024-04-10 18:23:55.131408,complete,Admission NC,positive,F,,,,,
159,case_21,2024-04-10 19:13:48.131408,complete,CRP,positive,K,YC,20.0,935.0,,
160,case_21,2024-04-10 19:45:28.131408,complete,Admission NC,positive,A,,,,,
161,case_21,2024-04-10 21:07:11.131408,complete,Leucocytes,positive,A,YA,21.0,,,427.0
162,case_21,2024-04-10 22:05:05.131408,complete,CRP,positive,K,YA,20.0,5551.0,,
163,case_22,2024-04-10 16:11:35.131408,complete,Leucocytes,positive,K,YA,21.0,,,3611.0
164,case_22,2024-04-10 17:01:01.131408,complete,CRP,positive,A,YA,21.0,1145.0,,
165,case_22,2024-04-10 18:26:46.131408,complete,Leucocytes,positive,K,YD,20.0,,,140.0
166,case_22,2024-04-10 19:13:48.131408,complete,Leucocytes,positive,K,YB,20.0,,,3685.0
167,case_22,2024-04-10 20:34:02.131408,complete,Admission NC,positive,L,,,,,
168,case_22,2024-04-10 21:18:24.131408,complete,CRP,positive,K,YA,20.0,1850.0,,
169,case_22,2024-04-10 22:19:43.131408,complete,Admission NC,positive,J,,,,,
170,case_23,2024-04-10 16:36:02.131408,complete,Leucocytes,positive,K,YC,20.0,,,1938.0
171,case_23,2024-04-10 17:06:40.131408,complete,CRP,positive,A,YA,21.0,50.0,,
172,case_23,2024-04-10 17:53:52.131408,complete,Leucocytes,positive,L,YA,22.0,,,138.0
173,case_23,2024-04-10 18:50:03.131408,complete,Admission NC,positive,J,,,,,
174,case_23,2024-04-10 19:54:09.131408,complete,Admission NC,positive,F,,,,,
175,case_23,2024-04-10 20:56:49.131408,complete,Leucocytes,positive,K,YC,20.0,,,2779.0
176,case_23,2024-04-10 21:58:53.131408,complete,CRP,positive,K,YC,20.0,510.0,,
177,case_24,2024-04-10 16:30:30.131408,complete,CRP,positive,I,YA,22.0,4381.0,,
178,case_24,2024-04-10 17:09:43.131408,complete,Leucocytes,positive,K,YC,23.0,,,435.0
179,case_24,2024-04-10 18:35:17.131408,complete,Admission NC,positive,F,,,,,
180,case_24,2024-04-10 18:53:31.131408,complete,CRP,positive,K,YC,20.0,3671.0,,
181,case_24,2024-04-10 19:46:31.131408,complete,CRP,positive,?,YB,20.0,4596.0,,
182,case_24,2024-04-10 21:20:37.131408,complete,IV Antibiotics,positive,L,,,,,
183,case_24,2024-04-10 22:03:03.131408,complete,Admission NC,positive,J,,,,,
184,case_25,2024-04-10 16:19:54.131408,complete,Admission NC,positive,J,,,,,
185,case_25,2024-04-10 16:56:37.131408,complete,CRP,positive,K,YB,20.0,780.0,,
186,case_25,2024-04-10 18:21:49.131408,complete,CRP,positive,I,YA,21.0,50.0,,
187,case_25,2024-04-10 19:12:25.131408,complete,CRP,positive,K,YB,22.0,50.0,,
188,case_25,2024-04-10 20:35:45.131408,complete,CRP,positive,K,YC,22.0,957.0,,
189,case_25,2024-04-10 21:24:21.131408,complete,CRP,positive,K,QB,21.0,50.0,,
190,case_25,2024-04-10 21:49:08.131408,complete,Leucocytes,positive,K,YA,21.0,,,139.0
191,case_25,2024-04-10 23:32:41.131408,complete,Leucocytes,positive,K,YA,20.0,,,138.0
192,case_25,2024-04-11 00:37:01.131408,complete,CRP,positive,K,YC,20.0,2389.0,,
193,case_25,2024-04-11 01:28:17.131408,complete,Admission NC,positive,A,,,,,
194,case_26,2024-04-10 16:27:13.131408,complete,Admission NC,positive,J,,,,,
195,case_26,2024-04-10 17:14:53.131408,complete,CRP,positive,K,YA,22.0,780.0,,
196,case_26,2024-04-10 18:06:10.131408,complete,CRP,positive,K,YB,20.0,50.0,,
197,case_26,2024-04-10 19:00:46.131408,complete,CRP,positive,I,YA,21.0,50.0,,
198,case_26,2024-04-10 19:40:32.131408,complete,CRP,positive,A,YA,22.0,957.0,,
199,case_26,2024-04-10 21:30:41.131408,complete,CRP,positive,A,YA,25.0,50.0,,
200,case_26,2024-04-10 21:41:52.131408,complete,Leucocytes,positive,I,XC,20.0,,,139.0
201,case_26,2024-04-10 23:06:10.131408,complete,CRP,positive,K,YB,20.0,2242.0,,
202,case_26,2024-04-10 23:53:08.131408,complete,Admission NC,positive,A,,,,,
203,case_26,2024-04-11 01:00:01.131408,complete,CRP,positive,K,YA,22.0,2080.0,,
204,case_27,2024-04-10 16:09:38.131408,complete,Leucocytes,positive,K,YB,23.0,,,242.0
205,case_27,2024-04-10 17:34:41.131408,complete,CRP,positive,?,YB,20.0,99.0,,
206,case_27,2024-04-10 18:10:25.131408,complete,Admission NC,positive,A,,,,,
207,case_27,2024-04-10 19:11:43.131408,complete,Admission NC,positive,F,,,,,
208,case_27,2024-04-10 20:10:29.131408,complete,CRP,positive,I,YA,21.0,3697.0,,
209,case_27,2024-04-10 20:40:05.131408,complete,Leucocytes,positive,A,YA,21.0,,,3459.0
210,case_28,2024-04-10 15:42:18.131408,complete,Leucocytes,positive,I,YC,20.0,,,314.0
211,case_28,2024-04-10 17:21:40.131408,complete,Leucocytes,positive,I,YA,23.0,,,931.0
212,case_28,2024-04-10 18:12:05.131408,complete,Leucocytes,positive,K,YA,21.0,,,138.0
213,case_28,2024-04-10 19:02:34.131408,complete,CRP,positive,K,YC,20.0,50.0,,
214,case_28,2024-04-10 20:24:22.131408,complete,Admission NC,positive,F,,,,,
215,case_28,2024-04-10 21:20:31.131408,complete,Admission NC,positive,A,,,,,
216,case_29,2024-04-10 15:41:25.131408,complete,Admission NC,positive,F,,,,,
217,case_29,2024-04-10 17:24:24.131408,complete,Leucocytes,positive,A,YA,22.0,,,244.0
218,case_29,2024-04-10 17:41:00.131408,complete,CRP,positive,K,YB,24.0,3962.0,,
219,case_29,2024-04-10 18:55:50.131408,complete,Admission NC,positive,F,,,,,
220,case_29,2024-04-10 20:25:30.131408,complete,LacticAcid,positive,K,,,,80.0,
221,case_29,2024-04-10 20:41:34.131408,complete,Leucocytes,positive,A,YA,22.0,,,138.0
