,case:concept:name,time:timestamp,lifecycle:transition,concept:name,case:label,org:group,Diagnose,Age,InfectionSuspected,DiagnosticBlood,DisfuncOrg,SIRSCritTachypnea,Hypotensie,SIRSCritHeartRate,Infusion,DiagnosticArtAstrup,DiagnosticIC,DiagnosticSputum,DiagnosticLiquor,DiagnosticOther,SIRSCriteria2OrMore,DiagnosticXthorax,SIRSCritTemperature,DiagnosticUrinaryCulture,SIRSCritLeucos,Oligurie,DiagnosticLacticAcid,Hypoxie,DiagnosticUrinarySediment,DiagnosticECG,Leucocytes,LacticAcid
0,case_0,2024-04-10 16:18:23.940789,complete,Admission NC,positive,J,,,,,,,,,,,,,,,,,,,,,,,,,,
1,case_0,2024-04-10 16:56:39.940789,complete,Return ER,positive,?,,,,,,,,,,,,,,,,,,,,,,,,,,
2,case_0,2024-04-10 18:22:38.940789,complete,Release A,positive,E,,,,,,,,,,,,,,,,,,,,,,,,,,
3,case_0,2024-04-10 19:10:55.940789,complete,ER Registration,positive,Y,HE,90.0,false,false,true,false,true,false,false,true,false,false,true,true,false,false,false,false,true,true,false,true,false,false,,
4,case_0,2024-04-10 19:32:26.940789,complete,IV Antibiotics,positive,L,,,,,,,,,,,,,,,,,,,,,,,,,,
5,case_0,2024-04-10 21:07:23.940789,complete,Release B,positive,E,,,,,,,,,,,,,,,,,,,,,,,,,,
6,case_0,2024-04-10 21:51:38.940789,complete,Admission NC,positive,K,,,,,,,,,,,,,,,,,,,,,,,,,,
7,case_0,2024-04-10 23:15:40.940789,complete,Release B,positive,E,,,,,,,,,,,,,,,,,,,,,,,,,,
8,case_0,2024-04-10 23:37:52.940789,complete,Release A,positive,Y,,,,,,,,,,,,,,,,,,,,,,,,,,
9,case_1,2024-04-10 15:34:50.940789,complete,Admission NC,positive,F,,,,,,,,,,,,,,,,,,,,,,,,,,
10,case_1,2024-04-10 16:55:56.940789,complete,Return ER,positive,?,,,,,,,,,,,,,,,,,,,,,,,,,,
11,case_1,2024-04-10 18:23:24.940789,complete,Release A,positive,E,,,,,,,,,,,,,,,,,,,,,,,,,,
12,case_1,2024-04-10 18:43:45.940789,complete,Release B,positive,E,,,,,,,,,,,,,,,,,,,,,,,,,,
13,case_1,2024-04-10 19:40:21.940789,complete,Return ER,positive,?,,,,,,,,,,,,,,,,,,,,,,,,,,
14,case_1,2024-04-10 20:56:59.940789,complete,Return ER,positive,?,,,,,,,,,,,,,,,,,,,,,,,,,,
15,case_1,2024-04-10 21:57:54.940789,complete,Release A,positive,Y,,,,,,,,,,,,,,,,,,,,,,,,,,
16,case_1,2024-04-10 22:33:35.940789,complete,Release A,positive,Y,,,,,,,,,,,,,,,,,,,,,,,,,,
17,case_1,2024-04-11 00:05:47.940789,complete,Admission NC,positive,J,,,,,,,,,,,,,,,,,,,,,,,,,,
18,case_2,2024-04-10 16:03:35.940789,complete,ER Triage,positive,C,HE,90.0,,,,,,,,,,,,,,,,,,,,,,,,
19,case_2,2024-04-10 17:10:40.940789,complete,Admission NC,positive,F,,,,,,,,,,,,,,,,,,,,,,,,,,
20,case_2,2024-04-10 18:27:43.940789,complete,Admission NC,positive,J,,,,,,,,,,,,,,,,,,,,,,,,,,
21,case_2,2024-04-10 18:44:33.940789,complete,ER Triage,positive,C,Q,20.0,,,,,,,,,,,,,,,,,,,,,,,,
22,case_2,2024-04-10 19:53:50.940789,complete,Admission NC,positive,F,,,,,,,,,,,,,,,,,,,,,,,,,,
23,case_2,2024-04-10 20:51:59.940789,complete,Admission NC,positive,F,,,,,,,,,,,,,,,,,,,,,,,,,,
24,case_2,2024-04-10 21:41:49.940789,complete,Admission NC,positive,F,,,,,,,,,,,,,,,,,,,,,,,,,,
25,case_2,2024-04-10 23:22:26.940789,complete,Admission NC,positive,J,,,,,,,,,,,,,,,,,,,,,,,,,,
26,case_2,2024-04-11 00:18:49.940789,complete,IV Antibiotics,positive,L,,,,,,,,,,,,,,,,,,,,,,,,,,
27,case_3,2024-04-10 16:18:58.940789,complete,Admission NC,positive,F,,,,,,,,,,,,,,,,,,,,,,,,,,
28,case_3,2024-04-10 17:20:32.940789,complete,IV Antibiotics,positive,A,,,,,,,,,,,,,,,,,,,,,,,,,,
29,case_3,2024-04-10 18:23:55.940789,complete,ER Registration,positive,Y,HE,90.0,false,false,true,false,true,false,false,true,false,false,true,true,false,false,false,false,true,true,false,true,false,false,,
30,case_3,2024-04-10 19:01:52.940789,complete,Admission NC,positive,F,,,,,,,,,,,,,,,,,,,,,,,,,,
31,case_3,2024-04-10 20:16:30.940789,complete,IV Antibiotics,positive,L,,,,,,,,,,,,,,,,,,,,,,,,,,
32,case_3,2024-04-10 20:42:30.940789,complete,Admission NC,positive,F,,,,,,,,,,,,,,,,,,,,,,,,,,
33,case_3,2024-04-10 21:35:52.940789,complete,Admission NC,positive,F,,,,,,,,,,,,,,,,,,,,,,,,,,
34,case_3,2024-04-10 22:36:47.940789,complete,IV Antibiotics,positive,L,,,,,,,,,,,,,,,,,,,,,,,,,,
35,case_3,2024-04-10 23:50:00.940789,complete,Release B,positive,E,,,,,,,,,,,,,,,,,,,,,,,,,,
36,case_4,2024-04-10 16:18:14.940789,complete,Admission NC,positive,J,,,,,,,,,,,,,,,,,,,,,,,,,,
37,case_4,2024-04-10 17:28:41.940789,complete,Return ER,positive,?,,,,,,,,,,,,,,,,,,,,,,,,,,
38,case_4,2024-04-10 17:47:35.940789,complete,Release A,positive,E,,,,,,,,,,,,,,,,,,,,,,,,,,
39,case_4,2024-04-10 19:10:12.940789,complete,ER Registration,positive,Y,HE,90.0,false,true,true,true,true,false,false,true,false,false,true,false,true,false,false,false,true,true,false,false,false,true,,
40,case_4,2024-04-10 19:58:57.940789,complete,ER Triage,positive,C,LA,20.0,,,,,,,,,,,,,,,,,,,,,,,,
41,case_4,2024-04-10 20:41:38.940789,complete,ER Triage,positive,C,YA,20.0,,,,,,,,,,,,,,,,,,,,,,,,
42,case_4,2024-04-10 21:41:27.940789,complete,Return ER,positive,?,,,,,,,,,,,,,,,,,,,,,,,,,,
43,case_4,2024-04-10 22:59:06.940789,complete,Release A,positive,E,,,,,,,,,,,,,,,,,,,,,,,,,,
44,case_4,2024-04-11 00:13:53.940789,complete,Admission NC,positive,J,,,,,,,,,,,,,,,,,,,,,,,,,,
45,case_5,2024-04-10 16:15:29.940789,complete,Admission NC,positive,J,,,,,,,,,,,,,,,,,,,,,,,,,,
46,case_5,2024-04-10 16:47:54.940789,complete,Admission NC,positive,J,,,,,,,,,,,,,,,,,,,,,,,,,,
47,case_5,2024-04-10 17:51:46.940789,complete,Admission IC,positive,J,,,,,,,,,,,,,,,,,,,,,,,,,,
48,case_5,2024-04-10 18:51:03.940789,complete,Admission NC,positive,J,,,,,,,,,,,,,,,,,,,,,,,,,,
49,case_5,2024-04-10 19:58:18.940789,complete,Admission NC,positive,J,,,,,,,,,,,,,,,,,,,,,,,,,,
50,case_5,2024-04-10 21:21:09.940789,complete,Admission NC,positive,J,,,,,,,,,,,,,,,,,,,,,,,,,,
51,case_5,2024-04-10 22:13:45.940789,complete,Admission NC,positive,J,,,,,,,,,,,,,,,,,,,,,,,,,,
52,case_5,2024-04-10 22:51:28.940789,complete,Admission NC,positive,F,,,,,,,,,,,,,,,,,,,,,,,,,,
53,case_5,2024-04-11 00:27:42.940789,complete,Admission NC,positive,J,,,,,,,,,,,,,,,,,,,,,,,,,,
54,case_5,2024-04-11 00:49:33.940789,complete,Admission NC,positive,J,,,,,,,,,,,,,,,,,,,,,,,,,,
55,case_6,2024-04-10 15:41:16.940789,complete,Release B,positive,E,,,,,,,,,,,,,,,,,,,,,,,,,,
56,case_6,2024-04-10 16:40:50.940789,complete,Admission NC,positive,J,,,,,,,,,,,,,,,,,,,,,,,,,,
57,case_6,2024-04-10 17:34:41.940789,complete,Admission IC,positive,J,,,,,,,,,,,,,,,,,,,,,,,,,,
58,case_6,2024-04-10 19:13:38.940789,complete,Admission NC,positive,J,,,,,,,,,,,,,,,,,,,,,,,,,,
59,case_6,2024-04-10 19:58:44.940789,complete,Admission NC,positive,J,,,,,,,,,,,,,,,,,,,,,,,,,,
60,case_6,2024-04-10 21:27:13.940789,complete,Admission NC,positive,J,,,,,,,,,,,,,,,,,,,,,,,,,,
61,case_6,2024-04-10 22:02:01.940789,complete,Admission NC,positive,J,,,,,,,,,,,,,,,,,,,,,,,,,,
62,case_6,2024-04-10 23:27:00.940789,complete,Admission NC,positive,J,,,,,,,,,,,,,,,,,,,,,,,,,,
63,case_6,2024-04-11 00:30:49.940789,complete,Admission NC,positive,J,,,,,,,,,,,,,,,,,,,,,,,,,,
64,case_6,2024-04-11 00:46:42.940789,complete,Admission NC,positive,J,,,,,,,,,,,,,,,,,,,,,,,,,,
65,case_7,2024-04-10 15:34:48.940789,complete,ER Triage,positive,C,YA,20.0,,,,,,,,,,,,,,,,,,,,,,,,
66,case_7,2024-04-10 17:14:49.940789,complete,Admission NC,positive,F,,,,,,,,,,,,,,,,,,,,,,,,,,
67,case_7,2024-04-10 17:38:26.940789,complete,Leucocytes,positive,K,YA,20.0,,,,,,,,,,,,,,,,,,,,,,,140.0,
68,case_7,2024-04-10 18:53:37.940789,complete,ER Triage,positive,C,YA,20.0,,,,,,,,,,,,,,,,,,,,,,,,
69,case_7,2024-04-10 20:29:57.940789,complete,LacticAcid,positive,I,,,,,,,,,,,,,,,,,,,,,,,,,,50.0
70,case_7,2024-04-10 21:05:28.940789,complete,Admission IC,positive,K,,,,,,,,,,,,,,,,,,,,,,,,,,
71,case_7,2024-04-10 22:09:54.940789,complete,ER Triage,positive,C,YA,20.0,,,,,,,,,,,,,,,,,,,,,,,,
72,case_7,2024-04-10 23:22:33.940789,complete,ER Triage,positive,C,YA,20.0,,,,,,,,,,,,,,,,,,,,,,,,
73,case_7,2024-04-10 23:57:36.940789,complete,ER Registration,positive,K,YA,20.0,true,true,true,true,false,true,true,false,true,true,false,false,true,true,true,true,false,false,true,false,true,true,,
74,case_7,2024-04-11 00:37:35.940789,complete,Admission NC,positive,A,,,,,,,,,,,,,,,,,,,,,,,,,,
75,case_8,2024-04-10 15:47:32.940789,complete,Admission NC,positive,F,,,,,,,,,,,,,,,,,,,,,,,,,,
76,case_8,2024-04-10 16:53:25.940789,complete,ER Registration,positive,K,YA,20.0,true,true,false,false,true,false,false,true,true,false,false,true,false,true,true,false,false,false,true,true,true,false,,
77,case_8,2024-04-10 17:34:37.940789,complete,LacticAcid,positive,K,,,,,,,,,,,,,,,,,,,,,,,,,,8.0
78,case_8,2024-04-10 19:15:57.940789,complete,Leucocytes,positive,K,YA,20.0,,,,,,,,,,,,,,,,,,,,,,,144.0,
79,case_8,2024-04-10 20:13:50.940789,complete,Release B,positive,E,,,,,,,,,,,,,,,,,,,,,,,,,,
80,case_8,2024-04-10 21:18:18.940789,complete,Admission NC,positive,K,,,,,,,,,,,,,,,,,,,,,,,,,,
81,case_8,2024-04-10 22:17:19.940789,complete,Release B,positive,E,,,,,,,,,,,,,,,,,,,,,,,,,,
82,case_8,2024-04-10 23:29:44.940789,complete,Return ER,positive,?,,,,,,,,,,,,,,,,,,,,,,,,,,
83,case_8,2024-04-10 23:49:55.940789,complete,Admission IC,positive,K,,,,,,,,,,,,,,,,,,,,,,,,,,
84,case_8,2024-04-11 01:30:25.940789,complete,ER Triage,positive,K,YA,20.0,,,,,,,,,,,,,,,,,,,,,,,,
85,case_9,2024-04-10 16:28:02.940789,complete,ER Triage,positive,C,YA,20.0,,,,,,,,,,,,,,,,,,,,,,,,
86,case_9,2024-04-10 17:02:52.940789,complete,ER Triage,positive,K,YA,20.0,,,,,,,,,,,,,,,,,,,,,,,,
87,case_9,2024-04-10 17:52:59.940789,complete,ER Sepsis Triage,positive,K,YA,20.0,,,,,,,,,,,,,,,,,,,,,,,,
88,case_9,2024-04-10 19:02:00.940789,complete,LacticAcid,positive,K,,,,,,,,,,,,,,,,,,,,,,,,,,25.0
89,case_9,2024-04-10 20:16:53.940789,complete,Admission NC,positive,A,,,,,,,,,,,,,,,,,,,,,,,,,,
90,case_9,2024-04-10 21:08:44.940789,complete,Admission IC,positive,F,,,,,,,,,,,,,,,,,,,,,,,,,,
91,case_9,2024-04-10 21:42:56.940789,complete,Admission NC,positive,J,,,,,,,,,,,,,,,,,,,,,,,,,,
92,case_9,2024-04-10 22:39:56.940789,complete,LacticAcid,positive,L,,,,,,,,,,,,,,,,,,,,,,,,,,3.0
93,case_9,2024-04-10 23:41:40.940789,complete,Leucocytes,positive,I,YA,20.0,,,,,,,,,,,,,,,,,,,,,,,151.0,
94,case_9,2024-04-11 00:36:05.940789,complete,Admission IC,positive,K,,,,,,,,,,,,,,,,,,,,,,,,,,
95,case_10,2024-04-10 16:26:10.940789,complete,Admission NC,positive,F,,,,,,,,,,,,,,,,,,,,,,,,,,
96,case_10,2024-04-10 17:08:09.940789,complete,ER Registration,positive,K,YA,21.0,true,true,false,false,false,true,true,true,true,true,false,true,true,true,true,true,false,false,false,false,true,true,,
97,case_10,2024-04-10 17:43:07.940789,complete,Release B,positive,E,,,,,,,,,,,,,,,,,,,,,,,,,,
98,case_10,2024-04-10 18:32:11.940789,complete,LacticAcid,positive,K,,,,,,,,,,,,,,,,,,,,,,,,,,46.0
99,case_10,2024-04-10 20:07:02.940789,complete,Admission NC,positive,?,,,,,,,,,,,,,,,,,,,,,,,,,,
100,case_10,2024-04-10 20:54:46.940789,complete,Release B,positive,E,,,,,,,,,,,,,,,,,,,,,,,,,,
101,case_10,2024-04-10 22:28:36.940789,complete,Release B,positive,E,,,,,,,,,,,,,,,,,,,,,,,,,,
102,case_10,2024-04-10 23:24:40.940789,complete,Admission IC,positive,I,,,,,,,,,,,,,,,,,,,,,,,,,,
103,case_10,2024-04-11 00:10:35.940789,complete,Release B,positive,E,,,,,,,,,,,,,,,,,,,,,,,,,,
104,case_10,2024-04-11 01:14:15.940789,complete,Release B,positive,K,,,,,,,,,,,,,,,,,,,,,,,,,,
105,case_11,2024-04-10 16:06:50.940789,complete,Admission NC,positive,J,,,,,,,,,,,,,,,,,,,,,,,,,,
106,case_11,2024-04-10 16:40:38.940789,complete,Admission NC,positive,A,,,,,,,,,,,,,,,,,,,,,,,,,,
107,case_11,2024-04-10 17:53:06.940789,complete,Leucocytes,positive,I,YA,20.0,,,,,,,,,,,,,,,,,,,,,,,145.0,
108,case_11,2024-04-10 18:31:58.940789,complete,ER Triage,positive,C,YA,20.0,,,,,,,,,,,,,,,,,,,,,,,,
109,case_11,2024-04-10 19:36:28.940789,complete,IV Antibiotics,positive,I,,,,,,,,,,,,,,,,,,,,,,,,,,
110,case_11,2024-04-10 20:36:34.940789,complete,Return ER,positive,K,,,,,,,,,,,,,,,,,,,,,,,,,,
111,case_11,2024-04-10 22:12:48.940789,complete,ER Triage,positive,C,YB,21.0,,,,,,,,,,,,,,,,,,,,,,,,
112,case_11,2024-04-10 23:06:30.940789,complete,ER Triage,positive,C,IB,20.0,,,,,,,,,,,,,,,,,,,,,,,,
113,case_11,2024-04-11 00:07:10.940789,complete,ER Registration,positive,K,YA,20.0,true,true,false,true,true,true,false,true,true,true,false,false,true,true,true,true,true,true,true,true,true,true,,
114,case_11,2024-04-11 01:03:22.940789,complete,Admission NC,positive,J,,,,,,,,,,,,,,,,,,,,,,,,,,
115,case_12,2024-04-10 16:29:38.940789,complete,ER Triage,positive,C,HE,90.0,,,,,,,,,,,,,,,,,,,,,,,,
116,case_12,2024-04-10 17:08:56.940789,complete,Release B,positive,E,,,,,,,,,,,,,,,,,,,,,,,,,,
117,case_12,2024-04-10 18:16:23.940789,complete,Admission NC,positive,K,,,,,,,,,,,,,,,,,,,,,,,,,,
118,case_12,2024-04-10 19:13:31.940789,complete,Release B,positive,E,,,,,,,,,,,,,,,,,,,,,,,,,,
119,case_12,2024-04-10 19:50:53.940789,complete,Admission NC,positive,K,,,,,,,,,,,,,,,,,,,,,,,,,,
120,case_12,2024-04-10 20:45:39.940789,complete,Release B,positive,E,,,,,,,,,,,,,,,,,,,,,,,,,,
121,case_13,2024-04-10 16:21:33.940789,complete,ER Triage,positive,C,HE,86.0,,,,,,,,,,,,,,,,,,,,,,,,
122,case_13,2024-04-10 17:24:49.940789,complete,Admission NC,positive,Y,,,,,,,,,,,,,,,,,,,,,,,,,,
123,case_13,2024-04-10 18:03:41.940789,complete,Release B,positive,E,,,,,,,,,,,,,,,,,,,,,,,,,,
124,case_13,2024-04-10 19:03:19.940789,complete,Admission NC,positive,K,,,,,,,,,,,,,,,,,,,,,,,,,,
125,case_13,2024-04-10 20:18:11.940789,complete,Release B,positive,E,,,,,,,,,,,,,,,,,,,,,,,,,,
126,case_13,2024-04-10 21:26:12.940789,complete,ER Triage,positive,C,HE,90.0,,,,,,,,,,,,,,,,,,,,,,,,
127,case_14,2024-04-10 15:32:09.940789,complete,ER Triage,positive,C,HE,86.0,,,,,,,,,,,,,,,,,,,,,,,,
128,case_14,2024-04-10 17:15:26.940789,complete,Admission NC,positive,Y,,,,,,,,,,,,,,,,,,,,,,,,,,
129,case_14,2024-04-10 18:27:18.940789,complete,Release B,positive,E,,,,,,,,,,,,,,,,,,,,,,,,,,
130,case_14,2024-04-10 18:50:49.941789,complete,Release B,positive,E,,,,,,,,,,,,,,,,,,,,,,,,,,
131,case_14,2024-04-10 19:33:25.941789,complete,Admission NC,positive,K,,,,,,,,,,,,,,,,,,,,,,,,,,
132,case_14,2024-04-10 21:11:59.941789,complete,Release B,positive,E,,,,,,,,,,,,,,,,,,,,,,,,,,
133,case_15,2024-04-10 16:17:02.941789,complete,Return ER,positive,?,,,,,,,,,,,,,,,,,,,,,,,,,,
134,case_15,2024-04-10 17:03:50.941789,complete,LacticAcid,positive,K,,,,,,,,,,,,,,,,,,,,,,,,,,25.0
135,case_15,2024-04-10 18:21:06.941789,complete,Admission NC,positive,A,,,,,,,,,,,,,,,,,,,,,,,,,,
136,case_15,2024-04-10 19:23:18.941789,complete,Admission NC,positive,A,,,,,,,,,,,,,,,,,,,,,,,,,,
137,case_15,2024-04-10 20:10:55.941789,complete,ER Triage,positive,C,YA,21.0,,,,,,,,,,,,,,,,,,,,,,,,
138,case_15,2024-04-10 20:54:54.941789,complete,ER Triage,positive,C,YA,20.0,,,,,,,,,,,,,,,,,,,,,,,,
139,case_16,2024-04-10 15:32:29.941789,complete,ER Triage,positive,C,HE,90.0,,,,,,,,,,,,,,,,,,,,,,,,
140,case_16,2024-04-10 16:57:08.941789,complete,Release B,positive,E,,,,,,,,,,,,,,,,,,,,,,,,,,
141,case_16,2024-04-10 17:49:54.941789,complete,Admission NC,positive,K,,,,,,,,,,,,,,,,,,,,,,,,,,
142,case_16,2024-04-10 19:13:40.941789,complete,Release B,positive,E,,,,,,,,,,,,,,,,,,,,,,,,,,
143,case_16,2024-04-10 20:21:17.941789,complete,Admission NC,positive,F,,,,,,,,,,,,,,,,,,,,,,,,,,
144,case_17,2024-04-10 15:42:45.941789,complete,ER Triage,positive,C,HE,43.0,,,,,,,,,,,,,,,,,,,,,,,,
145,case_17,2024-04-10 16:52:25.941789,complete,Release B,positive,E,,,,,,,,,,,,,,,,,,,,,,,,,,
146,case_17,2024-04-10 18:17:04.941789,complete,Admission NC,positive,K,,,,,,,,,,,,,,,,,,,,,,,,,,
147,case_17,2024-04-10 18:35:00.941789,complete,Release B,positive,E,,,,,,,,,,,,,,,,,,,,,,,,,,
148,case_17,2024-04-10 19:53:53.941789,complete,Admission NC,positive,F,,,,,,,,,,,,,,,,,,,,,,,,,,
149,case_18,2024-04-10 16:27:30.941789,complete,ER Triage,positive,C,HE,32.0,,,,,,,,,,,,,,,,,,,,,,,,
150,case_18,2024-04-10 17:02:00.941789,complete,Release B,positive,E,,,,,,,,,,,,,,,,,,,,,,,,,,
151,case_18,2024-04-10 17:40:11.941789,complete,Admission NC,positive,K,,,,,,,,,,,,,,,,,,,,,,,,,,
152,case_18,2024-04-10 19:23:48.941789,complete,Release B,positive,E,,,,,,,,,,,,,,,,,,,,,,,,,,
153,case_18,2024-04-10 19:46:27.941789,complete,Admission NC,positive,F,,,,,,,,,,,,,,,,,,,,,,,,,,
154,case_19,2024-04-10 15:34:14.941789,complete,ER Triage,positive,C,HE,43.0,,,,,,,,,,,,,,,,,,,,,,,,
155,case_19,2024-04-10 16:46:00.941789,complete,Admission NC,positive,F,,,,,,,,,,,,,,,,,,,,,,,,,,
156,case_19,2024-04-10 17:41:13.941789,complete,Admission NC,positive,F,,,,,,,,,,,,,,,,,,,,,,,,,,
157,case_19,2024-04-10 19:03:14.941789,complete,ER Triage,positive,C,S,90.0,,,,,,,,,,,,,,,,,,,,,,,,
158,case_19,2024-04-10 20:19:42.941789,complete,ER Triage,positive,C,YB,90.0,,,,,,,,,,,,,,,,,,,,,,,,
159,case_20,2024-04-10 16:10:06.941789,complete,ER Triage,positive,C,HE,89.0,,,,,,,,,,,,,,,,,,,,,,,,
160,case_20,2024-04-10 16:43:35.941789,complete,Release B,positive,E,,,,,,,,,,,,,,,,,,,,,,,,,,
161,case_20,2024-04-10 18:25:46.941789,complete,Admission NC,positive,K,,,,,,,,,,,,,,,,,,,,,,,,,,
162,case_20,2024-04-10 19:01:32.941789,complete,Release B,positive,E,,,,,,,,,,,,,,,,,,,,,,,,,,
163,case_20,2024-04-10 19:47:17.941789,complete,Admission NC,positive,F,,,,,,,,,,,,,,,,,,,,,,,,,,
164,case_21,2024-04-10 16:20:29.941789,complete,ER Triage,positive,C,SC,32.0,,,,,,,,,,,,,,,,,,,,,,,,
165,case_21,2024-04-10 17:02:22.941789,complete,Admission NC,positive,L,,,,,,,,,,,,,,,,,,,,,,,,,,
166,case_21,2024-04-10 18:03:23.941789,complete,ER Triage,positive,C,YB,41.0,,,,,,,,,,,,,,,,,,,,,,,,
167,case_21,2024-04-10 19:19:39.941789,complete,Admission NC,positive,F,,,,,,,,,,,,,,,,,,,,,,,,,,
168,case_21,2024-04-10 19:42:50.941789,complete,ER Registration,positive,K,YB,20.0,true,false,true,false,false,false,false,true,true,false,true,true,false,true,false,false,true,true,false,false,false,false,,
169,case_22,2024-04-10 16:20:21.941789,complete,ER Triage,positive,C,HD,32.0,,,,,,,,,,,,,,,,,,,,,,,,
170,case_22,2024-04-10 16:42:14.941789,complete,Release B,positive,E,,,,,,,,,,,,,,,,,,,,,,,,,,
171,case_22,2024-04-10 18:00:59.941789,complete,Admission NC,positive,K,,,,,,,,,,,,,,,,,,,,,,,,,,
172,case_22,2024-04-10 19:30:14.941789,complete,Release B,positive,E,,,,,,,,,,,,,,,,,,,,,,,,,,
173,case_22,2024-04-10 20:27:28.941789,complete,Admission NC,positive,F,,,,,,,,,,,,,,,,,,,,,,,,,,
174,case_23,2024-04-10 15:34:32.941789,complete,ER Triage,positive,C,HE,43.0,,,,,,,,,,,,,,,,,,,,,,,,
175,case_23,2024-04-10 17:07:34.941789,complete,Release B,positive,Y,,,,,,,,,,,,,,,,,,,,,,,,,,
176,case_23,2024-04-10 17:50:24.941789,complete,Release A,positive,Y,,,,,,,,,,,,,,,,,,,,,,,,,,
177,case_23,2024-04-10 19:00:12.941789,complete,Return ER,positive,?,,,,,,,,,,,,,,,,,,,,,,,,,,
178,case_23,2024-04-10 19:51:06.941789,complete,Return ER,positive,Y,,,,,,,,,,,,,,,,,,,,,,,,,,
179,case_23,2024-04-10 20:40:56.941789,complete,Admission NC,positive,F,,,,,,,,,,,,,,,,,,,,,,,,,,
180,case_23,2024-04-10 21:59:09.941789,complete,Admission NC,positive,J,,,,,,,,,,,,,,,,,,,,,,,,,,
181,case_24,2024-04-10 15:50:29.941789,complete,ER Triage,positive,C,IA,20.0,,,,,,,,,,,,,,,,,,,,,,,,
182,case_24,2024-04-10 17:11:17.941789,complete,LacticAcid,positive,K,,,,,,,,,,,,,,,,,,,,,,,,,,8.0
183,case_24,2024-04-10 17:58:49.941789,complete,Leucocytes,positive,K,YA,20.0,,,,,,,,,,,,,,,,,,,,,,,142.0,
184,case_24,2024-04-10 19:22:30.941789,complete,IV Antibiotics,positive,K,,,,,,,,,,,,,,,,,,,,,,,,,,
185,case_24,2024-04-10 19:48:27.941789,complete,LacticAcid,positive,I,,,,,,,,,,,,,,,,,,,,,,,,,,31.0
186,case_24,2024-04-10 20:33:56.941789,complete,Admission NC,positive,A,,,,,,,,,,,,,,,,,,,,,,,,,,
187,case_24,2024-04-10 22:14:30.941789,complete,Admission NC,positive,J,,,,,,,,,,,,,,,,,,,,,,,,,,
188,case_25,2024-04-10 16:03:44.941789,complete,ER Triage,positive,C,QB,43.0,,,,,,,,,,,,,,,,,,,,,,,,
189,case_25,2024-04-10 16:39:02.941789,complete,Admission NC,positive,A,,,,,,,,,,,,,,,,,,,,,,,,,,
190,case_25,2024-04-10 17:40:05.941789,complete,IV Antibiotics,positive,L,,,,,,,,,,,,,,,,,,,,,,,,,,
191,case_25,2024-04-10 18:38:01.941789,complete,Leucocytes,positive,K,YB,20.0,,,,,,,,,,,,,,,,,,,,,,,8.0,
192,case_25,2024-04-10 19:36:40.941789,complete,Admission NC,positive,F,,,,,,,,,,,,,,,,,,,,,,,,,,
193,case_25,2024-04-10 20:35:02.941789,complete,Return ER,positive,?,,,,,,,,,,,,,,,,,,,,,,,,,,
194,case_25,2024-04-10 22:20:57.941789,complete,Return ER,positive,?,,,,,,,,,,,,,,,,,,,,,,,,,,
195,case_26,2024-04-10 15:35:21.941789,complete,ER Triage,positive,C,YA,20.0,,,,,,,,,,,,,,,,,,,,,,,,
196,case_26,2024-04-10 17:13:17.941789,complete,Release B,positive,E,,,,,,,,,,,,,,,,,,,,,,,,,,
197,case_26,2024-04-10 18:25:43.941789,complete,Admission IC,positive,E,,,,,,,,,,,,,,,,,,,,,,,,,,
198,case_26,2024-04-10 19:24:17.941789,complete,Admission NC,positive,A,,,,,,,,,,,,,,,,,,,,,,,,,,
199,case_26,2024-04-10 20:14:21.941789,complete,Leucocytes,positive,K,YA,20.0,,,,,,,,,,,,,,,,,,,,,,,142.0,
200,case_26,2024-04-10 20:53:48.941789,complete,LacticAcid,positive,K,,,,,,,,,,,,,,,,,,,,,,,,,,23.0
201,case_26,2024-04-10 22:19:00.941789,complete,Admission NC,positive,J,,,,,,,,,,,,,,,,,,,,,,,,,,
202,case_27,2024-04-10 16:29:25.941789,complete,ER Triage,positive,C,YA,20.0,,,,,,,,,,,,,,,,,,,,,,,,
203,case_27,2024-04-10 17:12:17.941789,complete,Leucocytes,positive,K,YA,21.0,,,,,,,,,,,,,,,,,,,,,,,144.0,
204,case_27,2024-04-10 17:34:02.941789,complete,IV Liquid,positive,K,YC,21.0,,,,,,,,,,,,,,,,,,,,,,,,
205,case_27,2024-04-10 19:25:48.941789,complete,ER Sepsis Triage,positive,K,YA,25.0,,,,,,,,,,,,,,,,,,,,,,,,
206,case_27,2024-04-10 20:26:55.941789,complete,Admission NC,positive,F,,,,,,,,,,,,,,,,,,,,,,,,,,
207,case_27,2024-04-10 20:55:30.941789,complete,Admission NC,positive,J,,,,,,,,,,,,,,,,,,,,,,,,,,
208,case_27,2024-04-10 22:11:15.941789,complete,IV Antibiotics,positive,L,,,,,,,,,,,,,,,,,,,,,,,,,,
209,case_28,2024-04-10 16:13:27.941789,complete,ER Triage,positive,C,YA,21.0,,,,,,,,,,,,,,,,,,,,,,,,
210,case_28,2024-04-10 17:01:18.941789,complete,LacticAcid,positive,A,,,,,,,,,,,,,,,,,,,,,,,,,,31.0
211,case_28,2024-04-10 17:34:38.941789,complete,IV Liquid,positive,I,YB,21.0,,,,,,,,,,,,,,,,,,,,,,,,
212,case_28,2024-04-10 19:09:52.941789,complete,IV Liquid,positive,I,YB,20.0,,,,,,,,,,,,,,,,,,,,,,,,
213,case_28,2024-04-10 19:36:30.941789,complete,Admission NC,positive,J,,,,,,,,,,,,,,,,,,,,,,,,,,
214,case_28,2024-04-10 20:50:47.941789,complete,Admission NC,positive,J,,,,,,,,,,,,,,,,,,,,,,,,,,
215,case_28,2024-04-10 21:49:11.941789,complete,LacticAcid,positive,K,,,,,,,,,,,,,,,,,,,,,,,,,,11.0
216,case_29,2024-04-10 15:40:27.941789,complete,Admission NC,positive,J,,,,,,,,,,,,,,,,,,,,,,,,,,
217,case_29,2024-04-10 17:00:29.941789,complete,Admission NC,positive,Y,,,,,,,,,,,,,,,,,,,,,,,,,,
218,case_29,2024-04-10 18:23:21.941789,complete,Return ER,positive,?,,,,,,,,,,,,,,,,,,,,,,,,,,
219,case_29,2024-04-10 19:19:42.941789,complete,Return ER,positive,?,,,,,,,,,,,,,,,,,,,,,,,,,,
220,case_29,2024-04-10 20:10:00.941789,complete,Return ER,positive,?,,,,,,,,,,,,,,,,,,,,,,,,,,
221,case_29,2024-04-10 20:37:40.941789,complete,Return ER,positive,?,,,,,,,,,,,,,,,,,,,,,,,,,,
222,case_29,2024-04-10 22:25:41.941789,complete,Release A,positive,E,,,,,,,,,,,,,,,,,,,,,,,,,,
223,case_29,2024-04-10 23:15:29.941789,complete,ER Registration,positive,Y,HE,90.0,false,false,true,false,true,false,false,true,false,false,true,true,false,false,false,false,true,true,false,true,false,false,,
