,case:concept:name,time:timestamp,lifecycle:transition,concept:name,case:label,org:group,LacticAcid,Diagnose,Age,Leucocytes,InfectionSuspected,DiagnosticBlood,DisfuncOrg,SIRSCritTachypnea,Hypotensie,SIRSCritHeartRate,Infusion,DiagnosticArtAstrup,DiagnosticIC,DiagnosticSputum,DiagnosticLiquor,DiagnosticOther,SIRSCriteria2OrMore,DiagnosticXthorax,SIRSCritTemperature,DiagnosticUrinaryCulture,SIRSCritLeucos,Oligurie,DiagnosticLacticAcid,Hypoxie,DiagnosticUrinarySediment,DiagnosticECG,CRP
0,case_0,2024-04-10 16:17:29.326177,complete,Return ER,positive,?,,,,,,,,,,,,,,,,,,,,,,,,,,,
1,case_0,2024-04-10 17:14:24.326177,complete,Admission NC,positive,J,,,,,,,,,,,,,,,,,,,,,,,,,,,
2,case_0,2024-04-10 17:44:03.326177,complete,Admission IC,positive,J,,,,,,,,,,,,,,,,,,,,,,,,,,,
3,case_0,2024-04-10 19:32:26.326177,complete,Admission NC,positive,J,,,,,,,,,,,,,,,,,,,,,,,,,,,
4,case_0,2024-04-10 20:01:43.326177,complete,Admission IC,positive,J,,,,,,,,,,,,,,,,,,,,,,,,,,,
5,case_0,2024-04-10 21:00:01.326177,complete,Admission NC,positive,J,,,,,,,,,,,,,,,,,,,,,,,,,,,
6,case_1,2024-04-10 16:35:07.326177,complete,Admission NC,positive,J,,,,,,,,,,,,,,,,,,,,,,,,,,,
7,case_1,2024-04-10 16:36:53.326177,complete,Admission NC,positive,J,,,,,,,,,,,,,,,,,,,,,,,,,,,
8,case_1,2024-04-10 18:28:28.326177,complete,Admission IC,positive,J,,,,,,,,,,,,,,,,,,,,,,,,,,,
9,case_1,2024-04-10 19:10:13.326177,complete,Admission NC,positive,J,,,,,,,,,,,,,,,,,,,,,,,,,,,
10,case_1,2024-04-10 19:42:30.326177,complete,Admission IC,positive,J,,,,,,,,,,,,,,,,,,,,,,,,,,,
11,case_1,2024-04-10 21:18:37.326177,complete,Admission NC,positive,J,,,,,,,,,,,,,,,,,,,,,,,,,,,
12,case_2,2024-04-10 16:17:43.326177,complete,Admission NC,positive,J,,,,,,,,,,,,,,,,,,,,,,,,,,,
13,case_2,2024-04-10 16:41:06.326177,complete,Admission NC,positive,S,,,,,,,,,,,,,,,,,,,,,,,,,,,
14,case_2,2024-04-10 18:29:14.326177,complete,Admission NC,positive,F,,,,,,,,,,,,,,,,,,,,,,,,,,,
15,case_2,2024-04-10 19:14:11.326177,complete,Admission NC,positive,J,,,,,,,,,,,,,,,,,,,,,,,,,,,
16,case_2,2024-04-10 19:44:45.326177,complete,Release A,positive,X,,,,,,,,,,,,,,,,,,,,,,,,,,,
17,case_2,2024-04-10 21:21:46.326177,complete,Admission NC,positive,J,,,,,,,,,,,,,,,,,,,,,,,,,,,
18,case_3,2024-04-10 16:26:36.326177,complete,Release A,positive,W,,,,,,,,,,,,,,,,,,,,,,,,,,,
19,case_3,2024-04-10 16:43:43.326177,complete,Release B,positive,E,,,,,,,,,,,,,,,,,,,,,,,,,,,
20,case_3,2024-04-10 18:10:17.326177,complete,Admission NC,positive,J,,,,,,,,,,,,,,,,,,,,,,,,,,,
21,case_3,2024-04-10 18:56:06.326177,complete,Admission IC,positive,J,,,,,,,,,,,,,,,,,,,,,,,,,,,
22,case_3,2024-04-10 20:24:18.326177,complete,Admission NC,positive,J,,,,,,,,,,,,,,,,,,,,,,,,,,,
23,case_3,2024-04-10 21:11:19.326177,complete,LacticAcid,positive,Y,66.0,,,,,,,,,,,,,,,,,,,,,,,,,,
24,case_4,2024-04-10 16:29:03.326177,complete,Admission NC,positive,J,,,,,,,,,,,,,,,,,,,,,,,,,,,
25,case_4,2024-04-10 16:38:17.326177,complete,Admission NC,positive,J,,,,,,,,,,,,,,,,,,,,,,,,,,,
26,case_4,2024-04-10 17:56:13.326177,complete,Admission IC,positive,J,,,,,,,,,,,,,,,,,,,,,,,,,,,
27,case_4,2024-04-10 19:05:11.326177,complete,Admission NC,positive,J,,,,,,,,,,,,,,,,,,,,,,,,,,,
28,case_4,2024-04-10 19:50:20.326177,complete,IV Antibiotics,positive,L,,,,,,,,,,,,,,,,,,,,,,,,,,,
29,case_4,2024-04-10 20:46:00.326177,complete,ER Triage,positive,C,,HE,89.0,,,,,,,,,,,,,,,,,,,,,,,,
30,case_5,2024-04-10 16:13:52.326177,complete,IV Antibiotics,positive,L,,,,,,,,,,,,,,,,,,,,,,,,,,,
31,case_5,2024-04-10 16:54:49.326177,complete,Admission NC,positive,Y,,,,,,,,,,,,,,,,,,,,,,,,,,,
32,case_5,2024-04-10 17:36:47.326177,complete,Release B,positive,E,,,,,,,,,,,,,,,,,,,,,,,,,,,
33,case_5,2024-04-10 18:47:34.326177,complete,Admission NC,positive,J,,,,,,,,,,,,,,,,,,,,,,,,,,,
34,case_5,2024-04-10 20:15:11.326177,complete,ER Triage,positive,C,,HE,25.0,,,,,,,,,,,,,,,,,,,,,,,,
35,case_5,2024-04-10 20:56:20.326177,complete,IV Antibiotics,positive,L,,,,,,,,,,,,,,,,,,,,,,,,,,,
36,case_5,2024-04-10 22:24:26.326177,complete,ER Sepsis Triage,positive,L,,LC,89.0,,,,,,,,,,,,,,,,,,,,,,,,
37,case_5,2024-04-10 23:01:16.326177,complete,IV Antibiotics,positive,L,,,,,,,,,,,,,,,,,,,,,,,,,,,
38,case_5,2024-04-10 23:45:55.326177,complete,ER Sepsis Triage,positive,L,,SC,90.0,,,,,,,,,,,,,,,,,,,,,,,,
39,case_5,2024-04-11 00:55:03.326177,complete,IV Antibiotics,positive,L,,,,,,,,,,,,,,,,,,,,,,,,,,,
40,case_6,2024-04-10 15:55:01.326177,complete,Return ER,positive,?,,,,,,,,,,,,,,,,,,,,,,,,,,,
41,case_6,2024-04-10 17:13:25.326177,complete,Release B,positive,E,,,,,,,,,,,,,,,,,,,,,,,,,,,
42,case_6,2024-04-10 18:16:54.326177,complete,Release B,positive,E,,,,,,,,,,,,,,,,,,,,,,,,,,,
43,case_6,2024-04-10 18:36:20.326177,complete,LacticAcid,positive,Y,149.0,,,,,,,,,,,,,,,,,,,,,,,,,,
44,case_6,2024-04-10 19:55:18.326177,complete,Leucocytes,positive,Y,,HE,90.0,111.0,,,,,,,,,,,,,,,,,,,,,,,
45,case_6,2024-04-10 21:04:59.326177,complete,ER Registration,positive,Y,,HB,90.0,,false,false,true,false,true,false,false,true,false,false,true,true,false,false,false,false,true,true,false,false,false,false,
46,case_6,2024-04-10 22:21:07.326177,complete,ER Registration,positive,M,,P,89.0,,false,false,true,false,true,false,false,true,false,false,true,true,false,false,false,false,true,true,false,true,false,false,
47,case_6,2024-04-10 23:23:57.326177,complete,Admission NC,positive,F,,,,,,,,,,,,,,,,,,,,,,,,,,,
48,case_6,2024-04-11 00:30:48.326177,complete,ER Sepsis Triage,positive,B,,IE,57.0,,,,,,,,,,,,,,,,,,,,,,,,
49,case_6,2024-04-11 00:51:19.326177,complete,Admission NC,positive,F,,,,,,,,,,,,,,,,,,,,,,,,,,,
50,case_7,2024-04-10 16:05:16.326177,complete,IV Antibiotics,positive,L,,,,,,,,,,,,,,,,,,,,,,,,,,,
51,case_7,2024-04-10 17:13:16.326177,complete,ER Sepsis Triage,positive,L,,HB,90.0,,,,,,,,,,,,,,,,,,,,,,,,
52,case_7,2024-04-10 17:58:44.326177,complete,IV Antibiotics,positive,L,,,,,,,,,,,,,,,,,,,,,,,,,,,
53,case_7,2024-04-10 18:45:27.326177,complete,Release A,positive,A,,,,,,,,,,,,,,,,,,,,,,,,,,,
54,case_7,2024-04-10 20:21:51.326177,complete,Leucocytes,positive,V,,PE,90.0,125.0,,,,,,,,,,,,,,,,,,,,,,,
55,case_7,2024-04-10 21:30:38.326177,complete,ER Triage,positive,C,,J,90.0,,,,,,,,,,,,,,,,,,,,,,,,
56,case_7,2024-04-10 22:24:06.326177,complete,LacticAcid,positive,M,149.0,,,,,,,,,,,,,,,,,,,,,,,,,,
57,case_7,2024-04-10 23:15:38.326177,complete,Return ER,positive,?,,,,,,,,,,,,,,,,,,,,,,,,,,,
58,case_7,2024-04-10 23:57:04.326177,complete,Admission NC,positive,O,,,,,,,,,,,,,,,,,,,,,,,,,,,
59,case_7,2024-04-11 00:55:29.326177,complete,Admission NC,positive,Q,,,,,,,,,,,,,,,,,,,,,,,,,,,
60,case_8,2024-04-10 16:14:41.326177,complete,Admission NC,positive,J,,,,,,,,,,,,,,,,,,,,,,,,,,,
61,case_8,2024-04-10 16:39:52.326177,complete,Return ER,positive,?,,,,,,,,,,,,,,,,,,,,,,,,,,,
62,case_8,2024-04-10 18:23:27.326177,complete,CRP,positive,Y,,HE,89.0,,,,,,,,,,,,,,,,,,,,,,,,4579.0
63,case_8,2024-04-10 19:25:44.326177,complete,Return ER,positive,?,,,,,,,,,,,,,,,,,,,,,,,,,,,
64,case_8,2024-04-10 20:29:00.326177,complete,Leucocytes,positive,Y,,X,90.0,135.0,,,,,,,,,,,,,,,,,,,,,,,
65,case_8,2024-04-10 21:00:06.326177,complete,ER Triage,positive,C,,VD,90.0,,,,,,,,,,,,,,,,,,,,,,,,
66,case_8,2024-04-10 21:36:41.326177,complete,Release B,positive,E,,,,,,,,,,,,,,,,,,,,,,,,,,,
67,case_8,2024-04-10 22:46:50.326177,complete,Release B,positive,E,,,,,,,,,,,,,,,,,,,,,,,,,,,
68,case_8,2024-04-11 00:16:08.326177,complete,Release B,positive,E,,,,,,,,,,,,,,,,,,,,,,,,,,,
69,case_8,2024-04-11 00:46:29.326177,complete,Admission NC,positive,F,,,,,,,,,,,,,,,,,,,,,,,,,,,
70,case_9,2024-04-10 16:20:56.326177,complete,Admission NC,positive,J,,,,,,,,,,,,,,,,,,,,,,,,,,,
71,case_9,2024-04-10 17:27:03.326177,complete,CRP,positive,Y,,HE,90.0,,,,,,,,,,,,,,,,,,,,,,,,2958.0
72,case_9,2024-04-10 18:26:48.326177,complete,CRP,positive,Y,,HE,89.0,,,,,,,,,,,,,,,,,,,,,,,,5730.0
73,case_9,2024-04-10 19:35:20.326177,complete,IV Antibiotics,positive,L,,,,,,,,,,,,,,,,,,,,,,,,,,,
74,case_9,2024-04-10 20:01:32.326177,complete,ER Sepsis Triage,positive,L,,HD,90.0,,,,,,,,,,,,,,,,,,,,,,,,
75,case_9,2024-04-10 21:19:46.326177,complete,IV Antibiotics,positive,L,,,,,,,,,,,,,,,,,,,,,,,,,,,
76,case_9,2024-04-10 22:05:51.326177,complete,LacticAcid,positive,Y,8.0,,,,,,,,,,,,,,,,,,,,,,,,,,
77,case_9,2024-04-10 22:56:17.326177,complete,Leucocytes,positive,Y,,GB,90.0,1879.0,,,,,,,,,,,,,,,,,,,,,,,
78,case_9,2024-04-10 23:50:33.326177,complete,Release A,positive,Y,,,,,,,,,,,,,,,,,,,,,,,,,,,
79,case_9,2024-04-11 00:51:43.326177,complete,Admission NC,positive,F,,,,,,,,,,,,,,,,,,,,,,,,,,,
80,case_10,2024-04-10 16:31:19.326177,complete,IV Antibiotics,positive,L,,,,,,,,,,,,,,,,,,,,,,,,,,,
81,case_10,2024-04-10 16:58:39.326177,complete,Admission NC,positive,J,,,,,,,,,,,,,,,,,,,,,,,,,,,
82,case_10,2024-04-10 18:35:14.326177,complete,Admission NC,positive,J,,,,,,,,,,,,,,,,,,,,,,,,,,,
83,case_10,2024-04-10 19:32:51.326177,complete,ER Sepsis Triage,positive,Y,,GA,90.0,,,,,,,,,,,,,,,,,,,,,,,,
84,case_10,2024-04-10 20:15:25.326177,complete,Leucocytes,positive,Q,,HE,90.0,137.0,,,,,,,,,,,,,,,,,,,,,,,
85,case_10,2024-04-10 21:19:57.326177,complete,CRP,positive,Y,,HE,90.0,,,,,,,,,,,,,,,,,,,,,,,,2560.0
86,case_10,2024-04-10 22:12:29.326177,complete,LacticAcid,positive,Y,79.0,,,,,,,,,,,,,,,,,,,,,,,,,,
87,case_10,2024-04-10 22:54:44.326177,complete,ER Triage,positive,C,,Z,82.0,,,,,,,,,,,,,,,,,,,,,,,,
88,case_10,2024-04-11 00:21:08.326177,complete,LacticAcid,positive,A,9.0,,,,,,,,,,,,,,,,,,,,,,,,,,
89,case_10,2024-04-11 01:30:48.326177,complete,LacticAcid,positive,A,148.0,,,,,,,,,,,,,,,,,,,,,,,,,,
90,case_11,2024-04-10 15:46:18.326177,complete,CRP,positive,Y,,HE,90.0,,,,,,,,,,,,,,,,,,,,,,,,5730.0
91,case_11,2024-04-10 17:04:50.326177,complete,Release A,positive,Y,,,,,,,,,,,,,,,,,,,,,,,,,,,
92,case_11,2024-04-10 17:36:58.326177,complete,Admission NC,positive,F,,,,,,,,,,,,,,,,,,,,,,,,,,,
93,case_11,2024-04-10 19:10:47.326177,complete,CRP,positive,Y,,TA,90.0,,,,,,,,,,,,,,,,,,,,,,,,2330.0
94,case_11,2024-04-10 20:07:04.326177,complete,Leucocytes,positive,Y,,UA,90.0,137.0,,,,,,,,,,,,,,,,,,,,,,,
95,case_11,2024-04-10 21:35:34.326177,complete,Return ER,positive,?,,,,,,,,,,,,,,,,,,,,,,,,,,,
96,case_11,2024-04-10 21:42:15.326177,complete,Admission NC,positive,F,,,,,,,,,,,,,,,,,,,,,,,,,,,
97,case_11,2024-04-10 23:15:06.326177,complete,Return ER,positive,?,,,,,,,,,,,,,,,,,,,,,,,,,,,
98,case_11,2024-04-11 00:23:17.326177,complete,Return ER,positive,?,,,,,,,,,,,,,,,,,,,,,,,,,,,
99,case_11,2024-04-11 01:24:42.326177,complete,ER Sepsis Triage,positive,Y,,HE,90.0,,,,,,,,,,,,,,,,,,,,,,,,
100,case_12,2024-04-10 15:59:34.326177,complete,IV Antibiotics,positive,L,,,,,,,,,,,,,,,,,,,,,,,,,,,
101,case_12,2024-04-10 17:14:34.326177,complete,ER Sepsis Triage,positive,L,,PD,90.0,,,,,,,,,,,,,,,,,,,,,,,,
102,case_12,2024-04-10 18:30:21.326177,complete,IV Antibiotics,positive,L,,,,,,,,,,,,,,,,,,,,,,,,,,,
103,case_12,2024-04-10 19:26:22.326177,complete,ER Sepsis Triage,positive,A,,WA,90.0,,,,,,,,,,,,,,,,,,,,,,,,
104,case_12,2024-04-10 20:04:39.326177,complete,Leucocytes,positive,Y,,WA,90.0,38.0,,,,,,,,,,,,,,,,,,,,,,,
105,case_12,2024-04-10 21:02:45.326177,complete,ER Triage,positive,C,,XD,90.0,,,,,,,,,,,,,,,,,,,,,,,,
106,case_12,2024-04-10 21:38:43.326177,complete,LacticAcid,positive,Y,129.0,,,,,,,,,,,,,,,,,,,,,,,,,,
107,case_12,2024-04-10 23:35:09.326177,complete,Admission NC,positive,F,,,,,,,,,,,,,,,,,,,,,,,,,,,
108,case_12,2024-04-10 23:51:14.326177,complete,Admission NC,positive,O,,,,,,,,,,,,,,,,,,,,,,,,,,,
109,case_12,2024-04-11 01:12:04.326177,complete,Return ER,positive,Y,,,,,,,,,,,,,,,,,,,,,,,,,,,
110,case_13,2024-04-10 15:37:56.326177,complete,CRP,positive,Y,,WC,90.0,,,,,,,,,,,,,,,,,,,,,,,,5730.0
111,case_13,2024-04-10 17:21:46.326177,complete,CRP,positive,X,,SA,90.0,,,,,,,,,,,,,,,,,,,,,,,,5046.0
112,case_13,2024-04-10 17:59:02.326177,complete,Admission NC,positive,Y,,,,,,,,,,,,,,,,,,,,,,,,,,,
113,case_13,2024-04-10 19:17:12.326177,complete,Admission NC,positive,J,,,,,,,,,,,,,,,,,,,,,,,,,,,
114,case_13,2024-04-10 20:09:41.326177,complete,Leucocytes,positive,Y,,UA,90.0,137.0,,,,,,,,,,,,,,,,,,,,,,,
115,case_13,2024-04-10 21:04:35.326177,complete,Admission NC,positive,J,,,,,,,,,,,,,,,,,,,,,,,,,,,
116,case_13,2024-04-10 22:11:45.326177,complete,Admission NC,positive,J,,,,,,,,,,,,,,,,,,,,,,,,,,,
117,case_13,2024-04-10 22:41:58.326177,complete,Admission NC,positive,J,,,,,,,,,,,,,,,,,,,,,,,,,,,
118,case_13,2024-04-11 00:18:41.326177,complete,ER Sepsis Triage,positive,Y,,HE,87.0,,,,,,,,,,,,,,,,,,,,,,,,
119,case_13,2024-04-11 01:33:17.326177,complete,CRP,positive,Y,,HD,90.0,,,,,,,,,,,,,,,,,,,,,,,,5724.0
120,case_14,2024-04-10 15:42:25.326177,complete,Release B,positive,E,,,,,,,,,,,,,,,,,,,,,,,,,,,
121,case_14,2024-04-10 16:48:56.326177,complete,Admission NC,positive,K,,,,,,,,,,,,,,,,,,,,,,,,,,,
122,case_14,2024-04-10 17:38:57.326177,complete,Release B,positive,E,,,,,,,,,,,,,,,,,,,,,,,,,,,
123,case_14,2024-04-10 18:47:00.326177,complete,Admission NC,positive,K,,,,,,,,,,,,,,,,,,,,,,,,,,,
124,case_14,2024-04-10 20:08:57.326177,complete,Release B,positive,E,,,,,,,,,,,,,,,,,,,,,,,,,,,
125,case_14,2024-04-10 21:11:56.326177,complete,Admission NC,positive,K,,,,,,,,,,,,,,,,,,,,,,,,,,,
126,case_14,2024-04-10 22:23:18.326177,complete,Release B,positive,E,,,,,,,,,,,,,,,,,,,,,,,,,,,
127,case_15,2024-04-10 15:46:11.326177,complete,Release B,positive,E,,,,,,,,,,,,,,,,,,,,,,,,,,,
128,case_15,2024-04-10 17:31:21.326177,complete,Admission NC,positive,K,,,,,,,,,,,,,,,,,,,,,,,,,,,
129,case_15,2024-04-10 18:34:32.326177,complete,Release B,positive,E,,,,,,,,,,,,,,,,,,,,,,,,,,,
130,case_15,2024-04-10 19:35:04.326177,complete,Release A,positive,Y,,,,,,,,,,,,,,,,,,,,,,,,,,,
131,case_15,2024-04-10 19:42:50.326177,complete,Release B,positive,E,,,,,,,,,,,,,,,,,,,,,,,,,,,
132,case_15,2024-04-10 21:23:18.326177,complete,IV Antibiotics,positive,P,,,,,,,,,,,,,,,,,,,,,,,,,,,
133,case_15,2024-04-10 22:18:27.326177,complete,Admission NC,positive,F,,,,,,,,,,,,,,,,,,,,,,,,,,,
134,case_16,2024-04-10 15:45:09.326177,complete,Release B,positive,E,,,,,,,,,,,,,,,,,,,,,,,,,,,
135,case_16,2024-04-10 17:07:40.326177,complete,Admission NC,positive,K,,,,,,,,,,,,,,,,,,,,,,,,,,,
136,case_16,2024-04-10 17:51:13.326177,complete,Release B,positive,E,,,,,,,,,,,,,,,,,,,,,,,,,,,
137,case_16,2024-04-10 18:40:35.326177,complete,Release A,positive,Y,,,,,,,,,,,,,,,,,,,,,,,,,,,
138,case_16,2024-04-10 20:09:35.326177,complete,LacticAcid,positive,M,113.0,,,,,,,,,,,,,,,,,,,,,,,,,,
139,case_16,2024-04-10 21:14:35.326177,complete,Release A,positive,A,,,,,,,,,,,,,,,,,,,,,,,,,,,
140,case_16,2024-04-10 22:30:45.326177,complete,Admission NC,positive,F,,,,,,,,,,,,,,,,,,,,,,,,,,,
141,case_17,2024-04-10 16:02:03.326177,complete,Release B,positive,E,,,,,,,,,,,,,,,,,,,,,,,,,,,
142,case_17,2024-04-10 17:16:07.326177,complete,Admission NC,positive,K,,,,,,,,,,,,,,,,,,,,,,,,,,,
143,case_17,2024-04-10 18:32:47.326177,complete,Release B,positive,E,,,,,,,,,,,,,,,,,,,,,,,,,,,
144,case_17,2024-04-10 18:56:00.326177,complete,ER Sepsis Triage,positive,Y,,PE,44.0,,,,,,,,,,,,,,,,,,,,,,,,
145,case_17,2024-04-10 20:10:02.326177,complete,Release A,positive,P,,,,,,,,,,,,,,,,,,,,,,,,,,,
146,case_17,2024-04-10 20:56:17.326177,complete,ER Triage,positive,C,,ZD,80.0,,,,,,,,,,,,,,,,,,,,,,,,
147,case_17,2024-04-10 22:01:18.326177,complete,Admission NC,positive,F,,,,,,,,,,,,,,,,,,,,,,,,,,,
148,case_18,2024-04-10 15:47:00.326177,complete,Release B,positive,E,,,,,,,,,,,,,,,,,,,,,,,,,,,
149,case_18,2024-04-10 16:37:49.326177,complete,Admission NC,positive,K,,,,,,,,,,,,,,,,,,,,,,,,,,,
150,case_18,2024-04-10 17:36:00.326177,complete,Release B,positive,E,,,,,,,,,,,,,,,,,,,,,,,,,,,
151,case_18,2024-04-10 18:39:14.326177,complete,ER Sepsis Triage,positive,Y,,VB,75.0,,,,,,,,,,,,,,,,,,,,,,,,
152,case_18,2024-04-10 20:27:17.326177,complete,ER Registration,positive,A,,IC,90.0,,false,false,true,false,true,true,false,false,false,true,true,false,false,false,false,false,true,true,false,true,false,false,
153,case_18,2024-04-10 21:06:01.326177,complete,LacticAcid,positive,A,149.0,,,,,,,,,,,,,,,,,,,,,,,,,,
154,case_18,2024-04-10 22:23:02.326177,complete,Admission NC,positive,F,,,,,,,,,,,,,,,,,,,,,,,,,,,
155,case_19,2024-04-10 15:39:58.326177,complete,Release B,positive,E,,,,,,,,,,,,,,,,,,,,,,,,,,,
156,case_19,2024-04-10 17:15:13.326177,complete,Admission NC,positive,K,,,,,,,,,,,,,,,,,,,,,,,,,,,
157,case_19,2024-04-10 17:49:44.326177,complete,Release B,positive,E,,,,,,,,,,,,,,,,,,,,,,,,,,,
158,case_19,2024-04-10 19:18:37.326177,complete,ER Sepsis Triage,positive,Y,,HB,75.0,,,,,,,,,,,,,,,,,,,,,,,,
159,case_19,2024-04-10 20:12:21.326177,complete,ER Triage,positive,C,,PE,90.0,,,,,,,,,,,,,,,,,,,,,,,,
160,case_19,2024-04-10 21:14:32.326177,complete,Release A,positive,A,,,,,,,,,,,,,,,,,,,,,,,,,,,
161,case_19,2024-04-10 22:25:06.326177,complete,Admission NC,positive,F,,,,,,,,,,,,,,,,,,,,,,,,,,,
162,case_20,2024-04-10 15:39:28.326177,complete,Release B,positive,E,,,,,,,,,,,,,,,,,,,,,,,,,,,
163,case_20,2024-04-10 16:46:13.326177,complete,Admission NC,positive,K,,,,,,,,,,,,,,,,,,,,,,,,,,,
164,case_20,2024-04-10 17:47:24.326177,complete,Release B,positive,E,,,,,,,,,,,,,,,,,,,,,,,,,,,
165,case_20,2024-04-10 19:12:25.326177,complete,ER Registration,positive,Y,,HE,75.0,,false,false,true,true,true,false,false,true,false,false,true,true,false,true,false,true,true,false,false,true,false,false,
166,case_20,2024-04-10 19:47:42.326177,complete,Leucocytes,positive,Y,,EB,90.0,66.0,,,,,,,,,,,,,,,,,,,,,,,
167,case_20,2024-04-10 20:57:22.326177,complete,Leucocytes,positive,A,,AA,90.0,26.0,,,,,,,,,,,,,,,,,,,,,,,
168,case_20,2024-04-10 22:15:07.326177,complete,Admission NC,positive,F,,,,,,,,,,,,,,,,,,,,,,,,,,,
169,case_21,2024-04-10 16:30:35.326177,complete,Admission NC,positive,J,,,,,,,,,,,,,,,,,,,,,,,,,,,
170,case_21,2024-04-10 17:10:00.326177,complete,Admission NC,positive,J,,,,,,,,,,,,,,,,,,,,,,,,,,,
171,case_21,2024-04-10 17:37:48.326177,complete,Admission IC,positive,J,,,,,,,,,,,,,,,,,,,,,,,,,,,
172,case_21,2024-04-10 19:20:15.326177,complete,Admission NC,positive,J,,,,,,,,,,,,,,,,,,,,,,,,,,,
173,case_21,2024-04-10 19:40:42.326177,complete,Return ER,positive,?,,,,,,,,,,,,,,,,,,,,,,,,,,,
174,case_22,2024-04-10 15:53:35.326177,complete,Admission NC,positive,F,,,,,,,,,,,,,,,,,,,,,,,,,,,
175,case_22,2024-04-10 17:11:53.326177,complete,Admission NC,positive,J,,,,,,,,,,,,,,,,,,,,,,,,,,,
176,case_22,2024-04-10 17:53:46.326177,complete,Admission IC,positive,J,,,,,,,,,,,,,,,,,,,,,,,,,,,
177,case_22,2024-04-10 18:49:33.326177,complete,Admission NC,positive,J,,,,,,,,,,,,,,,,,,,,,,,,,,,
178,case_22,2024-04-10 20:17:30.326177,complete,Return ER,positive,?,,,,,,,,,,,,,,,,,,,,,,,,,,,
179,case_23,2024-04-10 16:33:59.326177,complete,IV Antibiotics,positive,L,,,,,,,,,,,,,,,,,,,,,,,,,,,
180,case_23,2024-04-10 17:00:53.326177,complete,Release A,positive,F,,,,,,,,,,,,,,,,,,,,,,,,,,,
181,case_23,2024-04-10 18:20:52.326177,complete,Admission NC,positive,F,,,,,,,,,,,,,,,,,,,,,,,,,,,
182,case_23,2024-04-10 19:28:27.326177,complete,Return ER,positive,?,,,,,,,,,,,,,,,,,,,,,,,,,,,
183,case_23,2024-04-10 19:43:50.326177,complete,Release A,positive,V,,,,,,,,,,,,,,,,,,,,,,,,,,,
184,case_23,2024-04-10 20:59:15.326177,complete,Release A,positive,Q,,,,,,,,,,,,,,,,,,,,,,,,,,,
185,case_23,2024-04-10 22:31:53.326177,complete,Release A,positive,A,,,,,,,,,,,,,,,,,,,,,,,,,,,
186,case_23,2024-04-10 23:15:46.326177,complete,Return ER,positive,?,,,,,,,,,,,,,,,,,,,,,,,,,,,
187,case_23,2024-04-10 23:46:14.326177,complete,Admission NC,positive,F,,,,,,,,,,,,,,,,,,,,,,,,,,,
188,case_24,2024-04-10 15:51:04.326177,complete,Return ER,positive,?,,,,,,,,,,,,,,,,,,,,,,,,,,,
189,case_24,2024-04-10 16:58:52.326177,complete,Admission NC,positive,F,,,,,,,,,,,,,,,,,,,,,,,,,,,
190,case_24,2024-04-10 18:02:18.326177,complete,Admission NC,positive,J,,,,,,,,,,,,,,,,,,,,,,,,,,,
191,case_24,2024-04-10 18:43:00.326177,complete,Admission NC,positive,J,,,,,,,,,,,,,,,,,,,,,,,,,,,
192,case_24,2024-04-10 20:30:15.326177,complete,Admission NC,positive,J,,,,,,,,,,,,,,,,,,,,,,,,,,,
193,case_24,2024-04-10 21:34:39.326177,complete,Release A,positive,Y,,,,,,,,,,,,,,,,,,,,,,,,,,,
194,case_24,2024-04-10 22:10:15.326177,complete,ER Triage,positive,C,,G,89.0,,,,,,,,,,,,,,,,,,,,,,,,
195,case_24,2024-04-10 23:28:11.326177,complete,LacticAcid,positive,A,104.0,,,,,,,,,,,,,,,,,,,,,,,,,,
196,case_24,2024-04-11 00:19:55.326177,complete,Admission IC,positive,W,,,,,,,,,,,,,,,,,,,,,,,,,,,
197,case_25,2024-04-10 16:09:05.326177,complete,CRP,positive,Y,,HE,76.0,,,,,,,,,,,,,,,,,,,,,,,,5730.0
198,case_25,2024-04-10 17:23:33.326177,complete,CRP,positive,F,,X,89.0,,,,,,,,,,,,,,,,,,,,,,,,2568.0
199,case_25,2024-04-10 17:59:39.326177,complete,CRP,positive,X,,ZA,89.0,,,,,,,,,,,,,,,,,,,,,,,,5012.0
200,case_25,2024-04-10 19:29:23.326177,complete,Return ER,positive,?,,,,,,,,,,,,,,,,,,,,,,,,,,,
201,case_25,2024-04-10 20:31:05.326177,complete,Admission NC,positive,F,,,,,,,,,,,,,,,,,,,,,,,,,,,
202,case_25,2024-04-10 21:09:02.326177,complete,ER Triage,positive,C,,HD,90.0,,,,,,,,,,,,,,,,,,,,,,,,
203,case_25,2024-04-10 21:41:38.326177,complete,Admission NC,positive,F,,,,,,,,,,,,,,,,,,,,,,,,,,,
204,case_25,2024-04-10 23:15:10.326177,complete,ER Sepsis Triage,positive,Y,,HD,90.0,,,,,,,,,,,,,,,,,,,,,,,,
205,case_25,2024-04-11 00:03:30.326177,complete,ER Sepsis Triage,positive,Y,,HE,87.0,,,,,,,,,,,,,,,,,,,,,,,,
206,case_26,2024-04-10 15:59:12.326177,complete,CRP,positive,Y,,HE,90.0,,,,,,,,,,,,,,,,,,,,,,,,5730.0
207,case_26,2024-04-10 17:23:43.326177,complete,CRP,positive,F,,HE,90.0,,,,,,,,,,,,,,,,,,,,,,,,2067.0
208,case_26,2024-04-10 18:06:25.326177,complete,CRP,positive,Y,,HE,89.0,,,,,,,,,,,,,,,,,,,,,,,,3181.0
209,case_26,2024-04-10 19:30:41.326177,complete,Return ER,positive,?,,,,,,,,,,,,,,,,,,,,,,,,,,,
210,case_26,2024-04-10 20:17:28.326177,complete,Return ER,positive,?,,,,,,,,,,,,,,,,,,,,,,,,,,,
211,case_26,2024-04-10 20:36:57.326177,complete,Admission NC,positive,F,,,,,,,,,,,,,,,,,,,,,,,,,,,
212,case_26,2024-04-10 21:55:34.326177,complete,Admission NC,positive,F,,,,,,,,,,,,,,,,,,,,,,,,,,,
213,case_26,2024-04-10 22:36:14.326177,complete,Return ER,positive,?,,,,,,,,,,,,,,,,,,,,,,,,,,,
214,case_26,2024-04-11 00:10:46.326177,complete,Return ER,positive,?,,,,,,,,,,,,,,,,,,,,,,,,,,,
215,case_27,2024-04-10 15:39:53.326177,complete,CRP,positive,Y,,HE,90.0,,,,,,,,,,,,,,,,,,,,,,,,5730.0
216,case_27,2024-04-10 16:58:44.326177,complete,CRP,positive,F,,HE,90.0,,,,,,,,,,,,,,,,,,,,,,,,2084.0
217,case_27,2024-04-10 18:10:56.326177,complete,CRP,positive,Y,,HE,89.0,,,,,,,,,,,,,,,,,,,,,,,,3107.0
218,case_27,2024-04-10 19:23:30.326177,complete,Return ER,positive,?,,,,,,,,,,,,,,,,,,,,,,,,,,,
219,case_27,2024-04-10 20:20:23.326177,complete,Admission NC,positive,F,,,,,,,,,,,,,,,,,,,,,,,,,,,
220,case_27,2024-04-10 21:23:02.326177,complete,Return ER,positive,?,,,,,,,,,,,,,,,,,,,,,,,,,,,
221,case_27,2024-04-10 22:04:07.326177,complete,Return ER,positive,?,,,,,,,,,,,,,,,,,,,,,,,,,,,
222,case_27,2024-04-10 23:00:42.326177,complete,Return ER,positive,?,,,,,,,,,,,,,,,,,,,,,,,,,,,
223,case_27,2024-04-11 00:23:50.326177,complete,Admission NC,positive,F,,,,,,,,,,,,,,,,,,,,,,,,,,,
224,case_28,2024-04-10 16:33:07.326177,complete,CRP,positive,Y,,HE,90.0,,,,,,,,,,,,,,,,,,,,,,,,5730.0
225,case_28,2024-04-10 17:15:12.326177,complete,CRP,positive,F,,HE,90.0,,,,,,,,,,,,,,,,,,,,,,,,2975.0
226,case_28,2024-04-10 18:08:18.326177,complete,Release B,positive,E,,,,,,,,,,,,,,,,,,,,,,,,,,,
227,case_28,2024-04-10 18:50:43.326177,complete,Admission NC,positive,F,,,,,,,,,,,,,,,,,,,,,,,,,,,
228,case_28,2024-04-10 20:03:07.326177,complete,CRP,positive,Y,,HE,90.0,,,,,,,,,,,,,,,,,,,,,,,,4770.0
229,case_28,2024-04-10 21:03:18.326177,complete,Return ER,positive,?,,,,,,,,,,,,,,,,,,,,,,,,,,,
230,case_28,2024-04-10 22:11:13.326177,complete,Return ER,positive,?,,,,,,,,,,,,,,,,,,,,,,,,,,,
231,case_28,2024-04-10 22:59:11.326177,complete,Return ER,positive,?,,,,,,,,,,,,,,,,,,,,,,,,,,,
232,case_28,2024-04-11 00:14:08.326177,complete,Admission NC,positive,F,,,,,,,,,,,,,,,,,,,,,,,,,,,
233,case_29,2024-04-10 16:28:21.326177,complete,Return ER,positive,?,,,,,,,,,,,,,,,,,,,,,,,,,,,
234,case_29,2024-04-10 17:16:19.326177,complete,Release A,positive,W,,,,,,,,,,,,,,,,,,,,,,,,,,,
235,case_29,2024-04-10 18:13:40.326177,complete,Admission NC,positive,J,,,,,,,,,,,,,,,,,,,,,,,,,,,
236,case_29,2024-04-10 18:52:51.326177,complete,Release A,positive,Y,,,,,,,,,,,,,,,,,,,,,,,,,,,
237,case_29,2024-04-10 19:51:27.326177,complete,IV Antibiotics,positive,T,,,,,,,,,,,,,,,,,,,,,,,,,,,
238,case_29,2024-04-10 21:00:37.326177,complete,LacticAcid,positive,A,148.0,,,,,,,,,,,,,,,,,,,,,,,,,,
239,case_29,2024-04-10 21:48:57.326177,complete,Release B,positive,E,,,,,,,,,,,,,,,,,,,,,,,,,,,
240,case_29,2024-04-10 23:13:18.326177,complete,Admission NC,positive,F,,,,,,,,,,,,,,,,,,,,,,,,,,,
