,case:concept:name,time:timestamp,lifecycle:transition,concept:name,case:label,org:group,Diagnose,Age,CRP,Leucocytes,LacticAcid,InfectionSuspected,DiagnosticBlood,DisfuncOrg,SIRSCritTachypnea,Hypotensie,SIRSCritHeartRate,Infusion,DiagnosticArtAstrup,DiagnosticIC,DiagnosticSputum,DiagnosticLiquor,DiagnosticOther,SIRSCriteria2OrMore,DiagnosticXthorax,SIRSCritTemperature,DiagnosticUrinaryCulture,SIRSCritLeucos,Oligurie,DiagnosticLacticAcid,Hypoxie,DiagnosticUrinarySediment,DiagnosticECG
0,case_0,2024-04-10 15:53:46.314981,complete,CRP,positive,L,YA,26.0,2137.0,,,,,,,,,,,,,,,,,,,,,,,,
1,case_0,2024-04-10 16:47:29.314981,complete,Admission NC,positive,E,,,,,,,,,,,,,,,,,,,,,,,,,,,
2,case_0,2024-04-10 18:20:52.314981,complete,Admission NC,positive,L,,,,,,,,,,,,,,,,,,,,,,,,,,,
3,case_0,2024-04-10 18:41:48.314981,complete,CRP,positive,L,ZC,32.0,1873.0,,,,,,,,,,,,,,,,,,,,,,,,
4,case_0,2024-04-10 20:09:03.314981,complete,Admission IC,positive,L,,,,,,,,,,,,,,,,,,,,,,,,,,,
5,case_1,2024-04-10 15:38:16.314981,complete,Leucocytes,positive,A,LD,44.0,,3717.0,,,,,,,,,,,,,,,,,,,,,,,
6,case_1,2024-04-10 16:50:21.314981,complete,Admission NC,positive,J,,,,,,,,,,,,,,,,,,,,,,,,,,,
7,case_1,2024-04-10 17:34:29.314981,complete,Admission NC,positive,L,,,,,,,,,,,,,,,,,,,,,,,,,,,
8,case_1,2024-04-10 18:54:07.314981,complete,CRP,positive,J,ZC,32.0,50.0,,,,,,,,,,,,,,,,,,,,,,,,
9,case_1,2024-04-10 19:39:59.314981,complete,CRP,positive,L,YA,22.0,50.0,,,,,,,,,,,,,,,,,,,,,,,,
10,case_2,2024-04-10 16:13:43.314981,complete,CRP,positive,E,LD,22.0,4734.0,,,,,,,,,,,,,,,,,,,,,,,,
11,case_2,2024-04-10 16:50:33.314981,complete,Admission NC,positive,F,,,,,,,,,,,,,,,,,,,,,,,,,,,
12,case_2,2024-04-10 18:32:05.314981,complete,Admission NC,positive,J,,,,,,,,,,,,,,,,,,,,,,,,,,,
13,case_2,2024-04-10 18:58:19.314981,complete,CRP,positive,J,HD,32.0,50.0,,,,,,,,,,,,,,,,,,,,,,,,
14,case_2,2024-04-10 20:08:33.314981,complete,CRP,positive,L,G,31.0,50.0,,,,,,,,,,,,,,,,,,,,,,,,
15,case_3,2024-04-10 16:28:41.314981,complete,CRP,positive,K,YB,89.0,50.0,,,,,,,,,,,,,,,,,,,,,,,,
16,case_3,2024-04-10 16:38:54.314981,complete,Admission NC,positive,J,,,,,,,,,,,,,,,,,,,,,,,,,,,
17,case_3,2024-04-10 18:06:12.314981,complete,Admission NC,positive,F,,,,,,,,,,,,,,,,,,,,,,,,,,,
18,case_3,2024-04-10 18:53:19.314981,complete,Leucocytes,positive,I,YD,32.0,,2944.0,,,,,,,,,,,,,,,,,,,,,,,
19,case_3,2024-04-10 20:15:41.314981,complete,CRP,positive,L,YA,35.0,1384.0,,,,,,,,,,,,,,,,,,,,,,,,
20,case_4,2024-04-10 16:05:05.314981,complete,Leucocytes,positive,K,IE,89.0,,2547.0,,,,,,,,,,,,,,,,,,,,,,,
21,case_4,2024-04-10 17:11:15.314981,complete,Admission NC,positive,F,,,,,,,,,,,,,,,,,,,,,,,,,,,
22,case_4,2024-04-10 17:50:24.314981,complete,Leucocytes,positive,L,YA,20.0,,1883.0,,,,,,,,,,,,,,,,,,,,,,,
23,case_4,2024-04-10 19:15:38.314981,complete,Admission NC,positive,A,,,,,,,,,,,,,,,,,,,,,,,,,,,
24,case_4,2024-04-10 20:27:01.314981,complete,CRP,positive,K,G,20.0,1384.0,,,,,,,,,,,,,,,,,,,,,,,,
25,case_5,2024-04-10 16:30:48.314981,complete,Admission NC,positive,F,,,,,,,,,,,,,,,,,,,,,,,,,,,
26,case_5,2024-04-10 16:57:39.314981,complete,Leucocytes,positive,E,YA,89.0,,674.0,,,,,,,,,,,,,,,,,,,,,,,
27,case_5,2024-04-10 18:04:16.314981,complete,Admission NC,positive,F,,,,,,,,,,,,,,,,,,,,,,,,,,,
28,case_5,2024-04-10 18:50:29.314981,complete,CRP,positive,K,QB,22.0,622.0,,,,,,,,,,,,,,,,,,,,,,,,
29,case_5,2024-04-10 20:03:15.314981,complete,Leucocytes,positive,J,HE,20.0,,138.0,,,,,,,,,,,,,,,,,,,,,,,
30,case_5,2024-04-10 21:13:23.314981,complete,CRP,positive,L,E,20.0,50.0,,,,,,,,,,,,,,,,,,,,,,,,
31,case_6,2024-04-10 16:02:11.314981,complete,Leucocytes,positive,K,YA,23.0,,174.0,,,,,,,,,,,,,,,,,,,,,,,
32,case_6,2024-04-10 16:57:52.314981,complete,Admission NC,positive,F,,,,,,,,,,,,,,,,,,,,,,,,,,,
33,case_6,2024-04-10 17:37:10.314981,complete,CRP,positive,L,YC,20.0,50.0,,,,,,,,,,,,,,,,,,,,,,,,
34,case_6,2024-04-10 19:01:17.314981,complete,Leucocytes,positive,J,QB,20.0,,2944.0,,,,,,,,,,,,,,,,,,,,,,,
35,case_6,2024-04-10 19:52:44.314981,complete,Admission NC,positive,A,,,,,,,,,,,,,,,,,,,,,,,,,,,
36,case_6,2024-04-10 21:28:00.314981,complete,Admission IC,positive,L,,,,,,,,,,,,,,,,,,,,,,,,,,,
37,case_7,2024-04-10 15:32:25.314981,complete,Admission NC,positive,F,,,,,,,,,,,,,,,,,,,,,,,,,,,
38,case_7,2024-04-10 17:28:21.314981,complete,Leucocytes,positive,E,YA,20.0,,674.0,,,,,,,,,,,,,,,,,,,,,,,
39,case_7,2024-04-10 18:20:15.314981,complete,Leucocytes,positive,J,YA,21.0,,138.0,,,,,,,,,,,,,,,,,,,,,,,
40,case_7,2024-04-10 18:51:10.314981,complete,Admission NC,positive,J,,,,,,,,,,,,,,,,,,,,,,,,,,,
41,case_7,2024-04-10 20:06:25.314981,complete,Leucocytes,positive,A,YB,21.0,,2063.0,,,,,,,,,,,,,,,,,,,,,,,
42,case_7,2024-04-10 20:42:26.314981,complete,CRP,positive,J,BE,21.0,50.0,,,,,,,,,,,,,,,,,,,,,,,,
43,case_8,2024-04-10 16:21:29.314981,complete,CRP,positive,A,YA,20.0,50.0,,,,,,,,,,,,,,,,,,,,,,,,
44,case_8,2024-04-10 17:16:48.314981,complete,LacticAcid,positive,A,,,,,2.0,,,,,,,,,,,,,,,,,,,,,,
45,case_8,2024-04-10 18:00:16.314981,complete,Leucocytes,positive,J,HE,80.0,,139.0,,,,,,,,,,,,,,,,,,,,,,,
46,case_8,2024-04-10 19:04:49.314981,complete,Admission NC,positive,F,,,,,,,,,,,,,,,,,,,,,,,,,,,
47,case_8,2024-04-10 20:07:33.314981,complete,Admission NC,positive,F,,,,,,,,,,,,,,,,,,,,,,,,,,,
48,case_8,2024-04-10 21:00:53.314981,complete,CRP,positive,J,E,21.0,50.0,,,,,,,,,,,,,,,,,,,,,,,,
49,case_9,2024-04-10 15:34:39.314981,complete,CRP,positive,?,YA,20.0,2657.0,,,,,,,,,,,,,,,,,,,,,,,,
50,case_9,2024-04-10 16:39:26.314981,complete,CRP,positive,A,HD,20.0,50.0,,,,,,,,,,,,,,,,,,,,,,,,
51,case_9,2024-04-10 17:38:29.314981,complete,CRP,positive,J,HB,88.0,3567.0,,,,,,,,,,,,,,,,,,,,,,,,
52,case_9,2024-04-10 19:17:45.314981,complete,Admission NC,positive,J,,,,,,,,,,,,,,,,,,,,,,,,,,,
53,case_9,2024-04-10 19:52:08.314981,complete,Admission NC,positive,J,,,,,,,,,,,,,,,,,,,,,,,,,,,
54,case_9,2024-04-10 20:46:26.314981,complete,Leucocytes,positive,E,E,20.0,,138.0,,,,,,,,,,,,,,,,,,,,,,,
55,case_10,2024-04-10 16:11:40.314981,complete,CRP,positive,A,YB,24.0,50.0,,,,,,,,,,,,,,,,,,,,,,,,
56,case_10,2024-04-10 17:02:14.314981,complete,Leucocytes,positive,A,TA,20.0,,331.0,,,,,,,,,,,,,,,,,,,,,,,
57,case_10,2024-04-10 17:40:05.314981,complete,CRP,positive,K,YA,20.0,4709.0,,,,,,,,,,,,,,,,,,,,,,,,
58,case_10,2024-04-10 18:44:11.314981,complete,Admission NC,positive,F,,,,,,,,,,,,,,,,,,,,,,,,,,,
59,case_10,2024-04-10 20:28:50.314981,complete,Admission NC,positive,J,,,,,,,,,,,,,,,,,,,,,,,,,,,
60,case_10,2024-04-10 21:20:01.314981,complete,IV Antibiotics,positive,E,,,,,,,,,,,,,,,,,,,,,,,,,,,
61,case_10,2024-04-10 21:52:14.314981,complete,LacticAcid,positive,L,,,,,2.0,,,,,,,,,,,,,,,,,,,,,,
62,case_10,2024-04-10 22:42:47.314981,complete,Leucocytes,positive,L,RC,22.0,,139.0,,,,,,,,,,,,,,,,,,,,,,,
63,case_11,2024-04-10 15:33:25.314981,complete,ER Triage,positive,C,YA,35.0,,,,,,,,,,,,,,,,,,,,,,,,,
64,case_11,2024-04-10 16:33:46.314981,complete,Leucocytes,positive,K,YB,21.0,,2212.0,,,,,,,,,,,,,,,,,,,,,,,
65,case_11,2024-04-10 18:08:11.314981,complete,Admission IC,positive,L,,,,,,,,,,,,,,,,,,,,,,,,,,,
66,case_11,2024-04-10 18:43:36.314981,complete,CRP,positive,L,HE,21.0,3590.0,,,,,,,,,,,,,,,,,,,,,,,,
67,case_11,2024-04-10 19:50:17.314981,complete,Admission NC,positive,J,,,,,,,,,,,,,,,,,,,,,,,,,,,
68,case_11,2024-04-10 20:50:24.314981,complete,Admission NC,positive,F,,,,,,,,,,,,,,,,,,,,,,,,,,,
69,case_11,2024-04-10 21:58:17.314981,complete,Admission NC,positive,F,,,,,,,,,,,,,,,,,,,,,,,,,,,
70,case_11,2024-04-10 22:42:42.314981,complete,CRP,positive,L,RC,20.0,2515.0,,,,,,,,,,,,,,,,,,,,,,,,
71,case_12,2024-04-10 16:14:18.314981,complete,CRP,positive,A,L,27.0,2593.0,,,,,,,,,,,,,,,,,,,,,,,,
72,case_12,2024-04-10 17:22:00.314981,complete,Leucocytes,positive,E,YC,21.0,,331.0,,,,,,,,,,,,,,,,,,,,,,,
73,case_12,2024-04-10 18:03:16.314981,complete,CRP,positive,L,HA,90.0,50.0,,,,,,,,,,,,,,,,,,,,,,,,
74,case_12,2024-04-10 19:24:55.314981,complete,Leucocytes,positive,L,HE,21.0,,138.0,,,,,,,,,,,,,,,,,,,,,,,
75,case_12,2024-04-10 19:34:51.314981,complete,CRP,positive,K,JA,21.0,50.0,,,,,,,,,,,,,,,,,,,,,,,,
76,case_12,2024-04-10 21:05:47.314981,complete,Leucocytes,positive,L,HE,20.0,,139.0,,,,,,,,,,,,,,,,,,,,,,,
77,case_12,2024-04-10 22:28:59.314981,complete,Admission NC,positive,J,,,,,,,,,,,,,,,,,,,,,,,,,,,
78,case_12,2024-04-10 22:44:44.314981,complete,Admission NC,positive,J,,,,,,,,,,,,,,,,,,,,,,,,,,,
79,case_13,2024-04-10 15:45:49.314981,complete,CRP,positive,L,YA,36.0,5730.0,,,,,,,,,,,,,,,,,,,,,,,,
80,case_13,2024-04-10 16:46:37.314981,complete,Leucocytes,positive,A,YB,25.0,,138.0,,,,,,,,,,,,,,,,,,,,,,,
81,case_13,2024-04-10 18:14:42.314981,complete,Admission NC,positive,E,,,,,,,,,,,,,,,,,,,,,,,,,,,
82,case_13,2024-04-10 19:23:12.314981,complete,CRP,positive,L,HC,21.0,52.0,,,,,,,,,,,,,,,,,,,,,,,,
83,case_13,2024-04-10 20:09:44.314981,complete,Admission NC,positive,F,,,,,,,,,,,,,,,,,,,,,,,,,,,
84,case_13,2024-04-10 20:42:13.314981,complete,CRP,positive,E,HE,20.0,2853.0,,,,,,,,,,,,,,,,,,,,,,,,
85,case_13,2024-04-10 22:27:51.314981,complete,Admission NC,positive,F,,,,,,,,,,,,,,,,,,,,,,,,,,,
86,case_13,2024-04-10 23:08:19.314981,complete,CRP,positive,E,RC,21.0,4978.0,,,,,,,,,,,,,,,,,,,,,,,,
87,case_14,2024-04-10 16:28:59.314981,complete,Leucocytes,positive,K,DB,36.0,,136.0,,,,,,,,,,,,,,,,,,,,,,,
88,case_14,2024-04-10 17:01:36.314981,complete,CRP,positive,I,LE,20.0,1670.0,,,,,,,,,,,,,,,,,,,,,,,,
89,case_14,2024-04-10 17:54:04.314981,complete,LacticAcid,positive,J,,,,,100.0,,,,,,,,,,,,,,,,,,,,,,
90,case_14,2024-04-10 19:20:35.314981,complete,CRP,positive,L,HE,21.0,3590.0,,,,,,,,,,,,,,,,,,,,,,,,
91,case_14,2024-04-10 19:37:35.314981,complete,Admission NC,positive,L,,,,,,,,,,,,,,,,,,,,,,,,,,,
92,case_14,2024-04-10 21:10:44.314981,complete,Admission NC,positive,F,,,,,,,,,,,,,,,,,,,,,,,,,,,
93,case_14,2024-04-10 22:28:15.314981,complete,Admission NC,positive,J,,,,,,,,,,,,,,,,,,,,,,,,,,,
94,case_14,2024-04-10 23:03:09.314981,complete,CRP,positive,E,RC,20.0,53.0,,,,,,,,,,,,,,,,,,,,,,,,
95,case_15,2024-04-10 16:18:48.314981,complete,CRP,positive,L,L,23.0,5728.0,,,,,,,,,,,,,,,,,,,,,,,,
96,case_15,2024-04-10 17:29:04.314981,complete,Leucocytes,positive,E,YB,21.0,,2212.0,,,,,,,,,,,,,,,,,,,,,,,
97,case_15,2024-04-10 18:27:31.314981,complete,Leucocytes,positive,J,HE,21.0,,138.0,,,,,,,,,,,,,,,,,,,,,,,
98,case_15,2024-04-10 19:15:14.314981,complete,Admission NC,positive,A,,,,,,,,,,,,,,,,,,,,,,,,,,,
99,case_15,2024-04-10 20:09:32.314981,complete,Admission NC,positive,J,,,,,,,,,,,,,,,,,,,,,,,,,,,
100,case_15,2024-04-10 21:22:33.314981,complete,CRP,positive,J,HD,20.0,2917.0,,,,,,,,,,,,,,,,,,,,,,,,
101,case_15,2024-04-10 22:21:12.314981,complete,LacticAcid,positive,L,,,,,2.0,,,,,,,,,,,,,,,,,,,,,,
102,case_15,2024-04-10 23:30:01.314981,complete,Leucocytes,positive,L,C,22.0,,138.0,,,,,,,,,,,,,,,,,,,,,,,
103,case_16,2024-04-10 16:25:49.314981,complete,Leucocytes,positive,L,YA,36.0,,136.0,,,,,,,,,,,,,,,,,,,,,,,
104,case_16,2024-04-10 16:59:08.314981,complete,CRP,positive,E,YA,20.0,51.0,,,,,,,,,,,,,,,,,,,,,,,,
105,case_16,2024-04-10 17:36:54.314981,complete,Admission NC,positive,E,,,,,,,,,,,,,,,,,,,,,,,,,,,
106,case_16,2024-04-10 19:12:21.314981,complete,CRP,positive,L,YA,21.0,50.0,,,,,,,,,,,,,,,,,,,,,,,,
107,case_16,2024-04-10 19:38:25.314981,complete,Admission NC,positive,F,,,,,,,,,,,,,,,,,,,,,,,,,,,
108,case_16,2024-04-10 20:57:55.314981,complete,CRP,positive,J,HC,74.0,50.0,,,,,,,,,,,,,,,,,,,,,,,,
109,case_16,2024-04-10 22:16:24.314981,complete,Admission NC,positive,J,,,,,,,,,,,,,,,,,,,,,,,,,,,
110,case_16,2024-04-10 22:39:54.314981,complete,Leucocytes,positive,J,RC,25.0,,1577.0,,,,,,,,,,,,,,,,,,,,,,,
111,case_17,2024-04-10 16:03:22.314981,complete,CRP,positive,E,YA,36.0,5730.0,,,,,,,,,,,,,,,,,,,,,,,,
112,case_17,2024-04-10 17:08:59.314981,complete,Leucocytes,positive,J,UD,21.0,,138.0,,,,,,,,,,,,,,,,,,,,,,,
113,case_17,2024-04-10 17:38:21.314981,complete,Admission NC,positive,F,,,,,,,,,,,,,,,,,,,,,,,,,,,
114,case_17,2024-04-10 19:22:53.314981,complete,CRP,positive,I,HE,20.0,3590.0,,,,,,,,,,,,,,,,,,,,,,,,
115,case_17,2024-04-10 19:36:26.314981,complete,IV Antibiotics,positive,F,,,,,,,,,,,,,,,,,,,,,,,,,,,
116,case_17,2024-04-10 21:09:15.314981,complete,Admission NC,positive,F,,,,,,,,,,,,,,,,,,,,,,,,,,,
117,case_17,2024-04-10 22:32:21.314981,complete,Admission NC,positive,E,,,,,,,,,,,,,,,,,,,,,,,,,,,
118,case_17,2024-04-10 22:55:21.314981,complete,CRP,positive,L,RC,25.0,54.0,,,,,,,,,,,,,,,,,,,,,,,,
119,case_18,2024-04-10 16:13:42.314981,complete,CRP,positive,K,S,23.0,4215.0,,,,,,,,,,,,,,,,,,,,,,,,
120,case_18,2024-04-10 16:35:12.314981,complete,Leucocytes,positive,L,HC,59.0,,1356.0,,,,,,,,,,,,,,,,,,,,,,,
121,case_18,2024-04-10 18:17:08.314981,complete,Leucocytes,positive,K,HE,75.0,,138.0,,,,,,,,,,,,,,,,,,,,,,,
122,case_18,2024-04-10 18:36:35.314981,complete,Leucocytes,positive,L,UA,20.0,,138.0,,,,,,,,,,,,,,,,,,,,,,,
123,case_18,2024-04-10 20:07:54.314981,complete,LacticAcid,positive,K,,,,,12.0,,,,,,,,,,,,,,,,,,,,,,
124,case_18,2024-04-10 20:58:26.314981,complete,Admission NC,positive,J,,,,,,,,,,,,,,,,,,,,,,,,,,,
125,case_18,2024-04-10 21:39:33.314981,complete,Admission IC,positive,J,,,,,,,,,,,,,,,,,,,,,,,,,,,
126,case_18,2024-04-10 22:34:31.314981,complete,Admission NC,positive,J,,,,,,,,,,,,,,,,,,,,,,,,,,,
127,case_18,2024-04-11 00:02:20.314981,complete,Leucocytes,positive,E,BB,20.0,,138.0,,,,,,,,,,,,,,,,,,,,,,,
128,case_19,2024-04-10 16:32:08.314981,complete,CRP,positive,J,YA,22.0,51.0,,,,,,,,,,,,,,,,,,,,,,,,
129,case_19,2024-04-10 17:27:44.314981,complete,Release B,positive,E,,,,,,,,,,,,,,,,,,,,,,,,,,,
130,case_19,2024-04-10 18:03:19.314981,complete,Admission NC,positive,J,,,,,,,,,,,,,,,,,,,,,,,,,,,
131,case_19,2024-04-10 18:41:45.314981,complete,IV Antibiotics,positive,L,,,,,,,,,,,,,,,,,,,,,,,,,,,
132,case_19,2024-04-10 19:52:42.314981,complete,Leucocytes,positive,E,YA,53.0,,2032.0,,,,,,,,,,,,,,,,,,,,,,,
133,case_19,2024-04-10 20:36:14.314981,complete,Admission NC,positive,J,,,,,,,,,,,,,,,,,,,,,,,,,,,
134,case_19,2024-04-10 22:04:32.314981,complete,Admission NC,positive,J,,,,,,,,,,,,,,,,,,,,,,,,,,,
135,case_19,2024-04-10 22:43:53.314981,complete,Admission NC,positive,L,,,,,,,,,,,,,,,,,,,,,,,,,,,
136,case_19,2024-04-11 00:12:57.314981,complete,ER Registration,positive,E,YB,20.0,,,,true,true,true,true,true,true,true,true,false,false,true,false,true,true,true,false,true,true,false,true,false,true
137,case_20,2024-04-10 15:53:08.314981,complete,LacticAcid,positive,E,,,,,5.0,,,,,,,,,,,,,,,,,,,,,,
138,case_20,2024-04-10 16:33:51.314981,complete,Leucocytes,positive,L,YA,20.0,,2981.0,,,,,,,,,,,,,,,,,,,,,,,
139,case_20,2024-04-10 18:14:56.314981,complete,CRP,positive,E,HA,75.0,5729.0,,,,,,,,,,,,,,,,,,,,,,,,
140,case_20,2024-04-10 19:23:50.314981,complete,Admission NC,positive,J,,,,,,,,,,,,,,,,,,,,,,,,,,,
141,case_20,2024-04-10 19:43:45.314981,complete,Admission NC,positive,J,,,,,,,,,,,,,,,,,,,,,,,,,,,
142,case_20,2024-04-10 20:48:34.314981,complete,Admission NC,positive,J,,,,,,,,,,,,,,,,,,,,,,,,,,,
143,case_20,2024-04-10 22:03:18.314981,complete,Admission NC,positive,J,,,,,,,,,,,,,,,,,,,,,,,,,,,
144,case_20,2024-04-10 23:18:27.314981,complete,Admission IC,positive,J,,,,,,,,,,,,,,,,,,,,,,,,,,,
145,case_20,2024-04-11 00:21:48.314981,complete,Admission NC,positive,J,,,,,,,,,,,,,,,,,,,,,,,,,,,
146,case_21,2024-04-10 16:03:39.314981,complete,CRP,positive,A,YA,23.0,50.0,,,,,,,,,,,,,,,,,,,,,,,,
147,case_21,2024-04-10 17:01:30.314981,complete,Leucocytes,positive,E,HA,24.0,,863.0,,,,,,,,,,,,,,,,,,,,,,,
148,case_21,2024-04-10 17:35:20.314981,complete,Leucocytes,positive,J,YC,77.0,,2.0,,,,,,,,,,,,,,,,,,,,,,,
149,case_21,2024-04-10 19:20:31.314981,complete,ER Triage,positive,C,DE,20.0,,,,,,,,,,,,,,,,,,,,,,,,,
150,case_21,2024-04-10 19:41:25.314981,complete,CRP,positive,E,PB,55.0,1476.0,,,,,,,,,,,,,,,,,,,,,,,,
151,case_21,2024-04-10 20:39:56.314981,complete,Admission NC,positive,J,,,,,,,,,,,,,,,,,,,,,,,,,,,
152,case_21,2024-04-10 21:35:20.314981,complete,Admission NC,positive,J,,,,,,,,,,,,,,,,,,,,,,,,,,,
153,case_21,2024-04-10 22:41:22.314981,complete,Admission IC,positive,J,,,,,,,,,,,,,,,,,,,,,,,,,,,
154,case_21,2024-04-10 23:34:06.314981,complete,Admission NC,positive,J,,,,,,,,,,,,,,,,,,,,,,,,,,,
155,case_22,2024-04-10 15:48:49.314981,complete,Leucocytes,positive,A,YA,28.0,,512.0,,,,,,,,,,,,,,,,,,,,,,,
156,case_22,2024-04-10 16:45:07.314981,complete,Leucocytes,positive,E,HC,38.0,,2981.0,,,,,,,,,,,,,,,,,,,,,,,
157,case_22,2024-04-10 17:50:12.314981,complete,Admission NC,positive,J,,,,,,,,,,,,,,,,,,,,,,,,,,,
158,case_22,2024-04-10 19:09:09.314981,complete,ER Triage,positive,J,YA,21.0,,,,,,,,,,,,,,,,,,,,,,,,,
159,case_22,2024-04-10 19:50:28.314981,complete,Leucocytes,positive,I,PD,51.0,,2032.0,,,,,,,,,,,,,,,,,,,,,,,
160,case_22,2024-04-10 20:35:29.314981,complete,Admission NC,positive,J,,,,,,,,,,,,,,,,,,,,,,,,,,,
161,case_22,2024-04-10 22:09:21.314981,complete,Admission NC,positive,J,,,,,,,,,,,,,,,,,,,,,,,,,,,
162,case_22,2024-04-10 22:41:31.314981,complete,Admission IC,positive,L,,,,,,,,,,,,,,,,,,,,,,,,,,,
163,case_22,2024-04-11 00:32:13.314981,complete,Admission NC,positive,F,,,,,,,,,,,,,,,,,,,,,,,,,,,
164,case_23,2024-04-10 15:46:07.314981,complete,Leucocytes,positive,L,YC,21.0,,512.0,,,,,,,,,,,,,,,,,,,,,,,
165,case_23,2024-04-10 17:19:55.314981,complete,Leucocytes,positive,A,GB,36.0,,2981.0,,,,,,,,,,,,,,,,,,,,,,,
166,case_23,2024-04-10 17:33:53.314981,complete,Admission NC,positive,J,,,,,,,,,,,,,,,,,,,,,,,,,,,
167,case_23,2024-04-10 19:30:03.314981,complete,Admission NC,positive,J,,,,,,,,,,,,,,,,,,,,,,,,,,,
168,case_23,2024-04-10 19:52:36.314981,complete,Leucocytes,positive,J,PC,54.0,,2032.0,,,,,,,,,,,,,,,,,,,,,,,
169,case_23,2024-04-10 21:19:33.314981,complete,Admission NC,positive,J,,,,,,,,,,,,,,,,,,,,,,,,,,,
170,case_23,2024-04-10 22:04:35.314981,complete,Admission NC,positive,J,,,,,,,,,,,,,,,,,,,,,,,,,,,
171,case_23,2024-04-10 22:47:43.314981,complete,Admission IC,positive,J,,,,,,,,,,,,,,,,,,,,,,,,,,,
172,case_23,2024-04-11 00:14:38.314981,complete,Admission NC,positive,J,,,,,,,,,,,,,,,,,,,,,,,,,,,
173,case_24,2024-04-10 15:35:03.314981,complete,CRP,positive,E,YA,33.0,51.0,,,,,,,,,,,,,,,,,,,,,,,,
174,case_24,2024-04-10 16:41:52.314981,complete,Return ER,positive,E,,,,,,,,,,,,,,,,,,,,,,,,,,,
175,case_24,2024-04-10 17:39:25.314981,complete,Admission NC,positive,J,,,,,,,,,,,,,,,,,,,,,,,,,,,
176,case_24,2024-04-10 19:12:20.314981,complete,Admission IC,positive,J,,,,,,,,,,,,,,,,,,,,,,,,,,,
177,case_24,2024-04-10 20:10:05.314981,complete,Admission NC,positive,J,,,,,,,,,,,,,,,,,,,,,,,,,,,
178,case_24,2024-04-10 20:54:05.314981,complete,Leucocytes,positive,F,YC,20.0,,138.0,,,,,,,,,,,,,,,,,,,,,,,
179,case_24,2024-04-10 21:36:48.314981,complete,Admission NC,positive,J,,,,,,,,,,,,,,,,,,,,,,,,,,,
180,case_24,2024-04-10 22:52:39.314981,complete,Admission IC,positive,E,,,,,,,,,,,,,,,,,,,,,,,,,,,
181,case_24,2024-04-11 00:31:19.314981,complete,Admission NC,positive,L,,,,,,,,,,,,,,,,,,,,,,,,,,,
182,case_24,2024-04-11 01:15:13.314981,complete,ER Registration,positive,J,YA,22.0,,,,false,false,true,false,true,false,true,true,false,true,true,false,false,true,false,false,true,true,true,true,true,true
183,case_25,2024-04-10 15:32:36.314981,complete,CRP,positive,E,YC,70.0,50.0,,,,,,,,,,,,,,,,,,,,,,,,
184,case_25,2024-04-10 16:33:57.314981,complete,LacticAcid,positive,E,,,,,5.0,,,,,,,,,,,,,,,,,,,,,,
185,case_25,2024-04-10 17:35:44.314981,complete,Leucocytes,positive,J,YC,61.0,,2016.0,,,,,,,,,,,,,,,,,,,,,,,
186,case_25,2024-04-10 18:42:22.314981,complete,LacticAcid,positive,E,,,,,2.0,,,,,,,,,,,,,,,,,,,,,,
187,case_25,2024-04-10 20:09:17.314981,complete,Leucocytes,positive,L,YA,20.0,,139.0,,,,,,,,,,,,,,,,,,,,,,,
188,case_25,2024-04-10 21:18:02.314981,complete,Admission NC,positive,J,,,,,,,,,,,,,,,,,,,,,,,,,,,
189,case_25,2024-04-10 21:59:57.314981,complete,Admission NC,positive,J,,,,,,,,,,,,,,,,,,,,,,,,,,,
190,case_25,2024-04-10 23:25:13.314981,complete,Admission IC,positive,A,,,,,,,,,,,,,,,,,,,,,,,,,,,
191,case_25,2024-04-10 23:49:57.314981,complete,Admission NC,positive,L,,,,,,,,,,,,,,,,,,,,,,,,,,,
192,case_25,2024-04-11 01:25:23.314981,complete,CRP,positive,J,JE,26.0,50.0,,,,,,,,,,,,,,,,,,,,,,,,
193,case_26,2024-04-10 15:53:40.314981,complete,LacticAcid,positive,L,,,,,11.0,,,,,,,,,,,,,,,,,,,,,,
194,case_26,2024-04-10 17:11:42.314981,complete,ER Registration,positive,E,YB,21.0,,,,true,true,true,true,false,true,true,true,true,true,false,true,false,false,true,true,true,true,false,false,false,false
195,case_26,2024-04-10 17:56:37.314981,complete,CRP,positive,J,YB,20.0,1135.0,,,,,,,,,,,,,,,,,,,,,,,,
196,case_26,2024-04-10 19:12:17.314981,complete,LacticAcid,positive,L,,,,,4.0,,,,,,,,,,,,,,,,,,,,,,
197,case_26,2024-04-10 20:23:38.314981,complete,Leucocytes,positive,L,D,21.0,,392.0,,,,,,,,,,,,,,,,,,,,,,,
198,case_26,2024-04-10 21:15:14.314981,complete,Admission NC,positive,J,,,,,,,,,,,,,,,,,,,,,,,,,,,
199,case_26,2024-04-10 22:13:08.314981,complete,IV Liquid,positive,J,YA,20.0,,,,,,,,,,,,,,,,,,,,,,,,,
200,case_26,2024-04-10 22:48:49.314981,complete,CRP,positive,J,OC,90.0,51.0,,,,,,,,,,,,,,,,,,,,,,,,
201,case_26,2024-04-10 23:32:26.314981,complete,Admission NC,positive,E,,,,,,,,,,,,,,,,,,,,,,,,,,,
202,case_26,2024-04-11 01:15:31.314981,complete,Leucocytes,positive,E,YA,83.0,,138.0,,,,,,,,,,,,,,,,,,,,,,,
203,case_27,2024-04-10 16:00:34.314981,complete,CRP,positive,?,YA,90.0,2213.0,,,,,,,,,,,,,,,,,,,,,,,,
204,case_27,2024-04-10 16:34:26.314981,complete,LacticAcid,positive,J,,,,,2.0,,,,,,,,,,,,,,,,,,,,,,
205,case_27,2024-04-10 18:09:16.314981,complete,Leucocytes,positive,J,NA,20.0,,139.0,,,,,,,,,,,,,,,,,,,,,,,
206,case_27,2024-04-10 19:01:40.314981,complete,Admission NC,positive,F,,,,,,,,,,,,,,,,,,,,,,,,,,,
207,case_27,2024-04-10 20:09:47.314981,complete,Admission NC,positive,E,,,,,,,,,,,,,,,,,,,,,,,,,,,
208,case_27,2024-04-10 21:23:51.314981,complete,CRP,positive,L,HE,23.0,5651.0,,,,,,,,,,,,,,,,,,,,,,,,
209,case_27,2024-04-10 21:39:42.314981,complete,CRP,positive,J,BE,20.0,50.0,,,,,,,,,,,,,,,,,,,,,,,,
210,case_28,2024-04-10 16:15:38.314981,complete,LacticAcid,positive,L,,,,,8.0,,,,,,,,,,,,,,,,,,,,,,
211,case_28,2024-04-10 17:02:05.314981,complete,Leucocytes,positive,E,JA,20.0,,1443.0,,,,,,,,,,,,,,,,,,,,,,,
212,case_28,2024-04-10 17:32:23.314981,complete,Leucocytes,positive,J,VD,88.0,,243.0,,,,,,,,,,,,,,,,,,,,,,,
213,case_28,2024-04-10 19:22:26.314981,complete,Admission NC,positive,J,,,,,,,,,,,,,,,,,,,,,,,,,,,
214,case_28,2024-04-10 20:00:27.314981,complete,Admission IC,positive,J,,,,,,,,,,,,,,,,,,,,,,,,,,,
215,case_28,2024-04-10 21:08:45.314981,complete,Admission NC,positive,J,,,,,,,,,,,,,,,,,,,,,,,,,,,
216,case_28,2024-04-10 21:37:24.314981,complete,Leucocytes,positive,L,BE,21.0,,138.0,,,,,,,,,,,,,,,,,,,,,,,
217,case_29,2024-04-10 16:06:57.314981,complete,LacticAcid,positive,J,,,,,3.0,,,,,,,,,,,,,,,,,,,,,,
218,case_29,2024-04-10 16:37:29.314981,complete,Leucocytes,positive,L,YB,84.0,,1443.0,,,,,,,,,,,,,,,,,,,,,,,
219,case_29,2024-04-10 17:46:39.314981,complete,CRP,positive,J,YA,89.0,2681.0,,,,,,,,,,,,,,,,,,,,,,,,
220,case_29,2024-04-10 18:38:39.314981,complete,Admission IC,positive,L,,,,,,,,,,,,,,,,,,,,,,,,,,,
221,case_29,2024-04-10 19:51:35.314981,complete,Admission NC,positive,J,,,,,,,,,,,,,,,,,,,,,,,,,,,
222,case_29,2024-04-10 21:11:26.314981,complete,ER Triage,positive,J,XC,89.0,,,,,,,,,,,,,,,,,,,,,,,,,
223,case_29,2024-04-10 21:43:17.314981,complete,Admission NC,positive,J,,,,,,,,,,,,,,,,,,,,,,,,,,,
