,case:concept:name,time:timestamp,lifecycle:transition,concept:name,case:label,org:group,Diagnose,Age,Leucocytes,CRP,InfectionSuspected,DiagnosticBlood,DisfuncOrg,SIRSCritTachypnea,Hypotensie,SIRSCritHeartRate,Infusion,DiagnosticArtAstrup,DiagnosticIC,DiagnosticSputum,DiagnosticLiquor,DiagnosticOther,SIRSCriteria2OrMore,DiagnosticXthorax,SIRSCritTemperature,DiagnosticUrinaryCulture,SIRSCritLeucos,Oligurie,DiagnosticLacticAcid,Hypoxie,DiagnosticUrinarySediment,DiagnosticECG,LacticAcid
0,case_0,2024-04-10 16:19:25.875045,complete,Leucocytes,positive,K,YC,20.0,137.0,,,,,,,,,,,,,,,,,,,,,,,,
1,case_0,2024-04-10 17:00:00.875045,complete,CRP,positive,J,YB,26.0,,2924.0,,,,,,,,,,,,,,,,,,,,,,,
2,case_0,2024-04-10 18:14:18.875045,complete,CRP,positive,L,YA,25.0,,5726.0,,,,,,,,,,,,,,,,,,,,,,,
3,case_0,2024-04-10 19:29:15.875045,complete,CRP,positive,L,CE,20.0,,3361.0,,,,,,,,,,,,,,,,,,,,,,,
4,case_0,2024-04-10 20:06:56.875045,complete,Leucocytes,positive,I,YB,20.0,2.0,,,,,,,,,,,,,,,,,,,,,,,,
5,case_0,2024-04-10 21:23:46.875045,complete,Admission NC,positive,J,,,,,,,,,,,,,,,,,,,,,,,,,,,
6,case_0,2024-04-10 22:20:38.875045,complete,Admission IC,positive,J,,,,,,,,,,,,,,,,,,,,,,,,,,,
7,case_0,2024-04-10 23:10:58.875045,complete,Admission NC,positive,J,,,,,,,,,,,,,,,,,,,,,,,,,,,
8,case_0,2024-04-11 00:26:19.875045,complete,Leucocytes,positive,L,YA,21.0,138.0,,,,,,,,,,,,,,,,,,,,,,,,
9,case_0,2024-04-11 00:36:29.875045,complete,ER Registration,positive,I,Z,20.0,,,true,true,false,true,false,false,false,true,true,true,false,false,true,false,false,false,true,true,false,true,true,true,
10,case_1,2024-04-10 15:55:22.875045,complete,CRP,positive,L,YA,20.0,,52.0,,,,,,,,,,,,,,,,,,,,,,,
11,case_1,2024-04-10 17:07:26.875045,complete,LacticAcid,positive,J,,,,,,,,,,,,,,,,,,,,,,,,,,,9.0
12,case_1,2024-04-10 17:53:27.875045,complete,CRP,positive,J,YB,20.0,,50.0,,,,,,,,,,,,,,,,,,,,,,,
13,case_1,2024-04-10 19:14:33.875045,complete,CRP,positive,I,TB,21.0,,50.0,,,,,,,,,,,,,,,,,,,,,,,
14,case_1,2024-04-10 19:36:39.875045,complete,Leucocytes,positive,J,YA,21.0,158.0,,,,,,,,,,,,,,,,,,,,,,,,
15,case_1,2024-04-10 21:18:22.875045,complete,CRP,positive,J,PE,20.0,,696.0,,,,,,,,,,,,,,,,,,,,,,,
16,case_1,2024-04-10 22:31:54.875045,complete,CRP,positive,J,HE,20.0,,50.0,,,,,,,,,,,,,,,,,,,,,,,
17,case_1,2024-04-10 23:04:42.875045,complete,Admission NC,positive,Y,,,,,,,,,,,,,,,,,,,,,,,,,,,
18,case_1,2024-04-11 00:15:09.875045,complete,Admission NC,positive,J,,,,,,,,,,,,,,,,,,,,,,,,,,,
19,case_1,2024-04-11 00:36:13.875045,complete,ER Registration,positive,E,HC,20.0,,,true,true,true,false,true,false,false,true,false,false,true,true,false,false,false,false,true,false,false,true,false,true,
20,case_2,2024-04-10 16:21:08.875045,complete,Leucocytes,positive,J,YA,20.0,1169.0,,,,,,,,,,,,,,,,,,,,,,,,
21,case_2,2024-04-10 17:31:20.875045,complete,Leucocytes,positive,L,YA,20.0,3751.0,,,,,,,,,,,,,,,,,,,,,,,,
22,case_2,2024-04-10 18:12:45.875045,complete,Leucocytes,positive,I,YA,22.0,1358.0,,,,,,,,,,,,,,,,,,,,,,,,
23,case_2,2024-04-10 18:42:29.875045,complete,CRP,positive,J,CE,89.0,,4823.0,,,,,,,,,,,,,,,,,,,,,,,
24,case_2,2024-04-10 19:57:10.875045,complete,Leucocytes,positive,I,DA,22.0,392.0,,,,,,,,,,,,,,,,,,,,,,,,
25,case_2,2024-04-10 20:55:10.875045,complete,Leucocytes,positive,C,HA,23.0,2902.0,,,,,,,,,,,,,,,,,,,,,,,,
26,case_2,2024-04-10 21:37:00.875045,complete,Admission NC,positive,F,,,,,,,,,,,,,,,,,,,,,,,,,,,
27,case_2,2024-04-10 22:53:22.875045,complete,Admission NC,positive,J,,,,,,,,,,,,,,,,,,,,,,,,,,,
28,case_2,2024-04-11 00:11:34.875045,complete,Leucocytes,positive,I,HC,23.0,139.0,,,,,,,,,,,,,,,,,,,,,,,,
29,case_2,2024-04-11 00:43:00.875045,complete,CRP,positive,L,HE,23.0,,53.0,,,,,,,,,,,,,,,,,,,,,,,
30,case_3,2024-04-10 15:52:15.875045,complete,CRP,positive,J,YA,20.0,,4734.0,,,,,,,,,,,,,,,,,,,,,,,
31,case_3,2024-04-10 17:17:58.875045,complete,LacticAcid,positive,L,,,,,,,,,,,,,,,,,,,,,,,,,,,13.0
32,case_3,2024-04-10 17:44:11.875045,complete,IV Antibiotics,positive,L,,,,,,,,,,,,,,,,,,,,,,,,,,,
33,case_3,2024-04-10 19:32:52.875045,complete,IV Antibiotics,positive,L,,,,,,,,,,,,,,,,,,,,,,,,,,,
34,case_3,2024-04-10 19:56:37.875045,complete,Admission NC,positive,J,,,,,,,,,,,,,,,,,,,,,,,,,,,
35,case_3,2024-04-10 21:00:47.875045,complete,Admission IC,positive,J,,,,,,,,,,,,,,,,,,,,,,,,,,,
36,case_3,2024-04-10 22:29:40.875045,complete,Admission NC,positive,J,,,,,,,,,,,,,,,,,,,,,,,,,,,
37,case_3,2024-04-10 23:27:47.875045,complete,CRP,positive,J,YB,20.0,,52.0,,,,,,,,,,,,,,,,,,,,,,,
38,case_3,2024-04-11 00:30:23.875045,complete,Leucocytes,positive,I,YC,21.0,1628.0,,,,,,,,,,,,,,,,,,,,,,,,
39,case_3,2024-04-11 00:47:50.875045,complete,ER Registration,positive,L,HE,26.0,,,true,true,false,true,false,false,false,true,false,true,false,false,false,false,true,false,true,true,false,true,true,true,
40,case_4,2024-04-10 15:48:25.875045,complete,CRP,positive,J,YA,21.0,,50.0,,,,,,,,,,,,,,,,,,,,,,,
41,case_4,2024-04-10 17:30:47.875045,complete,CRP,positive,L,YB,20.0,,50.0,,,,,,,,,,,,,,,,,,,,,,,
42,case_4,2024-04-10 17:40:52.875045,complete,CRP,positive,I,YA,20.0,,52.0,,,,,,,,,,,,,,,,,,,,,,,
43,case_4,2024-04-10 18:59:47.875045,complete,CRP,positive,J,CE,20.0,,3367.0,,,,,,,,,,,,,,,,,,,,,,,
44,case_4,2024-04-10 20:29:18.875045,complete,CRP,positive,K,UA,25.0,,4232.0,,,,,,,,,,,,,,,,,,,,,,,
45,case_4,2024-04-10 21:28:26.875045,complete,CRP,positive,I,PC,20.0,,50.0,,,,,,,,,,,,,,,,,,,,,,,
46,case_4,2024-04-10 22:13:06.875045,complete,CRP,positive,?,HE,20.0,,2914.0,,,,,,,,,,,,,,,,,,,,,,,
47,case_4,2024-04-10 22:36:22.875045,complete,Leucocytes,positive,I,GC,26.0,2353.0,,,,,,,,,,,,,,,,,,,,,,,,
48,case_4,2024-04-10 23:46:08.875045,complete,Admission NC,positive,J,,,,,,,,,,,,,,,,,,,,,,,,,,,
49,case_4,2024-04-11 00:57:53.875045,complete,Admission NC,positive,J,,,,,,,,,,,,,,,,,,,,,,,,,,,
50,case_5,2024-04-10 15:34:14.875045,complete,CRP,positive,E,YA,56.0,,50.0,,,,,,,,,,,,,,,,,,,,,,,
51,case_5,2024-04-10 16:40:49.875045,complete,Leucocytes,positive,J,QA,21.0,1395.0,,,,,,,,,,,,,,,,,,,,,,,,
52,case_5,2024-04-10 18:19:04.875045,complete,LacticAcid,positive,J,,,,,,,,,,,,,,,,,,,,,,,,,,,2.0
53,case_5,2024-04-10 19:33:36.875045,complete,Leucocytes,positive,L,CE,25.0,2024.0,,,,,,,,,,,,,,,,,,,,,,,,
54,case_5,2024-04-10 19:40:38.875045,complete,Admission NC,positive,L,,,,,,,,,,,,,,,,,,,,,,,,,,,
55,case_5,2024-04-10 21:00:01.875045,complete,CRP,positive,I,WA,90.0,,50.0,,,,,,,,,,,,,,,,,,,,,,,
56,case_5,2024-04-10 21:47:56.875045,complete,Admission NC,positive,C,,,,,,,,,,,,,,,,,,,,,,,,,,,
57,case_5,2024-04-10 23:26:05.875045,complete,Release B,positive,E,,,,,,,,,,,,,,,,,,,,,,,,,,,
58,case_5,2024-04-10 23:55:30.875045,complete,CRP,positive,L,HB,20.0,,3232.0,,,,,,,,,,,,,,,,,,,,,,,
59,case_5,2024-04-11 01:30:26.875045,complete,LacticAcid,positive,I,,,,,,,,,,,,,,,,,,,,,,,,,,,10.0
60,case_6,2024-04-10 15:59:02.875045,complete,CRP,positive,E,Z,20.0,,53.0,,,,,,,,,,,,,,,,,,,,,,,
61,case_6,2024-04-10 17:16:30.875045,complete,Leucocytes,positive,L,YC,21.0,1943.0,,,,,,,,,,,,,,,,,,,,,,,,
62,case_6,2024-04-10 18:17:33.875045,complete,Admission NC,positive,L,,,,,,,,,,,,,,,,,,,,,,,,,,,
63,case_6,2024-04-10 19:12:23.875045,complete,Leucocytes,positive,F,CE,23.0,138.0,,,,,,,,,,,,,,,,,,,,,,,,
64,case_6,2024-04-10 19:58:08.875045,complete,ER Registration,positive,K,DE,21.0,,,false,false,true,true,false,false,true,false,false,true,true,false,true,false,false,false,true,false,true,true,false,false,
65,case_6,2024-04-10 21:16:59.875045,complete,Release B,positive,L,,,,,,,,,,,,,,,,,,,,,,,,,,,
66,case_6,2024-04-10 22:11:59.875045,complete,Leucocytes,positive,J,YA,20.0,138.0,,,,,,,,,,,,,,,,,,,,,,,,
67,case_6,2024-04-10 23:25:28.875045,complete,Release B,positive,E,,,,,,,,,,,,,,,,,,,,,,,,,,,
68,case_6,2024-04-10 23:35:05.875045,complete,Admission NC,positive,K,,,,,,,,,,,,,,,,,,,,,,,,,,,
69,case_6,2024-04-11 01:21:18.875045,complete,Release B,positive,E,,,,,,,,,,,,,,,,,,,,,,,,,,,
70,case_7,2024-04-10 16:11:28.875045,complete,CRP,positive,K,YB,22.0,,52.0,,,,,,,,,,,,,,,,,,,,,,,
71,case_7,2024-04-10 16:50:13.875045,complete,Leucocytes,positive,J,YC,20.0,3751.0,,,,,,,,,,,,,,,,,,,,,,,,
72,case_7,2024-04-10 17:40:02.875045,complete,CRP,positive,L,YC,22.0,,1711.0,,,,,,,,,,,,,,,,,,,,,,,
73,case_7,2024-04-10 18:53:38.875045,complete,CRP,positive,J,YB,85.0,,4823.0,,,,,,,,,,,,,,,,,,,,,,,
74,case_7,2024-04-10 19:47:02.875045,complete,Leucocytes,positive,I,D,20.0,138.0,,,,,,,,,,,,,,,,,,,,,,,,
75,case_7,2024-04-10 21:20:00.875045,complete,Admission NC,positive,J,,,,,,,,,,,,,,,,,,,,,,,,,,,
76,case_7,2024-04-10 21:49:40.875045,complete,Admission NC,positive,J,,,,,,,,,,,,,,,,,,,,,,,,,,,
77,case_7,2024-04-10 22:46:34.875045,complete,ER Registration,positive,I,GB,84.0,,,false,true,true,true,false,false,true,false,false,false,false,true,true,false,true,true,true,false,false,false,false,true,
78,case_7,2024-04-10 23:45:58.875045,complete,ER Registration,positive,I,HE,85.0,,,false,true,false,true,true,true,false,false,false,true,true,false,false,true,false,false,false,false,false,true,false,true,
79,case_7,2024-04-11 01:15:19.875045,complete,CRP,positive,L,Z,23.0,,50.0,,,,,,,,,,,,,,,,,,,,,,,
80,case_8,2024-04-10 16:17:30.875045,complete,Leucocytes,positive,L,YA,26.0,136.0,,,,,,,,,,,,,,,,,,,,,,,,
81,case_8,2024-04-10 16:43:39.875045,complete,Leucocytes,positive,L,YA,21.0,2212.0,,,,,,,,,,,,,,,,,,,,,,,,
82,case_8,2024-04-10 18:02:24.875045,complete,Admission NC,positive,J,,,,,,,,,,,,,,,,,,,,,,,,,,,
83,case_8,2024-04-10 19:20:23.875045,complete,Leucocytes,positive,L,VD,20.0,89.0,,,,,,,,,,,,,,,,,,,,,,,,
84,case_8,2024-04-10 19:53:04.875045,complete,CRP,positive,L,DA,20.0,,186.0,,,,,,,,,,,,,,,,,,,,,,,
85,case_8,2024-04-10 21:14:15.875045,complete,Admission NC,positive,?,,,,,,,,,,,,,,,,,,,,,,,,,,,
86,case_8,2024-04-10 22:27:37.875045,complete,Leucocytes,positive,L,HB,20.0,137.0,,,,,,,,,,,,,,,,,,,,,,,,
87,case_8,2024-04-10 23:08:10.875045,complete,CRP,positive,L,HE,35.0,,5059.0,,,,,,,,,,,,,,,,,,,,,,,
88,case_9,2024-04-10 16:14:27.875045,complete,CRP,positive,L,YA,22.0,,50.0,,,,,,,,,,,,,,,,,,,,,,,
89,case_9,2024-04-10 16:42:53.875045,complete,CRP,positive,L,LB,22.0,,52.0,,,,,,,,,,,,,,,,,,,,,,,
90,case_9,2024-04-10 18:18:43.875045,complete,CRP,positive,I,HE,20.0,,50.0,,,,,,,,,,,,,,,,,,,,,,,
91,case_9,2024-04-10 19:04:48.875045,complete,CRP,positive,L,VD,21.0,,3062.0,,,,,,,,,,,,,,,,,,,,,,,
92,case_9,2024-04-10 20:07:39.875045,complete,LacticAcid,positive,L,,,,,,,,,,,,,,,,,,,,,,,,,,,2.0
93,case_9,2024-04-10 20:57:50.875045,complete,Leucocytes,positive,J,HE,23.0,138.0,,,,,,,,,,,,,,,,,,,,,,,,
94,case_9,2024-04-10 21:53:12.875045,complete,Admission NC,positive,L,,,,,,,,,,,,,,,,,,,,,,,,,,,
95,case_9,2024-04-10 22:42:25.875045,complete,Admission NC,positive,L,,,,,,,,,,,,,,,,,,,,,,,,,,,
96,case_10,2024-04-10 16:06:31.875045,complete,Leucocytes,positive,E,YA,27.0,2.0,,,,,,,,,,,,,,,,,,,,,,,,
97,case_10,2024-04-10 17:08:40.875045,complete,Leucocytes,positive,J,LB,21.0,2212.0,,,,,,,,,,,,,,,,,,,,,,,,
98,case_10,2024-04-10 18:30:52.875045,complete,CRP,positive,I,YA,21.0,,51.0,,,,,,,,,,,,,,,,,,,,,,,
99,case_10,2024-04-10 19:04:31.875045,complete,CRP,positive,I,VD,20.0,,3062.0,,,,,,,,,,,,,,,,,,,,,,,
100,case_10,2024-04-10 19:35:38.875045,complete,CRP,positive,I,LE,21.0,,186.0,,,,,,,,,,,,,,,,,,,,,,,
101,case_10,2024-04-10 21:02:30.875045,complete,Admission NC,positive,F,,,,,,,,,,,,,,,,,,,,,,,,,,,
102,case_10,2024-04-10 22:06:15.875045,complete,Admission NC,positive,F,,,,,,,,,,,,,,,,,,,,,,,,,,,
103,case_10,2024-04-10 23:00:00.875045,complete,CRP,positive,I,HE,34.0,,51.0,,,,,,,,,,,,,,,,,,,,,,,
104,case_11,2024-04-10 16:04:14.875045,complete,CRP,positive,J,YA,20.0,,5730.0,,,,,,,,,,,,,,,,,,,,,,,
105,case_11,2024-04-10 17:18:42.875045,complete,ER Sepsis Triage,positive,J,LB,22.0,,,,,,,,,,,,,,,,,,,,,,,,,
106,case_11,2024-04-10 18:27:07.875045,complete,Admission NC,positive,L,,,,,,,,,,,,,,,,,,,,,,,,,,,
107,case_11,2024-04-10 18:38:29.875045,complete,Release B,positive,E,,,,,,,,,,,,,,,,,,,,,,,,,,,
108,case_11,2024-04-10 20:10:51.875045,complete,Admission NC,positive,J,,,,,,,,,,,,,,,,,,,,,,,,,,,
109,case_11,2024-04-10 21:30:16.875045,complete,Leucocytes,positive,?,HE,20.0,132.0,,,,,,,,,,,,,,,,,,,,,,,,
110,case_11,2024-04-10 22:32:03.875045,complete,Release B,positive,E,,,,,,,,,,,,,,,,,,,,,,,,,,,
111,case_11,2024-04-10 22:33:51.875045,complete,CRP,positive,J,HE,34.0,,52.0,,,,,,,,,,,,,,,,,,,,,,,
112,case_12,2024-04-10 16:06:45.875045,complete,CRP,positive,L,L,20.0,,50.0,,,,,,,,,,,,,,,,,,,,,,,
113,case_12,2024-04-10 17:24:32.875045,complete,Leucocytes,positive,L,YB,58.0,768.0,,,,,,,,,,,,,,,,,,,,,,,,
114,case_12,2024-04-10 17:35:29.875045,complete,Leucocytes,positive,L,YA,22.0,138.0,,,,,,,,,,,,,,,,,,,,,,,,
115,case_12,2024-04-10 18:45:11.875045,complete,CRP,positive,J,TB,22.0,,50.0,,,,,,,,,,,,,,,,,,,,,,,
116,case_12,2024-04-10 20:14:41.875045,complete,Admission NC,positive,J,,,,,,,,,,,,,,,,,,,,,,,,,,,
117,case_12,2024-04-10 20:55:15.875045,complete,CRP,positive,L,YA,21.0,,2275.0,,,,,,,,,,,,,,,,,,,,,,,
118,case_12,2024-04-10 22:11:47.875045,complete,CRP,positive,I,HE,21.0,,50.0,,,,,,,,,,,,,,,,,,,,,,,
119,case_12,2024-04-10 22:34:36.875045,complete,Admission NC,positive,L,,,,,,,,,,,,,,,,,,,,,,,,,,,
120,case_13,2024-04-10 15:51:47.875045,complete,Leucocytes,positive,A,WC,23.0,3079.0,,,,,,,,,,,,,,,,,,,,,,,,
121,case_13,2024-04-10 17:18:59.875045,complete,CRP,positive,J,FB,21.0,,50.0,,,,,,,,,,,,,,,,,,,,,,,
122,case_13,2024-04-10 18:05:19.875045,complete,Admission NC,positive,L,,,,,,,,,,,,,,,,,,,,,,,,,,,
123,case_13,2024-04-10 18:56:21.875045,complete,CRP,positive,I,HB,20.0,,50.0,,,,,,,,,,,,,,,,,,,,,,,
124,case_13,2024-04-10 19:44:50.875045,complete,Admission NC,positive,J,,,,,,,,,,,,,,,,,,,,,,,,,,,
125,case_13,2024-04-10 21:21:49.875045,complete,CRP,positive,E,YA,21.0,,53.0,,,,,,,,,,,,,,,,,,,,,,,
126,case_14,2024-04-10 15:40:21.875045,complete,CRP,positive,J,YB,25.0,,50.0,,,,,,,,,,,,,,,,,,,,,,,
127,case_14,2024-04-10 17:03:00.875045,complete,CRP,positive,I,YA,21.0,,50.0,,,,,,,,,,,,,,,,,,,,,,,
128,case_14,2024-04-10 17:45:11.875045,complete,Admission NC,positive,L,,,,,,,,,,,,,,,,,,,,,,,,,,,
129,case_14,2024-04-10 19:19:22.875045,complete,Admission NC,positive,L,,,,,,,,,,,,,,,,,,,,,,,,,,,
130,case_14,2024-04-10 20:00:30.875045,complete,CRP,positive,K,YA,23.0,,50.0,,,,,,,,,,,,,,,,,,,,,,,
131,case_14,2024-04-10 20:54:00.875045,complete,CRP,positive,L,HE,20.0,,51.0,,,,,,,,,,,,,,,,,,,,,,,
132,case_15,2024-04-10 16:21:36.875045,complete,CRP,positive,L,YA,20.0,,2657.0,,,,,,,,,,,,,,,,,,,,,,,
133,case_15,2024-04-10 16:48:28.875045,complete,CRP,positive,J,CC,20.0,,50.0,,,,,,,,,,,,,,,,,,,,,,,
134,case_15,2024-04-10 18:20:13.875045,complete,Leucocytes,positive,L,OB,20.0,14.0,,,,,,,,,,,,,,,,,,,,,,,,
135,case_15,2024-04-10 18:45:10.875045,complete,CRP,positive,J,PE,20.0,,51.0,,,,,,,,,,,,,,,,,,,,,,,
136,case_15,2024-04-10 19:57:57.875045,complete,Admission NC,positive,F,,,,,,,,,,,,,,,,,,,,,,,,,,,
137,case_15,2024-04-10 21:05:34.875045,complete,Admission NC,positive,J,,,,,,,,,,,,,,,,,,,,,,,,,,,
138,case_16,2024-04-10 15:46:27.875045,complete,LacticAcid,positive,L,,,,,,,,,,,,,,,,,,,,,,,,,,,2.0
139,case_16,2024-04-10 16:44:22.875045,complete,Leucocytes,positive,J,CC,89.0,674.0,,,,,,,,,,,,,,,,,,,,,,,,
140,case_16,2024-04-10 18:10:15.875045,complete,Admission NC,positive,J,,,,,,,,,,,,,,,,,,,,,,,,,,,
141,case_16,2024-04-10 18:35:04.875045,complete,CRP,positive,I,PE,20.0,,50.0,,,,,,,,,,,,,,,,,,,,,,,
142,case_16,2024-04-10 20:13:09.875045,complete,Admission NC,positive,J,,,,,,,,,,,,,,,,,,,,,,,,,,,
143,case_16,2024-04-10 21:19:42.875045,complete,CRP,positive,L,HB,39.0,,677.0,,,,,,,,,,,,,,,,,,,,,,,
144,case_17,2024-04-10 15:45:58.875045,complete,CRP,positive,E,YA,23.0,,50.0,,,,,,,,,,,,,,,,,,,,,,,
145,case_17,2024-04-10 16:42:47.875045,complete,Leucocytes,positive,L,YA,21.0,674.0,,,,,,,,,,,,,,,,,,,,,,,,
146,case_17,2024-04-10 17:36:41.875045,complete,Admission NC,positive,F,,,,,,,,,,,,,,,,,,,,,,,,,,,
147,case_17,2024-04-10 18:37:04.875045,complete,CRP,positive,J,P,89.0,,50.0,,,,,,,,,,,,,,,,,,,,,,,
148,case_17,2024-04-10 20:31:02.875045,complete,Leucocytes,positive,L,HE,20.0,2063.0,,,,,,,,,,,,,,,,,,,,,,,,
149,case_17,2024-04-10 21:32:10.875045,complete,Admission NC,positive,J,,,,,,,,,,,,,,,,,,,,,,,,,,,
150,case_18,2024-04-10 15:57:43.875045,complete,CRP,positive,L,YD,21.0,,3979.0,,,,,,,,,,,,,,,,,,,,,,,
151,case_18,2024-04-10 17:10:30.875045,complete,CRP,positive,I,YC,21.0,,385.0,,,,,,,,,,,,,,,,,,,,,,,
152,case_18,2024-04-10 18:08:34.875045,complete,CRP,positive,I,HE,21.0,,2906.0,,,,,,,,,,,,,,,,,,,,,,,
153,case_18,2024-04-10 18:56:12.875045,complete,CRP,positive,J,OC,23.0,,932.0,,,,,,,,,,,,,,,,,,,,,,,
154,case_18,2024-04-10 19:56:30.875045,complete,Leucocytes,positive,I,HE,20.0,138.0,,,,,,,,,,,,,,,,,,,,,,,,
155,case_18,2024-04-10 20:59:45.875045,complete,Admission NC,positive,J,,,,,,,,,,,,,,,,,,,,,,,,,,,
156,case_18,2024-04-10 21:47:52.875045,complete,Admission NC,positive,L,,,,,,,,,,,,,,,,,,,,,,,,,,,
157,case_19,2024-04-10 16:05:38.875045,complete,CRP,positive,L,QB,23.0,,3176.0,,,,,,,,,,,,,,,,,,,,,,,
158,case_19,2024-04-10 17:15:15.875045,complete,CRP,positive,E,MD,21.0,,50.0,,,,,,,,,,,,,,,,,,,,,,,
159,case_19,2024-04-10 17:58:22.875045,complete,Leucocytes,positive,J,HE,21.0,139.0,,,,,,,,,,,,,,,,,,,,,,,,
160,case_19,2024-04-10 19:06:53.875045,complete,Admission NC,positive,F,,,,,,,,,,,,,,,,,,,,,,,,,,,
161,case_19,2024-04-10 20:21:23.875045,complete,CRP,positive,I,HE,21.0,,50.0,,,,,,,,,,,,,,,,,,,,,,,
162,case_19,2024-04-10 21:09:32.875045,complete,Admission NC,positive,L,,,,,,,,,,,,,,,,,,,,,,,,,,,
163,case_19,2024-04-10 21:40:04.875045,complete,Leucocytes,positive,J,HA,20.0,138.0,,,,,,,,,,,,,,,,,,,,,,,,
164,case_20,2024-04-10 16:06:32.875045,complete,CRP,positive,K,YB,21.0,,4112.0,,,,,,,,,,,,,,,,,,,,,,,
165,case_20,2024-04-10 17:31:31.875045,complete,Leucocytes,positive,J,MD,56.0,138.0,,,,,,,,,,,,,,,,,,,,,,,,
166,case_20,2024-04-10 18:03:27.875045,complete,Admission NC,positive,J,,,,,,,,,,,,,,,,,,,,,,,,,,,
167,case_20,2024-04-10 19:18:01.875045,complete,CRP,positive,J,OD,78.0,,1341.0,,,,,,,,,,,,,,,,,,,,,,,
168,case_20,2024-04-10 20:01:16.875045,complete,Admission NC,positive,L,,,,,,,,,,,,,,,,,,,,,,,,,,,
169,case_20,2024-04-10 20:45:41.875045,complete,CRP,positive,I,YA,23.0,,50.0,,,,,,,,,,,,,,,,,,,,,,,
170,case_20,2024-04-10 22:01:18.875045,complete,CRP,positive,F,HE,22.0,,2853.0,,,,,,,,,,,,,,,,,,,,,,,
171,case_21,2024-04-10 16:11:49.875045,complete,CRP,positive,L,YA,21.0,,50.0,,,,,,,,,,,,,,,,,,,,,,,
172,case_21,2024-04-10 16:43:07.875045,complete,CRP,positive,L,YB,20.0,,2105.0,,,,,,,,,,,,,,,,,,,,,,,
173,case_21,2024-04-10 18:24:30.875045,complete,LacticAcid,positive,J,,,,,,,,,,,,,,,,,,,,,,,,,,,2.0
174,case_21,2024-04-10 19:06:24.875045,complete,Leucocytes,positive,F,UB,20.0,138.0,,,,,,,,,,,,,,,,,,,,,,,,
175,case_21,2024-04-10 19:39:59.875045,complete,CRP,positive,L,YA,25.0,,1476.0,,,,,,,,,,,,,,,,,,,,,,,
176,case_21,2024-04-10 20:42:37.875045,complete,Admission NC,positive,L,,,,,,,,,,,,,,,,,,,,,,,,,,,
177,case_21,2024-04-10 22:09:40.875045,complete,Admission NC,positive,F,,,,,,,,,,,,,,,,,,,,,,,,,,,
178,case_21,2024-04-10 22:49:20.875045,complete,Leucocytes,positive,I,HD,87.0,138.0,,,,,,,,,,,,,,,,,,,,,,,,
179,case_21,2024-04-11 00:08:02.875045,complete,ER Registration,positive,E,HB,88.0,,,true,true,false,false,true,false,true,true,true,true,false,false,true,false,true,true,true,true,true,false,true,false,
180,case_22,2024-04-10 16:01:54.875045,complete,Admission NC,positive,A,,,,,,,,,,,,,,,,,,,,,,,,,,,
181,case_22,2024-04-10 16:41:35.875045,complete,Leucocytes,positive,I,QC,20.0,2981.0,,,,,,,,,,,,,,,,,,,,,,,,
182,case_22,2024-04-10 18:00:38.875045,complete,CRP,positive,I,QA,20.0,,50.0,,,,,,,,,,,,,,,,,,,,,,,
183,case_22,2024-04-10 18:46:51.875045,complete,CRP,positive,L,UB,21.0,,5650.0,,,,,,,,,,,,,,,,,,,,,,,
184,case_22,2024-04-10 19:37:45.875045,complete,CRP,positive,I,HD,21.0,,3128.0,,,,,,,,,,,,,,,,,,,,,,,
185,case_22,2024-04-10 20:46:09.875045,complete,Leucocytes,positive,L,YA,25.0,138.0,,,,,,,,,,,,,,,,,,,,,,,,
186,case_22,2024-04-10 22:03:10.875045,complete,Leucocytes,positive,I,HE,20.0,3233.0,,,,,,,,,,,,,,,,,,,,,,,,
187,case_22,2024-04-10 22:41:13.875045,complete,Leucocytes,positive,K,HE,21.0,140.0,,,,,,,,,,,,,,,,,,,,,,,,
188,case_22,2024-04-11 00:27:51.875045,complete,Admission NC,positive,E,,,,,,,,,,,,,,,,,,,,,,,,,,,
189,case_23,2024-04-10 16:06:32.875045,complete,CRP,positive,E,YA,23.0,,50.0,,,,,,,,,,,,,,,,,,,,,,,
190,case_23,2024-04-10 16:39:00.875045,complete,Leucocytes,positive,J,YA,21.0,2981.0,,,,,,,,,,,,,,,,,,,,,,,,
191,case_23,2024-04-10 18:01:37.875045,complete,Leucocytes,positive,I,ZA,20.0,139.0,,,,,,,,,,,,,,,,,,,,,,,,
192,case_23,2024-04-10 19:12:24.875045,complete,CRP,positive,I,UD,20.0,,5650.0,,,,,,,,,,,,,,,,,,,,,,,
193,case_23,2024-04-10 20:24:01.875045,complete,Leucocytes,positive,K,YB,23.0,2032.0,,,,,,,,,,,,,,,,,,,,,,,,
194,case_23,2024-04-10 21:01:44.875045,complete,CRP,positive,L,HE,21.0,,50.0,,,,,,,,,,,,,,,,,,,,,,,
195,case_23,2024-04-10 22:09:47.875045,complete,CRP,positive,I,HE,21.0,,2944.0,,,,,,,,,,,,,,,,,,,,,,,
196,case_23,2024-04-10 22:51:45.875045,complete,Admission NC,positive,F,,,,,,,,,,,,,,,,,,,,,,,,,,,
197,case_23,2024-04-10 23:49:11.875045,complete,Admission NC,positive,F,,,,,,,,,,,,,,,,,,,,,,,,,,,
198,case_24,2024-04-10 16:08:09.875045,complete,CRP,positive,E,YD,22.0,,2682.0,,,,,,,,,,,,,,,,,,,,,,,
199,case_24,2024-04-10 17:07:51.875045,complete,CRP,positive,E,YB,78.0,,51.0,,,,,,,,,,,,,,,,,,,,,,,
200,case_24,2024-04-10 18:22:16.875045,complete,Leucocytes,positive,L,YB,87.0,138.0,,,,,,,,,,,,,,,,,,,,,,,,
201,case_24,2024-04-10 18:43:59.875045,complete,Leucocytes,positive,I,VB,63.0,261.0,,,,,,,,,,,,,,,,,,,,,,,,
202,case_24,2024-04-10 20:09:17.875045,complete,Admission NC,positive,J,,,,,,,,,,,,,,,,,,,,,,,,,,,
203,case_24,2024-04-10 20:47:43.875045,complete,Admission NC,positive,C,,,,,,,,,,,,,,,,,,,,,,,,,,,
204,case_24,2024-04-10 21:59:23.875045,complete,ER Registration,positive,K,HE,20.0,,,false,false,false,false,false,true,true,false,false,false,false,true,false,true,true,true,true,false,false,true,false,false,
205,case_24,2024-04-10 22:44:34.875045,complete,LacticAcid,positive,L,,,,,,,,,,,,,,,,,,,,,,,,,,,71.0
206,case_24,2024-04-10 23:49:47.875045,complete,Leucocytes,positive,J,YC,53.0,1378.0,,,,,,,,,,,,,,,,,,,,,,,,
207,case_25,2024-04-10 15:52:00.875045,complete,Leucocytes,positive,L,YA,44.0,1475.0,,,,,,,,,,,,,,,,,,,,,,,,
208,case_25,2024-04-10 17:13:19.875045,complete,CRP,positive,L,YA,20.0,,52.0,,,,,,,,,,,,,,,,,,,,,,,
209,case_25,2024-04-10 17:34:32.875045,complete,CRP,positive,L,YB,21.0,,5730.0,,,,,,,,,,,,,,,,,,,,,,,
210,case_25,2024-04-10 19:14:38.875045,complete,CRP,positive,I,UB,87.0,,1313.0,,,,,,,,,,,,,,,,,,,,,,,
211,case_25,2024-04-10 20:21:13.875045,complete,ER Triage,positive,K,HD,20.0,,,,,,,,,,,,,,,,,,,,,,,,,
212,case_25,2024-04-10 21:10:31.875045,complete,Admission NC,positive,J,,,,,,,,,,,,,,,,,,,,,,,,,,,
213,case_25,2024-04-10 21:40:16.875045,complete,Admission NC,positive,J,,,,,,,,,,,,,,,,,,,,,,,,,,,
214,case_25,2024-04-10 23:04:12.875045,complete,Admission NC,positive,J,,,,,,,,,,,,,,,,,,,,,,,,,,,
215,case_25,2024-04-11 00:07:55.875045,complete,Leucocytes,positive,E,PD,25.0,2.0,,,,,,,,,,,,,,,,,,,,,,,,
216,case_26,2024-04-10 16:23:18.875045,complete,Admission NC,positive,J,,,,,,,,,,,,,,,,,,,,,,,,,,,
217,case_26,2024-04-10 16:49:15.875045,complete,Leucocytes,positive,J,PC,20.0,138.0,,,,,,,,,,,,,,,,,,,,,,,,
218,case_26,2024-04-10 17:54:06.875045,complete,CRP,positive,I,ID,37.0,,50.0,,,,,,,,,,,,,,,,,,,,,,,
219,case_26,2024-04-10 19:03:11.875045,complete,CRP,positive,I,HD,48.0,,50.0,,,,,,,,,,,,,,,,,,,,,,,
220,case_26,2024-04-10 20:25:19.875045,complete,Admission NC,positive,E,,,,,,,,,,,,,,,,,,,,,,,,,,,
221,case_27,2024-04-10 15:34:32.875045,complete,Leucocytes,positive,L,YA,21.0,3717.0,,,,,,,,,,,,,,,,,,,,,,,,
222,case_27,2024-04-10 16:52:32.875045,complete,CRP,positive,L,YB,20.0,,51.0,,,,,,,,,,,,,,,,,,,,,,,
223,case_27,2024-04-10 17:41:36.875045,complete,Admission NC,positive,L,,,,,,,,,,,,,,,,,,,,,,,,,,,
224,case_27,2024-04-10 19:02:24.875045,complete,CRP,positive,L,YB,32.0,,50.0,,,,,,,,,,,,,,,,,,,,,,,
225,case_27,2024-04-10 20:25:34.875045,complete,Admission NC,positive,E,,,,,,,,,,,,,,,,,,,,,,,,,,,
226,case_28,2024-04-10 15:34:41.875045,complete,Leucocytes,positive,J,YA,21.0,3717.0,,,,,,,,,,,,,,,,,,,,,,,,
227,case_28,2024-04-10 16:59:00.875045,complete,CRP,positive,L,GE,20.0,,50.0,,,,,,,,,,,,,,,,,,,,,,,
228,case_28,2024-04-10 17:50:16.875045,complete,Admission NC,positive,F,,,,,,,,,,,,,,,,,,,,,,,,,,,
229,case_28,2024-04-10 18:55:22.875045,complete,CRP,positive,I,HE,30.0,,951.0,,,,,,,,,,,,,,,,,,,,,,,
230,case_28,2024-04-10 20:00:01.875045,complete,Admission NC,positive,E,,,,,,,,,,,,,,,,,,,,,,,,,,,
231,case_29,2024-04-10 16:08:54.875045,complete,CRP,positive,L,YA,20.0,,2137.0,,,,,,,,,,,,,,,,,,,,,,,
232,case_29,2024-04-10 17:31:32.875045,complete,Admission NC,positive,L,,,,,,,,,,,,,,,,,,,,,,,,,,,
233,case_29,2024-04-10 17:57:56.875045,complete,CRP,positive,I,AA,37.0,,50.0,,,,,,,,,,,,,,,,,,,,,,,
234,case_29,2024-04-10 19:08:26.875045,complete,CRP,positive,J,YA,30.0,,4546.0,,,,,,,,,,,,,,,,,,,,,,,
235,case_29,2024-04-10 20:03:50.875045,complete,Admission NC,positive,F,,,,,,,,,,,,,,,,,,,,,,,,,,,
