,case:concept:name,time:timestamp,lifecycle:transition,concept:name,case:label,org:group,Diagnose,Age,InfectionSuspected,DiagnosticBlood,DisfuncOrg,SIRSCritTachypnea,Hypotensie,SIRSCritHeartRate,Infusion,DiagnosticArtAstrup,DiagnosticIC,DiagnosticSputum,DiagnosticLiquor,DiagnosticOther,SIRSCriteria2OrMore,DiagnosticXthorax,SIRSCritTemperature,DiagnosticUrinaryCulture,SIRSCritLeucos,Oligurie,DiagnosticLacticAcid,Hypoxie,DiagnosticUrinarySediment,DiagnosticECG,LacticAcid,Leucocytes
0,case_0,2024-04-10 15:37:22.557513,complete,Admission NC,positive,Y,,,,,,,,,,,,,,,,,,,,,,,,,,
1,case_0,2024-04-10 17:13:09.557513,complete,Admission NC,positive,Y,,,,,,,,,,,,,,,,,,,,,,,,,,
2,case_0,2024-04-10 18:32:06.557513,complete,Admission IC,positive,Y,,,,,,,,,,,,,,,,,,,,,,,,,,
3,case_0,2024-04-10 18:52:59.557513,complete,ER Registration,positive,Y,HE,90.0,false,false,true,false,false,false,false,true,false,false,true,true,false,false,false,false,true,false,false,true,false,false,,
4,case_0,2024-04-10 20:30:14.557513,complete,ER Triage,positive,C,HE,90.0,,,,,,,,,,,,,,,,,,,,,,,,
5,case_0,2024-04-10 21:06:27.557513,complete,ER Triage,positive,Y,HE,90.0,,,,,,,,,,,,,,,,,,,,,,,,
6,case_0,2024-04-10 22:32:54.557513,complete,ER Registration,positive,Y,HE,90.0,false,false,true,false,true,false,false,true,false,false,true,true,false,false,false,false,true,true,false,true,false,false,,
7,case_0,2024-04-10 23:30:57.557513,complete,ER Sepsis Triage,positive,Y,HE,90.0,,,,,,,,,,,,,,,,,,,,,,,,
8,case_0,2024-04-11 00:21:05.557513,complete,Admission IC,positive,Y,,,,,,,,,,,,,,,,,,,,,,,,,,
9,case_0,2024-04-11 01:29:40.557513,complete,ER Registration,positive,Y,HE,90.0,false,false,true,false,true,false,false,true,true,false,true,false,false,false,false,false,false,true,false,true,false,true,,
10,case_1,2024-04-10 15:40:30.557513,complete,Admission NC,positive,Y,,,,,,,,,,,,,,,,,,,,,,,,,,
11,case_1,2024-04-10 17:17:23.557513,complete,Admission NC,positive,Y,,,,,,,,,,,,,,,,,,,,,,,,,,
12,case_1,2024-04-10 18:22:13.557513,complete,Admission IC,positive,Y,,,,,,,,,,,,,,,,,,,,,,,,,,
13,case_1,2024-04-10 19:14:47.557513,complete,ER Registration,positive,Y,HE,90.0,false,false,true,false,false,false,false,false,false,false,true,true,true,false,false,false,true,true,false,true,false,false,,
14,case_1,2024-04-10 20:03:51.557513,complete,Return ER,positive,?,,,,,,,,,,,,,,,,,,,,,,,,,,
15,case_1,2024-04-10 21:32:44.557513,complete,LacticAcid,positive,Y,,,,,,,,,,,,,,,,,,,,,,,,,149.0,
16,case_1,2024-04-10 21:37:57.557513,complete,Admission IC,positive,Y,,,,,,,,,,,,,,,,,,,,,,,,,,
17,case_1,2024-04-10 23:25:44.557513,complete,Return ER,positive,Y,,,,,,,,,,,,,,,,,,,,,,,,,,
18,case_1,2024-04-11 00:31:54.557513,complete,Admission NC,positive,?,,,,,,,,,,,,,,,,,,,,,,,,,,
19,case_1,2024-04-11 01:05:42.557513,complete,IV Liquid,positive,Y,HE,90.0,,,,,,,,,,,,,,,,,,,,,,,,
20,case_2,2024-04-10 15:57:36.557513,complete,Admission NC,positive,Y,,,,,,,,,,,,,,,,,,,,,,,,,,
21,case_2,2024-04-10 16:43:42.557513,complete,IV Liquid,positive,Y,HE,90.0,,,,,,,,,,,,,,,,,,,,,,,,
22,case_2,2024-04-10 17:43:22.557513,complete,Admission IC,positive,Y,,,,,,,,,,,,,,,,,,,,,,,,,,
23,case_2,2024-04-10 19:08:04.557513,complete,ER Triage,positive,C,HE,90.0,,,,,,,,,,,,,,,,,,,,,,,,
24,case_2,2024-04-10 20:22:31.557513,complete,IV Liquid,positive,Y,HE,90.0,,,,,,,,,,,,,,,,,,,,,,,,
25,case_2,2024-04-10 20:40:53.557513,complete,Admission NC,positive,J,,,,,,,,,,,,,,,,,,,,,,,,,,
26,case_2,2024-04-10 21:50:18.557513,complete,Admission IC,positive,J,,,,,,,,,,,,,,,,,,,,,,,,,,
27,case_2,2024-04-10 23:13:31.557513,complete,Admission NC,positive,J,,,,,,,,,,,,,,,,,,,,,,,,,,
28,case_2,2024-04-11 00:22:42.557513,complete,ER Sepsis Triage,positive,Y,HE,90.0,,,,,,,,,,,,,,,,,,,,,,,,
29,case_2,2024-04-11 01:30:22.557513,complete,IV Antibiotics,positive,L,,,,,,,,,,,,,,,,,,,,,,,,,,
30,case_3,2024-04-10 15:41:36.557513,complete,Release B,positive,E,,,,,,,,,,,,,,,,,,,,,,,,,,
31,case_3,2024-04-10 17:04:11.557513,complete,Admission NC,positive,J,,,,,,,,,,,,,,,,,,,,,,,,,,
32,case_3,2024-04-10 18:23:25.557513,complete,Admission NC,positive,F,,,,,,,,,,,,,,,,,,,,,,,,,,
33,case_3,2024-04-10 19:09:50.557513,complete,ER Registration,positive,Y,HE,90.0,false,false,true,false,false,false,false,true,false,false,true,true,false,false,false,false,true,false,false,true,false,false,,
34,case_3,2024-04-10 19:58:16.557513,complete,Release A,positive,Y,,,,,,,,,,,,,,,,,,,,,,,,,,
35,case_3,2024-04-10 21:21:10.557513,complete,LacticAcid,positive,Y,,,,,,,,,,,,,,,,,,,,,,,,,149.0,
36,case_3,2024-04-10 22:01:00.557513,complete,ER Registration,positive,Y,HE,90.0,false,false,true,false,true,false,false,true,false,false,true,true,false,false,false,false,true,true,false,false,false,false,,
37,case_3,2024-04-10 22:53:30.557513,complete,Return ER,positive,Y,,,,,,,,,,,,,,,,,,,,,,,,,,
38,case_3,2024-04-11 00:18:19.557513,complete,IV Liquid,positive,Y,HE,90.0,,,,,,,,,,,,,,,,,,,,,,,,
39,case_3,2024-04-11 01:08:07.557513,complete,IV Liquid,positive,Y,HE,90.0,,,,,,,,,,,,,,,,,,,,,,,,
40,case_4,2024-04-10 15:47:31.557513,complete,Admission NC,positive,F,,,,,,,,,,,,,,,,,,,,,,,,,,
41,case_4,2024-04-10 17:24:55.557513,complete,IV Antibiotics,positive,L,,,,,,,,,,,,,,,,,,,,,,,,,,
42,case_4,2024-04-10 17:57:21.557513,complete,Admission NC,positive,Y,,,,,,,,,,,,,,,,,,,,,,,,,,
43,case_4,2024-04-10 19:06:41.557513,complete,Admission IC,positive,Y,,,,,,,,,,,,,,,,,,,,,,,,,,
44,case_4,2024-04-10 19:47:30.557513,complete,Release A,positive,Y,,,,,,,,,,,,,,,,,,,,,,,,,,
45,case_4,2024-04-10 21:30:41.557513,complete,Return ER,positive,?,,,,,,,,,,,,,,,,,,,,,,,,,,
46,case_4,2024-04-10 21:39:50.557513,complete,ER Registration,positive,Y,HE,90.0,false,true,true,false,true,false,true,true,false,false,true,true,false,false,false,false,true,true,false,false,false,false,,
47,case_4,2024-04-10 22:57:31.557513,complete,IV Liquid,positive,Y,HE,90.0,,,,,,,,,,,,,,,,,,,,,,,,
48,case_4,2024-04-11 00:27:33.557513,complete,Return ER,positive,?,,,,,,,,,,,,,,,,,,,,,,,,,,
49,case_4,2024-04-11 01:17:23.557513,complete,ER Sepsis Triage,positive,Y,HE,90.0,,,,,,,,,,,,,,,,,,,,,,,,
50,case_5,2024-04-10 16:21:07.557513,complete,Admission NC,positive,F,,,,,,,,,,,,,,,,,,,,,,,,,,
51,case_5,2024-04-10 17:09:18.557513,complete,Admission NC,positive,J,,,,,,,,,,,,,,,,,,,,,,,,,,
52,case_5,2024-04-10 17:56:21.557513,complete,ER Registration,positive,Y,HE,90.0,false,false,true,false,true,true,false,true,true,false,true,true,false,true,false,false,true,true,true,true,false,false,,
53,case_5,2024-04-10 19:00:56.557513,complete,Return ER,positive,Y,,,,,,,,,,,,,,,,,,,,,,,,,,
54,case_5,2024-04-10 20:23:50.557513,complete,Release B,positive,Y,,,,,,,,,,,,,,,,,,,,,,,,,,
55,case_5,2024-04-10 21:10:44.557513,complete,IV Antibiotics,positive,L,,,,,,,,,,,,,,,,,,,,,,,,,,
56,case_5,2024-04-10 22:28:29.557513,complete,IV Liquid,positive,Y,HE,90.0,,,,,,,,,,,,,,,,,,,,,,,,
57,case_5,2024-04-10 23:24:46.557513,complete,ER Triage,positive,C,HE,90.0,,,,,,,,,,,,,,,,,,,,,,,,
58,case_5,2024-04-11 00:11:03.557513,complete,Admission NC,positive,Y,,,,,,,,,,,,,,,,,,,,,,,,,,
59,case_5,2024-04-11 00:41:30.557513,complete,Admission NC,positive,Y,,,,,,,,,,,,,,,,,,,,,,,,,,
60,case_6,2024-04-10 16:26:08.557513,complete,Admission NC,positive,Y,,,,,,,,,,,,,,,,,,,,,,,,,,
61,case_6,2024-04-10 16:48:35.557513,complete,Admission NC,positive,Y,,,,,,,,,,,,,,,,,,,,,,,,,,
62,case_6,2024-04-10 18:20:18.557513,complete,Admission IC,positive,Y,,,,,,,,,,,,,,,,,,,,,,,,,,
63,case_6,2024-04-10 19:07:16.557513,complete,ER Registration,positive,Y,HE,90.0,false,false,true,false,false,false,false,false,false,false,true,true,true,false,false,false,true,true,false,true,false,true,,
64,case_6,2024-04-10 20:04:31.557513,complete,Return ER,positive,?,,,,,,,,,,,,,,,,,,,,,,,,,,
65,case_6,2024-04-10 20:49:36.557513,complete,LacticAcid,positive,Y,,,,,,,,,,,,,,,,,,,,,,,,,149.0,
66,case_6,2024-04-10 22:03:48.557513,complete,Admission IC,positive,Y,,,,,,,,,,,,,,,,,,,,,,,,,,
67,case_6,2024-04-10 22:49:16.557513,complete,Return ER,positive,Y,,,,,,,,,,,,,,,,,,,,,,,,,,
68,case_6,2024-04-11 00:04:10.557513,complete,Admission NC,positive,?,,,,,,,,,,,,,,,,,,,,,,,,,,
69,case_6,2024-04-11 00:48:54.557513,complete,IV Liquid,positive,Y,HE,90.0,,,,,,,,,,,,,,,,,,,,,,,,
70,case_7,2024-04-10 16:17:21.557513,complete,Admission NC,positive,Y,,,,,,,,,,,,,,,,,,,,,,,,,,
71,case_7,2024-04-10 17:32:40.557513,complete,Admission NC,positive,Y,,,,,,,,,,,,,,,,,,,,,,,,,,
72,case_7,2024-04-10 17:50:22.557513,complete,Admission IC,positive,Y,,,,,,,,,,,,,,,,,,,,,,,,,,
73,case_7,2024-04-10 19:12:54.557513,complete,ER Registration,positive,Y,HE,90.0,false,false,true,false,false,false,false,true,false,false,true,true,false,false,false,false,true,false,false,true,false,false,,
74,case_7,2024-04-10 19:35:40.557513,complete,ER Triage,positive,C,HE,90.0,,,,,,,,,,,,,,,,,,,,,,,,
75,case_7,2024-04-10 21:28:02.557513,complete,ER Triage,positive,Y,HE,90.0,,,,,,,,,,,,,,,,,,,,,,,,
76,case_7,2024-04-10 22:19:02.557513,complete,ER Registration,positive,Y,HE,90.0,false,false,true,false,true,false,false,true,false,false,true,true,false,false,false,false,true,true,false,true,false,false,,
77,case_7,2024-04-10 23:30:40.557513,complete,ER Sepsis Triage,positive,Y,HE,90.0,,,,,,,,,,,,,,,,,,,,,,,,
78,case_7,2024-04-10 23:41:02.557513,complete,Admission IC,positive,Y,,,,,,,,,,,,,,,,,,,,,,,,,,
79,case_7,2024-04-11 01:13:14.557513,complete,ER Registration,positive,Y,HE,90.0,false,false,true,false,true,false,false,true,true,false,true,false,false,false,false,false,false,true,false,true,true,true,,
80,case_8,2024-04-10 16:06:48.557513,complete,IV Antibiotics,positive,L,,,,,,,,,,,,,,,,,,,,,,,,,,
81,case_8,2024-04-10 17:25:02.557513,complete,Admission NC,positive,Y,,,,,,,,,,,,,,,,,,,,,,,,,,
82,case_8,2024-04-10 17:39:31.557513,complete,ER Registration,positive,Y,HE,90.0,false,false,true,false,true,true,false,true,true,false,true,true,false,true,false,false,true,true,true,true,false,false,,
83,case_8,2024-04-10 19:29:08.557513,complete,Admission NC,positive,F,,,,,,,,,,,,,,,,,,,,,,,,,,
84,case_8,2024-04-10 20:08:47.557513,complete,ER Triage,positive,C,HE,90.0,,,,,,,,,,,,,,,,,,,,,,,,
85,case_8,2024-04-10 21:17:36.557513,complete,ER Registration,positive,Y,HE,90.0,false,false,false,false,true,false,false,false,false,false,true,true,true,false,false,true,true,true,true,true,true,false,,
86,case_8,2024-04-10 21:54:44.557513,complete,Return ER,positive,Y,,,,,,,,,,,,,,,,,,,,,,,,,,
87,case_8,2024-04-10 22:51:40.557513,complete,Admission NC,positive,J,,,,,,,,,,,,,,,,,,,,,,,,,,
88,case_8,2024-04-10 23:57:44.557513,complete,Admission IC,positive,Y,,,,,,,,,,,,,,,,,,,,,,,,,,
89,case_8,2024-04-11 00:53:04.557513,complete,Admission NC,positive,J,,,,,,,,,,,,,,,,,,,,,,,,,,
90,case_9,2024-04-10 15:56:09.557513,complete,Admission NC,positive,J,,,,,,,,,,,,,,,,,,,,,,,,,,
91,case_9,2024-04-10 16:42:19.557513,complete,Admission NC,positive,Y,,,,,,,,,,,,,,,,,,,,,,,,,,
92,case_9,2024-04-10 17:44:04.557513,complete,ER Sepsis Triage,positive,Y,HE,90.0,,,,,,,,,,,,,,,,,,,,,,,,
93,case_9,2024-04-10 19:20:26.557513,complete,Release B,positive,Y,,,,,,,,,,,,,,,,,,,,,,,,,,
94,case_9,2024-04-10 20:08:02.557513,complete,Return ER,positive,?,,,,,,,,,,,,,,,,,,,,,,,,,,
95,case_9,2024-04-10 21:17:33.557513,complete,Release B,positive,Y,,,,,,,,,,,,,,,,,,,,,,,,,,
96,case_9,2024-04-10 22:07:14.557513,complete,Admission IC,positive,Y,,,,,,,,,,,,,,,,,,,,,,,,,,
97,case_9,2024-04-10 23:01:03.557513,complete,Return ER,positive,E,,,,,,,,,,,,,,,,,,,,,,,,,,
98,case_9,2024-04-11 00:13:55.557513,complete,Admission IC,positive,Y,,,,,,,,,,,,,,,,,,,,,,,,,,
99,case_10,2024-04-10 16:24:28.557513,complete,Release B,positive,E,,,,,,,,,,,,,,,,,,,,,,,,,,
100,case_10,2024-04-10 16:39:43.557513,complete,IV Antibiotics,positive,Y,,,,,,,,,,,,,,,,,,,,,,,,,,
101,case_10,2024-04-10 18:11:08.557513,complete,IV Liquid,positive,Y,HE,90.0,,,,,,,,,,,,,,,,,,,,,,,,
102,case_10,2024-04-10 19:21:00.557513,complete,IV Antibiotics,positive,Y,,,,,,,,,,,,,,,,,,,,,,,,,,
103,case_10,2024-04-10 20:14:02.557513,complete,IV Antibiotics,positive,Y,,,,,,,,,,,,,,,,,,,,,,,,,,
104,case_10,2024-04-10 20:55:02.557513,complete,Admission NC,positive,F,,,,,,,,,,,,,,,,,,,,,,,,,,
105,case_10,2024-04-10 21:40:52.557513,complete,Release B,positive,E,,,,,,,,,,,,,,,,,,,,,,,,,,
106,case_10,2024-04-10 22:39:32.557513,complete,Admission NC,positive,Y,,,,,,,,,,,,,,,,,,,,,,,,,,
107,case_10,2024-04-10 23:38:43.557513,complete,Admission NC,positive,Y,,,,,,,,,,,,,,,,,,,,,,,,,,
108,case_11,2024-04-10 15:40:47.557513,complete,Return ER,positive,?,,,,,,,,,,,,,,,,,,,,,,,,,,
109,case_11,2024-04-10 17:11:32.557513,complete,Release A,positive,E,,,,,,,,,,,,,,,,,,,,,,,,,,
110,case_11,2024-04-10 18:04:47.557513,complete,IV Liquid,positive,Y,HE,90.0,,,,,,,,,,,,,,,,,,,,,,,,
111,case_11,2024-04-10 18:48:17.557513,complete,Admission IC,positive,Y,,,,,,,,,,,,,,,,,,,,,,,,,,
112,case_11,2024-04-10 19:39:29.557513,complete,Return ER,positive,Y,,,,,,,,,,,,,,,,,,,,,,,,,,
113,case_11,2024-04-10 21:22:45.557513,complete,Admission NC,positive,Y,,,,,,,,,,,,,,,,,,,,,,,,,,
114,case_11,2024-04-10 22:09:03.557513,complete,Admission NC,positive,Y,,,,,,,,,,,,,,,,,,,,,,,,,,
115,case_11,2024-04-10 23:14:27.557513,complete,Release A,positive,Y,,,,,,,,,,,,,,,,,,,,,,,,,,
116,case_11,2024-04-11 00:00:34.557513,complete,Return ER,positive,Y,,,,,,,,,,,,,,,,,,,,,,,,,,
117,case_12,2024-04-10 16:14:00.557513,complete,Release A,positive,Y,,,,,,,,,,,,,,,,,,,,,,,,,,
118,case_12,2024-04-10 17:04:14.557513,complete,Release B,positive,Y,,,,,,,,,,,,,,,,,,,,,,,,,,
119,case_12,2024-04-10 18:15:07.557513,complete,Admission NC,positive,Y,,,,,,,,,,,,,,,,,,,,,,,,,,
120,case_12,2024-04-10 18:43:05.557513,complete,Release B,positive,E,,,,,,,,,,,,,,,,,,,,,,,,,,
121,case_12,2024-04-10 19:50:46.557513,complete,Admission NC,positive,J,,,,,,,,,,,,,,,,,,,,,,,,,,
122,case_12,2024-04-10 21:22:58.557513,complete,Admission NC,positive,F,,,,,,,,,,,,,,,,,,,,,,,,,,
123,case_12,2024-04-10 22:13:19.557513,complete,IV Antibiotics,positive,A,,,,,,,,,,,,,,,,,,,,,,,,,,
124,case_13,2024-04-10 16:15:57.557513,complete,Admission NC,positive,F,,,,,,,,,,,,,,,,,,,,,,,,,,
125,case_13,2024-04-10 17:12:36.557513,complete,IV Antibiotics,positive,L,,,,,,,,,,,,,,,,,,,,,,,,,,
126,case_13,2024-04-10 17:43:17.557513,complete,ER Sepsis Triage,positive,Y,HE,90.0,,,,,,,,,,,,,,,,,,,,,,,,
127,case_13,2024-04-10 19:22:30.557513,complete,Admission NC,positive,F,,,,,,,,,,,,,,,,,,,,,,,,,,
128,case_13,2024-04-10 19:41:29.557513,complete,IV Antibiotics,positive,A,,,,,,,,,,,,,,,,,,,,,,,,,,
129,case_13,2024-04-10 21:17:26.557513,complete,IV Antibiotics,positive,L,,,,,,,,,,,,,,,,,,,,,,,,,,
130,case_13,2024-04-10 22:32:10.557513,complete,IV Antibiotics,positive,Y,,,,,,,,,,,,,,,,,,,,,,,,,,
131,case_14,2024-04-10 16:07:31.557513,complete,Release A,positive,Y,,,,,,,,,,,,,,,,,,,,,,,,,,
132,case_14,2024-04-10 16:55:49.557513,complete,Release B,positive,Y,,,,,,,,,,,,,,,,,,,,,,,,,,
133,case_14,2024-04-10 18:01:00.557513,complete,Admission NC,positive,X,,,,,,,,,,,,,,,,,,,,,,,,,,
134,case_14,2024-04-10 18:53:28.557513,complete,Release B,positive,E,,,,,,,,,,,,,,,,,,,,,,,,,,
135,case_14,2024-04-10 19:59:42.557513,complete,Admission NC,positive,J,,,,,,,,,,,,,,,,,,,,,,,,,,
136,case_14,2024-04-10 21:01:40.557513,complete,Admission NC,positive,F,,,,,,,,,,,,,,,,,,,,,,,,,,
137,case_14,2024-04-10 22:18:06.557513,complete,IV Antibiotics,positive,A,,,,,,,,,,,,,,,,,,,,,,,,,,
138,case_15,2024-04-10 16:12:00.557513,complete,Admission NC,positive,Y,,,,,,,,,,,,,,,,,,,,,,,,,,
139,case_15,2024-04-10 17:26:05.557513,complete,Return ER,positive,?,,,,,,,,,,,,,,,,,,,,,,,,,,
140,case_15,2024-04-10 17:55:15.557513,complete,Admission NC,positive,J,,,,,,,,,,,,,,,,,,,,,,,,,,
141,case_15,2024-04-10 19:15:45.557513,complete,IV Liquid,positive,Y,HE,90.0,,,,,,,,,,,,,,,,,,,,,,,,
142,case_15,2024-04-10 20:25:26.557513,complete,ER Registration,positive,Y,HE,90.0,true,true,true,false,false,false,false,true,true,false,true,false,true,true,true,false,true,true,true,true,false,false,,
143,case_15,2024-04-10 21:22:12.557513,complete,Admission NC,positive,J,,,,,,,,,,,,,,,,,,,,,,,,,,
144,case_15,2024-04-10 21:56:44.557513,complete,IV Antibiotics,positive,Y,,,,,,,,,,,,,,,,,,,,,,,,,,
145,case_16,2024-04-10 16:21:06.557513,complete,Leucocytes,positive,Y,HE,90.0,,,,,,,,,,,,,,,,,,,,,,,,137.0
146,case_16,2024-04-10 17:32:08.557513,complete,ER Triage,positive,C,HE,90.0,,,,,,,,,,,,,,,,,,,,,,,,
147,case_16,2024-04-10 18:28:03.557513,complete,Admission NC,positive,J,,,,,,,,,,,,,,,,,,,,,,,,,,
148,case_16,2024-04-10 19:29:13.557513,complete,Admission IC,positive,J,,,,,,,,,,,,,,,,,,,,,,,,,,
149,case_16,2024-04-10 19:44:17.557513,complete,Admission NC,positive,J,,,,,,,,,,,,,,,,,,,,,,,,,,
150,case_16,2024-04-10 20:46:19.557513,complete,IV Antibiotics,positive,L,,,,,,,,,,,,,,,,,,,,,,,,,,
151,case_16,2024-04-10 22:12:35.557513,complete,Admission IC,positive,Y,,,,,,,,,,,,,,,,,,,,,,,,,,
152,case_17,2024-04-10 16:13:19.557513,complete,Admission NC,positive,J,,,,,,,,,,,,,,,,,,,,,,,,,,
153,case_17,2024-04-10 16:45:26.557513,complete,ER Sepsis Triage,positive,Y,HE,90.0,,,,,,,,,,,,,,,,,,,,,,,,
154,case_17,2024-04-10 17:55:53.557513,complete,Admission NC,positive,F,,,,,,,,,,,,,,,,,,,,,,,,,,
155,case_17,2024-04-10 18:38:39.557513,complete,Release B,positive,E,,,,,,,,,,,,,,,,,,,,,,,,,,
156,case_17,2024-04-10 20:13:07.557513,complete,IV Antibiotics,positive,L,,,,,,,,,,,,,,,,,,,,,,,,,,
157,case_17,2024-04-10 21:23:48.557513,complete,Leucocytes,positive,Y,HE,90.0,,,,,,,,,,,,,,,,,,,,,,,,137.0
158,case_17,2024-04-10 22:00:20.557513,complete,Release A,positive,Y,,,,,,,,,,,,,,,,,,,,,,,,,,
159,case_18,2024-04-10 16:18:44.557513,complete,Admission NC,positive,F,,,,,,,,,,,,,,,,,,,,,,,,,,
160,case_18,2024-04-10 16:57:17.557513,complete,Leucocytes,positive,Y,HE,90.0,,,,,,,,,,,,,,,,,,,,,,,,137.0
161,case_18,2024-04-10 17:44:14.557513,complete,Admission NC,positive,J,,,,,,,,,,,,,,,,,,,,,,,,,,
162,case_18,2024-04-10 18:42:56.557513,complete,Admission IC,positive,J,,,,,,,,,,,,,,,,,,,,,,,,,,
163,case_18,2024-04-10 19:46:11.557513,complete,Admission NC,positive,J,,,,,,,,,,,,,,,,,,,,,,,,,,
164,case_19,2024-04-10 16:22:53.557513,complete,Return ER,positive,?,,,,,,,,,,,,,,,,,,,,,,,,,,
165,case_19,2024-04-10 16:44:51.557513,complete,Release B,positive,E,,,,,,,,,,,,,,,,,,,,,,,,,,
166,case_19,2024-04-10 18:29:55.557513,complete,Admission NC,positive,F,,,,,,,,,,,,,,,,,,,,,,,,,,
167,case_19,2024-04-10 19:31:02.557513,complete,Admission NC,positive,F,,,,,,,,,,,,,,,,,,,,,,,,,,
168,case_19,2024-04-10 20:24:33.557513,complete,IV Liquid,positive,Y,HE,90.0,,,,,,,,,,,,,,,,,,,,,,,,
169,case_20,2024-04-10 16:08:46.557513,complete,Admission NC,positive,J,,,,,,,,,,,,,,,,,,,,,,,,,,
170,case_20,2024-04-10 16:34:56.557513,complete,Admission NC,positive,J,,,,,,,,,,,,,,,,,,,,,,,,,,
171,case_20,2024-04-10 17:57:17.557513,complete,Return ER,positive,?,,,,,,,,,,,,,,,,,,,,,,,,,,
172,case_20,2024-04-10 19:19:46.557513,complete,ER Triage,positive,C,HE,90.0,,,,,,,,,,,,,,,,,,,,,,,,
173,case_20,2024-04-10 20:32:33.557513,complete,IV Antibiotics,positive,L,,,,,,,,,,,,,,,,,,,,,,,,,,
174,case_21,2024-04-10 15:49:59.557513,complete,Admission NC,positive,J,,,,,,,,,,,,,,,,,,,,,,,,,,
175,case_21,2024-04-10 16:44:57.557513,complete,Release A,positive,Y,,,,,,,,,,,,,,,,,,,,,,,,,,
176,case_21,2024-04-10 17:57:04.557513,complete,IV Liquid,positive,Y,HE,90.0,,,,,,,,,,,,,,,,,,,,,,,,
177,case_21,2024-04-10 18:40:37.557513,complete,ER Sepsis Triage,positive,Y,HE,90.0,,,,,,,,,,,,,,,,,,,,,,,,
178,case_21,2024-04-10 19:48:15.557513,complete,Admission NC,positive,F,,,,,,,,,,,,,,,,,,,,,,,,,,
179,case_22,2024-04-10 16:31:53.557513,complete,Release A,positive,?,,,,,,,,,,,,,,,,,,,,,,,,,,
180,case_22,2024-04-10 17:08:41.557513,complete,Return ER,positive,?,,,,,,,,,,,,,,,,,,,,,,,,,,
181,case_22,2024-04-10 17:49:42.557513,complete,IV Antibiotics,positive,L,,,,,,,,,,,,,,,,,,,,,,,,,,
182,case_22,2024-04-10 19:11:03.557513,complete,Release B,positive,E,,,,,,,,,,,,,,,,,,,,,,,,,,
183,case_22,2024-04-10 20:29:48.557513,complete,Admission NC,positive,F,,,,,,,,,,,,,,,,,,,,,,,,,,
184,case_22,2024-04-10 20:46:26.557513,complete,Admission NC,positive,E,,,,,,,,,,,,,,,,,,,,,,,,,,
185,case_22,2024-04-10 22:14:28.557513,complete,Release B,positive,E,,,,,,,,,,,,,,,,,,,,,,,,,,
186,case_22,2024-04-10 23:02:12.557513,complete,Admission NC,positive,F,,,,,,,,,,,,,,,,,,,,,,,,,,
187,case_23,2024-04-10 16:02:56.557513,complete,Admission NC,positive,J,,,,,,,,,,,,,,,,,,,,,,,,,,
188,case_23,2024-04-10 17:10:14.557513,complete,IV Liquid,positive,Y,HE,90.0,,,,,,,,,,,,,,,,,,,,,,,,
189,case_23,2024-04-10 18:23:13.557513,complete,Admission NC,positive,F,,,,,,,,,,,,,,,,,,,,,,,,,,
190,case_23,2024-04-10 18:34:03.557513,complete,Release B,positive,E,,,,,,,,,,,,,,,,,,,,,,,,,,
191,case_23,2024-04-10 19:58:50.557513,complete,IV Antibiotics,positive,Y,,,,,,,,,,,,,,,,,,,,,,,,,,
192,case_23,2024-04-10 21:22:33.557513,complete,ER Triage,positive,C,HE,90.0,,,,,,,,,,,,,,,,,,,,,,,,
193,case_23,2024-04-10 22:32:53.557513,complete,Return ER,positive,Y,,,,,,,,,,,,,,,,,,,,,,,,,,
194,case_23,2024-04-10 23:25:33.557513,complete,Admission NC,positive,J,,,,,,,,,,,,,,,,,,,,,,,,,,
195,case_24,2024-04-10 15:38:53.557513,complete,Return ER,positive,?,,,,,,,,,,,,,,,,,,,,,,,,,,
196,case_24,2024-04-10 16:41:27.557513,complete,ER Triage,positive,Y,HE,90.0,,,,,,,,,,,,,,,,,,,,,,,,
197,case_24,2024-04-10 18:10:09.557513,complete,ER Sepsis Triage,positive,Y,HE,90.0,,,,,,,,,,,,,,,,,,,,,,,,
198,case_24,2024-04-10 19:25:04.557513,complete,Release A,positive,Y,,,,,,,,,,,,,,,,,,,,,,,,,,
199,case_24,2024-04-10 20:01:16.557513,complete,Admission NC,positive,F,,,,,,,,,,,,,,,,,,,,,,,,,,
200,case_24,2024-04-10 21:09:55.557513,complete,IV Antibiotics,positive,Y,,,,,,,,,,,,,,,,,,,,,,,,,,
201,case_24,2024-04-10 22:17:38.557513,complete,Release B,positive,Y,,,,,,,,,,,,,,,,,,,,,,,,,,
202,case_24,2024-04-10 23:23:27.557513,complete,Admission NC,positive,J,,,,,,,,,,,,,,,,,,,,,,,,,,
203,case_25,2024-04-10 16:09:53.557513,complete,Admission NC,positive,Y,,,,,,,,,,,,,,,,,,,,,,,,,,
204,case_25,2024-04-10 17:12:39.557513,complete,Admission NC,positive,Y,,,,,,,,,,,,,,,,,,,,,,,,,,
205,case_25,2024-04-10 17:49:46.557513,complete,ER Sepsis Triage,positive,Y,HE,90.0,,,,,,,,,,,,,,,,,,,,,,,,
206,case_25,2024-04-10 18:40:35.557513,complete,Release A,positive,Y,,,,,,,,,,,,,,,,,,,,,,,,,,
207,case_25,2024-04-10 20:05:46.557513,complete,ER Registration,positive,Y,HE,90.0,false,false,true,false,true,false,false,false,false,false,true,true,false,false,false,true,true,true,false,true,true,false,,
208,case_25,2024-04-10 20:41:59.557513,complete,Admission IC,positive,Y,,,,,,,,,,,,,,,,,,,,,,,,,,
209,case_25,2024-04-10 22:31:37.557513,complete,Admission IC,positive,Y,,,,,,,,,,,,,,,,,,,,,,,,,,
210,case_25,2024-04-10 23:11:13.557513,complete,Release B,positive,E,,,,,,,,,,,,,,,,,,,,,,,,,,
211,case_26,2024-04-10 15:57:09.557513,complete,Release A,positive,?,,,,,,,,,,,,,,,,,,,,,,,,,,
212,case_26,2024-04-10 17:08:57.557513,complete,Return ER,positive,?,,,,,,,,,,,,,,,,,,,,,,,,,,
213,case_26,2024-04-10 17:40:34.557513,complete,IV Antibiotics,positive,L,,,,,,,,,,,,,,,,,,,,,,,,,,
214,case_26,2024-04-10 18:39:21.557513,complete,Release B,positive,E,,,,,,,,,,,,,,,,,,,,,,,,,,
215,case_26,2024-04-10 19:56:38.557513,complete,Admission NC,positive,F,,,,,,,,,,,,,,,,,,,,,,,,,,
216,case_26,2024-04-10 21:11:15.557513,complete,Admission NC,positive,Y,,,,,,,,,,,,,,,,,,,,,,,,,,
217,case_26,2024-04-10 21:50:46.557513,complete,Release B,positive,E,,,,,,,,,,,,,,,,,,,,,,,,,,
218,case_26,2024-04-10 23:04:03.557513,complete,Admission NC,positive,F,,,,,,,,,,,,,,,,,,,,,,,,,,
219,case_27,2024-04-10 16:08:46.557513,complete,Admission NC,positive,J,,,,,,,,,,,,,,,,,,,,,,,,,,
220,case_27,2024-04-10 16:48:23.557513,complete,Return ER,positive,?,,,,,,,,,,,,,,,,,,,,,,,,,,
221,case_27,2024-04-10 18:25:05.557513,complete,IV Antibiotics,positive,L,,,,,,,,,,,,,,,,,,,,,,,,,,
222,case_27,2024-04-10 18:45:10.557513,complete,IV Antibiotics,positive,Y,,,,,,,,,,,,,,,,,,,,,,,,,,
223,case_27,2024-04-10 19:38:07.557513,complete,Release B,positive,E,,,,,,,,,,,,,,,,,,,,,,,,,,
224,case_27,2024-04-10 21:14:02.557513,complete,Admission NC,positive,J,,,,,,,,,,,,,,,,,,,,,,,,,,
225,case_28,2024-04-10 16:11:38.557513,complete,Admission NC,positive,J,,,,,,,,,,,,,,,,,,,,,,,,,,
226,case_28,2024-04-10 17:29:48.557513,complete,Return ER,positive,?,,,,,,,,,,,,,,,,,,,,,,,,,,
227,case_28,2024-04-10 17:34:09.557513,complete,IV Antibiotics,positive,L,,,,,,,,,,,,,,,,,,,,,,,,,,
228,case_28,2024-04-10 18:57:14.557513,complete,IV Antibiotics,positive,X,,,,,,,,,,,,,,,,,,,,,,,,,,
229,case_28,2024-04-10 20:24:16.557513,complete,Release B,positive,E,,,,,,,,,,,,,,,,,,,,,,,,,,
230,case_28,2024-04-10 21:23:53.557513,complete,Admission NC,positive,J,,,,,,,,,,,,,,,,,,,,,,,,,,
231,case_29,2024-04-10 16:29:41.557513,complete,ER Triage,positive,C,HE,90.0,,,,,,,,,,,,,,,,,,,,,,,,
232,case_29,2024-04-10 16:53:41.557513,complete,ER Triage,positive,C,HE,90.0,,,,,,,,,,,,,,,,,,,,,,,,
233,case_29,2024-04-10 17:46:33.557513,complete,Admission NC,positive,F,,,,,,,,,,,,,,,,,,,,,,,,,,
234,case_29,2024-04-10 19:20:34.557513,complete,Admission IC,positive,Y,,,,,,,,,,,,,,,,,,,,,,,,,,
235,case_29,2024-04-10 20:25:18.557513,complete,Admission NC,positive,F,,,,,,,,,,,,,,,,,,,,,,,,,,
236,case_29,2024-04-10 21:07:18.557513,complete,IV Antibiotics,positive,A,,,,,,,,,,,,,,,,,,,,,,,,,,
