,case:concept:name,time:timestamp,lifecycle:transition,concept:name,case:label,org:group,Diagnose,Age,CRP,InfectionSuspected,DiagnosticBlood,DisfuncOrg,SIRSCritTachypnea,Hypotensie,SIRSCritHeartRate,Infusion,DiagnosticArtAstrup,DiagnosticIC,DiagnosticSputum,DiagnosticLiquor,DiagnosticOther,SIRSCriteria2OrMore,DiagnosticXthorax,SIRSCritTemperature,DiagnosticUrinaryCulture,SIRSCritLeucos,Oligurie,DiagnosticLacticAcid,Hypoxie,DiagnosticUrinarySediment,DiagnosticECG,Leucocytes,LacticAcid
0,case_0,2024-04-10 16:19:15.563344,complete,Admission NC,positive,F,,,,,,,,,,,,,,,,,,,,,,,,,,,
1,case_0,2024-04-10 17:07:47.563344,complete,Admission NC,positive,F,,,,,,,,,,,,,,,,,,,,,,,,,,,
2,case_0,2024-04-10 17:46:33.563344,complete,Release B,positive,E,,,,,,,,,,,,,,,,,,,,,,,,,,,
3,case_0,2024-04-10 19:22:14.563344,complete,Admission NC,positive,K,,,,,,,,,,,,,,,,,,,,,,,,,,,
4,case_0,2024-04-10 20:04:56.563344,complete,Release B,positive,E,,,,,,,,,,,,,,,,,,,,,,,,,,,
5,case_0,2024-04-10 21:07:13.563344,complete,Release B,positive,E,,,,,,,,,,,,,,,,,,,,,,,,,,,
6,case_0,2024-04-10 22:15:52.563344,complete,Admission NC,positive,K,,,,,,,,,,,,,,,,,,,,,,,,,,,
7,case_0,2024-04-10 23:12:32.563344,complete,Release B,positive,E,,,,,,,,,,,,,,,,,,,,,,,,,,,
8,case_0,2024-04-10 23:58:31.563344,complete,Admission NC,positive,K,,,,,,,,,,,,,,,,,,,,,,,,,,,
9,case_0,2024-04-11 00:41:19.563344,complete,Release B,positive,E,,,,,,,,,,,,,,,,,,,,,,,,,,,
10,case_1,2024-04-10 16:27:36.563344,complete,Admission NC,positive,F,,,,,,,,,,,,,,,,,,,,,,,,,,,
11,case_1,2024-04-10 17:28:56.563344,complete,Admission NC,positive,F,,,,,,,,,,,,,,,,,,,,,,,,,,,
12,case_1,2024-04-10 18:05:53.563344,complete,Release B,positive,E,,,,,,,,,,,,,,,,,,,,,,,,,,,
13,case_1,2024-04-10 18:54:18.563344,complete,Admission NC,positive,K,,,,,,,,,,,,,,,,,,,,,,,,,,,
14,case_1,2024-04-10 20:06:08.563344,complete,Release B,positive,E,,,,,,,,,,,,,,,,,,,,,,,,,,,
15,case_1,2024-04-10 21:26:10.563344,complete,Admission NC,positive,K,,,,,,,,,,,,,,,,,,,,,,,,,,,
16,case_1,2024-04-10 22:27:38.563344,complete,Release B,positive,E,,,,,,,,,,,,,,,,,,,,,,,,,,,
17,case_1,2024-04-10 23:02:42.563344,complete,Release B,positive,E,,,,,,,,,,,,,,,,,,,,,,,,,,,
18,case_1,2024-04-11 00:30:12.563344,complete,Admission NC,positive,K,,,,,,,,,,,,,,,,,,,,,,,,,,,
19,case_1,2024-04-11 00:50:15.563344,complete,Release B,positive,E,,,,,,,,,,,,,,,,,,,,,,,,,,,
20,case_2,2024-04-10 16:11:03.563344,complete,CRP,positive,V,SC,20.0,89.0,,,,,,,,,,,,,,,,,,,,,,,,
21,case_2,2024-04-10 17:00:41.563344,complete,Release B,positive,E,,,,,,,,,,,,,,,,,,,,,,,,,,,
22,case_2,2024-04-10 17:34:46.563344,complete,Release B,positive,E,,,,,,,,,,,,,,,,,,,,,,,,,,,
23,case_2,2024-04-10 18:59:26.563344,complete,Admission NC,positive,K,,,,,,,,,,,,,,,,,,,,,,,,,,,
24,case_2,2024-04-10 20:00:19.563344,complete,Release B,positive,E,,,,,,,,,,,,,,,,,,,,,,,,,,,
25,case_2,2024-04-10 20:47:56.563344,complete,Admission NC,positive,K,,,,,,,,,,,,,,,,,,,,,,,,,,,
26,case_2,2024-04-10 22:13:20.563344,complete,Release B,positive,E,,,,,,,,,,,,,,,,,,,,,,,,,,,
27,case_2,2024-04-10 23:26:11.563344,complete,Release B,positive,E,,,,,,,,,,,,,,,,,,,,,,,,,,,
28,case_2,2024-04-10 23:47:00.563344,complete,Admission NC,positive,K,,,,,,,,,,,,,,,,,,,,,,,,,,,
29,case_2,2024-04-11 01:18:03.563344,complete,Release B,positive,E,,,,,,,,,,,,,,,,,,,,,,,,,,,
30,case_3,2024-04-10 16:25:16.563344,complete,CRP,positive,E,Q,20.0,5730.0,,,,,,,,,,,,,,,,,,,,,,,,
31,case_3,2024-04-10 16:56:27.563344,complete,ER Registration,positive,E,I,20.0,,true,true,false,true,false,true,true,false,true,true,false,false,true,true,true,true,false,true,true,false,true,false,,
32,case_3,2024-04-10 18:28:56.563344,complete,Release B,positive,E,,,,,,,,,,,,,,,,,,,,,,,,,,,
33,case_3,2024-04-10 19:04:14.563344,complete,Admission NC,positive,K,,,,,,,,,,,,,,,,,,,,,,,,,,,
34,case_3,2024-04-10 19:46:29.563344,complete,Release B,positive,E,,,,,,,,,,,,,,,,,,,,,,,,,,,
35,case_3,2024-04-10 21:27:21.563344,complete,Admission NC,positive,K,,,,,,,,,,,,,,,,,,,,,,,,,,,
36,case_3,2024-04-10 21:57:53.563344,complete,Release B,positive,E,,,,,,,,,,,,,,,,,,,,,,,,,,,
37,case_3,2024-04-10 23:21:08.563344,complete,Release B,positive,E,,,,,,,,,,,,,,,,,,,,,,,,,,,
38,case_3,2024-04-10 23:47:45.563344,complete,Admission NC,positive,K,,,,,,,,,,,,,,,,,,,,,,,,,,,
39,case_3,2024-04-11 01:17:03.563344,complete,Release B,positive,E,,,,,,,,,,,,,,,,,,,,,,,,,,,
40,case_4,2024-04-10 16:20:04.563344,complete,CRP,positive,A,SC,20.0,5730.0,,,,,,,,,,,,,,,,,,,,,,,,
41,case_4,2024-04-10 17:22:12.563344,complete,ER Registration,positive,A,J,20.0,,true,true,true,true,false,true,true,false,true,false,false,false,true,true,true,true,false,false,true,false,true,false,,
42,case_4,2024-04-10 17:35:12.563344,complete,Release B,positive,E,,,,,,,,,,,,,,,,,,,,,,,,,,,
43,case_4,2024-04-10 18:37:27.563344,complete,Admission NC,positive,K,,,,,,,,,,,,,,,,,,,,,,,,,,,
44,case_4,2024-04-10 19:34:23.563344,complete,Release B,positive,E,,,,,,,,,,,,,,,,,,,,,,,,,,,
45,case_4,2024-04-10 21:29:08.563344,complete,Admission NC,positive,K,,,,,,,,,,,,,,,,,,,,,,,,,,,
46,case_4,2024-04-10 22:11:09.563344,complete,Release B,positive,E,,,,,,,,,,,,,,,,,,,,,,,,,,,
47,case_4,2024-04-10 23:11:52.563344,complete,Release B,positive,E,,,,,,,,,,,,,,,,,,,,,,,,,,,
48,case_4,2024-04-10 23:47:25.563344,complete,Admission NC,positive,K,,,,,,,,,,,,,,,,,,,,,,,,,,,
49,case_4,2024-04-11 01:27:11.563344,complete,Release B,positive,E,,,,,,,,,,,,,,,,,,,,,,,,,,,
50,case_5,2024-04-10 16:12:22.563344,complete,Leucocytes,positive,Y,HE,90.0,,,,,,,,,,,,,,,,,,,,,,,,78.0,
51,case_5,2024-04-10 17:04:30.563344,complete,Admission NC,positive,F,,,,,,,,,,,,,,,,,,,,,,,,,,,
52,case_5,2024-04-10 18:31:22.563344,complete,Release B,positive,E,,,,,,,,,,,,,,,,,,,,,,,,,,,
53,case_5,2024-04-10 19:09:03.563344,complete,Return ER,positive,?,,,,,,,,,,,,,,,,,,,,,,,,,,,
54,case_5,2024-04-10 20:11:08.563344,complete,LacticAcid,positive,?,,,,,,,,,,,,,,,,,,,,,,,,,,,149.0
55,case_5,2024-04-10 21:18:01.563344,complete,Return ER,positive,?,,,,,,,,,,,,,,,,,,,,,,,,,,,
56,case_5,2024-04-10 21:43:59.563344,complete,Return ER,positive,?,,,,,,,,,,,,,,,,,,,,,,,,,,,
57,case_5,2024-04-10 23:13:16.563344,complete,Admission NC,positive,N,,,,,,,,,,,,,,,,,,,,,,,,,,,
58,case_5,2024-04-11 00:03:31.563344,complete,ER Sepsis Triage,positive,D,HE,90.0,,,,,,,,,,,,,,,,,,,,,,,,,
59,case_6,2024-04-10 15:40:55.563344,complete,Leucocytes,positive,Y,HE,90.0,,,,,,,,,,,,,,,,,,,,,,,,69.0,
60,case_6,2024-04-10 17:24:41.563344,complete,Admission NC,positive,J,,,,,,,,,,,,,,,,,,,,,,,,,,,
61,case_6,2024-04-10 17:35:50.563344,complete,Admission NC,positive,J,,,,,,,,,,,,,,,,,,,,,,,,,,,
62,case_6,2024-04-10 19:17:19.563344,complete,Admission NC,positive,Y,,,,,,,,,,,,,,,,,,,,,,,,,,,
63,case_6,2024-04-10 19:34:42.563344,complete,Admission NC,positive,J,,,,,,,,,,,,,,,,,,,,,,,,,,,
64,case_6,2024-04-10 20:34:34.563344,complete,Admission NC,positive,J,,,,,,,,,,,,,,,,,,,,,,,,,,,
65,case_6,2024-04-10 21:56:20.563344,complete,Release B,positive,E,,,,,,,,,,,,,,,,,,,,,,,,,,,
66,case_6,2024-04-10 22:40:23.563344,complete,Release B,positive,Y,,,,,,,,,,,,,,,,,,,,,,,,,,,
67,case_6,2024-04-10 23:58:53.563344,complete,Leucocytes,positive,Y,HE,90.0,,,,,,,,,,,,,,,,,,,,,,,,94.0,
68,case_7,2024-04-10 16:16:33.563344,complete,Admission NC,positive,J,,,,,,,,,,,,,,,,,,,,,,,,,,,
69,case_7,2024-04-10 17:10:53.563344,complete,Admission NC,positive,Y,,,,,,,,,,,,,,,,,,,,,,,,,,,
70,case_7,2024-04-10 18:16:05.563344,complete,Admission NC,positive,Y,,,,,,,,,,,,,,,,,,,,,,,,,,,
71,case_7,2024-04-10 18:41:00.563344,complete,Return ER,positive,?,,,,,,,,,,,,,,,,,,,,,,,,,,,
72,case_7,2024-04-10 20:01:36.563344,complete,LacticAcid,positive,I,,,,,,,,,,,,,,,,,,,,,,,,,,,20.0
73,case_7,2024-04-10 20:44:57.563344,complete,Return ER,positive,?,,,,,,,,,,,,,,,,,,,,,,,,,,,
74,case_7,2024-04-10 21:39:08.563344,complete,Return ER,positive,?,,,,,,,,,,,,,,,,,,,,,,,,,,,
75,case_7,2024-04-10 22:58:28.563344,complete,Release A,positive,J,,,,,,,,,,,,,,,,,,,,,,,,,,,
76,case_7,2024-04-10 23:50:13.563344,complete,CRP,positive,Y,BD,90.0,2651.0,,,,,,,,,,,,,,,,,,,,,,,,
77,case_8,2024-04-10 16:04:27.563344,complete,Admission NC,positive,F,,,,,,,,,,,,,,,,,,,,,,,,,,,
78,case_8,2024-04-10 16:45:17.563344,complete,IV Antibiotics,positive,A,,,,,,,,,,,,,,,,,,,,,,,,,,,
79,case_8,2024-04-10 18:01:20.563344,complete,Admission IC,positive,I,,,,,,,,,,,,,,,,,,,,,,,,,,,
80,case_8,2024-04-10 18:52:26.563344,complete,Return ER,positive,?,,,,,,,,,,,,,,,,,,,,,,,,,,,
81,case_8,2024-04-10 19:45:13.563344,complete,LacticAcid,positive,?,,,,,,,,,,,,,,,,,,,,,,,,,,,26.0
82,case_8,2024-04-10 21:10:29.563344,complete,Return ER,positive,?,,,,,,,,,,,,,,,,,,,,,,,,,,,
83,case_8,2024-04-10 21:59:13.563344,complete,Return ER,positive,?,,,,,,,,,,,,,,,,,,,,,,,,,,,
84,case_8,2024-04-10 23:14:42.563344,complete,Admission NC,positive,F,,,,,,,,,,,,,,,,,,,,,,,,,,,
85,case_8,2024-04-11 00:09:14.563344,complete,CRP,positive,Y,UA,90.0,3723.0,,,,,,,,,,,,,,,,,,,,,,,,
86,case_9,2024-04-10 16:27:01.563344,complete,Release B,positive,E,,,,,,,,,,,,,,,,,,,,,,,,,,,
87,case_9,2024-04-10 16:41:33.563344,complete,Return ER,positive,?,,,,,,,,,,,,,,,,,,,,,,,,,,,
88,case_9,2024-04-10 18:13:17.563344,complete,Return ER,positive,?,,,,,,,,,,,,,,,,,,,,,,,,,,,
89,case_9,2024-04-10 18:54:03.563344,complete,Release B,positive,E,,,,,,,,,,,,,,,,,,,,,,,,,,,
90,case_9,2024-04-10 19:56:42.563344,complete,Release B,positive,Y,,,,,,,,,,,,,,,,,,,,,,,,,,,
91,case_9,2024-04-10 20:35:15.563344,complete,Admission NC,positive,J,,,,,,,,,,,,,,,,,,,,,,,,,,,
92,case_9,2024-04-10 22:11:48.563344,complete,Release B,positive,E,,,,,,,,,,,,,,,,,,,,,,,,,,,
93,case_9,2024-04-10 23:18:26.563344,complete,Admission NC,positive,J,,,,,,,,,,,,,,,,,,,,,,,,,,,
94,case_10,2024-04-10 15:34:24.563344,complete,Release B,positive,E,,,,,,,,,,,,,,,,,,,,,,,,,,,
95,case_10,2024-04-10 16:58:07.563344,complete,Release B,positive,E,,,,,,,,,,,,,,,,,,,,,,,,,,,
96,case_10,2024-04-10 17:53:48.563344,complete,Release B,positive,E,,,,,,,,,,,,,,,,,,,,,,,,,,,
97,case_10,2024-04-10 19:10:26.563344,complete,Admission NC,positive,K,,,,,,,,,,,,,,,,,,,,,,,,,,,
98,case_10,2024-04-10 20:06:32.563344,complete,Release B,positive,E,,,,,,,,,,,,,,,,,,,,,,,,,,,
99,case_10,2024-04-10 21:20:51.563344,complete,Release B,positive,E,,,,,,,,,,,,,,,,,,,,,,,,,,,
100,case_10,2024-04-10 22:09:59.563344,complete,Release B,positive,E,,,,,,,,,,,,,,,,,,,,,,,,,,,
101,case_10,2024-04-10 22:44:39.563344,complete,Admission NC,positive,J,,,,,,,,,,,,,,,,,,,,,,,,,,,
102,case_11,2024-04-10 15:38:49.563344,complete,Release B,positive,E,,,,,,,,,,,,,,,,,,,,,,,,,,,
103,case_11,2024-04-10 16:55:18.563344,complete,Release B,positive,E,,,,,,,,,,,,,,,,,,,,,,,,,,,
104,case_11,2024-04-10 17:39:58.563344,complete,Release B,positive,E,,,,,,,,,,,,,,,,,,,,,,,,,,,
105,case_11,2024-04-10 19:10:53.563344,complete,Admission NC,positive,K,,,,,,,,,,,,,,,,,,,,,,,,,,,
106,case_11,2024-04-10 19:48:02.563344,complete,Release B,positive,E,,,,,,,,,,,,,,,,,,,,,,,,,,,
107,case_11,2024-04-10 20:50:14.563344,complete,Admission NC,positive,J,,,,,,,,,,,,,,,,,,,,,,,,,,,
108,case_11,2024-04-10 22:04:47.563344,complete,Return ER,positive,?,,,,,,,,,,,,,,,,,,,,,,,,,,,
109,case_11,2024-04-10 23:00:33.563344,complete,Return ER,positive,R,,,,,,,,,,,,,,,,,,,,,,,,,,,
110,case_12,2024-04-10 16:16:57.563344,complete,Admission NC,positive,J,,,,,,,,,,,,,,,,,,,,,,,,,,,
111,case_12,2024-04-10 16:53:13.563344,complete,Release B,positive,E,,,,,,,,,,,,,,,,,,,,,,,,,,,
112,case_12,2024-04-10 17:56:47.563344,complete,Release B,positive,E,,,,,,,,,,,,,,,,,,,,,,,,,,,
113,case_12,2024-04-10 19:05:46.563344,complete,ER Registration,positive,C,JC,20.0,,true,true,false,true,false,true,true,false,true,true,false,false,true,true,true,true,false,false,true,false,true,false,,
114,case_12,2024-04-10 20:07:47.563344,complete,Admission NC,positive,F,,,,,,,,,,,,,,,,,,,,,,,,,,,
115,case_12,2024-04-10 21:04:01.563344,complete,Release B,positive,L,,,,,,,,,,,,,,,,,,,,,,,,,,,
116,case_12,2024-04-10 22:29:20.563344,complete,Leucocytes,positive,?,HE,20.0,,,,,,,,,,,,,,,,,,,,,,,,137.0,
117,case_12,2024-04-10 23:29:58.563344,complete,Leucocytes,positive,L,RC,20.0,,,,,,,,,,,,,,,,,,,,,,,,3604.0,
118,case_13,2024-04-10 16:28:20.563344,complete,Release B,positive,E,,,,,,,,,,,,,,,,,,,,,,,,,,,
119,case_13,2024-04-10 16:35:43.563344,complete,Admission IC,positive,G,,,,,,,,,,,,,,,,,,,,,,,,,,,
120,case_13,2024-04-10 18:12:42.563344,complete,Release B,positive,E,,,,,,,,,,,,,,,,,,,,,,,,,,,
121,case_13,2024-04-10 19:29:08.563344,complete,Admission NC,positive,K,,,,,,,,,,,,,,,,,,,,,,,,,,,
122,case_13,2024-04-10 20:08:47.563344,complete,Release B,positive,E,,,,,,,,,,,,,,,,,,,,,,,,,,,
123,case_13,2024-04-10 20:39:13.563344,complete,Admission NC,positive,F,,,,,,,,,,,,,,,,,,,,,,,,,,,
124,case_13,2024-04-10 21:48:19.563344,complete,Return ER,positive,?,,,,,,,,,,,,,,,,,,,,,,,,,,,
125,case_13,2024-04-10 22:36:18.563344,complete,Release A,positive,A,,,,,,,,,,,,,,,,,,,,,,,,,,,
126,case_14,2024-04-10 16:26:19.563344,complete,Release B,positive,E,,,,,,,,,,,,,,,,,,,,,,,,,,,
127,case_14,2024-04-10 17:03:17.563344,complete,Admission NC,positive,J,,,,,,,,,,,,,,,,,,,,,,,,,,,
128,case_14,2024-04-10 18:27:24.563344,complete,Release B,positive,E,,,,,,,,,,,,,,,,,,,,,,,,,,,
129,case_14,2024-04-10 19:16:48.563344,complete,Admission NC,positive,K,,,,,,,,,,,,,,,,,,,,,,,,,,,
130,case_14,2024-04-10 19:38:37.563344,complete,Release B,positive,E,,,,,,,,,,,,,,,,,,,,,,,,,,,
131,case_14,2024-04-10 20:46:02.563344,complete,LacticAcid,positive,C,,,,,,,,,,,,,,,,,,,,,,,,,,,8.0
132,case_14,2024-04-10 22:20:55.563344,complete,Leucocytes,positive,?,HE,20.0,,,,,,,,,,,,,,,,,,,,,,,,141.0,
133,case_14,2024-04-10 22:58:06.563344,complete,Return ER,positive,?,,,,,,,,,,,,,,,,,,,,,,,,,,,
134,case_15,2024-04-10 15:39:15.563344,complete,Return ER,positive,?,,,,,,,,,,,,,,,,,,,,,,,,,,,
135,case_15,2024-04-10 17:06:53.563344,complete,Admission NC,positive,J,,,,,,,,,,,,,,,,,,,,,,,,,,,
136,case_15,2024-04-10 18:31:22.563344,complete,Admission IC,positive,J,,,,,,,,,,,,,,,,,,,,,,,,,,,
137,case_15,2024-04-10 19:32:44.563344,complete,Admission NC,positive,J,,,,,,,,,,,,,,,,,,,,,,,,,,,
138,case_15,2024-04-10 19:50:43.563344,complete,Admission NC,positive,J,,,,,,,,,,,,,,,,,,,,,,,,,,,
139,case_15,2024-04-10 20:48:25.563344,complete,Admission IC,positive,J,,,,,,,,,,,,,,,,,,,,,,,,,,,
140,case_15,2024-04-10 21:56:12.563344,complete,Admission NC,positive,J,,,,,,,,,,,,,,,,,,,,,,,,,,,
141,case_16,2024-04-10 15:50:47.563344,complete,Admission NC,positive,J,,,,,,,,,,,,,,,,,,,,,,,,,,,
142,case_16,2024-04-10 16:43:04.563344,complete,Admission IC,positive,J,,,,,,,,,,,,,,,,,,,,,,,,,,,
143,case_16,2024-04-10 18:21:19.563344,complete,Admission NC,positive,J,,,,,,,,,,,,,,,,,,,,,,,,,,,
144,case_16,2024-04-10 18:48:56.563344,complete,Admission IC,positive,J,,,,,,,,,,,,,,,,,,,,,,,,,,,
145,case_16,2024-04-10 19:43:06.563344,complete,Admission NC,positive,J,,,,,,,,,,,,,,,,,,,,,,,,,,,
146,case_16,2024-04-10 20:55:15.563344,complete,Return ER,positive,?,,,,,,,,,,,,,,,,,,,,,,,,,,,
147,case_16,2024-04-10 22:14:06.563344,complete,Release A,positive,E,,,,,,,,,,,,,,,,,,,,,,,,,,,
148,case_17,2024-04-10 16:01:42.563344,complete,Admission NC,positive,J,,,,,,,,,,,,,,,,,,,,,,,,,,,
149,case_17,2024-04-10 17:13:21.563344,complete,Admission NC,positive,W,,,,,,,,,,,,,,,,,,,,,,,,,,,
150,case_17,2024-04-10 17:48:30.563344,complete,Admission NC,positive,J,,,,,,,,,,,,,,,,,,,,,,,,,,,
151,case_17,2024-04-10 18:33:29.563344,complete,Admission IC,positive,J,,,,,,,,,,,,,,,,,,,,,,,,,,,
152,case_17,2024-04-10 20:31:35.563344,complete,Admission NC,positive,J,,,,,,,,,,,,,,,,,,,,,,,,,,,
153,case_17,2024-04-10 21:32:02.563344,complete,Return ER,positive,Q,,,,,,,,,,,,,,,,,,,,,,,,,,,
154,case_17,2024-04-10 21:49:06.563344,complete,Return ER,positive,?,,,,,,,,,,,,,,,,,,,,,,,,,,,
155,case_18,2024-04-10 15:59:09.563344,complete,Admission NC,positive,J,,,,,,,,,,,,,,,,,,,,,,,,,,,
156,case_18,2024-04-10 16:51:21.563344,complete,Admission IC,positive,J,,,,,,,,,,,,,,,,,,,,,,,,,,,
157,case_18,2024-04-10 18:06:16.563344,complete,Admission NC,positive,J,,,,,,,,,,,,,,,,,,,,,,,,,,,
158,case_18,2024-04-10 19:26:29.563344,complete,Admission IC,positive,J,,,,,,,,,,,,,,,,,,,,,,,,,,,
159,case_18,2024-04-10 20:05:09.563344,complete,Admission NC,positive,J,,,,,,,,,,,,,,,,,,,,,,,,,,,
160,case_18,2024-04-10 21:31:01.563344,complete,Return ER,positive,?,,,,,,,,,,,,,,,,,,,,,,,,,,,
161,case_18,2024-04-10 21:57:19.563344,complete,Return ER,positive,X,,,,,,,,,,,,,,,,,,,,,,,,,,,
162,case_19,2024-04-10 16:08:33.563344,complete,Admission NC,positive,J,,,,,,,,,,,,,,,,,,,,,,,,,,,
163,case_19,2024-04-10 16:59:28.563344,complete,Admission IC,positive,J,,,,,,,,,,,,,,,,,,,,,,,,,,,
164,case_19,2024-04-10 18:30:12.563344,complete,Admission NC,positive,J,,,,,,,,,,,,,,,,,,,,,,,,,,,
165,case_19,2024-04-10 19:08:08.563344,complete,Admission NC,positive,F,,,,,,,,,,,,,,,,,,,,,,,,,,,
166,case_19,2024-04-10 20:11:50.563344,complete,Admission NC,positive,J,,,,,,,,,,,,,,,,,,,,,,,,,,,
167,case_19,2024-04-10 21:01:44.563344,complete,Return ER,positive,?,,,,,,,,,,,,,,,,,,,,,,,,,,,
168,case_19,2024-04-10 22:20:19.563344,complete,Release A,positive,E,,,,,,,,,,,,,,,,,,,,,,,,,,,
169,case_20,2024-04-10 15:36:43.563344,complete,Admission NC,positive,J,,,,,,,,,,,,,,,,,,,,,,,,,,,
170,case_20,2024-04-10 17:28:47.563344,complete,Admission IC,positive,J,,,,,,,,,,,,,,,,,,,,,,,,,,,
171,case_20,2024-04-10 17:54:28.563344,complete,Admission NC,positive,J,,,,,,,,,,,,,,,,,,,,,,,,,,,
172,case_20,2024-04-10 18:42:37.563344,complete,Admission NC,positive,J,,,,,,,,,,,,,,,,,,,,,,,,,,,
173,case_20,2024-04-10 20:18:56.563344,complete,Admission IC,positive,J,,,,,,,,,,,,,,,,,,,,,,,,,,,
174,case_20,2024-04-10 21:08:29.563344,complete,Admission NC,positive,J,,,,,,,,,,,,,,,,,,,,,,,,,,,
175,case_20,2024-04-10 22:30:09.563344,complete,Release B,positive,E,,,,,,,,,,,,,,,,,,,,,,,,,,,
176,case_21,2024-04-10 16:09:23.563344,complete,Admission NC,positive,J,,,,,,,,,,,,,,,,,,,,,,,,,,,
177,case_21,2024-04-10 17:17:41.563344,complete,IV Antibiotics,positive,L,,,,,,,,,,,,,,,,,,,,,,,,,,,
178,case_21,2024-04-10 17:53:30.563344,complete,ER Sepsis Triage,positive,L,XA,90.0,,,,,,,,,,,,,,,,,,,,,,,,,
179,case_21,2024-04-10 18:41:08.563344,complete,IV Antibiotics,positive,L,,,,,,,,,,,,,,,,,,,,,,,,,,,
180,case_21,2024-04-10 20:18:47.563344,complete,Admission NC,positive,J,,,,,,,,,,,,,,,,,,,,,,,,,,,
181,case_22,2024-04-10 15:48:26.563344,complete,Admission NC,positive,J,,,,,,,,,,,,,,,,,,,,,,,,,,,
182,case_22,2024-04-10 17:09:16.563344,complete,Admission NC,positive,Y,,,,,,,,,,,,,,,,,,,,,,,,,,,
183,case_22,2024-04-10 18:12:31.563344,complete,IV Antibiotics,positive,L,,,,,,,,,,,,,,,,,,,,,,,,,,,
184,case_22,2024-04-10 18:39:26.563344,complete,IV Antibiotics,positive,L,,,,,,,,,,,,,,,,,,,,,,,,,,,
185,case_22,2024-04-10 19:52:02.563344,complete,IV Liquid,positive,Y,QB,27.0,,,,,,,,,,,,,,,,,,,,,,,,,
186,case_23,2024-04-10 16:08:18.563344,complete,Admission NC,positive,J,,,,,,,,,,,,,,,,,,,,,,,,,,,
187,case_23,2024-04-10 17:22:15.563344,complete,IV Antibiotics,positive,L,,,,,,,,,,,,,,,,,,,,,,,,,,,
188,case_23,2024-04-10 18:14:40.563344,complete,IV Antibiotics,positive,L,,,,,,,,,,,,,,,,,,,,,,,,,,,
189,case_23,2024-04-10 19:03:55.563344,complete,IV Antibiotics,positive,L,,,,,,,,,,,,,,,,,,,,,,,,,,,
190,case_23,2024-04-10 20:06:51.563344,complete,Admission NC,positive,F,,,,,,,,,,,,,,,,,,,,,,,,,,,
191,case_24,2024-04-10 16:26:19.563344,complete,Admission NC,positive,J,,,,,,,,,,,,,,,,,,,,,,,,,,,
192,case_24,2024-04-10 17:14:42.563344,complete,IV Antibiotics,positive,L,,,,,,,,,,,,,,,,,,,,,,,,,,,
193,case_24,2024-04-10 17:52:25.563344,complete,CRP,positive,Y,HE,90.0,5700.0,,,,,,,,,,,,,,,,,,,,,,,,
194,case_24,2024-04-10 19:26:45.563344,complete,IV Antibiotics,positive,L,,,,,,,,,,,,,,,,,,,,,,,,,,,
195,case_24,2024-04-10 19:39:48.563344,complete,Admission NC,positive,J,,,,,,,,,,,,,,,,,,,,,,,,,,,
196,case_25,2024-04-10 16:14:28.563344,complete,Admission NC,positive,F,,,,,,,,,,,,,,,,,,,,,,,,,,,
197,case_25,2024-04-10 16:48:47.563344,complete,IV Antibiotics,positive,L,,,,,,,,,,,,,,,,,,,,,,,,,,,
198,case_25,2024-04-10 17:38:51.563344,complete,CRP,positive,Y,HE,90.0,5609.0,,,,,,,,,,,,,,,,,,,,,,,,
199,case_25,2024-04-10 18:53:23.563344,complete,IV Antibiotics,positive,L,,,,,,,,,,,,,,,,,,,,,,,,,,,
200,case_25,2024-04-10 19:36:27.563344,complete,Admission NC,positive,F,,,,,,,,,,,,,,,,,,,,,,,,,,,
201,case_26,2024-04-10 16:30:45.563344,complete,Admission NC,positive,J,,,,,,,,,,,,,,,,,,,,,,,,,,,
202,case_26,2024-04-10 17:27:40.563344,complete,IV Antibiotics,positive,L,,,,,,,,,,,,,,,,,,,,,,,,,,,
203,case_26,2024-04-10 18:01:40.563344,complete,CRP,positive,Y,JE,25.0,5608.0,,,,,,,,,,,,,,,,,,,,,,,,
204,case_26,2024-04-10 19:21:02.563344,complete,IV Antibiotics,positive,?,,,,,,,,,,,,,,,,,,,,,,,,,,,
205,case_26,2024-04-10 19:46:34.563344,complete,Admission NC,positive,J,,,,,,,,,,,,,,,,,,,,,,,,,,,
206,case_27,2024-04-10 16:29:23.563344,complete,CRP,positive,Y,HE,20.0,5730.0,,,,,,,,,,,,,,,,,,,,,,,,
207,case_27,2024-04-10 17:25:55.563344,complete,Admission NC,positive,J,,,,,,,,,,,,,,,,,,,,,,,,,,,
208,case_27,2024-04-10 17:47:02.563344,complete,Leucocytes,positive,F,HE,90.0,,,,,,,,,,,,,,,,,,,,,,,,137.0,
209,case_27,2024-04-10 18:39:43.563344,complete,Admission NC,positive,F,,,,,,,,,,,,,,,,,,,,,,,,,,,
210,case_27,2024-04-10 20:12:10.563344,complete,Return ER,positive,?,,,,,,,,,,,,,,,,,,,,,,,,,,,
211,case_27,2024-04-10 20:56:20.563344,complete,CRP,positive,Y,HE,89.0,5728.0,,,,,,,,,,,,,,,,,,,,,,,,
212,case_28,2024-04-10 16:02:28.563344,complete,CRP,positive,Y,HE,90.0,5730.0,,,,,,,,,,,,,,,,,,,,,,,,
213,case_28,2024-04-10 16:57:01.563344,complete,Admission NC,positive,F,,,,,,,,,,,,,,,,,,,,,,,,,,,
214,case_28,2024-04-10 18:21:41.563344,complete,Admission NC,positive,L,,,,,,,,,,,,,,,,,,,,,,,,,,,
215,case_28,2024-04-10 19:29:26.563344,complete,CRP,positive,Y,HE,90.0,5003.0,,,,,,,,,,,,,,,,,,,,,,,,
216,case_28,2024-04-10 19:55:41.563344,complete,Return ER,positive,?,,,,,,,,,,,,,,,,,,,,,,,,,,,
217,case_28,2024-04-10 21:03:40.563344,complete,CRP,positive,Y,HE,89.0,5575.0,,,,,,,,,,,,,,,,,,,,,,,,
218,case_29,2024-04-10 15:43:33.563344,complete,Admission NC,positive,J,,,,,,,,,,,,,,,,,,,,,,,,,,,
219,case_29,2024-04-10 16:44:23.563344,complete,Return ER,positive,?,,,,,,,,,,,,,,,,,,,,,,,,,,,
220,case_29,2024-04-10 18:20:52.563344,complete,Leucocytes,positive,F,HE,90.0,,,,,,,,,,,,,,,,,,,,,,,,137.0,
221,case_29,2024-04-10 19:27:56.563344,complete,Admission NC,positive,J,,,,,,,,,,,,,,,,,,,,,,,,,,,
222,case_29,2024-04-10 20:05:54.563344,complete,CRP,positive,Y,LB,90.0,5729.0,,,,,,,,,,,,,,,,,,,,,,,,
223,case_29,2024-04-10 20:36:37.563344,complete,CRP,positive,B,HE,89.0,1886.0,,,,,,,,,,,,,,,,,,,,,,,,
