,case:concept:name,time:timestamp,lifecycle:transition,concept:name,case:label,org:group,Diagnose,Age,CRP,Leucocytes,LacticAcid
0,case_0,2024-04-10 16:19:40.971997,complete,CRP,positive,K,YA,21.0,188.0,,
1,case_0,2024-04-10 17:18:33.971997,complete,Leucocytes,positive,J,YA,22.0,,1299.0,
2,case_0,2024-04-10 18:22:31.971997,complete,CRP,positive,K,YC,20.0,3962.0,,
3,case_0,2024-04-10 18:55:27.971997,complete,Admission NC,positive,F,,,,,
4,case_0,2024-04-10 19:44:43.971997,complete,Leucocytes,positive,K,YC,20.0,,1417.0,
5,case_0,2024-04-10 21:09:38.971997,complete,Admission NC,positive,F,,,,,
6,case_1,2024-04-10 15:42:38.971997,complete,Leucocytes,positive,K,YB,20.0,,3079.0,
7,case_1,2024-04-10 16:38:27.971997,complete,Leucocytes,positive,I,YC,20.0,,931.0,
8,case_1,2024-04-10 18:20:30.971997,complete,Leucocytes,positive,I,YA,23.0,,14.0,
9,case_1,2024-04-10 18:53:31.971997,complete,CRP,positive,K,YA,21.0,50.0,,
10,case_1,2024-04-10 20:16:43.971997,complete,Admission NC,positive,F,,,,,
11,case_1,2024-04-10 20:47:34.971997,complete,Admission NC,positive,A,,,,,
12,case_2,2024-04-10 16:31:43.971997,complete,CRP,positive,A,YA,22.0,50.0,,
13,case_2,2024-04-10 16:42:04.971997,complete,Admission NC,positive,F,,,,,
14,case_2,2024-04-10 17:38:27.971997,complete,CRP,positive,K,YB,24.0,3962.0,,
15,case_2,2024-04-10 19:15:14.971997,complete,Admission NC,positive,F,,,,,
16,case_2,2024-04-10 19:53:46.971997,complete,LacticAcid,positive,K,,,,,80.0
17,case_2,2024-04-10 21:28:51.971997,complete,Leucocytes,positive,A,YA,22.0,,1692.0,
18,case_3,2024-04-10 15:38:11.971997,complete,CRP,positive,I,YA,22.0,3688.0,,
19,case_3,2024-04-10 17:20:52.971997,complete,CRP,positive,K,YD,21.0,50.0,,
20,case_3,2024-04-10 18:08:53.971997,complete,Admission NC,positive,F,,,,,
21,case_3,2024-04-10 18:47:00.971997,complete,CRP,positive,K,YB,21.0,4018.0,,
22,case_3,2024-04-10 20:04:35.971997,complete,Leucocytes,positive,K,YA,21.0,,138.0,
23,case_3,2024-04-10 20:47:18.971997,complete,Admission NC,positive,F,,,,,
24,case_4,2024-04-10 16:03:08.971997,complete,Leucocytes,positive,K,YC,20.0,,1647.0,
25,case_4,2024-04-10 17:10:17.971997,complete,Leucocytes,positive,A,YA,21.0,,244.0,
26,case_4,2024-04-10 18:12:06.971997,complete,Admission NC,positive,J,,,,,
27,case_4,2024-04-10 18:58:25.971997,complete,Admission NC,positive,F,,,,,
28,case_4,2024-04-10 20:04:31.971997,complete,Leucocytes,positive,L,YA,22.0,,3430.0,
29,case_4,2024-04-10 21:15:57.971997,complete,CRP,positive,K,YC,20.0,5453.0,,
30,case_5,2024-04-10 16:29:33.971997,complete,Leucocytes,positive,I,YC,20.0,,3079.0,
31,case_5,2024-04-10 16:37:08.971997,complete,Leucocytes,positive,I,YA,23.0,,138.0,
32,case_5,2024-04-10 18:30:30.971997,complete,CRP,positive,K,YA,21.0,5664.0,,
33,case_5,2024-04-10 18:52:38.971997,complete,Leucocytes,positive,K,YC,20.0,,138.0,
34,case_5,2024-04-10 20:23:40.971997,complete,Admission NC,positive,J,,,,,
35,case_5,2024-04-10 21:28:35.971997,complete,Admission NC,positive,A,,,,,
36,case_6,2024-04-10 15:36:46.971997,complete,Leucocytes,positive,K,YA,20.0,,1087.0,
37,case_6,2024-04-10 17:35:01.971997,complete,CRP,positive,I,YA,20.0,3119.0,,
38,case_6,2024-04-10 17:39:42.971997,complete,CRP,positive,K,YA,20.0,50.0,,
39,case_6,2024-04-10 19:31:21.971997,complete,Leucocytes,positive,A,YA,20.0,,138.0,
40,case_6,2024-04-10 19:46:27.971997,complete,CRP,positive,A,YC,20.0,5581.0,,
41,case_6,2024-04-10 21:04:47.971997,complete,Leucocytes,positive,K,YC,22.0,,138.0,
42,case_6,2024-04-10 21:52:43.971997,complete,Admission NC,positive,?,,,,,
43,case_6,2024-04-10 23:14:00.971997,complete,Admission NC,positive,F,,,,,
44,case_7,2024-04-10 16:21:30.971997,complete,Leucocytes,positive,K,YD,20.0,,2844.0,
45,case_7,2024-04-10 17:15:25.971997,complete,Leucocytes,positive,A,YA,23.0,,138.0,
46,case_7,2024-04-10 17:49:04.971997,complete,Leucocytes,positive,I,YA,21.0,,1389.0,
47,case_7,2024-04-10 19:26:05.971997,complete,CRP,positive,I,YA,20.0,50.0,,
48,case_7,2024-04-10 20:28:53.971997,complete,CRP,positive,I,YA,20.0,5581.0,,
49,case_7,2024-04-10 21:10:14.971997,complete,Admission NC,positive,F,,,,,
50,case_7,2024-04-10 22:35:49.971997,complete,Leucocytes,positive,K,YA,20.0,,3376.0,
51,case_7,2024-04-10 22:41:38.971997,complete,Admission NC,positive,F,,,,,
52,case_8,2024-04-10 15:43:37.971997,complete,CRP,positive,I,YA,22.0,2593.0,,
53,case_8,2024-04-10 16:39:32.971997,complete,Leucocytes,positive,K,YD,21.0,,1058.0,
54,case_8,2024-04-10 18:21:34.971997,complete,CRP,positive,K,YB,21.0,51.0,,
55,case_8,2024-04-10 18:50:37.971997,complete,Admission NC,positive,F,,,,,
56,case_8,2024-04-10 19:48:23.971997,complete,CRP,positive,K,YA,21.0,1397.0,,
57,case_8,2024-04-10 20:43:18.971997,complete,CRP,positive,K,YA,20.0,50.0,,
58,case_8,2024-04-10 21:57:09.971997,complete,Leucocytes,positive,K,YA,22.0,,138.0,
59,case_8,2024-04-10 23:06:40.971997,complete,Admission NC,positive,F,,,,,
60,case_9,2024-04-10 15:51:13.971997,complete,CRP,positive,K,QB,22.0,5481.0,,
61,case_9,2024-04-10 16:58:06.971997,complete,Leucocytes,positive,I,OB,22.0,,3149.0,
62,case_9,2024-04-10 17:48:33.971997,complete,Admission NC,positive,J,,,,,
63,case_9,2024-04-10 18:54:34.971997,complete,Admission NC,positive,F,,,,,
64,case_9,2024-04-10 19:54:27.971997,complete,Leucocytes,positive,?,YB,20.0,,1103.0,
65,case_9,2024-04-10 20:40:03.971997,complete,LacticAcid,positive,K,,,,,2.0
66,case_9,2024-04-10 22:01:36.971997,complete,Leucocytes,positive,K,YB,20.0,,138.0,
67,case_9,2024-04-10 23:06:21.971997,complete,CRP,positive,K,YD,22.0,50.0,,
68,case_10,2024-04-10 15:55:54.971997,complete,LacticAcid,positive,I,,,,,124.0
69,case_10,2024-04-10 17:31:40.971997,complete,Leucocytes,positive,K,YB,20.0,,805.0,
70,case_10,2024-04-10 18:24:13.971997,complete,Admission NC,positive,F,,,,,
71,case_10,2024-04-10 19:00:58.971997,complete,Admission NC,positive,?,,,,,
72,case_10,2024-04-10 20:17:52.971997,complete,Leucocytes,positive,K,YA,20.0,,138.0,
73,case_10,2024-04-10 21:12:02.971997,complete,CRP,positive,K,YC,20.0,1545.0,,
74,case_10,2024-04-10 22:20:00.971997,complete,Leucocytes,positive,K,YC,23.0,,1904.0,
75,case_10,2024-04-10 23:12:04.971997,complete,CRP,positive,K,JB,20.0,50.0,,
76,case_11,2024-04-10 16:36:09.971997,complete,Leucocytes,positive,?,YA,20.0,,404.0,
77,case_11,2024-04-10 17:25:54.971997,complete,Leucocytes,positive,I,YA,22.0,,138.0,
78,case_11,2024-04-10 17:59:30.971997,complete,Leucocytes,positive,K,YA,20.0,,138.0,
79,case_11,2024-04-10 18:38:46.971997,complete,CRP,positive,L,YB,23.0,50.0,,
80,case_11,2024-04-10 20:29:44.971997,complete,Leucocytes,positive,A,YA,21.0,,139.0,
81,case_11,2024-04-10 20:54:04.971997,complete,Leucocytes,positive,I,YB,24.0,,2413.0,
82,case_11,2024-04-10 21:37:30.971997,complete,Leucocytes,positive,I,YA,21.0,,138.0,
83,case_11,2024-04-10 22:54:48.971997,complete,Admission NC,positive,F,,,,,
84,case_11,2024-04-11 00:08:21.971997,complete,Admission NC,positive,A,,,,,
85,case_12,2024-04-10 16:35:01.971997,complete,LacticAcid,positive,I,,,,,2.0
86,case_12,2024-04-10 17:27:48.971997,complete,Leucocytes,positive,K,YA,22.0,,138.0,
87,case_12,2024-04-10 17:40:06.971997,complete,Admission NC,positive,L,,,,,
88,case_12,2024-04-10 18:37:18.971997,complete,Leucocytes,positive,K,YA,22.0,,2374.0,
89,case_12,2024-04-10 19:51:13.971997,complete,Admission NC,positive,F,,,,,
90,case_12,2024-04-10 21:06:36.971997,complete,Leucocytes,positive,A,YB,20.0,,3054.0,
91,case_12,2024-04-10 22:10:56.971997,complete,CRP,positive,K,YB,21.0,50.0,,
92,case_12,2024-04-10 22:48:18.971997,complete,CRP,positive,K,YA,20.0,2829.0,,
93,case_12,2024-04-11 00:04:49.971997,complete,Leucocytes,positive,I,JB,20.0,,138.0,
94,case_13,2024-04-10 15:53:46.971997,complete,Admission NC,positive,F,,,,,
95,case_13,2024-04-10 16:37:52.971997,complete,Admission NC,positive,A,,,,,
96,case_13,2024-04-10 18:21:56.971997,complete,CRP,positive,I,YA,21.0,1521.0,,
97,case_13,2024-04-10 19:12:20.971997,complete,Leucocytes,positive,I,QA,21.0,,905.0,
98,case_13,2024-04-10 19:37:04.971997,complete,CRP,positive,K,YD,21.0,50.0,,
99,case_13,2024-04-10 20:37:17.971997,complete,CRP,positive,K,YA,21.0,2892.0,,
100,case_13,2024-04-10 21:51:48.971997,complete,CRP,positive,A,YA,21.0,50.0,,
101,case_13,2024-04-10 23:16:43.971997,complete,CRP,positive,I,YA,20.0,2558.0,,
102,case_13,2024-04-10 23:49:27.971997,complete,CRP,positive,?,X,20.0,52.0,,
103,case_14,2024-04-10 16:32:25.971997,complete,LacticAcid,positive,A,,,,,146.0
104,case_14,2024-04-10 17:36:05.971997,complete,Leucocytes,positive,A,YA,21.0,,138.0,
105,case_14,2024-04-10 18:23:50.971997,complete,Admission NC,positive,F,,,,,
106,case_14,2024-04-10 18:47:18.971997,complete,Leucocytes,positive,I,YB,24.0,,856.0,
107,case_14,2024-04-10 20:28:00.971997,complete,Leucocytes,positive,I,YA,21.0,,138.0,
108,case_14,2024-04-10 20:38:34.971997,complete,CRP,positive,K,YD,22.0,50.0,,
109,case_14,2024-04-10 22:05:43.971997,complete,Leucocytes,positive,K,QB,20.0,,1272.0,
110,case_14,2024-04-10 23:14:56.971997,complete,LacticAcid,positive,K,,,,,127.0
111,case_14,2024-04-10 23:46:57.971997,complete,Admission NC,positive,J,,,,,
112,case_15,2024-04-10 16:15:14.971997,complete,Admission NC,positive,H,,,,,
113,case_15,2024-04-10 17:25:39.971997,complete,CRP,positive,K,YA,24.0,1916.0,,
114,case_15,2024-04-10 18:27:43.971997,complete,CRP,positive,A,YB,21.0,3715.0,,
115,case_15,2024-04-10 18:44:36.971997,complete,CRP,positive,L,YA,82.0,51.0,,
116,case_15,2024-04-10 20:07:09.971997,complete,CRP,positive,K,YA,20.0,50.0,,
117,case_15,2024-04-10 21:12:43.971997,complete,Leucocytes,positive,K,YA,21.0,,1751.0,
118,case_15,2024-04-10 22:30:50.971997,complete,CRP,positive,K,I,21.0,51.0,,
119,case_15,2024-04-10 23:21:33.971997,complete,CRP,positive,I,YD,21.0,4278.0,,
120,case_15,2024-04-11 00:32:00.971997,complete,Admission NC,positive,F,,,,,
121,case_16,2024-04-10 15:40:06.971997,complete,Leucocytes,positive,I,YB,20.0,,1345.0,
122,case_16,2024-04-10 16:51:51.971997,complete,Admission NC,positive,J,,,,,
123,case_16,2024-04-10 18:22:08.971997,complete,Admission NC,positive,F,,,,,
124,case_16,2024-04-10 19:23:39.971997,complete,Leucocytes,positive,K,YA,20.0,,856.0,
125,case_16,2024-04-10 20:17:06.971997,complete,Leucocytes,positive,A,YC,20.0,,138.0,
126,case_16,2024-04-10 21:31:20.971997,complete,CRP,positive,A,YA,20.0,50.0,,
127,case_16,2024-04-10 22:31:07.971997,complete,Leucocytes,positive,K,YB,20.0,,1272.0,
128,case_16,2024-04-10 22:41:20.971997,complete,LacticAcid,positive,K,,,,,127.0
129,case_16,2024-04-10 23:56:05.971997,complete,CRP,positive,?,YA,21.0,50.0,,
130,case_17,2024-04-10 16:16:01.971997,complete,Leucocytes,positive,?,YA,21.0,,1345.0,
131,case_17,2024-04-10 17:12:53.971997,complete,Admission NC,positive,F,,,,,
132,case_17,2024-04-10 18:09:07.971997,complete,Admission NC,positive,F,,,,,
133,case_17,2024-04-10 18:40:58.971997,complete,Leucocytes,positive,I,YB,24.0,,856.0,
134,case_17,2024-04-10 20:10:07.971997,complete,Leucocytes,positive,I,YA,21.0,,138.0,
135,case_17,2024-04-10 21:31:39.971997,complete,CRP,positive,K,YD,22.0,50.0,,
136,case_17,2024-04-10 22:36:05.971997,complete,Leucocytes,positive,K,QB,20.0,,1272.0,
137,case_17,2024-04-10 23:17:41.971997,complete,LacticAcid,positive,K,,,,,127.0
138,case_17,2024-04-11 00:01:48.971997,complete,CRP,positive,I,QC,20.0,50.0,,
139,case_18,2024-04-10 16:10:07.971997,complete,CRP,positive,K,YA,82.0,50.0,,
140,case_18,2024-04-10 16:42:45.971997,complete,LacticAcid,positive,K,,,,,2.0
141,case_18,2024-04-10 18:21:34.971997,complete,Leucocytes,positive,A,YC,20.0,,138.0,
142,case_18,2024-04-10 19:34:23.971997,complete,Admission NC,positive,J,,,,,
143,case_18,2024-04-10 20:33:43.971997,complete,Admission NC,positive,F,,,,,
144,case_18,2024-04-10 20:59:57.971997,complete,Leucocytes,positive,K,YC,22.0,,3054.0,
145,case_18,2024-04-10 22:30:52.971997,complete,CRP,positive,I,YA,20.0,50.0,,
146,case_18,2024-04-10 23:11:16.971997,complete,CRP,positive,I,YB,20.0,2829.0,,
147,case_18,2024-04-10 23:47:16.971997,complete,Leucocytes,positive,K,JB,20.0,,138.0,
148,case_19,2024-04-10 15:55:50.971997,complete,Leucocytes,positive,K,YA,20.0,,3664.0,
149,case_19,2024-04-10 17:21:39.971997,complete,Admission NC,positive,L,,,,,
150,case_19,2024-04-10 17:56:35.971997,complete,Admission NC,positive,L,,,,,
151,case_19,2024-04-10 19:19:49.971997,complete,Leucocytes,positive,K,YA,22.0,,1663.0,
152,case_19,2024-04-10 20:32:21.971997,complete,Leucocytes,positive,A,YB,20.0,,2480.0,
153,case_19,2024-04-10 20:40:44.971997,complete,Leucocytes,positive,K,YB,21.0,,3054.0,
154,case_19,2024-04-10 22:17:57.971997,complete,CRP,positive,K,YA,20.0,50.0,,
155,case_19,2024-04-10 22:54:56.971997,complete,CRP,positive,I,YA,20.0,2829.0,,
156,case_19,2024-04-11 00:03:03.971997,complete,Leucocytes,positive,A,JB,20.0,,138.0,
157,case_20,2024-04-10 16:35:38.971997,complete,CRP,positive,K,B,24.0,2213.0,,
158,case_20,2024-04-10 16:55:34.971997,complete,CRP,positive,I,YC,20.0,2662.0,,
159,case_20,2024-04-10 17:50:45.971997,complete,Leucocytes,positive,A,YA,22.0,,139.0,
160,case_20,2024-04-10 18:44:53.971997,complete,CRP,positive,?,YA,22.0,5435.0,,
161,case_20,2024-04-10 20:09:59.971997,complete,CRP,positive,K,YD,21.0,3397.0,,
162,case_20,2024-04-10 21:02:46.971997,complete,Admission NC,positive,A,,,,,
163,case_20,2024-04-10 22:15:55.971997,complete,Admission NC,positive,?,,,,,
164,case_21,2024-04-10 15:49:29.971997,complete,Leucocytes,positive,K,YB,20.0,,3611.0,
165,case_21,2024-04-10 16:51:35.971997,complete,CRP,positive,K,YB,20.0,1145.0,,
166,case_21,2024-04-10 17:40:02.971997,complete,Admission NC,positive,F,,,,,
167,case_21,2024-04-10 18:43:00.971997,complete,CRP,positive,I,YC,20.0,2925.0,,
168,case_21,2024-04-10 19:52:33.971997,complete,Leucocytes,positive,I,YA,23.0,,140.0,
169,case_21,2024-04-10 21:28:35.971997,complete,CRP,positive,K,YA,21.0,1850.0,,
170,case_21,2024-04-10 21:46:16.971997,complete,Admission NC,positive,F,,,,,
171,case_22,2024-04-10 16:28:33.971997,complete,CRP,positive,?,B,21.0,2213.0,,
172,case_22,2024-04-10 16:42:52.971997,complete,Leucocytes,positive,A,YA,22.0,,181.0,
173,case_22,2024-04-10 18:08:34.971997,complete,Leucocytes,positive,K,YC,23.0,,138.0,
174,case_22,2024-04-10 18:59:17.971997,complete,Admission NC,positive,A,,,,,
175,case_22,2024-04-10 19:44:25.971997,complete,CRP,positive,A,YA,23.0,3397.0,,
176,case_22,2024-04-10 21:28:37.971997,complete,CRP,positive,I,YA,21.0,52.0,,
177,case_22,2024-04-10 22:21:46.971997,complete,Admission NC,positive,J,,,,,
178,case_23,2024-04-10 16:23:37.971997,complete,CRP,positive,K,YC,20.0,895.0,,
179,case_23,2024-04-10 16:38:31.971997,complete,Leucocytes,positive,K,YA,22.0,,368.0,
180,case_23,2024-04-10 18:24:20.971997,complete,Leucocytes,positive,?,YB,20.0,,138.0,
181,case_23,2024-04-10 19:12:03.971997,complete,CRP,positive,K,YA,20.0,50.0,,
182,case_23,2024-04-10 19:58:58.971997,complete,CRP,positive,K,YA,22.0,957.0,,
183,case_23,2024-04-10 20:41:34.971997,complete,CRP,positive,K,YB,20.0,5465.0,,
184,case_23,2024-04-10 22:12:50.971997,complete,Admission NC,positive,F,,,,,
185,case_23,2024-04-10 23:10:41.971997,complete,CRP,positive,K,YB,20.0,4419.0,,
186,case_23,2024-04-10 23:38:40.971997,complete,Admission NC,positive,?,,,,,
187,case_23,2024-04-11 00:45:43.972997,complete,CRP,positive,A,YA,22.0,3434.0,,
188,case_24,2024-04-10 15:37:33.972997,complete,CRP,positive,K,YC,20.0,895.0,,
189,case_24,2024-04-10 17:00:21.972997,complete,Leucocytes,positive,K,YA,22.0,,271.0,
190,case_24,2024-04-10 18:36:03.972997,complete,Leucocytes,positive,?,YB,20.0,,138.0,
191,case_24,2024-04-10 18:58:50.972997,complete,CRP,positive,K,YA,20.0,50.0,,
192,case_24,2024-04-10 19:42:46.972997,complete,CRP,positive,K,YA,22.0,957.0,,
193,case_24,2024-04-10 21:03:04.972997,complete,CRP,positive,K,YB,20.0,5465.0,,
194,case_24,2024-04-10 22:05:50.972997,complete,Admission NC,positive,F,,,,,
195,case_24,2024-04-10 22:50:46.972997,complete,CRP,positive,K,YB,20.0,4419.0,,
196,case_24,2024-04-10 23:36:34.972997,complete,Admission NC,positive,?,,,,,
197,case_24,2024-04-11 01:14:49.972997,complete,CRP,positive,A,YA,22.0,3434.0,,
198,case_25,2024-04-10 16:16:35.972997,complete,CRP,positive,I,YC,20.0,2955.0,,
199,case_25,2024-04-10 17:27:27.972997,complete,LacticAcid,positive,A,,,,,3.0
200,case_25,2024-04-10 18:33:03.972997,complete,Leucocytes,positive,K,YA,20.0,,138.0,
201,case_25,2024-04-10 18:47:47.972997,complete,Admission NC,positive,?,,,,,
202,case_25,2024-04-10 19:57:33.972997,complete,CRP,positive,K,YD,20.0,1780.0,,
203,case_25,2024-04-10 20:38:48.972997,complete,Admission NC,positive,J,,,,,
204,case_25,2024-04-10 21:50:09.972997,complete,CRP,positive,I,YA,20.0,2133.0,,
205,case_25,2024-04-10 22:51:40.972997,complete,Leucocytes,positive,K,YA,23.0,,172.0,
206,case_25,2024-04-10 23:36:37.972997,complete,Leucocytes,positive,A,YB,20.0,,1337.0,
207,case_25,2024-04-11 01:07:57.972997,complete,CRP,positive,A,YA,23.0,50.0,,
208,case_26,2024-04-10 15:43:13.972997,complete,Leucocytes,positive,I,YA,20.0,,3276.0,
209,case_26,2024-04-10 17:21:49.972997,complete,Admission NC,positive,A,,,,,
210,case_26,2024-04-10 17:42:01.972997,complete,Admission NC,positive,A,,,,,
211,case_26,2024-04-10 19:28:27.972997,complete,CRP,positive,K,YA,23.0,1298.0,,
212,case_26,2024-04-10 20:21:28.972997,complete,CRP,positive,K,YA,20.0,717.0,,
213,case_26,2024-04-10 20:38:53.972997,complete,CRP,positive,?,YB,20.0,50.0,,
214,case_26,2024-04-10 21:41:48.972997,complete,CRP,positive,L,YA,21.0,2710.0,,
215,case_26,2024-04-10 23:24:27.972997,complete,CRP,positive,K,YA,20.0,51.0,,
216,case_26,2024-04-10 23:59:28.972997,complete,LacticAcid,positive,K,,,,,2.0
217,case_26,2024-04-11 01:28:35.972997,complete,Leucocytes,positive,K,Z,24.0,,139.0,
218,case_27,2024-04-10 16:05:14.972997,complete,CRP,positive,I,YB,23.0,4734.0,,
219,case_27,2024-04-10 16:37:36.972997,complete,Admission NC,positive,J,,,,,
220,case_27,2024-04-10 18:07:53.972997,complete,Admission NC,positive,L,,,,,
221,case_27,2024-04-10 18:54:46.972997,complete,CRP,positive,I,YA,20.0,4853.0,,
222,case_27,2024-04-10 20:09:51.972997,complete,CRP,positive,I,YA,21.0,50.0,,
223,case_28,2024-04-10 15:43:51.972997,complete,CRP,positive,K,YA,22.0,1452.0,,
224,case_28,2024-04-10 17:13:01.972997,complete,CRP,positive,C,YA,20.0,50.0,,
225,case_28,2024-04-10 17:57:06.972997,complete,Admission NC,positive,F,,,,,
226,case_28,2024-04-10 19:35:37.972997,complete,CRP,positive,K,YA,20.0,1419.0,,
227,case_28,2024-04-10 20:05:57.972997,complete,Admission NC,positive,J,,,,,
228,case_29,2024-04-10 15:59:51.972997,complete,CRP,positive,K,IE,20.0,5312.0,,
229,case_29,2024-04-10 17:16:16.972997,complete,Return ER,positive,?,,,,,
230,case_29,2024-04-10 17:46:17.972997,complete,CRP,positive,K,YA,20.0,3254.0,,
231,case_29,2024-04-10 18:58:27.972997,complete,Admission NC,positive,J,,,,,
232,case_29,2024-04-10 19:45:31.972997,complete,Admission NC,positive,F,,,,,
