,case:concept:name,time:timestamp,lifecycle:transition,concept:name,case:label,org:group,Diagnose,Age,Leucocytes,CRP,InfectionSuspected,DiagnosticBlood,DisfuncOrg,SIRSCritTachypnea,Hypotensie,SIRSCritHeartRate,Infusion,DiagnosticArtAstrup,DiagnosticIC,DiagnosticSputum,DiagnosticLiquor,DiagnosticOther,SIRSCriteria2OrMore,DiagnosticXthorax,SIRSCritTemperature,DiagnosticUrinaryCulture,SIRSCritLeucos,Oligurie,DiagnosticLacticAcid,Hypoxie,DiagnosticUrinarySediment,DiagnosticECG,LacticAcid
0,case_0,2024-04-10 15:59:21.597776,complete,ER Triage,positive,C,HE,43.0,,,,,,,,,,,,,,,,,,,,,,,,,
1,case_0,2024-04-10 16:39:25.597776,complete,Release B,positive,Y,,,,,,,,,,,,,,,,,,,,,,,,,,,
2,case_0,2024-04-10 18:24:10.597776,complete,Release A,positive,Y,,,,,,,,,,,,,,,,,,,,,,,,,,,
3,case_0,2024-04-10 18:44:27.597776,complete,Return ER,positive,?,,,,,,,,,,,,,,,,,,,,,,,,,,,
4,case_0,2024-04-10 20:25:20.597776,complete,Return ER,positive,Y,,,,,,,,,,,,,,,,,,,,,,,,,,,
5,case_0,2024-04-10 21:11:49.597776,complete,Admission NC,positive,F,,,,,,,,,,,,,,,,,,,,,,,,,,,
6,case_0,2024-04-10 22:04:54.597776,complete,Admission NC,positive,J,,,,,,,,,,,,,,,,,,,,,,,,,,,
7,case_1,2024-04-10 15:38:24.597776,complete,ER Triage,positive,C,HE,43.0,,,,,,,,,,,,,,,,,,,,,,,,,
8,case_1,2024-04-10 17:14:30.597776,complete,Leucocytes,positive,Y,IC,20.0,27.0,,,,,,,,,,,,,,,,,,,,,,,,
9,case_1,2024-04-10 18:28:48.597776,complete,Release A,positive,I,,,,,,,,,,,,,,,,,,,,,,,,,,,
10,case_1,2024-04-10 19:06:49.597776,complete,ER Sepsis Triage,positive,A,YB,90.0,,,,,,,,,,,,,,,,,,,,,,,,,
11,case_1,2024-04-10 20:23:47.597776,complete,Leucocytes,positive,A,YC,29.0,158.0,,,,,,,,,,,,,,,,,,,,,,,,
12,case_1,2024-04-10 20:33:36.597776,complete,Admission NC,positive,J,,,,,,,,,,,,,,,,,,,,,,,,,,,
13,case_1,2024-04-10 21:49:25.597776,complete,Admission NC,positive,J,,,,,,,,,,,,,,,,,,,,,,,,,,,
14,case_2,2024-04-10 16:06:40.597776,complete,ER Triage,positive,C,YA,20.0,,,,,,,,,,,,,,,,,,,,,,,,,
15,case_2,2024-04-10 16:39:07.597776,complete,Release B,positive,E,,,,,,,,,,,,,,,,,,,,,,,,,,,
16,case_2,2024-04-10 17:50:14.597776,complete,ER Sepsis Triage,positive,I,YA,20.0,,,,,,,,,,,,,,,,,,,,,,,,,
17,case_2,2024-04-10 18:58:56.597776,complete,CRP,positive,L,YA,20.0,,63.0,,,,,,,,,,,,,,,,,,,,,,,
18,case_2,2024-04-10 20:04:50.597776,complete,Admission NC,positive,F,,,,,,,,,,,,,,,,,,,,,,,,,,,
19,case_2,2024-04-10 20:50:44.597776,complete,Admission NC,positive,A,,,,,,,,,,,,,,,,,,,,,,,,,,,
20,case_2,2024-04-10 21:41:26.597776,complete,IV Liquid,positive,L,YA,22.0,,,,,,,,,,,,,,,,,,,,,,,,,
21,case_3,2024-04-10 16:17:27.597776,complete,ER Triage,positive,C,QD,22.0,,,,,,,,,,,,,,,,,,,,,,,,,
22,case_3,2024-04-10 16:43:33.597776,complete,Release B,positive,E,,,,,,,,,,,,,,,,,,,,,,,,,,,
23,case_3,2024-04-10 18:26:52.597776,complete,Return ER,positive,I,,,,,,,,,,,,,,,,,,,,,,,,,,,
24,case_3,2024-04-10 19:10:33.597776,complete,Admission NC,positive,F,,,,,,,,,,,,,,,,,,,,,,,,,,,
25,case_3,2024-04-10 19:52:57.597776,complete,Admission NC,positive,J,,,,,,,,,,,,,,,,,,,,,,,,,,,
26,case_3,2024-04-10 20:44:30.597776,complete,Return ER,positive,?,,,,,,,,,,,,,,,,,,,,,,,,,,,
27,case_3,2024-04-10 22:21:52.597776,complete,IV Liquid,positive,I,YC,21.0,,,,,,,,,,,,,,,,,,,,,,,,,
28,case_4,2024-04-10 15:32:22.597776,complete,ER Triage,positive,C,IB,21.0,,,,,,,,,,,,,,,,,,,,,,,,,
29,case_4,2024-04-10 17:20:05.597776,complete,Release B,positive,E,,,,,,,,,,,,,,,,,,,,,,,,,,,
30,case_4,2024-04-10 18:04:20.597776,complete,Admission IC,positive,I,,,,,,,,,,,,,,,,,,,,,,,,,,,
31,case_4,2024-04-10 18:49:10.597776,complete,Admission NC,positive,F,,,,,,,,,,,,,,,,,,,,,,,,,,,
32,case_4,2024-04-10 20:13:33.597776,complete,Admission NC,positive,J,,,,,,,,,,,,,,,,,,,,,,,,,,,
33,case_4,2024-04-10 20:47:56.597776,complete,Return ER,positive,?,,,,,,,,,,,,,,,,,,,,,,,,,,,
34,case_4,2024-04-10 21:42:41.597776,complete,IV Liquid,positive,?,YB,20.0,,,,,,,,,,,,,,,,,,,,,,,,,
35,case_5,2024-04-10 16:30:41.597776,complete,ER Triage,positive,C,IA,20.0,,,,,,,,,,,,,,,,,,,,,,,,,
36,case_5,2024-04-10 17:01:30.597776,complete,Release B,positive,E,,,,,,,,,,,,,,,,,,,,,,,,,,,
37,case_5,2024-04-10 17:53:46.597776,complete,CRP,positive,?,YA,21.0,,63.0,,,,,,,,,,,,,,,,,,,,,,,
38,case_5,2024-04-10 19:10:14.597776,complete,Admission NC,positive,F,,,,,,,,,,,,,,,,,,,,,,,,,,,
39,case_5,2024-04-10 19:42:58.597776,complete,Admission NC,positive,J,,,,,,,,,,,,,,,,,,,,,,,,,,,
40,case_5,2024-04-10 21:10:04.597776,complete,Return ER,positive,?,,,,,,,,,,,,,,,,,,,,,,,,,,,
41,case_5,2024-04-10 21:37:45.597776,complete,IV Liquid,positive,K,YA,23.0,,,,,,,,,,,,,,,,,,,,,,,,,
42,case_6,2024-04-10 16:16:00.597776,complete,ER Registration,positive,Y,HE,90.0,,,false,false,true,false,true,false,false,true,false,false,true,true,false,false,false,false,true,true,false,true,false,false,
43,case_6,2024-04-10 16:49:28.597776,complete,IV Antibiotics,positive,L,,,,,,,,,,,,,,,,,,,,,,,,,,,
44,case_6,2024-04-10 17:52:09.597776,complete,Release A,positive,Y,,,,,,,,,,,,,,,,,,,,,,,,,,,
45,case_6,2024-04-10 18:33:43.597776,complete,Admission NC,positive,J,,,,,,,,,,,,,,,,,,,,,,,,,,,
46,case_6,2024-04-10 19:33:34.597776,complete,Admission IC,positive,J,,,,,,,,,,,,,,,,,,,,,,,,,,,
47,case_6,2024-04-10 21:05:44.597776,complete,Admission NC,positive,J,,,,,,,,,,,,,,,,,,,,,,,,,,,
48,case_6,2024-04-10 21:49:19.597776,complete,Admission IC,positive,Y,,,,,,,,,,,,,,,,,,,,,,,,,,,
49,case_6,2024-04-10 22:57:40.597776,complete,Return ER,positive,?,,,,,,,,,,,,,,,,,,,,,,,,,,,
50,case_6,2024-04-11 00:28:10.597776,complete,Release A,positive,E,,,,,,,,,,,,,,,,,,,,,,,,,,,
51,case_7,2024-04-10 16:30:51.597776,complete,IV Liquid,positive,I,YC,20.0,,,,,,,,,,,,,,,,,,,,,,,,,
52,case_7,2024-04-10 16:32:44.597776,complete,Admission NC,positive,J,,,,,,,,,,,,,,,,,,,,,,,,,,,
53,case_7,2024-04-10 17:53:45.597776,complete,Admission NC,positive,F,,,,,,,,,,,,,,,,,,,,,,,,,,,
54,case_7,2024-04-10 19:02:17.597776,complete,Leucocytes,positive,E,YB,22.0,6.0,,,,,,,,,,,,,,,,,,,,,,,,
55,case_7,2024-04-10 19:44:38.597776,complete,ER Triage,positive,C,YB,20.0,,,,,,,,,,,,,,,,,,,,,,,,,
56,case_7,2024-04-10 20:54:02.597776,complete,Release B,positive,E,,,,,,,,,,,,,,,,,,,,,,,,,,,
57,case_7,2024-04-10 22:14:08.597776,complete,Admission NC,positive,K,,,,,,,,,,,,,,,,,,,,,,,,,,,
58,case_7,2024-04-10 23:27:45.597776,complete,Release B,positive,E,,,,,,,,,,,,,,,,,,,,,,,,,,,
59,case_7,2024-04-11 00:08:34.597776,complete,Release B,positive,K,,,,,,,,,,,,,,,,,,,,,,,,,,,
60,case_8,2024-04-10 15:45:36.597776,complete,IV Liquid,positive,I,YA,20.0,,,,,,,,,,,,,,,,,,,,,,,,,
61,case_8,2024-04-10 16:34:33.597776,complete,Admission IC,positive,I,,,,,,,,,,,,,,,,,,,,,,,,,,,
62,case_8,2024-04-10 18:25:26.597776,complete,Admission NC,positive,E,,,,,,,,,,,,,,,,,,,,,,,,,,,
63,case_8,2024-04-10 19:26:20.597776,complete,ER Registration,positive,E,YA,20.0,,,true,true,false,true,false,true,true,false,true,false,false,false,true,true,false,true,false,false,true,false,true,true,
64,case_8,2024-04-10 20:28:21.598777,complete,Return ER,positive,?,,,,,,,,,,,,,,,,,,,,,,,,,,,
65,case_8,2024-04-10 21:14:15.598777,complete,Return ER,positive,?,,,,,,,,,,,,,,,,,,,,,,,,,,,
66,case_8,2024-04-10 21:52:39.598777,complete,Leucocytes,positive,E,YA,20.0,150.0,,,,,,,,,,,,,,,,,,,,,,,,
67,case_8,2024-04-10 23:28:02.598777,complete,Admission NC,positive,A,,,,,,,,,,,,,,,,,,,,,,,,,,,
68,case_8,2024-04-11 00:15:36.598777,complete,LacticAcid,positive,K,,,,,,,,,,,,,,,,,,,,,,,,,,,38.0
69,case_9,2024-04-10 15:35:57.598777,complete,Release A,positive,?,,,,,,,,,,,,,,,,,,,,,,,,,,,
70,case_9,2024-04-10 17:29:13.598777,complete,Return ER,positive,?,,,,,,,,,,,,,,,,,,,,,,,,,,,
71,case_9,2024-04-10 18:22:21.598777,complete,Release A,positive,E,,,,,,,,,,,,,,,,,,,,,,,,,,,
72,case_9,2024-04-10 19:06:23.598777,complete,Admission NC,positive,E,,,,,,,,,,,,,,,,,,,,,,,,,,,
73,case_9,2024-04-10 19:59:46.598777,complete,Return ER,positive,?,,,,,,,,,,,,,,,,,,,,,,,,,,,
74,case_9,2024-04-10 21:20:24.598777,complete,Admission IC,positive,E,,,,,,,,,,,,,,,,,,,,,,,,,,,
75,case_9,2024-04-10 22:02:51.598777,complete,Return ER,positive,?,,,,,,,,,,,,,,,,,,,,,,,,,,,
76,case_9,2024-04-10 22:32:56.598777,complete,Admission NC,positive,E,,,,,,,,,,,,,,,,,,,,,,,,,,,
77,case_9,2024-04-11 00:03:16.598777,complete,LacticAcid,positive,K,,,,,,,,,,,,,,,,,,,,,,,,,,,21.0
78,case_10,2024-04-10 16:02:56.598777,complete,Release A,positive,?,,,,,,,,,,,,,,,,,,,,,,,,,,,
79,case_10,2024-04-10 16:37:32.598777,complete,CRP,positive,I,YA,20.0,,69.0,,,,,,,,,,,,,,,,,,,,,,,
80,case_10,2024-04-10 17:34:19.598777,complete,IV Liquid,positive,I,YA,20.0,,,,,,,,,,,,,,,,,,,,,,,,,
81,case_10,2024-04-10 18:57:36.598777,complete,ER Triage,positive,E,YA,20.0,,,,,,,,,,,,,,,,,,,,,,,,,
82,case_10,2024-04-10 19:58:14.598777,complete,ER Triage,positive,K,YA,20.0,,,,,,,,,,,,,,,,,,,,,,,,,
83,case_10,2024-04-10 20:58:59.598777,complete,Admission NC,positive,J,,,,,,,,,,,,,,,,,,,,,,,,,,,
84,case_10,2024-04-10 22:04:18.598777,complete,CRP,positive,J,YA,20.0,,57.0,,,,,,,,,,,,,,,,,,,,,,,
85,case_10,2024-04-10 23:28:42.598777,complete,Admission NC,positive,A,,,,,,,,,,,,,,,,,,,,,,,,,,,
86,case_10,2024-04-11 00:22:47.598777,complete,LacticAcid,positive,K,,,,,,,,,,,,,,,,,,,,,,,,,,,14.0
87,case_11,2024-04-10 16:12:13.598777,complete,ER Triage,positive,K,YA,21.0,,,,,,,,,,,,,,,,,,,,,,,,,
88,case_11,2024-04-10 16:42:23.598777,complete,CRP,positive,I,YA,23.0,,54.0,,,,,,,,,,,,,,,,,,,,,,,
89,case_11,2024-04-10 17:53:15.598777,complete,Release A,positive,J,,,,,,,,,,,,,,,,,,,,,,,,,,,
90,case_11,2024-04-10 19:12:26.598777,complete,Return ER,positive,?,,,,,,,,,,,,,,,,,,,,,,,,,,,
91,case_11,2024-04-10 19:42:11.598777,complete,Return ER,positive,?,,,,,,,,,,,,,,,,,,,,,,,,,,,
92,case_11,2024-04-10 20:48:05.598777,complete,Admission NC,positive,J,,,,,,,,,,,,,,,,,,,,,,,,,,,
93,case_11,2024-04-10 21:52:33.598777,complete,Admission NC,positive,J,,,,,,,,,,,,,,,,,,,,,,,,,,,
94,case_11,2024-04-10 23:29:16.598777,complete,Admission IC,positive,J,,,,,,,,,,,,,,,,,,,,,,,,,,,
95,case_11,2024-04-10 23:40:29.598777,complete,Admission NC,positive,J,,,,,,,,,,,,,,,,,,,,,,,,,,,
96,case_12,2024-04-10 15:35:26.598777,complete,Admission NC,positive,J,,,,,,,,,,,,,,,,,,,,,,,,,,,
97,case_12,2024-04-10 16:50:36.598777,complete,Admission IC,positive,K,,,,,,,,,,,,,,,,,,,,,,,,,,,
98,case_12,2024-04-10 17:59:03.598777,complete,Admission NC,positive,J,,,,,,,,,,,,,,,,,,,,,,,,,,,
99,case_12,2024-04-10 18:48:32.598777,complete,Admission NC,positive,J,,,,,,,,,,,,,,,,,,,,,,,,,,,
100,case_12,2024-04-10 19:55:01.598777,complete,Admission IC,positive,J,,,,,,,,,,,,,,,,,,,,,,,,,,,
101,case_12,2024-04-10 21:20:34.598777,complete,Admission NC,positive,J,,,,,,,,,,,,,,,,,,,,,,,,,,,
102,case_12,2024-04-10 21:41:42.598777,complete,Admission NC,positive,J,,,,,,,,,,,,,,,,,,,,,,,,,,,
103,case_12,2024-04-10 22:38:31.598777,complete,ER Triage,positive,K,YA,20.0,,,,,,,,,,,,,,,,,,,,,,,,,
104,case_12,2024-04-11 00:20:14.598777,complete,LacticAcid,positive,I,,,,,,,,,,,,,,,,,,,,,,,,,,,25.0
105,case_13,2024-04-10 16:21:36.598777,complete,ER Registration,positive,Y,HE,90.0,,,false,false,true,false,true,false,false,true,false,false,true,true,false,false,false,false,true,true,false,true,false,true,
106,case_13,2024-04-10 16:48:27.598777,complete,IV Antibiotics,positive,L,,,,,,,,,,,,,,,,,,,,,,,,,,,
107,case_13,2024-04-10 18:24:48.598777,complete,Release A,positive,Y,,,,,,,,,,,,,,,,,,,,,,,,,,,
108,case_13,2024-04-10 19:11:06.598777,complete,Admission NC,positive,J,,,,,,,,,,,,,,,,,,,,,,,,,,,
109,case_13,2024-04-10 20:10:50.598777,complete,Admission IC,positive,J,,,,,,,,,,,,,,,,,,,,,,,,,,,
110,case_13,2024-04-10 21:04:14.598777,complete,Admission NC,positive,J,,,,,,,,,,,,,,,,,,,,,,,,,,,
111,case_13,2024-04-10 21:48:34.598777,complete,Admission IC,positive,Y,,,,,,,,,,,,,,,,,,,,,,,,,,,
112,case_13,2024-04-10 22:48:19.598777,complete,Return ER,positive,?,,,,,,,,,,,,,,,,,,,,,,,,,,,
113,case_13,2024-04-11 00:05:22.598777,complete,Release A,positive,E,,,,,,,,,,,,,,,,,,,,,,,,,,,
114,case_14,2024-04-10 15:40:58.598777,complete,ER Triage,positive,C,HE,32.0,,,,,,,,,,,,,,,,,,,,,,,,,
115,case_14,2024-04-10 17:30:37.598777,complete,Release B,positive,E,,,,,,,,,,,,,,,,,,,,,,,,,,,
116,case_14,2024-04-10 18:05:27.598777,complete,Admission NC,positive,K,,,,,,,,,,,,,,,,,,,,,,,,,,,
117,case_14,2024-04-10 19:30:58.598777,complete,Release B,positive,E,,,,,,,,,,,,,,,,,,,,,,,,,,,
118,case_14,2024-04-10 19:38:11.598777,complete,Admission NC,positive,F,,,,,,,,,,,,,,,,,,,,,,,,,,,
119,case_15,2024-04-10 16:30:36.598777,complete,ER Triage,positive,C,HE,43.0,,,,,,,,,,,,,,,,,,,,,,,,,
120,case_15,2024-04-10 17:09:14.598777,complete,Release B,positive,E,,,,,,,,,,,,,,,,,,,,,,,,,,,
121,case_15,2024-04-10 18:14:04.598777,complete,Admission NC,positive,K,,,,,,,,,,,,,,,,,,,,,,,,,,,
122,case_15,2024-04-10 19:25:41.598777,complete,Release B,positive,E,,,,,,,,,,,,,,,,,,,,,,,,,,,
123,case_15,2024-04-10 20:01:26.598777,complete,Admission NC,positive,F,,,,,,,,,,,,,,,,,,,,,,,,,,,
124,case_16,2024-04-10 16:10:40.598777,complete,ER Triage,positive,C,HE,90.0,,,,,,,,,,,,,,,,,,,,,,,,,
125,case_16,2024-04-10 16:32:41.598777,complete,Release B,positive,E,,,,,,,,,,,,,,,,,,,,,,,,,,,
126,case_16,2024-04-10 18:08:55.598777,complete,Admission NC,positive,K,,,,,,,,,,,,,,,,,,,,,,,,,,,
127,case_16,2024-04-10 18:36:23.598777,complete,Release B,positive,E,,,,,,,,,,,,,,,,,,,,,,,,,,,
128,case_16,2024-04-10 20:22:15.598777,complete,Admission NC,positive,F,,,,,,,,,,,,,,,,,,,,,,,,,,,
129,case_17,2024-04-10 16:04:54.598777,complete,ER Triage,positive,C,HE,82.0,,,,,,,,,,,,,,,,,,,,,,,,,
130,case_17,2024-04-10 17:21:21.598777,complete,Release B,positive,E,,,,,,,,,,,,,,,,,,,,,,,,,,,
131,case_17,2024-04-10 18:26:00.598777,complete,Admission NC,positive,K,,,,,,,,,,,,,,,,,,,,,,,,,,,
132,case_17,2024-04-10 18:59:02.598777,complete,Release B,positive,E,,,,,,,,,,,,,,,,,,,,,,,,,,,
133,case_17,2024-04-10 20:13:02.598777,complete,Admission NC,positive,F,,,,,,,,,,,,,,,,,,,,,,,,,,,
134,case_18,2024-04-10 16:18:48.598777,complete,ER Triage,positive,C,AC,20.0,,,,,,,,,,,,,,,,,,,,,,,,,
135,case_18,2024-04-10 16:38:07.598777,complete,Release B,positive,E,,,,,,,,,,,,,,,,,,,,,,,,,,,
136,case_18,2024-04-10 18:01:31.598777,complete,Admission NC,positive,K,,,,,,,,,,,,,,,,,,,,,,,,,,,
137,case_18,2024-04-10 18:34:02.598777,complete,Release B,positive,E,,,,,,,,,,,,,,,,,,,,,,,,,,,
138,case_18,2024-04-10 20:28:55.598777,complete,Admission NC,positive,F,,,,,,,,,,,,,,,,,,,,,,,,,,,
139,case_19,2024-04-10 15:42:41.598777,complete,Admission NC,positive,J,,,,,,,,,,,,,,,,,,,,,,,,,,,
140,case_19,2024-04-10 17:13:15.598777,complete,ER Sepsis Triage,positive,Y,HE,90.0,,,,,,,,,,,,,,,,,,,,,,,,,
141,case_19,2024-04-10 18:01:18.598777,complete,Release B,positive,Y,,,,,,,,,,,,,,,,,,,,,,,,,,,
142,case_19,2024-04-10 19:27:30.598777,complete,Admission NC,positive,F,,,,,,,,,,,,,,,,,,,,,,,,,,,
143,case_19,2024-04-10 19:34:58.598777,complete,Release B,positive,E,,,,,,,,,,,,,,,,,,,,,,,,,,,
144,case_19,2024-04-10 20:53:21.598777,complete,Release B,positive,Y,,,,,,,,,,,,,,,,,,,,,,,,,,,
145,case_20,2024-04-10 15:51:57.598777,complete,Admission NC,positive,J,,,,,,,,,,,,,,,,,,,,,,,,,,,
146,case_20,2024-04-10 16:33:57.598777,complete,Admission IC,positive,J,,,,,,,,,,,,,,,,,,,,,,,,,,,
147,case_20,2024-04-10 17:57:48.598777,complete,Admission NC,positive,J,,,,,,,,,,,,,,,,,,,,,,,,,,,
148,case_20,2024-04-10 18:45:43.598777,complete,Release B,positive,E,,,,,,,,,,,,,,,,,,,,,,,,,,,
149,case_20,2024-04-10 20:28:57.598777,complete,Admission NC,positive,K,,,,,,,,,,,,,,,,,,,,,,,,,,,
150,case_20,2024-04-10 21:13:25.598777,complete,Release B,positive,E,,,,,,,,,,,,,,,,,,,,,,,,,,,
151,case_21,2024-04-10 16:03:50.598777,complete,Admission NC,positive,J,,,,,,,,,,,,,,,,,,,,,,,,,,,
152,case_21,2024-04-10 16:54:14.598777,complete,Release A,positive,F,,,,,,,,,,,,,,,,,,,,,,,,,,,
153,case_21,2024-04-10 18:14:11.598777,complete,Return ER,positive,?,,,,,,,,,,,,,,,,,,,,,,,,,,,
154,case_21,2024-04-10 19:25:27.598777,complete,Return ER,positive,?,,,,,,,,,,,,,,,,,,,,,,,,,,,
155,case_21,2024-04-10 20:01:21.598777,complete,Return ER,positive,?,,,,,,,,,,,,,,,,,,,,,,,,,,,
156,case_21,2024-04-10 20:42:28.598777,complete,Admission NC,positive,J,,,,,,,,,,,,,,,,,,,,,,,,,,,
157,case_22,2024-04-10 16:31:13.598777,complete,Release B,positive,E,,,,,,,,,,,,,,,,,,,,,,,,,,,
158,case_22,2024-04-10 16:55:21.598777,complete,Release B,positive,E,,,,,,,,,,,,,,,,,,,,,,,,,,,
159,case_22,2024-04-10 17:36:39.598777,complete,Admission NC,positive,K,,,,,,,,,,,,,,,,,,,,,,,,,,,
160,case_22,2024-04-10 19:00:42.598777,complete,Release B,positive,E,,,,,,,,,,,,,,,,,,,,,,,,,,,
161,case_22,2024-04-10 20:07:09.598777,complete,ER Triage,positive,C,HE,90.0,,,,,,,,,,,,,,,,,,,,,,,,,
162,case_22,2024-04-10 20:32:01.598777,complete,Admission NC,positive,J,,,,,,,,,,,,,,,,,,,,,,,,,,,
163,case_23,2024-04-10 15:50:04.598777,complete,Admission NC,positive,J,,,,,,,,,,,,,,,,,,,,,,,,,,,
164,case_23,2024-04-10 16:43:55.598777,complete,IV Antibiotics,positive,L,,,,,,,,,,,,,,,,,,,,,,,,,,,
165,case_23,2024-04-10 18:26:15.598777,complete,ER Registration,positive,Y,HE,90.0,,,false,false,true,false,true,false,false,true,false,false,true,true,false,false,false,false,true,true,false,true,false,false,
166,case_23,2024-04-10 18:41:26.598777,complete,Return ER,positive,?,,,,,,,,,,,,,,,,,,,,,,,,,,,
167,case_23,2024-04-10 20:26:02.598777,complete,Release A,positive,Y,,,,,,,,,,,,,,,,,,,,,,,,,,,
168,case_23,2024-04-10 21:24:59.598777,complete,Return ER,positive,?,,,,,,,,,,,,,,,,,,,,,,,,,,,
169,case_23,2024-04-10 21:37:18.598777,complete,Release A,positive,E,,,,,,,,,,,,,,,,,,,,,,,,,,,
170,case_23,2024-04-10 23:17:46.598777,complete,Admission NC,positive,J,,,,,,,,,,,,,,,,,,,,,,,,,,,
171,case_24,2024-04-10 16:21:00.598777,complete,ER Registration,positive,Y,RB,21.0,,,true,false,false,false,false,false,false,false,false,true,false,false,false,false,false,false,true,true,false,false,false,false,
172,case_24,2024-04-10 16:41:33.598777,complete,Admission NC,positive,J,,,,,,,,,,,,,,,,,,,,,,,,,,,
173,case_24,2024-04-10 18:16:13.598777,complete,Admission NC,positive,F,,,,,,,,,,,,,,,,,,,,,,,,,,,
174,case_24,2024-04-10 19:17:48.598777,complete,Return ER,positive,?,,,,,,,,,,,,,,,,,,,,,,,,,,,
175,case_24,2024-04-10 19:59:18.598777,complete,Return ER,positive,?,,,,,,,,,,,,,,,,,,,,,,,,,,,
176,case_24,2024-04-10 21:00:03.598777,complete,Return ER,positive,?,,,,,,,,,,,,,,,,,,,,,,,,,,,
177,case_24,2024-04-10 22:00:22.598777,complete,Return ER,positive,I,,,,,,,,,,,,,,,,,,,,,,,,,,,
178,case_24,2024-04-10 22:53:26.598777,complete,Release A,positive,A,,,,,,,,,,,,,,,,,,,,,,,,,,,
179,case_25,2024-04-10 15:34:21.598777,complete,Admission NC,positive,J,,,,,,,,,,,,,,,,,,,,,,,,,,,
180,case_25,2024-04-10 17:08:15.598777,complete,Admission NC,positive,Y,,,,,,,,,,,,,,,,,,,,,,,,,,,
181,case_25,2024-04-10 17:46:31.598777,complete,IV Antibiotics,positive,L,,,,,,,,,,,,,,,,,,,,,,,,,,,
182,case_25,2024-04-10 19:30:53.598777,complete,Release B,positive,E,,,,,,,,,,,,,,,,,,,,,,,,,,,
183,case_25,2024-04-10 19:57:54.598777,complete,Admission NC,positive,K,,,,,,,,,,,,,,,,,,,,,,,,,,,
184,case_25,2024-04-10 20:59:39.598777,complete,Release B,positive,E,,,,,,,,,,,,,,,,,,,,,,,,,,,
185,case_25,2024-04-10 21:37:36.598777,complete,Admission NC,positive,K,,,,,,,,,,,,,,,,,,,,,,,,,,,
186,case_25,2024-04-10 22:46:23.598777,complete,Release B,positive,E,,,,,,,,,,,,,,,,,,,,,,,,,,,
187,case_25,2024-04-11 00:15:52.598777,complete,Admission NC,positive,K,,,,,,,,,,,,,,,,,,,,,,,,,,,
188,case_25,2024-04-11 00:50:40.598777,complete,Release B,positive,E,,,,,,,,,,,,,,,,,,,,,,,,,,,
189,case_26,2024-04-10 16:04:37.598777,complete,Admission NC,positive,J,,,,,,,,,,,,,,,,,,,,,,,,,,,
190,case_26,2024-04-10 17:10:14.598777,complete,ER Registration,positive,I,YD,21.0,,,false,false,false,false,true,true,true,true,false,false,false,false,true,false,false,true,true,false,false,true,true,true,
191,case_26,2024-04-10 18:15:31.598777,complete,Return ER,positive,?,,,,,,,,,,,,,,,,,,,,,,,,,,,
192,case_26,2024-04-10 19:07:06.598777,complete,Admission NC,positive,J,,,,,,,,,,,,,,,,,,,,,,,,,,,
193,case_26,2024-04-10 20:11:41.598777,complete,Admission IC,positive,E,,,,,,,,,,,,,,,,,,,,,,,,,,,
194,case_26,2024-04-10 21:30:44.598777,complete,IV Antibiotics,positive,L,,,,,,,,,,,,,,,,,,,,,,,,,,,
195,case_26,2024-04-10 21:48:07.598777,complete,Admission NC,positive,F,,,,,,,,,,,,,,,,,,,,,,,,,,,
196,case_26,2024-04-10 23:15:36.598777,complete,IV Antibiotics,positive,K,,,,,,,,,,,,,,,,,,,,,,,,,,,
197,case_26,2024-04-10 23:37:50.598777,complete,ER Triage,positive,C,YC,21.0,,,,,,,,,,,,,,,,,,,,,,,,,
198,case_26,2024-04-11 01:05:17.598777,complete,Admission NC,positive,J,,,,,,,,,,,,,,,,,,,,,,,,,,,
199,case_27,2024-04-10 16:29:44.598777,complete,Admission NC,positive,J,,,,,,,,,,,,,,,,,,,,,,,,,,,
200,case_27,2024-04-10 17:18:34.598777,complete,Return ER,positive,A,,,,,,,,,,,,,,,,,,,,,,,,,,,
201,case_27,2024-04-10 18:22:25.598777,complete,ER Registration,positive,K,YB,20.0,,,false,false,true,false,false,true,true,true,false,true,true,true,false,true,true,true,true,true,false,true,false,true,
202,case_27,2024-04-10 18:58:24.598777,complete,Admission NC,positive,F,,,,,,,,,,,,,,,,,,,,,,,,,,,
203,case_27,2024-04-10 20:03:33.598777,complete,IV Liquid,positive,I,YA,24.0,,,,,,,,,,,,,,,,,,,,,,,,,
204,case_27,2024-04-10 20:57:34.598777,complete,ER Triage,positive,C,QA,22.0,,,,,,,,,,,,,,,,,,,,,,,,,
205,case_27,2024-04-10 21:54:52.598777,complete,IV Antibiotics,positive,L,,,,,,,,,,,,,,,,,,,,,,,,,,,
206,case_27,2024-04-10 23:27:55.598777,complete,IV Antibiotics,positive,L,,,,,,,,,,,,,,,,,,,,,,,,,,,
207,case_27,2024-04-10 23:43:05.598777,complete,ER Sepsis Triage,positive,L,YA,20.0,,,,,,,,,,,,,,,,,,,,,,,,,
208,case_27,2024-04-11 00:40:03.598777,complete,IV Antibiotics,positive,L,,,,,,,,,,,,,,,,,,,,,,,,,,,
209,case_28,2024-04-10 16:03:55.598777,complete,Admission NC,positive,J,,,,,,,,,,,,,,,,,,,,,,,,,,,
210,case_28,2024-04-10 16:38:43.598777,complete,ER Sepsis Triage,positive,A,YB,29.0,,,,,,,,,,,,,,,,,,,,,,,,,
211,case_28,2024-04-10 17:47:00.598777,complete,Admission NC,positive,F,,,,,,,,,,,,,,,,,,,,,,,,,,,
212,case_28,2024-04-10 18:45:35.598777,complete,Admission IC,positive,?,,,,,,,,,,,,,,,,,,,,,,,,,,,
213,case_28,2024-04-10 20:18:12.598777,complete,Admission IC,positive,I,,,,,,,,,,,,,,,,,,,,,,,,,,,
214,case_28,2024-04-10 21:10:19.598777,complete,Return ER,positive,J,,,,,,,,,,,,,,,,,,,,,,,,,,,
215,case_28,2024-04-10 22:09:57.598777,complete,Admission IC,positive,I,,,,,,,,,,,,,,,,,,,,,,,,,,,
216,case_28,2024-04-10 22:58:55.598777,complete,Return ER,positive,?,,,,,,,,,,,,,,,,,,,,,,,,,,,
217,case_28,2024-04-10 23:43:17.598777,complete,IV Liquid,positive,I,YA,24.0,,,,,,,,,,,,,,,,,,,,,,,,,
218,case_28,2024-04-11 00:46:41.598777,complete,Admission IC,positive,L,,,,,,,,,,,,,,,,,,,,,,,,,,,
219,case_29,2024-04-10 16:14:35.598777,complete,Admission NC,positive,J,,,,,,,,,,,,,,,,,,,,,,,,,,,
220,case_29,2024-04-10 16:34:58.598777,complete,Admission IC,positive,J,,,,,,,,,,,,,,,,,,,,,,,,,,,
221,case_29,2024-04-10 18:04:15.598777,complete,Admission NC,positive,J,,,,,,,,,,,,,,,,,,,,,,,,,,,
222,case_29,2024-04-10 19:28:17.598777,complete,ER Registration,positive,A,YA,20.0,,,false,false,true,true,true,true,true,false,false,true,false,true,true,true,true,true,true,true,false,true,true,true,
223,case_29,2024-04-10 19:41:49.598777,complete,IV Antibiotics,positive,L,,,,,,,,,,,,,,,,,,,,,,,,,,,
224,case_29,2024-04-10 21:09:26.598777,complete,CRP,positive,J,YA,20.0,,95.0,,,,,,,,,,,,,,,,,,,,,,,
225,case_29,2024-04-10 22:08:31.598777,complete,ER Registration,positive,A,YA,21.0,,,true,false,false,true,false,true,false,false,false,true,false,false,true,true,false,true,false,false,true,false,false,true,
226,case_29,2024-04-10 22:52:46.598777,complete,ER Triage,positive,C,YA,20.0,,,,,,,,,,,,,,,,,,,,,,,,,
227,case_29,2024-04-11 00:20:58.598777,complete,Return ER,positive,?,,,,,,,,,,,,,,,,,,,,,,,,,,,
228,case_29,2024-04-11 01:25:01.598777,complete,Admission NC,positive,F,,,,,,,,,,,,,,,,,,,,,,,,,,,
