,case:concept:name,time:timestamp,lifecycle:transition,concept:name,case:label,org:group,Diagnose,Age,Leucocytes,CRP,LacticAcid,InfectionSuspected,DiagnosticBlood,DisfuncOrg,SIRSCritTachypnea,Hypotensie,SIRSCritHeartRate,Infusion,DiagnosticArtAstrup,DiagnosticIC,DiagnosticSputum,DiagnosticLiquor,DiagnosticOther,SIRSCriteria2OrMore,DiagnosticXthorax,SIRSCritTemperature,DiagnosticUrinaryCulture,SIRSCritLeucos,Oligurie,DiagnosticLacticAcid,Hypoxie,DiagnosticUrinarySediment,DiagnosticECG
0,case_0,2024-04-10 16:04:00.672506,complete,Leucocytes,positive,L,WC,23.0,2078.0,,,,,,,,,,,,,,,,,,,,,,,,
1,case_0,2024-04-10 16:44:25.672506,complete,Admission NC,positive,L,,,,,,,,,,,,,,,,,,,,,,,,,,,
2,case_0,2024-04-10 17:57:29.672506,complete,CRP,positive,I,HE,20.0,,2911.0,,,,,,,,,,,,,,,,,,,,,,,
3,case_0,2024-04-10 19:00:02.672506,complete,Admission NC,positive,?,,,,,,,,,,,,,,,,,,,,,,,,,,,
4,case_0,2024-04-10 19:38:58.672506,complete,CRP,positive,L,HE,20.0,,2880.0,,,,,,,,,,,,,,,,,,,,,,,
5,case_0,2024-04-10 21:30:34.672506,complete,CRP,positive,I,HB,20.0,,5365.0,,,,,,,,,,,,,,,,,,,,,,,
6,case_0,2024-04-10 22:21:01.672506,complete,CRP,positive,E,HD,20.0,,2853.0,,,,,,,,,,,,,,,,,,,,,,,
7,case_1,2024-04-10 15:48:28.672506,complete,CRP,positive,L,FB,20.0,,5066.0,,,,,,,,,,,,,,,,,,,,,,,
8,case_1,2024-04-10 17:08:58.672506,complete,CRP,positive,A,OB,21.0,,5730.0,,,,,,,,,,,,,,,,,,,,,,,
9,case_1,2024-04-10 18:35:41.672506,complete,Admission NC,positive,L,,,,,,,,,,,,,,,,,,,,,,,,,,,
10,case_1,2024-04-10 18:53:14.672506,complete,Leucocytes,positive,K,OD,22.0,3806.0,,,,,,,,,,,,,,,,,,,,,,,,
11,case_1,2024-04-10 19:55:43.672506,complete,Admission NC,positive,A,,,,,,,,,,,,,,,,,,,,,,,,,,,
12,case_1,2024-04-10 21:02:55.672506,complete,CRP,positive,I,HC,20.0,,4853.0,,,,,,,,,,,,,,,,,,,,,,,
13,case_1,2024-04-10 21:46:58.672506,complete,CRP,positive,L,HE,21.0,,5384.0,,,,,,,,,,,,,,,,,,,,,,,
14,case_2,2024-04-10 16:06:51.672506,complete,CRP,positive,L,EE,20.0,,3978.0,,,,,,,,,,,,,,,,,,,,,,,
15,case_2,2024-04-10 16:50:48.672506,complete,LacticAcid,positive,L,,,,,9.0,,,,,,,,,,,,,,,,,,,,,,
16,case_2,2024-04-10 17:44:21.672506,complete,CRP,positive,I,HE,23.0,,2917.0,,,,,,,,,,,,,,,,,,,,,,,
17,case_2,2024-04-10 19:00:30.672506,complete,Admission NC,positive,L,,,,,,,,,,,,,,,,,,,,,,,,,,,
18,case_2,2024-04-10 20:19:30.672506,complete,Leucocytes,positive,I,HA,22.0,146.0,,,,,,,,,,,,,,,,,,,,,,,,
19,case_2,2024-04-10 21:18:43.672506,complete,Leucocytes,positive,I,HD,20.0,138.0,,,,,,,,,,,,,,,,,,,,,,,,
20,case_2,2024-04-10 21:48:06.672506,complete,Admission NC,positive,F,,,,,,,,,,,,,,,,,,,,,,,,,,,
21,case_3,2024-04-10 16:26:48.672506,complete,Admission NC,positive,A,,,,,,,,,,,,,,,,,,,,,,,,,,,
22,case_3,2024-04-10 16:56:59.672506,complete,CRP,positive,I,MD,20.0,,5729.0,,,,,,,,,,,,,,,,,,,,,,,
23,case_3,2024-04-10 17:40:18.672506,complete,Leucocytes,positive,L,HE,20.0,137.0,,,,,,,,,,,,,,,,,,,,,,,,
24,case_3,2024-04-10 19:34:17.672506,complete,Admission NC,positive,J,,,,,,,,,,,,,,,,,,,,,,,,,,,
25,case_3,2024-04-10 20:07:12.672506,complete,Leucocytes,positive,L,HE,90.0,136.0,,,,,,,,,,,,,,,,,,,,,,,,
26,case_3,2024-04-10 21:29:21.672506,complete,CRP,positive,L,HC,21.0,,4716.0,,,,,,,,,,,,,,,,,,,,,,,
27,case_3,2024-04-10 21:50:43.672506,complete,Leucocytes,positive,L,HE,21.0,135.0,,,,,,,,,,,,,,,,,,,,,,,,
28,case_4,2024-04-10 16:16:08.672506,complete,Leucocytes,positive,L,WC,24.0,135.0,,,,,,,,,,,,,,,,,,,,,,,,
29,case_4,2024-04-10 16:48:00.672506,complete,CRP,positive,L,PB,20.0,,364.0,,,,,,,,,,,,,,,,,,,,,,,
30,case_4,2024-04-10 17:42:23.672506,complete,CRP,positive,I,HE,21.0,,2915.0,,,,,,,,,,,,,,,,,,,,,,,
31,case_4,2024-04-10 19:38:17.672506,complete,Admission NC,positive,L,,,,,,,,,,,,,,,,,,,,,,,,,,,
32,case_4,2024-04-10 20:19:28.672506,complete,CRP,positive,I,HD,20.0,,2880.0,,,,,,,,,,,,,,,,,,,,,,,
33,case_4,2024-04-10 21:36:57.672506,complete,Admission NC,positive,L,,,,,,,,,,,,,,,,,,,,,,,,,,,
34,case_4,2024-04-10 22:23:22.672506,complete,CRP,positive,I,HE,20.0,,2660.0,,,,,,,,,,,,,,,,,,,,,,,
35,case_5,2024-04-10 16:33:10.672506,complete,CRP,positive,L,DC,20.0,,2715.0,,,,,,,,,,,,,,,,,,,,,,,
36,case_5,2024-04-10 16:52:50.672506,complete,CRP,positive,L,XB,23.0,,1259.0,,,,,,,,,,,,,,,,,,,,,,,
37,case_5,2024-04-10 18:05:10.672506,complete,Admission NC,positive,J,,,,,,,,,,,,,,,,,,,,,,,,,,,
38,case_5,2024-04-10 19:32:54.672506,complete,CRP,positive,I,VD,20.0,,63.0,,,,,,,,,,,,,,,,,,,,,,,
39,case_5,2024-04-10 20:08:20.672506,complete,CRP,positive,I,MD,22.0,,3893.0,,,,,,,,,,,,,,,,,,,,,,,
40,case_5,2024-04-10 21:23:34.672506,complete,CRP,positive,F,HC,88.0,,2982.0,,,,,,,,,,,,,,,,,,,,,,,
41,case_5,2024-04-10 22:11:53.672506,complete,Admission NC,positive,J,,,,,,,,,,,,,,,,,,,,,,,,,,,
42,case_5,2024-04-10 23:15:30.672506,complete,CRP,positive,L,HE,35.0,,5001.0,,,,,,,,,,,,,,,,,,,,,,,
43,case_6,2024-04-10 15:43:00.672506,complete,Admission NC,positive,A,,,,,,,,,,,,,,,,,,,,,,,,,,,
44,case_6,2024-04-10 17:14:19.672506,complete,Leucocytes,positive,L,LB,20.0,25.0,,,,,,,,,,,,,,,,,,,,,,,,
45,case_6,2024-04-10 18:08:37.672506,complete,Admission NC,positive,L,,,,,,,,,,,,,,,,,,,,,,,,,,,
46,case_6,2024-04-10 18:45:17.672506,complete,CRP,positive,I,NA,20.0,,55.0,,,,,,,,,,,,,,,,,,,,,,,
47,case_6,2024-04-10 20:11:24.672506,complete,CRP,positive,L,DE,20.0,,5301.0,,,,,,,,,,,,,,,,,,,,,,,
48,case_6,2024-04-10 21:03:34.672506,complete,CRP,positive,J,HE,20.0,,4226.0,,,,,,,,,,,,,,,,,,,,,,,
49,case_6,2024-04-10 22:21:05.672506,complete,CRP,positive,I,HE,21.0,,5607.0,,,,,,,,,,,,,,,,,,,,,,,
50,case_6,2024-04-10 23:05:49.672506,complete,Leucocytes,positive,L,HE,35.0,3.0,,,,,,,,,,,,,,,,,,,,,,,,
51,case_7,2024-04-10 16:15:44.672506,complete,Leucocytes,positive,L,HD,20.0,1776.0,,,,,,,,,,,,,,,,,,,,,,,,
52,case_7,2024-04-10 16:40:05.672506,complete,CRP,positive,E,LB,23.0,,1229.0,,,,,,,,,,,,,,,,,,,,,,,
53,case_7,2024-04-10 17:44:33.672506,complete,Admission NC,positive,J,,,,,,,,,,,,,,,,,,,,,,,,,,,
54,case_7,2024-04-10 19:27:21.672506,complete,CRP,positive,J,ND,20.0,,52.0,,,,,,,,,,,,,,,,,,,,,,,
55,case_7,2024-04-10 20:20:12.672506,complete,CRP,positive,I,EB,89.0,,3253.0,,,,,,,,,,,,,,,,,,,,,,,
56,case_7,2024-04-10 21:03:51.672506,complete,CRP,positive,I,HB,22.0,,2995.0,,,,,,,,,,,,,,,,,,,,,,,
57,case_7,2024-04-10 21:44:27.672506,complete,Admission NC,positive,E,,,,,,,,,,,,,,,,,,,,,,,,,,,
58,case_7,2024-04-10 23:01:25.672506,complete,CRP,positive,L,HA,34.0,,3266.0,,,,,,,,,,,,,,,,,,,,,,,
59,case_8,2024-04-10 15:46:13.672506,complete,CRP,positive,A,HD,20.0,,5728.0,,,,,,,,,,,,,,,,,,,,,,,
60,case_8,2024-04-10 16:54:27.672506,complete,CRP,positive,L,LB,21.0,,1247.0,,,,,,,,,,,,,,,,,,,,,,,
61,case_8,2024-04-10 17:56:42.672506,complete,Admission NC,positive,L,,,,,,,,,,,,,,,,,,,,,,,,,,,
62,case_8,2024-04-10 19:30:08.672506,complete,CRP,positive,I,VD,20.0,,52.0,,,,,,,,,,,,,,,,,,,,,,,
63,case_8,2024-04-10 20:31:32.672506,complete,CRP,positive,L,MD,23.0,,3253.0,,,,,,,,,,,,,,,,,,,,,,,
64,case_8,2024-04-10 20:55:23.672506,complete,CRP,positive,J,HB,20.0,,4226.0,,,,,,,,,,,,,,,,,,,,,,,
65,case_8,2024-04-10 22:13:26.672506,complete,Admission NC,positive,E,,,,,,,,,,,,,,,,,,,,,,,,,,,
66,case_8,2024-04-10 22:56:50.672506,complete,CRP,positive,L,HA,35.0,,4457.0,,,,,,,,,,,,,,,,,,,,,,,
67,case_9,2024-04-10 15:40:08.672506,complete,Leucocytes,positive,L,HD,20.0,1775.0,,,,,,,,,,,,,,,,,,,,,,,,
68,case_9,2024-04-10 17:33:47.672506,complete,CRP,positive,J,LB,24.0,,1729.0,,,,,,,,,,,,,,,,,,,,,,,
69,case_9,2024-04-10 18:36:38.672506,complete,Admission NC,positive,L,,,,,,,,,,,,,,,,,,,,,,,,,,,
70,case_9,2024-04-10 18:48:18.672506,complete,CRP,positive,I,VD,21.0,,55.0,,,,,,,,,,,,,,,,,,,,,,,
71,case_9,2024-04-10 20:30:36.672506,complete,CRP,positive,J,DA,21.0,,4213.0,,,,,,,,,,,,,,,,,,,,,,,
72,case_9,2024-04-10 21:05:30.672506,complete,CRP,positive,I,HC,20.0,,4258.0,,,,,,,,,,,,,,,,,,,,,,,
73,case_9,2024-04-10 21:49:55.672506,complete,Leucocytes,positive,K,HE,20.0,139.0,,,,,,,,,,,,,,,,,,,,,,,,
74,case_9,2024-04-10 23:03:52.672506,complete,Admission NC,positive,L,,,,,,,,,,,,,,,,,,,,,,,,,,,
75,case_10,2024-04-10 16:25:05.672506,complete,Leucocytes,positive,L,HD,25.0,1778.0,,,,,,,,,,,,,,,,,,,,,,,,
76,case_10,2024-04-10 16:55:19.672506,complete,CRP,positive,L,LB,53.0,,1729.0,,,,,,,,,,,,,,,,,,,,,,,
77,case_10,2024-04-10 18:03:25.672506,complete,Admission NC,positive,L,,,,,,,,,,,,,,,,,,,,,,,,,,,
78,case_10,2024-04-10 18:43:10.672506,complete,CRP,positive,L,VD,20.0,,52.0,,,,,,,,,,,,,,,,,,,,,,,
79,case_10,2024-04-10 19:44:32.672506,complete,CRP,positive,I,EB,21.0,,4149.0,,,,,,,,,,,,,,,,,,,,,,,
80,case_10,2024-04-10 20:57:35.672506,complete,Admission NC,positive,L,,,,,,,,,,,,,,,,,,,,,,,,,,,
81,case_10,2024-04-10 21:40:06.672506,complete,Leucocytes,positive,J,HE,21.0,138.0,,,,,,,,,,,,,,,,,,,,,,,,
82,case_10,2024-04-10 23:18:18.672506,complete,CRP,positive,L,HB,34.0,,57.0,,,,,,,,,,,,,,,,,,,,,,,
83,case_11,2024-04-10 15:48:32.672506,complete,Admission NC,positive,J,,,,,,,,,,,,,,,,,,,,,,,,,,,
84,case_11,2024-04-10 16:43:17.672506,complete,CRP,positive,L,FC,21.0,,5729.0,,,,,,,,,,,,,,,,,,,,,,,
85,case_11,2024-04-10 18:18:07.672506,complete,CRP,positive,?,OE,21.0,,871.0,,,,,,,,,,,,,,,,,,,,,,,
86,case_11,2024-04-10 19:07:30.672506,complete,Leucocytes,positive,I,PE,20.0,3233.0,,,,,,,,,,,,,,,,,,,,,,,,
87,case_11,2024-04-10 20:22:41.672506,complete,Admission NC,positive,J,,,,,,,,,,,,,,,,,,,,,,,,,,,
88,case_11,2024-04-10 21:08:15.672506,complete,Leucocytes,positive,J,HC,20.0,142.0,,,,,,,,,,,,,,,,,,,,,,,,
89,case_12,2024-04-10 15:42:02.672506,complete,Admission NC,positive,J,,,,,,,,,,,,,,,,,,,,,,,,,,,
90,case_12,2024-04-10 17:28:48.672506,complete,Leucocytes,positive,L,FB,22.0,2020.0,,,,,,,,,,,,,,,,,,,,,,,,
91,case_12,2024-04-10 18:17:33.672506,complete,CRP,positive,I,OE,24.0,,871.0,,,,,,,,,,,,,,,,,,,,,,,
92,case_12,2024-04-10 19:04:04.672506,complete,Admission NC,positive,C,,,,,,,,,,,,,,,,,,,,,,,,,,,
93,case_12,2024-04-10 19:45:02.672506,complete,CRP,positive,I,HE,20.0,,5689.0,,,,,,,,,,,,,,,,,,,,,,,
94,case_12,2024-04-10 21:23:08.672506,complete,Leucocytes,positive,E,HB,21.0,136.0,,,,,,,,,,,,,,,,,,,,,,,,
95,case_13,2024-04-10 16:04:02.672506,complete,Leucocytes,positive,L,WC,57.0,333.0,,,,,,,,,,,,,,,,,,,,,,,,
96,case_13,2024-04-10 17:00:54.672506,complete,CRP,positive,I,FB,26.0,,5730.0,,,,,,,,,,,,,,,,,,,,,,,
97,case_13,2024-04-10 17:48:46.672506,complete,Admission NC,positive,L,,,,,,,,,,,,,,,,,,,,,,,,,,,
98,case_13,2024-04-10 18:47:36.672506,complete,CRP,positive,L,SA,22.0,,2819.0,,,,,,,,,,,,,,,,,,,,,,,
99,case_13,2024-04-10 20:22:22.672506,complete,CRP,positive,L,HC,20.0,,4688.0,,,,,,,,,,,,,,,,,,,,,,,
100,case_13,2024-04-10 20:56:10.672506,complete,Admission NC,positive,L,,,,,,,,,,,,,,,,,,,,,,,,,,,
101,case_14,2024-04-10 15:53:44.672506,complete,Admission NC,positive,J,,,,,,,,,,,,,,,,,,,,,,,,,,,
102,case_14,2024-04-10 16:42:31.672506,complete,CRP,positive,J,FB,20.0,,5729.0,,,,,,,,,,,,,,,,,,,,,,,
103,case_14,2024-04-10 18:09:57.672506,complete,Admission NC,positive,L,,,,,,,,,,,,,,,,,,,,,,,,,,,
104,case_14,2024-04-10 19:25:47.672506,complete,CRP,positive,J,HA,60.0,,2908.0,,,,,,,,,,,,,,,,,,,,,,,
105,case_14,2024-04-10 20:10:34.672506,complete,ER Registration,positive,I,HD,25.0,,,,false,true,false,true,true,false,false,true,false,false,false,true,false,true,false,false,true,false,true,true,true,true
106,case_14,2024-04-10 21:16:29.672506,complete,Leucocytes,positive,L,HC,22.0,141.0,,,,,,,,,,,,,,,,,,,,,,,,
107,case_15,2024-04-10 16:19:18.672506,complete,Admission NC,positive,J,,,,,,,,,,,,,,,,,,,,,,,,,,,
108,case_15,2024-04-10 17:16:08.672506,complete,Leucocytes,positive,J,CC,25.0,137.0,,,,,,,,,,,,,,,,,,,,,,,,
109,case_15,2024-04-10 18:17:46.672506,complete,Admission NC,positive,L,,,,,,,,,,,,,,,,,,,,,,,,,,,
110,case_15,2024-04-10 18:44:06.672506,complete,CRP,positive,I,PE,20.0,,2796.0,,,,,,,,,,,,,,,,,,,,,,,
111,case_15,2024-04-10 19:52:17.672506,complete,CRP,positive,J,HD,20.0,,4667.0,,,,,,,,,,,,,,,,,,,,,,,
112,case_15,2024-04-10 20:55:23.672506,complete,Leucocytes,positive,E,HB,39.0,137.0,,,,,,,,,,,,,,,,,,,,,,,,
113,case_16,2024-04-10 16:25:04.672506,complete,Leucocytes,positive,E,Q,24.0,333.0,,,,,,,,,,,,,,,,,,,,,,,,
114,case_16,2024-04-10 16:45:29.672506,complete,Admission NC,positive,L,,,,,,,,,,,,,,,,,,,,,,,,,,,
115,case_16,2024-04-10 17:42:51.672506,complete,Admission NC,positive,J,,,,,,,,,,,,,,,,,,,,,,,,,,,
116,case_16,2024-04-10 19:30:41.672506,complete,CRP,positive,C,PE,22.0,,2823.0,,,,,,,,,,,,,,,,,,,,,,,
117,case_16,2024-04-10 20:17:33.672506,complete,CRP,positive,L,HD,20.0,,4696.0,,,,,,,,,,,,,,,,,,,,,,,
118,case_16,2024-04-10 20:50:56.672506,complete,Leucocytes,positive,L,HC,20.0,139.0,,,,,,,,,,,,,,,,,,,,,,,,
119,case_17,2024-04-10 16:31:35.672506,complete,Leucocytes,positive,L,WC,57.0,333.0,,,,,,,,,,,,,,,,,,,,,,,,
120,case_17,2024-04-10 16:54:05.672506,complete,CRP,positive,I,FB,26.0,,5730.0,,,,,,,,,,,,,,,,,,,,,,,
121,case_17,2024-04-10 17:50:40.672506,complete,Admission NC,positive,L,,,,,,,,,,,,,,,,,,,,,,,,,,,
122,case_17,2024-04-10 19:34:55.672506,complete,CRP,positive,L,SA,22.0,,2819.0,,,,,,,,,,,,,,,,,,,,,,,
123,case_17,2024-04-10 19:47:17.672506,complete,CRP,positive,L,HC,20.0,,5469.0,,,,,,,,,,,,,,,,,,,,,,,
124,case_17,2024-04-10 20:57:00.672506,complete,Admission NC,positive,L,,,,,,,,,,,,,,,,,,,,,,,,,,,
125,case_18,2024-04-10 16:26:05.672506,complete,LacticAcid,positive,K,,,,,11.0,,,,,,,,,,,,,,,,,,,,,,
126,case_18,2024-04-10 17:32:12.672506,complete,Admission NC,positive,L,,,,,,,,,,,,,,,,,,,,,,,,,,,
127,case_18,2024-04-10 18:08:07.672506,complete,Leucocytes,positive,K,AA,20.0,1048.0,,,,,,,,,,,,,,,,,,,,,,,,
128,case_18,2024-04-10 19:11:45.672506,complete,CRP,positive,I,MA,21.0,,1327.0,,,,,,,,,,,,,,,,,,,,,,,
129,case_18,2024-04-10 19:51:27.672506,complete,Leucocytes,positive,I,EE,20.0,138.0,,,,,,,,,,,,,,,,,,,,,,,,
130,case_18,2024-04-10 21:27:18.672506,complete,LacticAcid,positive,I,,,,,10.0,,,,,,,,,,,,,,,,,,,,,,
131,case_18,2024-04-10 22:14:53.672506,complete,Admission NC,positive,J,,,,,,,,,,,,,,,,,,,,,,,,,,,
132,case_18,2024-04-10 23:27:01.672506,complete,CRP,positive,J,HD,21.0,,5489.0,,,,,,,,,,,,,,,,,,,,,,,
133,case_18,2024-04-10 23:43:37.672506,complete,CRP,positive,L,HE,20.0,,5730.0,,,,,,,,,,,,,,,,,,,,,,,
134,case_19,2024-04-10 16:33:52.672506,complete,CRP,positive,L,EE,24.0,,5729.0,,,,,,,,,,,,,,,,,,,,,,,
135,case_19,2024-04-10 17:11:17.672506,complete,CRP,positive,L,X,20.0,,2095.0,,,,,,,,,,,,,,,,,,,,,,,
136,case_19,2024-04-10 18:37:24.672506,complete,Leucocytes,positive,C,IE,23.0,1036.0,,,,,,,,,,,,,,,,,,,,,,,,
137,case_19,2024-04-10 19:21:51.672506,complete,CRP,positive,L,UB,22.0,,1326.0,,,,,,,,,,,,,,,,,,,,,,,
138,case_19,2024-04-10 20:09:12.672506,complete,CRP,positive,I,HE,43.0,,4258.0,,,,,,,,,,,,,,,,,,,,,,,
139,case_19,2024-04-10 21:17:59.672506,complete,CRP,positive,L,HE,25.0,,111.0,,,,,,,,,,,,,,,,,,,,,,,
140,case_19,2024-04-10 22:37:50.672506,complete,Admission NC,positive,L,,,,,,,,,,,,,,,,,,,,,,,,,,,
141,case_19,2024-04-10 23:07:30.672506,complete,CRP,positive,I,PE,22.0,,5489.0,,,,,,,,,,,,,,,,,,,,,,,
142,case_19,2024-04-11 00:30:08.672506,complete,Admission NC,positive,J,,,,,,,,,,,,,,,,,,,,,,,,,,,
143,case_20,2024-04-10 16:23:54.672506,complete,Admission NC,positive,F,,,,,,,,,,,,,,,,,,,,,,,,,,,
144,case_20,2024-04-10 16:57:45.672506,complete,CRP,positive,L,X,24.0,,2115.0,,,,,,,,,,,,,,,,,,,,,,,
145,case_20,2024-04-10 17:48:55.672506,complete,Admission NC,positive,?,,,,,,,,,,,,,,,,,,,,,,,,,,,
146,case_20,2024-04-10 18:57:18.672506,complete,CRP,positive,I,HE,20.0,,1326.0,,,,,,,,,,,,,,,,,,,,,,,
147,case_20,2024-04-10 19:57:01.672506,complete,CRP,positive,I,HD,20.0,,4770.0,,,,,,,,,,,,,,,,,,,,,,,
148,case_20,2024-04-10 20:55:04.672506,complete,Leucocytes,positive,L,HE,25.0,136.0,,,,,,,,,,,,,,,,,,,,,,,,
149,case_20,2024-04-10 22:20:00.672506,complete,Leucocytes,positive,I,HC,23.0,135.0,,,,,,,,,,,,,,,,,,,,,,,,
150,case_20,2024-04-10 23:37:35.672506,complete,CRP,positive,I,HD,21.0,,5233.0,,,,,,,,,,,,,,,,,,,,,,,
151,case_20,2024-04-11 00:38:16.672506,complete,CRP,positive,E,HE,22.0,,3368.0,,,,,,,,,,,,,,,,,,,,,,,
152,case_21,2024-04-10 15:56:44.672506,complete,CRP,positive,L,EC,20.0,,5729.0,,,,,,,,,,,,,,,,,,,,,,,
153,case_21,2024-04-10 17:36:25.672506,complete,Admission NC,positive,L,,,,,,,,,,,,,,,,,,,,,,,,,,,
154,case_21,2024-04-10 18:03:41.672506,complete,Leucocytes,positive,I,IE,80.0,137.0,,,,,,,,,,,,,,,,,,,,,,,,
155,case_21,2024-04-10 18:52:22.672506,complete,Leucocytes,positive,I,UB,22.0,2324.0,,,,,,,,,,,,,,,,,,,,,,,,
156,case_21,2024-04-10 20:20:05.672506,complete,CRP,positive,I,HE,20.0,,3234.0,,,,,,,,,,,,,,,,,,,,,,,
157,case_21,2024-04-10 21:30:44.672506,complete,Leucocytes,positive,L,YA,21.0,1008.0,,,,,,,,,,,,,,,,,,,,,,,,
158,case_21,2024-04-10 22:16:56.672506,complete,Admission NC,positive,L,,,,,,,,,,,,,,,,,,,,,,,,,,,
159,case_21,2024-04-10 22:46:44.672506,complete,CRP,positive,I,HD,20.0,,5489.0,,,,,,,,,,,,,,,,,,,,,,,
160,case_21,2024-04-10 23:57:25.672506,complete,CRP,positive,I,HD,20.0,,5730.0,,,,,,,,,,,,,,,,,,,,,,,
161,case_22,2024-04-10 16:31:17.672506,complete,CRP,positive,L,QE,41.0,,4614.0,,,,,,,,,,,,,,,,,,,,,,,
162,case_22,2024-04-10 16:43:46.672506,complete,Admission NC,positive,L,,,,,,,,,,,,,,,,,,,,,,,,,,,
163,case_22,2024-04-10 18:05:58.672506,complete,CRP,positive,?,HA,27.0,,854.0,,,,,,,,,,,,,,,,,,,,,,,
164,case_22,2024-04-10 19:37:31.672506,complete,Admission NC,positive,L,,,,,,,,,,,,,,,,,,,,,,,,,,,
165,case_22,2024-04-10 20:02:23.672506,complete,CRP,positive,E,HE,20.0,,5075.0,,,,,,,,,,,,,,,,,,,,,,,
166,case_23,2024-04-10 16:27:33.672506,complete,Leucocytes,positive,A,CD,20.0,636.0,,,,,,,,,,,,,,,,,,,,,,,,
167,case_23,2024-04-10 16:40:48.672506,complete,Admission NC,positive,L,,,,,,,,,,,,,,,,,,,,,,,,,,,
168,case_23,2024-04-10 17:59:04.672506,complete,CRP,positive,I,AA,21.0,,846.0,,,,,,,,,,,,,,,,,,,,,,,
169,case_23,2024-04-10 19:26:06.672506,complete,Admission NC,positive,L,,,,,,,,,,,,,,,,,,,,,,,,,,,
170,case_23,2024-04-10 20:00:56.672506,complete,CRP,positive,L,HE,21.0,,2781.0,,,,,,,,,,,,,,,,,,,,,,,
171,case_24,2024-04-10 16:06:27.672506,complete,Admission NC,positive,E,,,,,,,,,,,,,,,,,,,,,,,,,,,
172,case_24,2024-04-10 17:22:59.672506,complete,Admission NC,positive,L,,,,,,,,,,,,,,,,,,,,,,,,,,,
173,case_24,2024-04-10 17:46:03.672506,complete,CRP,positive,J,LA,37.0,,846.0,,,,,,,,,,,,,,,,,,,,,,,
174,case_24,2024-04-10 19:35:45.672506,complete,CRP,positive,?,HE,88.0,,199.0,,,,,,,,,,,,,,,,,,,,,,,
175,case_24,2024-04-10 19:42:17.672506,complete,CRP,positive,J,HC,22.0,,2804.0,,,,,,,,,,,,,,,,,,,,,,,
176,case_25,2024-04-10 15:42:04.672506,complete,CRP,positive,E,QE,22.0,,4333.0,,,,,,,,,,,,,,,,,,,,,,,
177,case_25,2024-04-10 17:12:30.672506,complete,Admission NC,positive,L,,,,,,,,,,,,,,,,,,,,,,,,,,,
178,case_25,2024-04-10 17:46:57.672506,complete,CRP,positive,L,IC,20.0,,847.0,,,,,,,,,,,,,,,,,,,,,,,
179,case_25,2024-04-10 19:22:33.672506,complete,Admission NC,positive,L,,,,,,,,,,,,,,,,,,,,,,,,,,,
180,case_25,2024-04-10 19:40:38.672506,complete,CRP,positive,L,HE,20.0,,2782.0,,,,,,,,,,,,,,,,,,,,,,,
181,case_26,2024-04-10 16:09:46.672506,complete,Admission NC,positive,C,,,,,,,,,,,,,,,,,,,,,,,,,,,
182,case_26,2024-04-10 16:43:58.672506,complete,CRP,positive,L,N,21.0,,3153.0,,,,,,,,,,,,,,,,,,,,,,,
183,case_26,2024-04-10 18:03:35.672506,complete,Leucocytes,positive,I,LA,90.0,1964.0,,,,,,,,,,,,,,,,,,,,,,,,
184,case_26,2024-04-10 18:41:01.672506,complete,CRP,positive,I,HC,20.0,,3374.0,,,,,,,,,,,,,,,,,,,,,,,
185,case_26,2024-04-10 20:24:23.672506,complete,CRP,positive,I,DE,21.0,,4751.0,,,,,,,,,,,,,,,,,,,,,,,
186,case_26,2024-04-10 20:49:09.672506,complete,CRP,positive,L,PE,89.0,,5470.0,,,,,,,,,,,,,,,,,,,,,,,
187,case_26,2024-04-10 21:53:11.672506,complete,CRP,positive,L,M,85.0,,144.0,,,,,,,,,,,,,,,,,,,,,,,
188,case_26,2024-04-10 23:09:10.672506,complete,Admission NC,positive,U,,,,,,,,,,,,,,,,,,,,,,,,,,,
189,case_26,2024-04-11 00:35:20.672506,complete,CRP,positive,L,HC,20.0,,5589.0,,,,,,,,,,,,,,,,,,,,,,,
190,case_26,2024-04-11 01:26:40.672506,complete,LacticAcid,positive,L,,,,,13.0,,,,,,,,,,,,,,,,,,,,,,
191,case_27,2024-04-10 15:54:54.672506,complete,Leucocytes,positive,A,WB,20.0,136.0,,,,,,,,,,,,,,,,,,,,,,,,
192,case_27,2024-04-10 16:48:09.672506,complete,CRP,positive,I,HD,22.0,,3035.0,,,,,,,,,,,,,,,,,,,,,,,
193,case_27,2024-04-10 18:09:12.672506,complete,ER Registration,positive,I,CB,20.0,,,,false,false,true,true,false,true,false,false,false,true,false,true,false,true,false,false,false,true,false,true,true,true
194,case_27,2024-04-10 19:28:35.672506,complete,CRP,positive,J,TB,20.0,,3373.0,,,,,,,,,,,,,,,,,,,,,,,
195,case_27,2024-04-10 20:22:17.672506,complete,CRP,positive,K,DE,20.0,,1725.0,,,,,,,,,,,,,,,,,,,,,,,
196,case_27,2024-04-10 21:28:12.672506,complete,Admission NC,positive,J,,,,,,,,,,,,,,,,,,,,,,,,,,,
197,case_27,2024-04-10 22:26:37.672506,complete,Leucocytes,positive,I,HA,20.0,136.0,,,,,,,,,,,,,,,,,,,,,,,,
198,case_27,2024-04-10 22:48:31.672506,complete,Admission NC,positive,J,,,,,,,,,,,,,,,,,,,,,,,,,,,
199,case_27,2024-04-10 23:47:07.672506,complete,CRP,positive,I,HD,20.0,,5417.0,,,,,,,,,,,,,,,,,,,,,,,
200,case_27,2024-04-11 01:11:31.672506,complete,CRP,positive,L,HE,20.0,,5724.0,,,,,,,,,,,,,,,,,,,,,,,
201,case_28,2024-04-10 16:13:59.672506,complete,Admission NC,positive,L,,,,,,,,,,,,,,,,,,,,,,,,,,,
202,case_28,2024-04-10 17:06:59.672506,complete,CRP,positive,L,YB,20.0,,2964.0,,,,,,,,,,,,,,,,,,,,,,,
203,case_28,2024-04-10 17:48:37.672506,complete,CRP,positive,I,LB,23.0,,5729.0,,,,,,,,,,,,,,,,,,,,,,,
204,case_28,2024-04-10 19:28:05.672506,complete,CRP,positive,I,TB,22.0,,3372.0,,,,,,,,,,,,,,,,,,,,,,,
205,case_28,2024-04-10 20:30:45.672506,complete,Admission IC,positive,I,,,,,,,,,,,,,,,,,,,,,,,,,,,
206,case_28,2024-04-10 20:39:24.672506,complete,CRP,positive,J,GA,20.0,,5470.0,,,,,,,,,,,,,,,,,,,,,,,
207,case_28,2024-04-10 21:49:26.672506,complete,Leucocytes,positive,I,HB,22.0,143.0,,,,,,,,,,,,,,,,,,,,,,,,
208,case_28,2024-04-10 22:39:39.672506,complete,Leucocytes,positive,K,GB,21.0,3159.0,,,,,,,,,,,,,,,,,,,,,,,,
209,case_28,2024-04-11 00:33:42.672506,complete,Leucocytes,positive,L,HB,24.0,138.0,,,,,,,,,,,,,,,,,,,,,,,,
210,case_28,2024-04-11 00:43:54.672506,complete,Admission NC,positive,E,,,,,,,,,,,,,,,,,,,,,,,,,,,
211,case_29,2024-04-10 16:02:45.672506,complete,CRP,positive,J,Q,34.0,,2986.0,,,,,,,,,,,,,,,,,,,,,,,
212,case_29,2024-04-10 17:37:43.672506,complete,CRP,positive,L,N,21.0,,3611.0,,,,,,,,,,,,,,,,,,,,,,,
213,case_29,2024-04-10 18:00:00.672506,complete,CRP,positive,I,LA,23.0,,5730.0,,,,,,,,,,,,,,,,,,,,,,,
214,case_29,2024-04-10 18:54:36.672506,complete,CRP,positive,I,TC,24.0,,3372.0,,,,,,,,,,,,,,,,,,,,,,,
215,case_29,2024-04-10 20:29:00.672506,complete,Leucocytes,positive,J,DB,20.0,138.0,,,,,,,,,,,,,,,,,,,,,,,,
216,case_29,2024-04-10 21:11:21.672506,complete,Admission NC,positive,L,,,,,,,,,,,,,,,,,,,,,,,,,,,
217,case_29,2024-04-10 21:45:02.672506,complete,CRP,positive,K,HD,20.0,,1809.0,,,,,,,,,,,,,,,,,,,,,,,
218,case_29,2024-04-10 23:13:14.672506,complete,Admission NC,positive,L,,,,,,,,,,,,,,,,,,,,,,,,,,,
219,case_29,2024-04-10 23:57:37.672506,complete,CRP,positive,I,HC,90.0,,5415.0,,,,,,,,,,,,,,,,,,,,,,,
220,case_29,2024-04-11 00:43:04.672506,complete,CRP,positive,L,HC,21.0,,5536.0,,,,,,,,,,,,,,,,,,,,,,,
