,case:concept:name,time:timestamp,lifecycle:transition,concept:name,case:label,org:group,Diagnose,Age,CRP,LacticAcid,Leucocytes,InfectionSuspected,DiagnosticBlood,DisfuncOrg,SIRSCritTachypnea,Hypotensie,SIRSCritHeartRate,Infusion,DiagnosticArtAstrup,DiagnosticIC,DiagnosticSputum,DiagnosticLiquor,DiagnosticOther,SIRSCriteria2OrMore,DiagnosticXthorax,SIRSCritTemperature,DiagnosticUrinaryCulture,SIRSCritLeucos,Oligurie,DiagnosticLacticAcid,Hypoxie,DiagnosticUrinarySediment,DiagnosticECG
0,case_0,2024-04-10 16:19:46.929190,complete,CRP,positive,K,YA,22.0,1452.0,,,,,,,,,,,,,,,,,,,,,,,,
1,case_0,2024-04-10 17:09:17.929190,complete,CRP,positive,C,YA,20.0,50.0,,,,,,,,,,,,,,,,,,,,,,,,
2,case_0,2024-04-10 18:23:03.929190,complete,Admission NC,positive,F,,,,,,,,,,,,,,,,,,,,,,,,,,,
3,case_0,2024-04-10 18:43:59.929190,complete,CRP,positive,K,YA,20.0,1419.0,,,,,,,,,,,,,,,,,,,,,,,,
4,case_0,2024-04-10 20:02:57.929190,complete,Admission NC,positive,J,,,,,,,,,,,,,,,,,,,,,,,,,,,
5,case_1,2024-04-10 15:40:28.929190,complete,CRP,positive,K,YA,20.0,1877.0,,,,,,,,,,,,,,,,,,,,,,,,
6,case_1,2024-04-10 17:35:29.929190,complete,Return ER,positive,?,,,,,,,,,,,,,,,,,,,,,,,,,,,
7,case_1,2024-04-10 17:48:09.929190,complete,Admission NC,positive,?,,,,,,,,,,,,,,,,,,,,,,,,,,,
8,case_1,2024-04-10 18:58:20.929190,complete,Admission NC,positive,?,,,,,,,,,,,,,,,,,,,,,,,,,,,
9,case_1,2024-04-10 20:20:57.929190,complete,LacticAcid,positive,I,,,,13.0,,,,,,,,,,,,,,,,,,,,,,,
10,case_2,2024-04-10 15:59:16.929190,complete,CRP,positive,K,YA,24.0,5312.0,,,,,,,,,,,,,,,,,,,,,,,,
11,case_2,2024-04-10 17:33:08.929190,complete,Return ER,positive,?,,,,,,,,,,,,,,,,,,,,,,,,,,,
12,case_2,2024-04-10 18:33:35.929190,complete,CRP,positive,I,YC,20.0,3254.0,,,,,,,,,,,,,,,,,,,,,,,,
13,case_2,2024-04-10 18:58:15.929190,complete,Admission NC,positive,L,,,,,,,,,,,,,,,,,,,,,,,,,,,
14,case_2,2024-04-10 19:44:18.929190,complete,Admission NC,positive,A,,,,,,,,,,,,,,,,,,,,,,,,,,,
15,case_3,2024-04-10 16:01:22.929190,complete,CRP,positive,K,IE,20.0,5312.0,,,,,,,,,,,,,,,,,,,,,,,,
16,case_3,2024-04-10 16:59:50.929190,complete,Return ER,positive,?,,,,,,,,,,,,,,,,,,,,,,,,,,,
17,case_3,2024-04-10 18:23:43.929190,complete,CRP,positive,K,YA,20.0,3254.0,,,,,,,,,,,,,,,,,,,,,,,,
18,case_3,2024-04-10 19:27:28.929190,complete,Admission NC,positive,J,,,,,,,,,,,,,,,,,,,,,,,,,,,
19,case_3,2024-04-10 20:05:01.929190,complete,Admission NC,positive,F,,,,,,,,,,,,,,,,,,,,,,,,,,,
20,case_4,2024-04-10 15:39:55.929190,complete,Admission NC,positive,F,,,,,,,,,,,,,,,,,,,,,,,,,,,
21,case_4,2024-04-10 16:58:15.929190,complete,LacticAcid,positive,I,,,,5.0,,,,,,,,,,,,,,,,,,,,,,,
22,case_4,2024-04-10 18:15:12.929190,complete,Leucocytes,positive,C,YC,20.0,,,139.0,,,,,,,,,,,,,,,,,,,,,,
23,case_4,2024-04-10 18:45:31.929190,complete,Admission NC,positive,J,,,,,,,,,,,,,,,,,,,,,,,,,,,
24,case_4,2024-04-10 20:16:41.929190,complete,CRP,positive,K,YA,22.0,2825.0,,,,,,,,,,,,,,,,,,,,,,,,
25,case_5,2024-04-10 15:46:20.929190,complete,CRP,positive,K,YC,20.0,2995.0,,,,,,,,,,,,,,,,,,,,,,,,
26,case_5,2024-04-10 17:00:12.929190,complete,Admission NC,positive,J,,,,,,,,,,,,,,,,,,,,,,,,,,,
27,case_5,2024-04-10 17:42:28.929190,complete,CRP,positive,A,YD,20.0,3476.0,,,,,,,,,,,,,,,,,,,,,,,,
28,case_5,2024-04-10 18:57:35.929190,complete,Admission NC,positive,F,,,,,,,,,,,,,,,,,,,,,,,,,,,
29,case_5,2024-04-10 20:03:05.929190,complete,Leucocytes,positive,A,YA,23.0,,,1043.0,,,,,,,,,,,,,,,,,,,,,,
30,case_6,2024-04-10 15:56:18.929190,complete,LacticAcid,positive,I,,,,3.0,,,,,,,,,,,,,,,,,,,,,,,
31,case_6,2024-04-10 17:35:36.929190,complete,Leucocytes,positive,?,YA,20.0,,,139.0,,,,,,,,,,,,,,,,,,,,,,
32,case_6,2024-04-10 18:27:56.929190,complete,CRP,positive,I,YB,25.0,3011.0,,,,,,,,,,,,,,,,,,,,,,,,
33,case_6,2024-04-10 18:55:35.929190,complete,LacticAcid,positive,K,,,,3.0,,,,,,,,,,,,,,,,,,,,,,,
34,case_6,2024-04-10 19:46:51.929190,complete,Leucocytes,positive,?,YB,20.0,,,138.0,,,,,,,,,,,,,,,,,,,,,,
35,case_6,2024-04-10 21:35:38.929190,complete,Admission NC,positive,J,,,,,,,,,,,,,,,,,,,,,,,,,,,
36,case_6,2024-04-10 21:51:52.929190,complete,Release B,positive,E,,,,,,,,,,,,,,,,,,,,,,,,,,,
37,case_6,2024-04-10 23:22:19.929190,complete,Admission NC,positive,K,,,,,,,,,,,,,,,,,,,,,,,,,,,
38,case_6,2024-04-11 00:13:32.929190,complete,Release B,positive,E,,,,,,,,,,,,,,,,,,,,,,,,,,,
39,case_6,2024-04-11 01:17:44.929190,complete,CRP,positive,K,YB,21.0,50.0,,,,,,,,,,,,,,,,,,,,,,,,
40,case_7,2024-04-10 15:51:55.929190,complete,Leucocytes,positive,A,YA,21.0,,,1504.0,,,,,,,,,,,,,,,,,,,,,,
41,case_7,2024-04-10 17:24:39.929190,complete,LacticAcid,positive,I,,,,110.0,,,,,,,,,,,,,,,,,,,,,,,
42,case_7,2024-04-10 17:39:17.929190,complete,Admission NC,positive,F,,,,,,,,,,,,,,,,,,,,,,,,,,,
43,case_7,2024-04-10 19:22:26.929190,complete,Leucocytes,positive,I,QA,21.0,,,2240.0,,,,,,,,,,,,,,,,,,,,,,
44,case_7,2024-04-10 19:40:32.929190,complete,Leucocytes,positive,K,YB,20.0,,,314.0,,,,,,,,,,,,,,,,,,,,,,
45,case_7,2024-04-10 20:46:23.929190,complete,CRP,positive,?,YC,20.0,388.0,,,,,,,,,,,,,,,,,,,,,,,,
46,case_7,2024-04-10 22:27:30.929190,complete,CRP,positive,J,YA,20.0,50.0,,,,,,,,,,,,,,,,,,,,,,,,
47,case_7,2024-04-10 23:28:54.929190,complete,Leucocytes,positive,I,QC,20.0,,,172.0,,,,,,,,,,,,,,,,,,,,,,
48,case_7,2024-04-11 00:06:45.929190,complete,Admission NC,positive,F,,,,,,,,,,,,,,,,,,,,,,,,,,,
49,case_7,2024-04-11 01:26:33.929190,complete,LacticAcid,positive,A,,,,57.0,,,,,,,,,,,,,,,,,,,,,,,
50,case_8,2024-04-10 16:35:23.929190,complete,Leucocytes,positive,K,YC,20.0,,,1601.0,,,,,,,,,,,,,,,,,,,,,,
51,case_8,2024-04-10 17:21:01.929190,complete,LacticAcid,positive,I,,,,2.0,,,,,,,,,,,,,,,,,,,,,,,
52,case_8,2024-04-10 18:34:45.929190,complete,Leucocytes,positive,I,YA,20.0,,,138.0,,,,,,,,,,,,,,,,,,,,,,
53,case_8,2024-04-10 19:03:38.929190,complete,CRP,positive,?,YA,20.0,1298.0,,,,,,,,,,,,,,,,,,,,,,,,
54,case_8,2024-04-10 20:22:28.929190,complete,CRP,positive,K,YA,20.0,3066.0,,,,,,,,,,,,,,,,,,,,,,,,
55,case_8,2024-04-10 21:16:31.929190,complete,Admission NC,positive,J,,,,,,,,,,,,,,,,,,,,,,,,,,,
56,case_8,2024-04-10 22:19:53.929190,complete,Release B,positive,E,,,,,,,,,,,,,,,,,,,,,,,,,,,
57,case_8,2024-04-10 23:13:58.929190,complete,Admission NC,positive,K,,,,,,,,,,,,,,,,,,,,,,,,,,,
58,case_8,2024-04-10 23:46:08.929190,complete,Release B,positive,E,,,,,,,,,,,,,,,,,,,,,,,,,,,
59,case_8,2024-04-11 00:48:09.929190,complete,CRP,positive,K,Z,23.0,50.0,,,,,,,,,,,,,,,,,,,,,,,,
60,case_9,2024-04-10 15:41:35.929190,complete,CRP,positive,K,YD,22.0,4611.0,,,,,,,,,,,,,,,,,,,,,,,,
61,case_9,2024-04-10 17:01:38.929190,complete,CRP,positive,K,QB,20.0,50.0,,,,,,,,,,,,,,,,,,,,,,,,
62,case_9,2024-04-10 18:19:11.929190,complete,Leucocytes,positive,K,YB,26.0,,,370.0,,,,,,,,,,,,,,,,,,,,,,
63,case_9,2024-04-10 19:25:15.929190,complete,Leucocytes,positive,K,YC,20.0,,,2674.0,,,,,,,,,,,,,,,,,,,,,,
64,case_9,2024-04-10 20:09:16.929190,complete,CRP,positive,K,YA,20.0,4232.0,,,,,,,,,,,,,,,,,,,,,,,,
65,case_9,2024-04-10 21:24:20.929190,complete,Leucocytes,positive,A,YC,20.0,,,3549.0,,,,,,,,,,,,,,,,,,,,,,
66,case_9,2024-04-10 21:42:29.929190,complete,CRP,positive,A,YA,20.0,2133.0,,,,,,,,,,,,,,,,,,,,,,,,
67,case_9,2024-04-10 23:13:25.929190,complete,Admission NC,positive,F,,,,,,,,,,,,,,,,,,,,,,,,,,,
68,case_9,2024-04-10 23:38:53.929190,complete,Leucocytes,positive,K,YB,20.0,,,1337.0,,,,,,,,,,,,,,,,,,,,,,
69,case_9,2024-04-11 01:02:53.929190,complete,Admission NC,positive,A,,,,,,,,,,,,,,,,,,,,,,,,,,,
70,case_10,2024-04-10 15:47:52.929190,complete,CRP,positive,?,YB,54.0,5074.0,,,,,,,,,,,,,,,,,,,,,,,,
71,case_10,2024-04-10 17:22:05.929190,complete,Leucocytes,positive,K,YB,21.0,,,1058.0,,,,,,,,,,,,,,,,,,,,,,
72,case_10,2024-04-10 18:18:04.929190,complete,LacticAcid,positive,K,,,,2.0,,,,,,,,,,,,,,,,,,,,,,,
73,case_10,2024-04-10 19:01:35.929190,complete,Leucocytes,positive,K,YB,20.0,,,138.0,,,,,,,,,,,,,,,,,,,,,,
74,case_10,2024-04-10 20:01:11.929190,complete,CRP,positive,K,YA,20.0,1397.0,,,,,,,,,,,,,,,,,,,,,,,,
75,case_10,2024-04-10 21:12:08.929190,complete,Leucocytes,positive,K,YC,20.0,,,138.0,,,,,,,,,,,,,,,,,,,,,,
76,case_10,2024-04-10 22:16:53.929190,complete,Admission NC,positive,F,,,,,,,,,,,,,,,,,,,,,,,,,,,
77,case_10,2024-04-10 23:26:12.929190,complete,Admission NC,positive,J,,,,,,,,,,,,,,,,,,,,,,,,,,,
78,case_11,2024-04-10 15:47:45.929190,complete,CRP,positive,K,YA,54.0,2777.0,,,,,,,,,,,,,,,,,,,,,,,,
79,case_11,2024-04-10 17:23:52.929190,complete,LacticAcid,positive,K,,,,3.0,,,,,,,,,,,,,,,,,,,,,,,
80,case_11,2024-04-10 18:36:47.929190,complete,Leucocytes,positive,I,YA,20.0,,,138.0,,,,,,,,,,,,,,,,,,,,,,
81,case_11,2024-04-10 19:20:48.929190,complete,Leucocytes,positive,K,YC,20.0,,,188.0,,,,,,,,,,,,,,,,,,,,,,
82,case_11,2024-04-10 20:11:27.929190,complete,Admission NC,positive,A,,,,,,,,,,,,,,,,,,,,,,,,,,,
83,case_11,2024-04-10 21:03:21.929190,complete,Admission NC,positive,F,,,,,,,,,,,,,,,,,,,,,,,,,,,
84,case_11,2024-04-10 21:50:22.929190,complete,Leucocytes,positive,A,YD,20.0,,,1904.0,,,,,,,,,,,,,,,,,,,,,,
85,case_11,2024-04-10 23:25:51.929190,complete,CRP,positive,K,JB,22.0,2515.0,,,,,,,,,,,,,,,,,,,,,,,,
86,case_12,2024-04-10 15:53:03.929190,complete,CRP,positive,K,YA,20.0,3597.0,,,,,,,,,,,,,,,,,,,,,,,,
87,case_12,2024-04-10 16:50:25.929190,complete,Admission NC,positive,?,,,,,,,,,,,,,,,,,,,,,,,,,,,
88,case_12,2024-04-10 18:03:10.929190,complete,Admission NC,positive,F,,,,,,,,,,,,,,,,,,,,,,,,,,,
89,case_12,2024-04-10 19:36:31.929190,complete,CRP,positive,K,YC,20.0,3062.0,,,,,,,,,,,,,,,,,,,,,,,,
90,case_12,2024-04-10 19:56:03.929190,complete,Leucocytes,positive,K,YA,24.0,,,3812.0,,,,,,,,,,,,,,,,,,,,,,
91,case_12,2024-04-10 20:59:32.929190,complete,Leucocytes,positive,I,YD,22.0,,,1030.0,,,,,,,,,,,,,,,,,,,,,,
92,case_12,2024-04-10 22:13:36.929190,complete,Leucocytes,positive,K,YB,21.0,,,138.0,,,,,,,,,,,,,,,,,,,,,,
93,case_12,2024-04-10 22:52:49.929190,complete,Leucocytes,positive,I,QA,21.0,,,138.0,,,,,,,,,,,,,,,,,,,,,,
94,case_13,2024-04-10 15:38:10.929190,complete,CRP,positive,K,YA,21.0,3597.0,,,,,,,,,,,,,,,,,,,,,,,,
95,case_13,2024-04-10 17:06:41.929190,complete,Admission NC,positive,J,,,,,,,,,,,,,,,,,,,,,,,,,,,
96,case_13,2024-04-10 18:32:59.929190,complete,Admission NC,positive,F,,,,,,,,,,,,,,,,,,,,,,,,,,,
97,case_13,2024-04-10 19:36:52.929190,complete,CRP,positive,K,YC,20.0,3062.0,,,,,,,,,,,,,,,,,,,,,,,,
98,case_13,2024-04-10 20:14:16.929190,complete,Leucocytes,positive,K,YA,24.0,,,3812.0,,,,,,,,,,,,,,,,,,,,,,
99,case_13,2024-04-10 21:28:11.929190,complete,Leucocytes,positive,I,YD,22.0,,,1030.0,,,,,,,,,,,,,,,,,,,,,,
100,case_13,2024-04-10 22:11:12.929190,complete,Leucocytes,positive,K,YB,21.0,,,138.0,,,,,,,,,,,,,,,,,,,,,,
101,case_13,2024-04-10 23:13:23.929190,complete,Leucocytes,positive,I,QA,21.0,,,138.0,,,,,,,,,,,,,,,,,,,,,,
102,case_14,2024-04-10 15:54:37.929190,complete,CRP,positive,K,YB,54.0,5074.0,,,,,,,,,,,,,,,,,,,,,,,,
103,case_14,2024-04-10 17:30:29.929190,complete,Admission NC,positive,J,,,,,,,,,,,,,,,,,,,,,,,,,,,
104,case_14,2024-04-10 18:00:08.929190,complete,Admission NC,positive,A,,,,,,,,,,,,,,,,,,,,,,,,,,,
105,case_14,2024-04-10 19:12:28.929190,complete,Leucocytes,positive,K,YA,20.0,,,188.0,,,,,,,,,,,,,,,,,,,,,,
106,case_14,2024-04-10 19:56:20.929190,complete,CRP,positive,A,YA,20.0,1397.0,,,,,,,,,,,,,,,,,,,,,,,,
107,case_14,2024-04-10 21:04:02.929190,complete,Leucocytes,positive,A,YD,20.0,,,569.0,,,,,,,,,,,,,,,,,,,,,,
108,case_14,2024-04-10 22:35:03.929190,complete,Leucocytes,positive,K,YC,22.0,,,1904.0,,,,,,,,,,,,,,,,,,,,,,
109,case_14,2024-04-10 23:23:58.929190,complete,CRP,positive,I,JB,20.0,50.0,,,,,,,,,,,,,,,,,,,,,,,,
110,case_15,2024-04-10 16:23:27.929190,complete,IV Antibiotics,positive,L,,,,,,,,,,,,,,,,,,,,,,,,,,,
111,case_15,2024-04-10 17:35:54.929190,complete,LacticAcid,positive,?,,,,2.0,,,,,,,,,,,,,,,,,,,,,,,
112,case_15,2024-04-10 18:08:08.929190,complete,Leucocytes,positive,K,YC,28.0,,,139.0,,,,,,,,,,,,,,,,,,,,,,
113,case_15,2024-04-10 19:08:17.929190,complete,Admission NC,positive,F,,,,,,,,,,,,,,,,,,,,,,,,,,,
114,case_15,2024-04-10 19:50:16.929190,complete,Admission NC,positive,F,,,,,,,,,,,,,,,,,,,,,,,,,,,
115,case_15,2024-04-10 21:14:32.929190,complete,CRP,positive,?,YA,20.0,2411.0,,,,,,,,,,,,,,,,,,,,,,,,
116,case_16,2024-04-10 15:40:14.929190,complete,LacticAcid,positive,K,,,,6.0,,,,,,,,,,,,,,,,,,,,,,,
117,case_16,2024-04-10 16:50:22.929190,complete,Leucocytes,positive,K,YA,22.0,,,138.0,,,,,,,,,,,,,,,,,,,,,,
118,case_16,2024-04-10 17:38:07.929190,complete,Admission NC,positive,F,,,,,,,,,,,,,,,,,,,,,,,,,,,
119,case_16,2024-04-10 19:00:30.929190,complete,Admission NC,positive,F,,,,,,,,,,,,,,,,,,,,,,,,,,,
120,case_16,2024-04-10 20:29:09.929190,complete,Leucocytes,positive,K,YC,22.0,,,2063.0,,,,,,,,,,,,,,,,,,,,,,
121,case_16,2024-04-10 20:38:59.929190,complete,CRP,positive,K,YC,20.0,4721.0,,,,,,,,,,,,,,,,,,,,,,,,
122,case_17,2024-04-10 15:45:07.929190,complete,LacticAcid,positive,I,,,,2.0,,,,,,,,,,,,,,,,,,,,,,,
123,case_17,2024-04-10 16:53:46.929190,complete,Leucocytes,positive,K,YC,22.0,,,1225.0,,,,,,,,,,,,,,,,,,,,,,
124,case_17,2024-04-10 18:29:50.929190,complete,Leucocytes,positive,K,YC,20.0,,,138.0,,,,,,,,,,,,,,,,,,,,,,
125,case_17,2024-04-10 19:18:32.929190,complete,Admission NC,positive,?,,,,,,,,,,,,,,,,,,,,,,,,,,,
126,case_17,2024-04-10 20:37:14.929190,complete,Admission NC,positive,J,,,,,,,,,,,,,,,,,,,,,,,,,,,
127,case_17,2024-04-10 20:45:49.929190,complete,CRP,positive,L,YA,22.0,1139.0,,,,,,,,,,,,,,,,,,,,,,,,
128,case_18,2024-04-10 15:54:13.929190,complete,Leucocytes,positive,F,YC,20.0,,,2332.0,,,,,,,,,,,,,,,,,,,,,,
129,case_18,2024-04-10 17:15:55.929190,complete,Leucocytes,positive,K,YA,22.0,,,1225.0,,,,,,,,,,,,,,,,,,,,,,
130,case_18,2024-04-10 17:52:58.929190,complete,Admission NC,positive,F,,,,,,,,,,,,,,,,,,,,,,,,,,,
131,case_18,2024-04-10 18:45:58.929190,complete,Admission NC,positive,F,,,,,,,,,,,,,,,,,,,,,,,,,,,
132,case_18,2024-04-10 19:49:02.929190,complete,Leucocytes,positive,I,YC,22.0,,,2063.0,,,,,,,,,,,,,,,,,,,,,,
133,case_18,2024-04-10 21:20:06.929190,complete,CRP,positive,K,YC,20.0,4721.0,,,,,,,,,,,,,,,,,,,,,,,,
134,case_19,2024-04-10 15:50:44.929190,complete,Admission NC,positive,F,,,,,,,,,,,,,,,,,,,,,,,,,,,
135,case_19,2024-04-10 16:53:49.929190,complete,Admission NC,positive,F,,,,,,,,,,,,,,,,,,,,,,,,,,,
136,case_19,2024-04-10 18:07:49.929190,complete,CRP,positive,?,YC,21.0,3567.0,,,,,,,,,,,,,,,,,,,,,,,,
137,case_19,2024-04-10 19:07:32.929190,complete,Leucocytes,positive,K,YA,21.0,,,138.0,,,,,,,,,,,,,,,,,,,,,,
138,case_19,2024-04-10 19:46:45.929190,complete,CRP,positive,K,YB,22.0,3697.0,,,,,,,,,,,,,,,,,,,,,,,,
139,case_19,2024-04-10 21:38:04.929190,complete,Leucocytes,positive,K,YB,20.0,,,3459.0,,,,,,,,,,,,,,,,,,,,,,
140,case_20,2024-04-10 16:23:27.932196,complete,CRP,positive,K,YB,22.0,1970.0,,,,,,,,,,,,,,,,,,,,,,,,
141,case_20,2024-04-10 17:07:54.932196,complete,Admission NC,positive,A,,,,,,,,,,,,,,,,,,,,,,,,,,,
142,case_20,2024-04-10 18:37:22.932205,complete,Admission NC,positive,J,,,,,,,,,,,,,,,,,,,,,,,,,,,
143,case_20,2024-04-10 18:53:30.932205,complete,CRP,positive,A,YA,22.0,622.0,,,,,,,,,,,,,,,,,,,,,,,,
144,case_20,2024-04-10 20:37:04.932205,complete,CRP,positive,?,YA,22.0,593.0,,,,,,,,,,,,,,,,,,,,,,,,
145,case_20,2024-04-10 21:21:08.932205,complete,Leucocytes,positive,K,YD,21.0,,,550.0,,,,,,,,,,,,,,,,,,,,,,
146,case_21,2024-04-10 16:09:33.932205,complete,CRP,positive,I,YB,22.0,1970.0,,,,,,,,,,,,,,,,,,,,,,,,
147,case_21,2024-04-10 16:56:58.932205,complete,Admission NC,positive,A,,,,,,,,,,,,,,,,,,,,,,,,,,,
148,case_21,2024-04-10 18:17:38.932205,complete,Admission NC,positive,J,,,,,,,,,,,,,,,,,,,,,,,,,,,
149,case_21,2024-04-10 19:05:22.932205,complete,CRP,positive,A,YA,22.0,622.0,,,,,,,,,,,,,,,,,,,,,,,,
150,case_21,2024-04-10 20:17:21.932205,complete,CRP,positive,?,YA,22.0,593.0,,,,,,,,,,,,,,,,,,,,,,,,
151,case_21,2024-04-10 21:17:11.932205,complete,Leucocytes,positive,K,YD,21.0,,,550.0,,,,,,,,,,,,,,,,,,,,,,
152,case_22,2024-04-10 16:10:45.932242,complete,Admission NC,positive,F,,,,,,,,,,,,,,,,,,,,,,,,,,,
153,case_22,2024-04-10 16:55:44.932242,complete,CRP,positive,K,YA,20.0,1405.0,,,,,,,,,,,,,,,,,,,,,,,,
154,case_22,2024-04-10 18:14:44.932242,complete,CRP,positive,K,YC,21.0,2143.0,,,,,,,,,,,,,,,,,,,,,,,,
155,case_22,2024-04-10 18:59:58.932242,complete,Leucocytes,positive,I,YB,20.0,,,1293.0,,,,,,,,,,,,,,,,,,,,,,
156,case_22,2024-04-10 20:00:12.932242,complete,Admission NC,positive,E,,,,,,,,,,,,,,,,,,,,,,,,,,,
157,case_22,2024-04-10 21:18:44.932242,complete,CRP,positive,I,YD,20.0,5116.0,,,,,,,,,,,,,,,,,,,,,,,,
158,case_23,2024-04-10 16:20:01.932242,complete,Admission NC,positive,F,,,,,,,,,,,,,,,,,,,,,,,,,,,
159,case_23,2024-04-10 16:49:02.932242,complete,Admission NC,positive,F,,,,,,,,,,,,,,,,,,,,,,,,,,,
160,case_23,2024-04-10 17:47:03.932242,complete,CRP,positive,A,YC,21.0,3567.0,,,,,,,,,,,,,,,,,,,,,,,,
161,case_23,2024-04-10 19:30:46.932242,complete,Leucocytes,positive,K,YA,21.0,,,138.0,,,,,,,,,,,,,,,,,,,,,,
162,case_23,2024-04-10 20:23:13.932242,complete,CRP,positive,K,YB,22.0,3697.0,,,,,,,,,,,,,,,,,,,,,,,,
163,case_23,2024-04-10 21:01:54.932242,complete,CRP,positive,K,YB,20.0,50.0,,,,,,,,,,,,,,,,,,,,,,,,
164,case_24,2024-04-10 15:56:52.932242,complete,Leucocytes,positive,I,YA,22.0,,,3066.0,,,,,,,,,,,,,,,,,,,,,,
165,case_24,2024-04-10 17:02:16.932242,complete,CRP,positive,K,YB,22.0,3752.0,,,,,,,,,,,,,,,,,,,,,,,,
166,case_24,2024-04-10 17:41:02.932242,complete,CRP,positive,K,YA,20.0,1915.0,,,,,,,,,,,,,,,,,,,,,,,,
167,case_24,2024-04-10 19:29:01.932242,complete,ER Registration,positive,I,YB,22.0,,,,false,true,true,false,false,true,true,false,false,false,false,false,false,true,true,true,false,false,false,true,false,false
168,case_24,2024-04-10 20:35:04.932242,complete,Admission NC,positive,F,,,,,,,,,,,,,,,,,,,,,,,,,,,
169,case_24,2024-04-10 20:44:46.932242,complete,Leucocytes,positive,F,EE,20.0,,,127.0,,,,,,,,,,,,,,,,,,,,,,
170,case_24,2024-04-10 21:54:50.932242,complete,Admission NC,positive,F,,,,,,,,,,,,,,,,,,,,,,,,,,,
171,case_25,2024-04-10 16:25:19.932343,complete,CRP,positive,?,B,21.0,2213.0,,,,,,,,,,,,,,,,,,,,,,,,
172,case_25,2024-04-10 17:36:34.932343,complete,Leucocytes,positive,A,YA,22.0,,,181.0,,,,,,,,,,,,,,,,,,,,,,
173,case_25,2024-04-10 17:55:48.932343,complete,Leucocytes,positive,K,YC,23.0,,,138.0,,,,,,,,,,,,,,,,,,,,,,
174,case_25,2024-04-10 18:43:29.932343,complete,Admission NC,positive,A,,,,,,,,,,,,,,,,,,,,,,,,,,,
175,case_25,2024-04-10 20:03:46.932343,complete,CRP,positive,A,YA,23.0,3397.0,,,,,,,,,,,,,,,,,,,,,,,,
176,case_25,2024-04-10 21:11:18.932343,complete,CRP,positive,I,YA,21.0,52.0,,,,,,,,,,,,,,,,,,,,,,,,
177,case_25,2024-04-10 22:32:51.932343,complete,Admission NC,positive,F,,,,,,,,,,,,,,,,,,,,,,,,,,,
178,case_26,2024-04-10 15:43:07.932343,complete,Leucocytes,positive,I,YC,20.0,,,380.0,,,,,,,,,,,,,,,,,,,,,,
179,case_26,2024-04-10 17:31:52.932343,complete,Leucocytes,positive,I,YA,23.0,,,1744.0,,,,,,,,,,,,,,,,,,,,,,
180,case_26,2024-04-10 18:04:50.932343,complete,Leucocytes,positive,K,YA,21.0,,,138.0,,,,,,,,,,,,,,,,,,,,,,
181,case_26,2024-04-10 19:22:35.932343,complete,Leucocytes,positive,K,YC,20.0,,,3685.0,,,,,,,,,,,,,,,,,,,,,,
182,case_26,2024-04-10 19:56:32.932381,complete,Admission NC,positive,J,,,,,,,,,,,,,,,,,,,,,,,,,,,
183,case_26,2024-04-10 20:50:22.932381,complete,Admission NC,positive,A,,,,,,,,,,,,,,,,,,,,,,,,,,,
184,case_26,2024-04-10 22:01:44.932381,complete,Leucocytes,positive,K,QA,21.0,,,157.0,,,,,,,,,,,,,,,,,,,,,,
185,case_27,2024-04-10 15:46:33.932381,complete,Admission NC,positive,L,,,,,,,,,,,,,,,,,,,,,,,,,,,
186,case_27,2024-04-10 17:32:13.932381,complete,Leucocytes,positive,I,YC,20.0,,,435.0,,,,,,,,,,,,,,,,,,,,,,
187,case_27,2024-04-10 18:29:30.932381,complete,Admission NC,positive,L,,,,,,,,,,,,,,,,,,,,,,,,,,,
188,case_27,2024-04-10 19:08:33.932381,complete,CRP,positive,K,YC,23.0,3671.0,,,,,,,,,,,,,,,,,,,,,,,,
189,case_27,2024-04-10 20:36:32.932381,complete,CRP,positive,K,YC,20.0,4596.0,,,,,,,,,,,,,,,,,,,,,,,,
190,case_27,2024-04-10 21:14:14.932408,complete,IV Antibiotics,positive,L,,,,,,,,,,,,,,,,,,,,,,,,,,,
191,case_27,2024-04-10 22:00:27.932408,complete,Leucocytes,positive,?,YB,20.0,,,138.0,,,,,,,,,,,,,,,,,,,,,,
192,case_28,2024-04-10 16:20:31.932408,complete,CRP,positive,L,YA,20.0,4104.0,,,,,,,,,,,,,,,,,,,,,,,,
193,case_28,2024-04-10 17:23:15.932408,complete,Leucocytes,positive,I,QC,20.0,,,3369.0,,,,,,,,,,,,,,,,,,,,,,
194,case_28,2024-04-10 17:45:58.932408,complete,CRP,positive,A,YA,20.0,5078.0,,,,,,,,,,,,,,,,,,,,,,,,
195,case_28,2024-04-10 18:40:40.932408,complete,CRP,positive,K,YA,22.0,5650.0,,,,,,,,,,,,,,,,,,,,,,,,
196,case_28,2024-04-10 19:57:36.932408,complete,Leucocytes,positive,A,YA,22.0,,,139.0,,,,,,,,,,,,,,,,,,,,,,
197,case_28,2024-04-10 21:16:15.932408,complete,Leucocytes,positive,K,YA,20.0,,,1265.0,,,,,,,,,,,,,,,,,,,,,,
198,case_28,2024-04-10 22:05:11.932408,complete,Leucocytes,positive,I,YA,20.0,,,138.0,,,,,,,,,,,,,,,,,,,,,,
199,case_28,2024-04-10 23:32:41.932408,complete,Admission NC,positive,E,,,,,,,,,,,,,,,,,,,,,,,,,,,
200,case_28,2024-04-11 00:21:41.932408,complete,Admission NC,positive,F,,,,,,,,,,,,,,,,,,,,,,,,,,,
201,case_29,2024-04-10 15:46:11.932408,complete,Leucocytes,positive,I,YC,21.0,,,1234.0,,,,,,,,,,,,,,,,,,,,,,
202,case_29,2024-04-10 17:20:20.932408,complete,Leucocytes,positive,K,YA,21.0,,,1682.0,,,,,,,,,,,,,,,,,,,,,,
203,case_29,2024-04-10 18:31:04.932408,complete,CRP,positive,I,YA,20.0,50.0,,,,,,,,,,,,,,,,,,,,,,,,
204,case_29,2024-04-10 18:57:00.932408,complete,Leucocytes,positive,K,YB,20.0,,,138.0,,,,,,,,,,,,,,,,,,,,,,
205,case_29,2024-04-10 20:23:04.932408,complete,Leucocytes,positive,K,YC,20.0,,,138.0,,,,,,,,,,,,,,,,,,,,,,
206,case_29,2024-04-10 21:08:34.932408,complete,Leucocytes,positive,K,YA,71.0,,,3054.0,,,,,,,,,,,,,,,,,,,,,,
207,case_29,2024-04-10 21:45:23.932408,complete,CRP,positive,K,YD,21.0,51.0,,,,,,,,,,,,,,,,,,,,,,,,
208,case_29,2024-04-10 22:49:56.932408,complete,Admission NC,positive,A,,,,,,,,,,,,,,,,,,,,,,,,,,,
209,case_29,2024-04-10 23:52:48.932408,complete,Admission NC,positive,J,,,,,,,,,,,,,,,,,,,,,,,,,,,
