,case:concept:name,time:timestamp,lifecycle:transition,concept:name,case:label,org:group,LacticAcid,Diagnose,Age,Leucocytes,InfectionSuspected,DiagnosticBlood,DisfuncOrg,SIRSCritTachypnea,Hypotensie,SIRSCritHeartRate,Infusion,DiagnosticArtAstrup,DiagnosticIC,DiagnosticSputum,DiagnosticLiquor,DiagnosticOther,SIRSCriteria2OrMore,DiagnosticXthorax,SIRSCritTemperature,DiagnosticUrinaryCulture,SIRSCritLeucos,Oligurie,DiagnosticLacticAcid,Hypoxie,DiagnosticUrinarySediment,DiagnosticECG
0,case_0,2024-04-10 16:10:21.006304,complete,Return ER,positive,?,,,,,,,,,,,,,,,,,,,,,,,,,,
1,case_0,2024-04-10 17:21:56.006304,complete,Release B,positive,E,,,,,,,,,,,,,,,,,,,,,,,,,,
2,case_0,2024-04-10 18:00:08.006304,complete,Admission NC,positive,F,,,,,,,,,,,,,,,,,,,,,,,,,,
3,case_0,2024-04-10 19:19:22.006304,complete,Admission IC,positive,Y,,,,,,,,,,,,,,,,,,,,,,,,,,
4,case_0,2024-04-10 20:01:14.006304,complete,Admission NC,positive,Y,,,,,,,,,,,,,,,,,,,,,,,,,,
5,case_1,2024-04-10 16:08:11.006304,complete,Admission NC,positive,J,,,,,,,,,,,,,,,,,,,,,,,,,,
6,case_1,2024-04-10 17:13:45.006304,complete,IV Antibiotics,positive,Y,,,,,,,,,,,,,,,,,,,,,,,,,,
7,case_1,2024-04-10 18:09:19.006304,complete,Admission NC,positive,F,,,,,,,,,,,,,,,,,,,,,,,,,,
8,case_1,2024-04-10 18:57:18.006304,complete,IV Antibiotics,positive,L,,,,,,,,,,,,,,,,,,,,,,,,,,
9,case_1,2024-04-10 19:52:18.006304,complete,IV Antibiotics,positive,L,,,,,,,,,,,,,,,,,,,,,,,,,,
10,case_2,2024-04-10 15:40:46.006304,complete,Return ER,positive,?,,,,,,,,,,,,,,,,,,,,,,,,,,
11,case_2,2024-04-10 16:58:22.006304,complete,Release A,positive,E,,,,,,,,,,,,,,,,,,,,,,,,,,
12,case_2,2024-04-10 17:32:10.006304,complete,Admission NC,positive,F,,,,,,,,,,,,,,,,,,,,,,,,,,
13,case_2,2024-04-10 19:10:19.006304,complete,Admission NC,positive,F,,,,,,,,,,,,,,,,,,,,,,,,,,
14,case_2,2024-04-10 20:24:00.006304,complete,Release A,positive,Y,,,,,,,,,,,,,,,,,,,,,,,,,,
15,case_3,2024-04-10 16:00:12.006304,complete,Return ER,positive,?,,,,,,,,,,,,,,,,,,,,,,,,,,
16,case_3,2024-04-10 17:22:29.006304,complete,Release A,positive,E,,,,,,,,,,,,,,,,,,,,,,,,,,
17,case_3,2024-04-10 18:22:27.006304,complete,Admission NC,positive,F,,,,,,,,,,,,,,,,,,,,,,,,,,
18,case_3,2024-04-10 19:18:26.006304,complete,Admission NC,positive,F,,,,,,,,,,,,,,,,,,,,,,,,,,
19,case_3,2024-04-10 20:02:05.006304,complete,Return ER,positive,?,,,,,,,,,,,,,,,,,,,,,,,,,,
20,case_4,2024-04-10 16:09:47.006304,complete,Admission NC,positive,F,,,,,,,,,,,,,,,,,,,,,,,,,,
21,case_4,2024-04-10 17:09:20.006304,complete,LacticAcid,positive,Y,149.0,,,,,,,,,,,,,,,,,,,,,,,,,
22,case_4,2024-04-10 17:40:31.006304,complete,Admission NC,positive,F,,,,,,,,,,,,,,,,,,,,,,,,,,
23,case_4,2024-04-10 19:03:24.006304,complete,Release B,positive,E,,,,,,,,,,,,,,,,,,,,,,,,,,
24,case_4,2024-04-10 20:26:29.006304,complete,Leucocytes,positive,Y,,HE,90.0,137.0,,,,,,,,,,,,,,,,,,,,,,
25,case_5,2024-04-10 16:13:52.006304,complete,Admission NC,positive,J,,,,,,,,,,,,,,,,,,,,,,,,,,
26,case_5,2024-04-10 16:58:19.006304,complete,Admission NC,positive,Y,,,,,,,,,,,,,,,,,,,,,,,,,,
27,case_5,2024-04-10 18:04:54.006304,complete,Return ER,positive,?,,,,,,,,,,,,,,,,,,,,,,,,,,
28,case_5,2024-04-10 18:50:19.006304,complete,Release B,positive,E,,,,,,,,,,,,,,,,,,,,,,,,,,
29,case_5,2024-04-10 20:29:45.006304,complete,Leucocytes,positive,Y,,HE,90.0,137.0,,,,,,,,,,,,,,,,,,,,,,
30,case_6,2024-04-10 16:00:07.006304,complete,Admission NC,positive,F,,,,,,,,,,,,,,,,,,,,,,,,,,
31,case_6,2024-04-10 17:19:55.006304,complete,IV Antibiotics,positive,L,,,,,,,,,,,,,,,,,,,,,,,,,,
32,case_6,2024-04-10 18:27:16.006304,complete,Admission NC,positive,F,,,,,,,,,,,,,,,,,,,,,,,,,,
33,case_6,2024-04-10 19:24:13.006304,complete,IV Liquid,positive,Y,,HE,90.0,,,,,,,,,,,,,,,,,,,,,,,
34,case_6,2024-04-10 20:05:00.006304,complete,IV Antibiotics,positive,L,,,,,,,,,,,,,,,,,,,,,,,,,,
35,case_7,2024-04-10 15:47:23.006304,complete,Admission NC,positive,J,,,,,,,,,,,,,,,,,,,,,,,,,,
36,case_7,2024-04-10 16:57:29.006304,complete,ER Sepsis Triage,positive,Y,,HE,90.0,,,,,,,,,,,,,,,,,,,,,,,
37,case_7,2024-04-10 18:06:45.006304,complete,Admission NC,positive,F,,,,,,,,,,,,,,,,,,,,,,,,,,
38,case_7,2024-04-10 18:42:00.006304,complete,IV Antibiotics,positive,L,,,,,,,,,,,,,,,,,,,,,,,,,,
39,case_7,2024-04-10 19:39:54.006304,complete,ER Registration,positive,F,,HE,90.0,,false,false,true,false,true,false,false,true,false,false,true,true,false,false,false,false,true,true,false,true,false,false
40,case_8,2024-04-10 15:44:26.006304,complete,Admission NC,positive,J,,,,,,,,,,,,,,,,,,,,,,,,,,
41,case_8,2024-04-10 17:09:28.006304,complete,ER Registration,positive,Y,,HE,90.0,,false,false,true,false,true,false,false,true,false,false,true,true,false,false,false,false,true,false,false,true,false,false
42,case_8,2024-04-10 18:00:00.006304,complete,ER Triage,positive,Y,,HE,90.0,,,,,,,,,,,,,,,,,,,,,,,
43,case_8,2024-04-10 18:45:34.006304,complete,Admission NC,positive,F,,,,,,,,,,,,,,,,,,,,,,,,,,
44,case_8,2024-04-10 19:42:12.006304,complete,Admission IC,positive,Y,,,,,,,,,,,,,,,,,,,,,,,,,,
45,case_9,2024-04-10 16:00:53.006304,complete,Return ER,positive,?,,,,,,,,,,,,,,,,,,,,,,,,,,
46,case_9,2024-04-10 16:42:17.006304,complete,Release B,positive,E,,,,,,,,,,,,,,,,,,,,,,,,,,
47,case_9,2024-04-10 17:46:33.006304,complete,Admission NC,positive,F,,,,,,,,,,,,,,,,,,,,,,,,,,
48,case_9,2024-04-10 18:40:11.006304,complete,Admission IC,positive,Y,,,,,,,,,,,,,,,,,,,,,,,,,,
49,case_9,2024-04-10 19:47:52.006304,complete,Admission NC,positive,X,,,,,,,,,,,,,,,,,,,,,,,,,,
50,case_10,2024-04-10 15:58:01.006304,complete,Admission NC,positive,F,,,,,,,,,,,,,,,,,,,,,,,,,,
51,case_10,2024-04-10 17:15:34.006304,complete,Admission IC,positive,C,,,,,,,,,,,,,,,,,,,,,,,,,,
52,case_10,2024-04-10 18:04:44.006304,complete,Admission IC,positive,Y,,,,,,,,,,,,,,,,,,,,,,,,,,
53,case_10,2024-04-10 19:31:00.006304,complete,Leucocytes,positive,Y,,HE,90.0,137.0,,,,,,,,,,,,,,,,,,,,,,
54,case_10,2024-04-10 19:40:36.006304,complete,ER Triage,positive,C,,HE,90.0,,,,,,,,,,,,,,,,,,,,,,,
55,case_10,2024-04-10 20:48:49.006304,complete,Admission NC,positive,J,,,,,,,,,,,,,,,,,,,,,,,,,,
56,case_10,2024-04-10 21:45:15.006304,complete,Release B,positive,E,,,,,,,,,,,,,,,,,,,,,,,,,,
57,case_10,2024-04-10 22:50:09.006304,complete,Return ER,positive,J,,,,,,,,,,,,,,,,,,,,,,,,,,
58,case_10,2024-04-11 00:08:21.006304,complete,ER Triage,positive,Y,,HE,90.0,,,,,,,,,,,,,,,,,,,,,,,
59,case_10,2024-04-11 00:57:02.006304,complete,ER Triage,positive,C,,HE,90.0,,,,,,,,,,,,,,,,,,,,,,,
60,case_11,2024-04-10 15:33:22.006304,complete,ER Triage,positive,Y,,HE,90.0,,,,,,,,,,,,,,,,,,,,,,,
61,case_11,2024-04-10 17:09:11.006304,complete,ER Registration,positive,L,,HE,90.0,,false,false,true,false,true,false,false,true,false,false,true,false,false,false,false,false,false,true,false,false,false,false
62,case_11,2024-04-10 17:54:34.006304,complete,ER Sepsis Triage,positive,Y,,HE,90.0,,,,,,,,,,,,,,,,,,,,,,,
63,case_11,2024-04-10 18:43:31.006304,complete,ER Registration,positive,Y,,HE,90.0,,false,true,true,false,true,false,true,true,false,true,true,true,false,false,false,false,true,true,false,true,false,false
64,case_11,2024-04-10 20:07:07.006304,complete,Return ER,positive,Y,,,,,,,,,,,,,,,,,,,,,,,,,,
65,case_11,2024-04-10 21:06:17.006304,complete,Return ER,positive,?,,,,,,,,,,,,,,,,,,,,,,,,,,
66,case_11,2024-04-10 22:21:31.006304,complete,Admission NC,positive,F,,,,,,,,,,,,,,,,,,,,,,,,,,
67,case_11,2024-04-10 23:22:26.006304,complete,Admission IC,positive,Y,,,,,,,,,,,,,,,,,,,,,,,,,,
68,case_11,2024-04-10 23:39:44.006304,complete,Admission NC,positive,Y,,,,,,,,,,,,,,,,,,,,,,,,,,
69,case_11,2024-04-11 00:48:35.006304,complete,LacticAcid,positive,Y,149.0,,,,,,,,,,,,,,,,,,,,,,,,,
70,case_12,2024-04-10 16:22:34.006304,complete,Admission NC,positive,Y,,,,,,,,,,,,,,,,,,,,,,,,,,
71,case_12,2024-04-10 17:01:15.006304,complete,Release A,positive,Y,,,,,,,,,,,,,,,,,,,,,,,,,,
72,case_12,2024-04-10 18:31:07.006304,complete,Admission IC,positive,Y,,,,,,,,,,,,,,,,,,,,,,,,,,
73,case_12,2024-04-10 19:21:56.006304,complete,Release B,positive,E,,,,,,,,,,,,,,,,,,,,,,,,,,
74,case_12,2024-04-10 20:15:40.006304,complete,Admission IC,positive,?,,,,,,,,,,,,,,,,,,,,,,,,,,
75,case_12,2024-04-10 20:46:53.006304,complete,Admission NC,positive,Y,,,,,,,,,,,,,,,,,,,,,,,,,,
76,case_12,2024-04-10 22:25:29.006304,complete,Leucocytes,positive,Y,,HE,90.0,137.0,,,,,,,,,,,,,,,,,,,,,,
77,case_12,2024-04-10 22:38:56.006304,complete,Leucocytes,positive,Y,,HE,90.0,137.0,,,,,,,,,,,,,,,,,,,,,,
78,case_12,2024-04-11 00:22:37.006304,complete,Admission IC,positive,L,,,,,,,,,,,,,,,,,,,,,,,,,,
79,case_13,2024-04-10 16:27:26.006304,complete,Return ER,positive,?,,,,,,,,,,,,,,,,,,,,,,,,,,
80,case_13,2024-04-10 16:42:12.006304,complete,ER Triage,positive,Y,,HE,90.0,,,,,,,,,,,,,,,,,,,,,,,
81,case_13,2024-04-10 17:49:42.006304,complete,Admission NC,positive,Y,,,,,,,,,,,,,,,,,,,,,,,,,,
82,case_13,2024-04-10 18:49:00.006304,complete,ER Registration,positive,Y,,HE,90.0,,false,false,true,true,true,false,false,true,false,true,true,true,true,false,false,false,false,true,false,false,false,false
83,case_13,2024-04-10 19:33:55.006304,complete,Return ER,positive,?,,,,,,,,,,,,,,,,,,,,,,,,,,
84,case_13,2024-04-10 20:42:13.006304,complete,Release A,positive,Y,,,,,,,,,,,,,,,,,,,,,,,,,,
85,case_13,2024-04-10 21:57:26.006304,complete,Release B,positive,E,,,,,,,,,,,,,,,,,,,,,,,,,,
86,case_13,2024-04-10 22:42:08.006304,complete,Release B,positive,E,,,,,,,,,,,,,,,,,,,,,,,,,,
87,case_13,2024-04-11 00:20:22.006304,complete,Admission NC,positive,Y,,,,,,,,,,,,,,,,,,,,,,,,,,
88,case_14,2024-04-10 15:58:19.006304,complete,Admission NC,positive,J,,,,,,,,,,,,,,,,,,,,,,,,,,
89,case_14,2024-04-10 17:22:27.006304,complete,Admission NC,positive,J,,,,,,,,,,,,,,,,,,,,,,,,,,
90,case_14,2024-04-10 18:11:48.006304,complete,Return ER,positive,?,,,,,,,,,,,,,,,,,,,,,,,,,,
91,case_14,2024-04-10 18:48:38.006304,complete,Release A,positive,E,,,,,,,,,,,,,,,,,,,,,,,,,,
92,case_14,2024-04-10 19:52:21.006304,complete,Return ER,positive,?,,,,,,,,,,,,,,,,,,,,,,,,,,
93,case_14,2024-04-10 21:17:23.006304,complete,Release B,positive,E,,,,,,,,,,,,,,,,,,,,,,,,,,
94,case_14,2024-04-10 22:16:48.006304,complete,IV Antibiotics,positive,L,,,,,,,,,,,,,,,,,,,,,,,,,,
95,case_14,2024-04-10 23:06:25.006304,complete,Admission NC,positive,J,,,,,,,,,,,,,,,,,,,,,,,,,,
96,case_14,2024-04-10 23:58:49.006304,complete,ER Registration,positive,Y,,HE,90.0,,false,false,true,false,true,false,false,true,false,false,true,true,false,false,false,false,true,true,false,true,false,false
97,case_15,2024-04-10 15:49:54.006304,complete,ER Triage,positive,C,,HE,90.0,,,,,,,,,,,,,,,,,,,,,,,
98,case_15,2024-04-10 16:56:54.006304,complete,Release B,positive,F,,,,,,,,,,,,,,,,,,,,,,,,,,
99,case_15,2024-04-10 18:14:14.006304,complete,Admission IC,positive,Y,,,,,,,,,,,,,,,,,,,,,,,,,,
100,case_15,2024-04-10 18:57:45.006304,complete,Return ER,positive,Y,,,,,,,,,,,,,,,,,,,,,,,,,,
101,case_15,2024-04-10 20:20:59.006304,complete,Admission NC,positive,Y,,,,,,,,,,,,,,,,,,,,,,,,,,
102,case_15,2024-04-10 21:03:55.006304,complete,Release B,positive,Y,,,,,,,,,,,,,,,,,,,,,,,,,,
103,case_15,2024-04-10 21:39:37.006304,complete,ER Triage,positive,C,,HE,90.0,,,,,,,,,,,,,,,,,,,,,,,
104,case_15,2024-04-10 22:52:22.006304,complete,Release A,positive,Y,,,,,,,,,,,,,,,,,,,,,,,,,,
105,case_15,2024-04-11 00:16:20.006304,complete,Admission NC,positive,J,,,,,,,,,,,,,,,,,,,,,,,,,,
106,case_16,2024-04-10 16:00:58.006304,complete,Admission NC,positive,Y,,,,,,,,,,,,,,,,,,,,,,,,,,
107,case_16,2024-04-10 16:38:31.006304,complete,Release A,positive,Y,,,,,,,,,,,,,,,,,,,,,,,,,,
108,case_16,2024-04-10 17:41:16.006304,complete,Admission IC,positive,Y,,,,,,,,,,,,,,,,,,,,,,,,,,
109,case_16,2024-04-10 18:37:43.006304,complete,Release B,positive,E,,,,,,,,,,,,,,,,,,,,,,,,,,
110,case_16,2024-04-10 19:35:51.006304,complete,Admission IC,positive,?,,,,,,,,,,,,,,,,,,,,,,,,,,
111,case_16,2024-04-10 20:34:13.006304,complete,Admission NC,positive,Y,,,,,,,,,,,,,,,,,,,,,,,,,,
112,case_16,2024-04-10 21:55:54.006304,complete,Leucocytes,positive,Y,,HE,90.0,137.0,,,,,,,,,,,,,,,,,,,,,,
113,case_16,2024-04-10 23:02:04.006304,complete,Leucocytes,positive,Y,,HE,90.0,137.0,,,,,,,,,,,,,,,,,,,,,,
114,case_16,2024-04-11 00:29:57.006304,complete,Admission IC,positive,Y,,,,,,,,,,,,,,,,,,,,,,,,,,
115,case_17,2024-04-10 15:51:11.006304,complete,Return ER,positive,?,,,,,,,,,,,,,,,,,,,,,,,,,,
116,case_17,2024-04-10 16:55:30.006304,complete,ER Triage,positive,Y,,HE,90.0,,,,,,,,,,,,,,,,,,,,,,,
117,case_17,2024-04-10 18:07:54.006304,complete,Admission NC,positive,Y,,,,,,,,,,,,,,,,,,,,,,,,,,
118,case_17,2024-04-10 18:48:24.006304,complete,ER Registration,positive,Y,,HE,90.0,,false,false,true,true,true,false,false,true,false,true,true,true,true,false,false,false,false,true,false,false,false,true
119,case_17,2024-04-10 20:31:47.006304,complete,Return ER,positive,?,,,,,,,,,,,,,,,,,,,,,,,,,,
120,case_17,2024-04-10 20:32:59.006304,complete,Release A,positive,Y,,,,,,,,,,,,,,,,,,,,,,,,,,
121,case_17,2024-04-10 22:00:50.006304,complete,Release B,positive,E,,,,,,,,,,,,,,,,,,,,,,,,,,
122,case_17,2024-04-10 22:50:40.006304,complete,Release B,positive,E,,,,,,,,,,,,,,,,,,,,,,,,,,
123,case_17,2024-04-11 00:04:15.006304,complete,Admission NC,positive,Y,,,,,,,,,,,,,,,,,,,,,,,,,,
124,case_18,2024-04-10 16:08:34.006304,complete,Admission NC,positive,F,,,,,,,,,,,,,,,,,,,,,,,,,,
125,case_18,2024-04-10 17:27:59.006304,complete,Admission NC,positive,J,,,,,,,,,,,,,,,,,,,,,,,,,,
126,case_18,2024-04-10 17:58:21.006304,complete,Admission IC,positive,J,,,,,,,,,,,,,,,,,,,,,,,,,,
127,case_18,2024-04-10 19:29:55.006304,complete,Admission NC,positive,J,,,,,,,,,,,,,,,,,,,,,,,,,,
128,case_18,2024-04-10 19:36:02.006304,complete,Admission IC,positive,J,,,,,,,,,,,,,,,,,,,,,,,,,,
129,case_18,2024-04-10 21:10:58.006304,complete,Admission NC,positive,J,,,,,,,,,,,,,,,,,,,,,,,,,,
130,case_19,2024-04-10 16:18:38.006304,complete,Admission NC,positive,Y,,,,,,,,,,,,,,,,,,,,,,,,,,
131,case_19,2024-04-10 16:58:52.006304,complete,ER Triage,positive,Y,,HE,90.0,,,,,,,,,,,,,,,,,,,,,,,
132,case_19,2024-04-10 17:36:03.006304,complete,Release B,positive,E,,,,,,,,,,,,,,,,,,,,,,,,,,
133,case_19,2024-04-10 19:09:57.006304,complete,Return ER,positive,?,,,,,,,,,,,,,,,,,,,,,,,,,,
134,case_19,2024-04-10 19:49:50.006304,complete,Return ER,positive,Y,,,,,,,,,,,,,,,,,,,,,,,,,,
135,case_19,2024-04-10 20:57:03.006304,complete,Admission NC,positive,J,,,,,,,,,,,,,,,,,,,,,,,,,,
136,case_20,2024-04-10 15:47:52.006304,complete,Admission NC,positive,F,,,,,,,,,,,,,,,,,,,,,,,,,,
137,case_20,2024-04-10 17:09:19.006304,complete,IV Antibiotics,positive,A,,,,,,,,,,,,,,,,,,,,,,,,,,
138,case_20,2024-04-10 17:32:51.006304,complete,ER Triage,positive,C,,HE,90.0,,,,,,,,,,,,,,,,,,,,,,,
139,case_20,2024-04-10 19:18:19.006304,complete,Return ER,positive,?,,,,,,,,,,,,,,,,,,,,,,,,,,
140,case_20,2024-04-10 20:31:51.006304,complete,Return ER,positive,Y,,,,,,,,,,,,,,,,,,,,,,,,,,
141,case_20,2024-04-10 20:47:17.006304,complete,Admission NC,positive,J,,,,,,,,,,,,,,,,,,,,,,,,,,
142,case_21,2024-04-10 15:49:02.006304,complete,Admission NC,positive,J,,,,,,,,,,,,,,,,,,,,,,,,,,
143,case_21,2024-04-10 16:51:49.006304,complete,ER Triage,positive,C,,HE,90.0,,,,,,,,,,,,,,,,,,,,,,,
144,case_21,2024-04-10 18:12:12.006304,complete,IV Liquid,positive,Y,,HE,90.0,,,,,,,,,,,,,,,,,,,,,,,
145,case_21,2024-04-10 18:52:48.006304,complete,Admission NC,positive,F,,,,,,,,,,,,,,,,,,,,,,,,,,
146,case_21,2024-04-10 19:44:37.006304,complete,Release B,positive,Y,,,,,,,,,,,,,,,,,,,,,,,,,,
147,case_21,2024-04-10 21:20:21.006304,complete,Admission IC,positive,C,,,,,,,,,,,,,,,,,,,,,,,,,,
148,case_22,2024-04-10 16:25:43.006304,complete,Admission NC,positive,F,,,,,,,,,,,,,,,,,,,,,,,,,,
149,case_22,2024-04-10 16:38:53.006304,complete,IV Antibiotics,positive,A,,,,,,,,,,,,,,,,,,,,,,,,,,
150,case_22,2024-04-10 18:08:41.006304,complete,ER Triage,positive,C,,HE,90.0,,,,,,,,,,,,,,,,,,,,,,,
151,case_22,2024-04-10 19:17:51.006304,complete,Return ER,positive,?,,,,,,,,,,,,,,,,,,,,,,,,,,
152,case_22,2024-04-10 19:49:48.006304,complete,Return ER,positive,X,,,,,,,,,,,,,,,,,,,,,,,,,,
153,case_22,2024-04-10 21:09:36.006304,complete,Admission NC,positive,J,,,,,,,,,,,,,,,,,,,,,,,,,,
154,case_23,2024-04-10 15:43:03.006304,complete,Return ER,positive,?,,,,,,,,,,,,,,,,,,,,,,,,,,
155,case_23,2024-04-10 17:02:53.006304,complete,Release B,positive,E,,,,,,,,,,,,,,,,,,,,,,,,,,
156,case_23,2024-04-10 17:54:00.006304,complete,ER Triage,positive,C,,HE,90.0,,,,,,,,,,,,,,,,,,,,,,,
157,case_23,2024-04-10 18:51:38.006304,complete,IV Antibiotics,positive,L,,,,,,,,,,,,,,,,,,,,,,,,,,
158,case_23,2024-04-10 19:55:13.006304,complete,IV Antibiotics,positive,L,,,,,,,,,,,,,,,,,,,,,,,,,,
159,case_23,2024-04-10 20:46:58.006304,complete,Admission NC,positive,Y,,,,,,,,,,,,,,,,,,,,,,,,,,
160,case_23,2024-04-10 21:59:30.006304,complete,Admission NC,positive,C,,,,,,,,,,,,,,,,,,,,,,,,,,
161,case_24,2024-04-10 15:39:00.006304,complete,Admission NC,positive,J,,,,,,,,,,,,,,,,,,,,,,,,,,
162,case_24,2024-04-10 17:32:04.006304,complete,Return ER,positive,?,,,,,,,,,,,,,,,,,,,,,,,,,,
163,case_24,2024-04-10 18:02:04.006304,complete,Release A,positive,E,,,,,,,,,,,,,,,,,,,,,,,,,,
164,case_24,2024-04-10 19:00:43.006304,complete,ER Registration,positive,Y,,HE,90.0,,false,false,true,false,true,false,false,true,false,false,true,true,false,false,false,false,true,true,false,true,false,false
165,case_24,2024-04-10 20:30:40.006304,complete,Admission NC,positive,F,,,,,,,,,,,,,,,,,,,,,,,,,,
166,case_24,2024-04-10 21:25:16.006304,complete,Return ER,positive,?,,,,,,,,,,,,,,,,,,,,,,,,,,
167,case_24,2024-04-10 21:32:55.006304,complete,Leucocytes,positive,Y,,HE,90.0,137.0,,,,,,,,,,,,,,,,,,,,,,
168,case_25,2024-04-10 16:18:41.006304,complete,Admission NC,positive,Y,,,,,,,,,,,,,,,,,,,,,,,,,,
169,case_25,2024-04-10 16:33:25.006304,complete,Admission NC,positive,J,,,,,,,,,,,,,,,,,,,,,,,,,,
170,case_25,2024-04-10 17:40:38.006304,complete,Leucocytes,positive,Y,,HE,90.0,137.0,,,,,,,,,,,,,,,,,,,,,,
171,case_25,2024-04-10 18:32:21.006304,complete,Admission NC,positive,J,,,,,,,,,,,,,,,,,,,,,,,,,,
172,case_25,2024-04-10 20:05:24.006304,complete,Admission IC,positive,J,,,,,,,,,,,,,,,,,,,,,,,,,,
173,case_25,2024-04-10 20:51:11.006304,complete,Admission NC,positive,J,,,,,,,,,,,,,,,,,,,,,,,,,,
174,case_25,2024-04-10 21:47:07.006304,complete,Admission NC,positive,J,,,,,,,,,,,,,,,,,,,,,,,,,,
175,case_26,2024-04-10 16:21:48.006304,complete,Return ER,positive,?,,,,,,,,,,,,,,,,,,,,,,,,,,
176,case_26,2024-04-10 16:41:36.006304,complete,ER Registration,positive,Y,,HE,90.0,,false,false,true,false,true,false,false,true,false,false,true,true,false,false,false,false,true,true,false,true,false,false
177,case_26,2024-04-10 17:52:32.006304,complete,Return ER,positive,?,,,,,,,,,,,,,,,,,,,,,,,,,,
178,case_26,2024-04-10 19:06:31.006304,complete,Release A,positive,E,,,,,,,,,,,,,,,,,,,,,,,,,,
179,case_26,2024-04-10 19:45:27.006304,complete,Admission NC,positive,F,,,,,,,,,,,,,,,,,,,,,,,,,,
180,case_26,2024-04-10 20:36:57.006304,complete,ER Triage,positive,C,,HE,90.0,,,,,,,,,,,,,,,,,,,,,,,
181,case_26,2024-04-10 22:18:47.006304,complete,Admission NC,positive,J,,,,,,,,,,,,,,,,,,,,,,,,,,
182,case_27,2024-04-10 15:52:22.006304,complete,Return ER,positive,?,,,,,,,,,,,,,,,,,,,,,,,,,,
183,case_27,2024-04-10 16:59:01.006304,complete,Release B,positive,E,,,,,,,,,,,,,,,,,,,,,,,,,,
184,case_27,2024-04-10 18:08:44.006304,complete,ER Triage,positive,C,,HE,90.0,,,,,,,,,,,,,,,,,,,,,,,
185,case_27,2024-04-10 19:26:06.006304,complete,IV Antibiotics,positive,L,,,,,,,,,,,,,,,,,,,,,,,,,,
186,case_27,2024-04-10 19:45:10.006304,complete,IV Antibiotics,positive,L,,,,,,,,,,,,,,,,,,,,,,,,,,
187,case_27,2024-04-10 21:09:05.006304,complete,Admission NC,positive,Y,,,,,,,,,,,,,,,,,,,,,,,,,,
188,case_27,2024-04-10 21:42:20.006304,complete,Admission NC,positive,Y,,,,,,,,,,,,,,,,,,,,,,,,,,
189,case_28,2024-04-10 16:09:14.006304,complete,Admission NC,positive,J,,,,,,,,,,,,,,,,,,,,,,,,,,
190,case_28,2024-04-10 16:48:07.006304,complete,Return ER,positive,?,,,,,,,,,,,,,,,,,,,,,,,,,,
191,case_28,2024-04-10 18:13:48.006304,complete,Release A,positive,E,,,,,,,,,,,,,,,,,,,,,,,,,,
192,case_28,2024-04-10 18:35:37.006304,complete,ER Registration,positive,Y,,HE,90.0,,false,false,true,false,true,false,false,true,false,false,true,true,false,false,false,false,true,true,false,true,false,true
193,case_28,2024-04-10 20:11:07.006304,complete,Admission NC,positive,F,,,,,,,,,,,,,,,,,,,,,,,,,,
194,case_28,2024-04-10 20:51:07.006304,complete,Return ER,positive,?,,,,,,,,,,,,,,,,,,,,,,,,,,
195,case_28,2024-04-10 22:05:00.006304,complete,Leucocytes,positive,Y,,HE,90.0,137.0,,,,,,,,,,,,,,,,,,,,,,
196,case_29,2024-04-10 15:36:22.006304,complete,Admission NC,positive,J,,,,,,,,,,,,,,,,,,,,,,,,,,
197,case_29,2024-04-10 17:06:26.006304,complete,ER Registration,positive,Y,,HE,90.0,,false,false,true,false,true,false,false,true,false,false,true,true,false,false,true,false,true,true,false,true,false,false
198,case_29,2024-04-10 17:57:22.006304,complete,Return ER,positive,?,,,,,,,,,,,,,,,,,,,,,,,,,,
199,case_29,2024-04-10 19:00:42.006304,complete,ER Sepsis Triage,positive,Y,,HE,90.0,,,,,,,,,,,,,,,,,,,,,,,
200,case_29,2024-04-10 20:30:23.006304,complete,Admission NC,positive,F,,,,,,,,,,,,,,,,,,,,,,,,,,
201,case_29,2024-04-10 20:55:21.006304,complete,Return ER,positive,?,,,,,,,,,,,,,,,,,,,,,,,,,,
202,case_29,2024-04-10 22:25:49.006304,complete,Release A,positive,E,,,,,,,,,,,,,,,,,,,,,,,,,,
203,case_29,2024-04-10 23:29:41.006304,complete,Return ER,positive,?,,,,,,,,,,,,,,,,,,,,,,,,,,
