,case:concept:name,time:timestamp,lifecycle:transition,concept:name,case:label,org:group,LacticAcid,Diagnose,Age,Leucocytes,InfectionSuspected,DiagnosticBlood,DisfuncOrg,SIRSCritTachypnea,Hypotensie,SIRSCritHeartRate,Infusion,DiagnosticArtAstrup,DiagnosticIC,DiagnosticSputum,DiagnosticLiquor,DiagnosticOther,SIRSCriteria2OrMore,DiagnosticXthorax,SIRSCritTemperature,DiagnosticUrinaryCulture,SIRSCritLeucos,Oligurie,DiagnosticLacticAcid,Hypoxie,DiagnosticUrinarySediment,DiagnosticECG
0,case_0,2024-04-10 16:34:46.034629,complete,LacticAcid,positive,Y,149.0,,,,,,,,,,,,,,,,,,,,,,,,,
1,case_0,2024-04-10 16:52:38.034629,complete,Admission NC,positive,F,,,,,,,,,,,,,,,,,,,,,,,,,,
2,case_0,2024-04-10 17:38:17.034629,complete,Release B,positive,E,,,,,,,,,,,,,,,,,,,,,,,,,,
3,case_0,2024-04-10 18:41:31.034629,complete,Admission NC,positive,J,,,,,,,,,,,,,,,,,,,,,,,,,,
4,case_0,2024-04-10 20:06:29.034629,complete,Leucocytes,positive,Y,,HE,90.0,137.0,,,,,,,,,,,,,,,,,,,,,,
5,case_0,2024-04-10 20:57:24.034629,complete,Release B,positive,E,,,,,,,,,,,,,,,,,,,,,,,,,,
6,case_1,2024-04-10 16:26:46.034629,complete,ER Registration,positive,Y,,HE,90.0,,false,false,true,false,true,false,false,true,false,false,true,true,false,false,false,false,true,true,false,true,false,false
7,case_1,2024-04-10 16:51:17.034629,complete,IV Antibiotics,positive,F,,,,,,,,,,,,,,,,,,,,,,,,,,
8,case_1,2024-04-10 17:51:30.034629,complete,Release B,positive,E,,,,,,,,,,,,,,,,,,,,,,,,,,
9,case_1,2024-04-10 19:09:24.034629,complete,Admission NC,positive,Y,,,,,,,,,,,,,,,,,,,,,,,,,,
10,case_1,2024-04-10 20:15:18.034629,complete,Admission NC,positive,E,,,,,,,,,,,,,,,,,,,,,,,,,,
11,case_1,2024-04-10 21:18:37.034629,complete,ER Triage,positive,C,,HE,90.0,,,,,,,,,,,,,,,,,,,,,,,
12,case_2,2024-04-10 16:12:28.034629,complete,LacticAcid,positive,Y,149.0,,,,,,,,,,,,,,,,,,,,,,,,,
13,case_2,2024-04-10 17:30:12.034629,complete,Admission NC,positive,F,,,,,,,,,,,,,,,,,,,,,,,,,,
14,case_2,2024-04-10 17:59:55.034629,complete,Return ER,positive,?,,,,,,,,,,,,,,,,,,,,,,,,,,
15,case_2,2024-04-10 19:17:46.034629,complete,Admission NC,positive,J,,,,,,,,,,,,,,,,,,,,,,,,,,
16,case_2,2024-04-10 19:49:03.034629,complete,ER Registration,positive,Y,,HE,90.0,,false,false,true,false,true,false,false,true,false,false,true,true,false,false,false,false,true,true,false,true,false,false
17,case_2,2024-04-10 21:22:26.034629,complete,Release B,positive,E,,,,,,,,,,,,,,,,,,,,,,,,,,
18,case_3,2024-04-10 15:58:42.034629,complete,Admission NC,positive,J,,,,,,,,,,,,,,,,,,,,,,,,,,
19,case_3,2024-04-10 16:38:19.034629,complete,Admission IC,positive,J,,,,,,,,,,,,,,,,,,,,,,,,,,
20,case_3,2024-04-10 18:30:14.034629,complete,Admission NC,positive,J,,,,,,,,,,,,,,,,,,,,,,,,,,
21,case_3,2024-04-10 19:34:17.034629,complete,Admission IC,positive,J,,,,,,,,,,,,,,,,,,,,,,,,,,
22,case_3,2024-04-10 19:40:59.034629,complete,Admission NC,positive,J,,,,,,,,,,,,,,,,,,,,,,,,,,
23,case_3,2024-04-10 21:04:10.034629,complete,IV Antibiotics,positive,L,,,,,,,,,,,,,,,,,,,,,,,,,,
24,case_3,2024-04-10 21:43:17.034629,complete,Release B,positive,E,,,,,,,,,,,,,,,,,,,,,,,,,,
25,case_3,2024-04-10 23:05:46.034629,complete,Admission IC,positive,K,,,,,,,,,,,,,,,,,,,,,,,,,,
26,case_3,2024-04-11 00:25:30.034629,complete,Return ER,positive,?,,,,,,,,,,,,,,,,,,,,,,,,,,
27,case_3,2024-04-11 01:36:36.034629,complete,ER Sepsis Triage,positive,C,,HE,90.0,,,,,,,,,,,,,,,,,,,,,,,
28,case_4,2024-04-10 15:52:44.034629,complete,Release B,positive,E,,,,,,,,,,,,,,,,,,,,,,,,,,
29,case_4,2024-04-10 17:29:29.034629,complete,IV Antibiotics,positive,K,,,,,,,,,,,,,,,,,,,,,,,,,,
30,case_4,2024-04-10 18:22:53.034629,complete,Release B,positive,E,,,,,,,,,,,,,,,,,,,,,,,,,,
31,case_4,2024-04-10 19:22:35.034629,complete,ER Triage,positive,C,,HE,90.0,,,,,,,,,,,,,,,,,,,,,,,
32,case_4,2024-04-10 19:40:25.034629,complete,Admission NC,positive,Y,,,,,,,,,,,,,,,,,,,,,,,,,,
33,case_4,2024-04-10 21:03:16.034629,complete,Admission NC,positive,J,,,,,,,,,,,,,,,,,,,,,,,,,,
34,case_4,2024-04-10 22:28:57.034629,complete,ER Triage,positive,C,,HE,90.0,,,,,,,,,,,,,,,,,,,,,,,
35,case_4,2024-04-10 22:52:12.034629,complete,IV Antibiotics,positive,L,,,,,,,,,,,,,,,,,,,,,,,,,,
36,case_4,2024-04-10 23:52:01.034629,complete,ER Sepsis Triage,positive,L,,HE,90.0,,,,,,,,,,,,,,,,,,,,,,,
37,case_4,2024-04-11 00:58:24.034629,complete,IV Antibiotics,positive,L,,,,,,,,,,,,,,,,,,,,,,,,,,
38,case_5,2024-04-10 15:54:24.034629,complete,Release B,positive,E,,,,,,,,,,,,,,,,,,,,,,,,,,
39,case_5,2024-04-10 16:54:18.034629,complete,IV Antibiotics,positive,K,,,,,,,,,,,,,,,,,,,,,,,,,,
40,case_5,2024-04-10 17:47:36.034629,complete,Release B,positive,E,,,,,,,,,,,,,,,,,,,,,,,,,,
41,case_5,2024-04-10 19:23:19.034629,complete,Admission IC,positive,Y,,,,,,,,,,,,,,,,,,,,,,,,,,
42,case_5,2024-04-10 19:54:28.034629,complete,Admission NC,positive,J,,,,,,,,,,,,,,,,,,,,,,,,,,
43,case_5,2024-04-10 21:34:56.034629,complete,IV Antibiotics,positive,L,,,,,,,,,,,,,,,,,,,,,,,,,,
44,case_5,2024-04-10 22:35:08.034629,complete,ER Sepsis Triage,positive,L,,HE,90.0,,,,,,,,,,,,,,,,,,,,,,,
45,case_5,2024-04-10 23:35:02.034629,complete,IV Antibiotics,positive,L,,,,,,,,,,,,,,,,,,,,,,,,,,
46,case_5,2024-04-10 23:53:01.034629,complete,Admission NC,positive,J,,,,,,,,,,,,,,,,,,,,,,,,,,
47,case_5,2024-04-11 01:31:49.034629,complete,Return ER,positive,?,,,,,,,,,,,,,,,,,,,,,,,,,,
48,case_6,2024-04-10 15:43:46.034629,complete,Release B,positive,E,,,,,,,,,,,,,,,,,,,,,,,,,,
49,case_6,2024-04-10 16:52:55.034629,complete,Admission NC,positive,Y,,,,,,,,,,,,,,,,,,,,,,,,,,
50,case_6,2024-04-10 18:04:23.034629,complete,Admission NC,positive,E,,,,,,,,,,,,,,,,,,,,,,,,,,
51,case_6,2024-04-10 18:58:51.034629,complete,ER Sepsis Triage,positive,Y,,HE,90.0,,,,,,,,,,,,,,,,,,,,,,,
52,case_6,2024-04-10 19:44:01.034629,complete,Admission IC,positive,Y,,,,,,,,,,,,,,,,,,,,,,,,,,
53,case_6,2024-04-10 21:25:18.034629,complete,IV Antibiotics,positive,L,,,,,,,,,,,,,,,,,,,,,,,,,,
54,case_6,2024-04-10 22:16:35.034629,complete,ER Sepsis Triage,positive,L,,HE,90.0,,,,,,,,,,,,,,,,,,,,,,,
55,case_6,2024-04-10 23:26:38.034629,complete,IV Antibiotics,positive,L,,,,,,,,,,,,,,,,,,,,,,,,,,
56,case_6,2024-04-11 00:19:46.034629,complete,ER Sepsis Triage,positive,L,,HE,90.0,,,,,,,,,,,,,,,,,,,,,,,
57,case_6,2024-04-11 01:28:56.034629,complete,IV Antibiotics,positive,L,,,,,,,,,,,,,,,,,,,,,,,,,,
58,case_7,2024-04-10 15:48:31.034629,complete,Admission NC,positive,J,,,,,,,,,,,,,,,,,,,,,,,,,,
59,case_7,2024-04-10 17:18:30.034629,complete,Admission NC,positive,Y,,,,,,,,,,,,,,,,,,,,,,,,,,
60,case_7,2024-04-10 18:27:09.034629,complete,IV Antibiotics,positive,L,,,,,,,,,,,,,,,,,,,,,,,,,,
61,case_7,2024-04-10 18:38:14.034629,complete,ER Sepsis Triage,positive,L,,HE,90.0,,,,,,,,,,,,,,,,,,,,,,,
62,case_7,2024-04-10 19:51:12.034629,complete,IV Antibiotics,positive,L,,,,,,,,,,,,,,,,,,,,,,,,,,
63,case_7,2024-04-10 21:03:13.034629,complete,ER Sepsis Triage,positive,L,,HE,90.0,,,,,,,,,,,,,,,,,,,,,,,
64,case_7,2024-04-10 22:33:46.034629,complete,IV Antibiotics,positive,L,,,,,,,,,,,,,,,,,,,,,,,,,,
65,case_7,2024-04-10 22:41:25.034629,complete,Admission NC,positive,F,,,,,,,,,,,,,,,,,,,,,,,,,,
66,case_7,2024-04-11 00:17:10.034629,complete,Admission NC,positive,F,,,,,,,,,,,,,,,,,,,,,,,,,,
67,case_7,2024-04-11 01:22:33.034629,complete,ER Registration,positive,W,,HE,90.0,,false,false,true,false,true,false,false,true,false,false,true,true,false,false,false,false,true,true,false,true,false,false
68,case_8,2024-04-10 16:10:44.034629,complete,ER Triage,positive,C,,HE,90.0,,,,,,,,,,,,,,,,,,,,,,,
69,case_8,2024-04-10 17:07:32.034629,complete,Admission NC,positive,Y,,,,,,,,,,,,,,,,,,,,,,,,,,
70,case_8,2024-04-10 17:42:59.034629,complete,Leucocytes,positive,Y,,HE,90.0,137.0,,,,,,,,,,,,,,,,,,,,,,
71,case_8,2024-04-10 18:57:48.034629,complete,Admission NC,positive,F,,,,,,,,,,,,,,,,,,,,,,,,,,
72,case_8,2024-04-10 20:23:41.034629,complete,Release B,positive,E,,,,,,,,,,,,,,,,,,,,,,,,,,
73,case_8,2024-04-10 20:48:53.034629,complete,Admission NC,positive,K,,,,,,,,,,,,,,,,,,,,,,,,,,
74,case_8,2024-04-10 21:56:33.034629,complete,Release B,positive,E,,,,,,,,,,,,,,,,,,,,,,,,,,
75,case_8,2024-04-10 23:07:14.034629,complete,ER Triage,positive,C,,HE,90.0,,,,,,,,,,,,,,,,,,,,,,,
76,case_8,2024-04-11 00:18:59.034629,complete,Admission NC,positive,F,,,,,,,,,,,,,,,,,,,,,,,,,,
77,case_8,2024-04-11 01:11:37.034629,complete,ER Registration,positive,W,,HE,90.0,,false,false,true,false,true,false,false,true,false,false,true,true,false,false,false,false,true,true,false,true,false,false
78,case_9,2024-04-10 16:34:05.034629,complete,IV Antibiotics,positive,Y,,,,,,,,,,,,,,,,,,,,,,,,,,
79,case_9,2024-04-10 17:17:28.034629,complete,ER Triage,positive,C,,HE,90.0,,,,,,,,,,,,,,,,,,,,,,,
80,case_9,2024-04-10 18:29:09.034629,complete,Admission NC,positive,?,,,,,,,,,,,,,,,,,,,,,,,,,,
81,case_9,2024-04-10 18:53:59.034629,complete,Admission NC,positive,?,,,,,,,,,,,,,,,,,,,,,,,,,,
82,case_9,2024-04-10 20:17:56.034629,complete,IV Antibiotics,positive,L,,,,,,,,,,,,,,,,,,,,,,,,,,
83,case_9,2024-04-10 21:23:53.034629,complete,ER Sepsis Triage,positive,Y,,HE,90.0,,,,,,,,,,,,,,,,,,,,,,,
84,case_9,2024-04-10 22:26:30.034629,complete,ER Triage,positive,C,,HE,90.0,,,,,,,,,,,,,,,,,,,,,,,
85,case_9,2024-04-10 22:59:37.034629,complete,Admission NC,positive,F,,,,,,,,,,,,,,,,,,,,,,,,,,
86,case_9,2024-04-10 23:40:48.034629,complete,ER Triage,positive,C,,HE,90.0,,,,,,,,,,,,,,,,,,,,,,,
87,case_9,2024-04-11 00:59:24.034629,complete,Return ER,positive,?,,,,,,,,,,,,,,,,,,,,,,,,,,
88,case_10,2024-04-10 16:21:05.034629,complete,Admission NC,positive,J,,,,,,,,,,,,,,,,,,,,,,,,,,
89,case_10,2024-04-10 17:33:41.034629,complete,Admission NC,positive,C,,,,,,,,,,,,,,,,,,,,,,,,,,
90,case_10,2024-04-10 18:01:49.034629,complete,IV Antibiotics,positive,L,,,,,,,,,,,,,,,,,,,,,,,,,,
91,case_10,2024-04-10 19:16:35.034629,complete,ER Sepsis Triage,positive,L,,HE,90.0,,,,,,,,,,,,,,,,,,,,,,,
92,case_10,2024-04-10 20:32:28.034629,complete,IV Antibiotics,positive,L,,,,,,,,,,,,,,,,,,,,,,,,,,
93,case_10,2024-04-10 20:50:38.034629,complete,ER Sepsis Triage,positive,Y,,HE,90.0,,,,,,,,,,,,,,,,,,,,,,,
94,case_10,2024-04-10 22:32:08.034629,complete,ER Triage,positive,C,,HE,90.0,,,,,,,,,,,,,,,,,,,,,,,
95,case_10,2024-04-10 22:46:02.034629,complete,ER Triage,positive,C,,HE,90.0,,,,,,,,,,,,,,,,,,,,,,,
96,case_10,2024-04-11 00:33:26.034629,complete,ER Triage,positive,C,,HE,90.0,,,,,,,,,,,,,,,,,,,,,,,
97,case_10,2024-04-11 01:16:55.034629,complete,Return ER,positive,?,,,,,,,,,,,,,,,,,,,,,,,,,,
98,case_11,2024-04-10 16:07:29.034629,complete,ER Registration,positive,Y,,HE,90.0,,false,false,true,false,true,false,false,true,false,false,true,true,false,false,false,false,true,true,false,true,false,false
99,case_11,2024-04-10 17:28:58.034629,complete,Release B,positive,E,,,,,,,,,,,,,,,,,,,,,,,,,,
100,case_11,2024-04-10 18:29:22.034629,complete,Admission NC,positive,K,,,,,,,,,,,,,,,,,,,,,,,,,,
101,case_11,2024-04-10 19:17:48.034629,complete,Release B,positive,E,,,,,,,,,,,,,,,,,,,,,,,,,,
102,case_11,2024-04-10 19:51:15.034629,complete,Admission NC,positive,K,,,,,,,,,,,,,,,,,,,,,,,,,,
103,case_11,2024-04-10 21:04:11.034629,complete,Release B,positive,E,,,,,,,,,,,,,,,,,,,,,,,,,,
104,case_11,2024-04-10 21:52:54.034629,complete,ER Triage,positive,L,,HE,90.0,,,,,,,,,,,,,,,,,,,,,,,
105,case_11,2024-04-10 22:41:53.034629,complete,IV Antibiotics,positive,L,,,,,,,,,,,,,,,,,,,,,,,,,,
106,case_12,2024-04-10 15:39:42.034629,complete,Release B,positive,E,,,,,,,,,,,,,,,,,,,,,,,,,,
107,case_12,2024-04-10 17:26:00.034629,complete,IV Antibiotics,positive,K,,,,,,,,,,,,,,,,,,,,,,,,,,
108,case_12,2024-04-10 17:42:17.034629,complete,LacticAcid,positive,K,149.0,,,,,,,,,,,,,,,,,,,,,,,,,
109,case_12,2024-04-10 19:17:13.034629,complete,ER Triage,positive,C,,HE,90.0,,,,,,,,,,,,,,,,,,,,,,,
110,case_12,2024-04-10 20:13:31.034629,complete,Admission NC,positive,L,,,,,,,,,,,,,,,,,,,,,,,,,,
111,case_12,2024-04-10 21:22:17.034629,complete,Admission NC,positive,L,,,,,,,,,,,,,,,,,,,,,,,,,,
112,case_12,2024-04-10 21:39:36.034629,complete,Release B,positive,E,,,,,,,,,,,,,,,,,,,,,,,,,,
113,case_12,2024-04-10 22:44:04.034629,complete,IV Antibiotics,positive,L,,,,,,,,,,,,,,,,,,,,,,,,,,
114,case_13,2024-04-10 16:22:49.034629,complete,ER Sepsis Triage,positive,Y,,HE,90.0,,,,,,,,,,,,,,,,,,,,,,,
115,case_13,2024-04-10 16:40:37.034629,complete,Admission NC,positive,J,,,,,,,,,,,,,,,,,,,,,,,,,,
116,case_13,2024-04-10 18:13:50.034629,complete,Admission IC,positive,J,,,,,,,,,,,,,,,,,,,,,,,,,,
117,case_13,2024-04-10 19:00:50.034629,complete,Admission NC,positive,J,,,,,,,,,,,,,,,,,,,,,,,,,,
118,case_13,2024-04-10 19:46:37.034629,complete,IV Antibiotics,positive,L,,,,,,,,,,,,,,,,,,,,,,,,,,
119,case_13,2024-04-10 21:18:33.034629,complete,ER Sepsis Triage,positive,L,,HE,90.0,,,,,,,,,,,,,,,,,,,,,,,
120,case_13,2024-04-10 21:58:30.034629,complete,IV Antibiotics,positive,L,,,,,,,,,,,,,,,,,,,,,,,,,,
121,case_13,2024-04-10 23:17:59.034629,complete,Release B,positive,Y,,,,,,,,,,,,,,,,,,,,,,,,,,
122,case_14,2024-04-10 16:32:39.034629,complete,Admission NC,positive,Y,,,,,,,,,,,,,,,,,,,,,,,,,,
123,case_14,2024-04-10 16:44:37.034629,complete,Admission NC,positive,J,,,,,,,,,,,,,,,,,,,,,,,,,,
124,case_14,2024-04-10 17:44:36.034629,complete,ER Registration,positive,Y,,HE,90.0,,false,false,true,false,true,false,false,true,false,false,true,false,false,false,false,true,true,true,false,true,false,false
125,case_14,2024-04-10 18:56:26.034629,complete,Admission NC,positive,F,,,,,,,,,,,,,,,,,,,,,,,,,,
126,case_14,2024-04-10 20:34:56.034629,complete,Release B,positive,E,,,,,,,,,,,,,,,,,,,,,,,,,,
127,case_14,2024-04-10 21:20:56.034629,complete,IV Antibiotics,positive,L,,,,,,,,,,,,,,,,,,,,,,,,,,
128,case_14,2024-04-10 21:38:12.034629,complete,ER Triage,positive,C,,HE,90.0,,,,,,,,,,,,,,,,,,,,,,,
129,case_14,2024-04-10 23:37:10.034629,complete,Release B,positive,E,,,,,,,,,,,,,,,,,,,,,,,,,,
130,case_15,2024-04-10 16:22:41.034629,complete,Admission NC,positive,Y,,,,,,,,,,,,,,,,,,,,,,,,,,
131,case_15,2024-04-10 17:17:37.034629,complete,Admission NC,positive,J,,,,,,,,,,,,,,,,,,,,,,,,,,
132,case_15,2024-04-10 17:51:53.034629,complete,ER Triage,positive,C,,HE,90.0,,,,,,,,,,,,,,,,,,,,,,,
133,case_15,2024-04-10 19:21:45.034629,complete,IV Antibiotics,positive,L,,,,,,,,,,,,,,,,,,,,,,,,,,
134,case_15,2024-04-10 20:00:25.034629,complete,ER Sepsis Triage,positive,L,,HE,90.0,,,,,,,,,,,,,,,,,,,,,,,
135,case_15,2024-04-10 21:07:56.034629,complete,IV Antibiotics,positive,L,,,,,,,,,,,,,,,,,,,,,,,,,,
136,case_15,2024-04-10 22:24:40.034629,complete,ER Triage,positive,C,,HE,90.0,,,,,,,,,,,,,,,,,,,,,,,
137,case_15,2024-04-10 23:19:59.034629,complete,Return ER,positive,?,,,,,,,,,,,,,,,,,,,,,,,,,,
138,case_16,2024-04-10 16:33:49.034629,complete,LacticAcid,positive,Y,149.0,,,,,,,,,,,,,,,,,,,,,,,,,
139,case_16,2024-04-10 17:36:37.034629,complete,IV Antibiotics,positive,F,,,,,,,,,,,,,,,,,,,,,,,,,,
140,case_16,2024-04-10 18:15:39.034629,complete,Admission NC,positive,J,,,,,,,,,,,,,,,,,,,,,,,,,,
141,case_16,2024-04-10 18:48:08.034629,complete,Admission IC,positive,J,,,,,,,,,,,,,,,,,,,,,,,,,,
142,case_16,2024-04-10 19:55:28.034629,complete,Admission NC,positive,J,,,,,,,,,,,,,,,,,,,,,,,,,,
143,case_16,2024-04-10 21:15:09.034629,complete,Release B,positive,E,,,,,,,,,,,,,,,,,,,,,,,,,,
144,case_16,2024-04-10 21:43:28.034629,complete,Admission NC,positive,K,,,,,,,,,,,,,,,,,,,,,,,,,,
145,case_16,2024-04-10 22:50:27.034629,complete,Release B,positive,E,,,,,,,,,,,,,,,,,,,,,,,,,,
146,case_16,2024-04-11 00:27:16.034629,complete,IV Antibiotics,positive,L,,,,,,,,,,,,,,,,,,,,,,,,,,
147,case_17,2024-04-10 15:47:51.034629,complete,Release B,positive,E,,,,,,,,,,,,,,,,,,,,,,,,,,
148,case_17,2024-04-10 17:28:43.034629,complete,Admission NC,positive,Y,,,,,,,,,,,,,,,,,,,,,,,,,,
149,case_17,2024-04-10 17:46:48.034629,complete,IV Antibiotics,positive,L,,,,,,,,,,,,,,,,,,,,,,,,,,
150,case_17,2024-04-10 18:41:53.034629,complete,IV Antibiotics,positive,L,,,,,,,,,,,,,,,,,,,,,,,,,,
151,case_17,2024-04-10 19:38:15.034629,complete,ER Sepsis Triage,positive,Y,,HE,90.0,,,,,,,,,,,,,,,,,,,,,,,
152,case_17,2024-04-10 21:15:56.034629,complete,Admission NC,positive,L,,,,,,,,,,,,,,,,,,,,,,,,,,
153,case_17,2024-04-10 22:33:05.034629,complete,IV Antibiotics,positive,L,,,,,,,,,,,,,,,,,,,,,,,,,,
154,case_17,2024-04-10 23:24:21.034629,complete,Return ER,positive,?,,,,,,,,,,,,,,,,,,,,,,,,,,
155,case_17,2024-04-10 23:51:37.034629,complete,IV Antibiotics,positive,L,,,,,,,,,,,,,,,,,,,,,,,,,,
156,case_18,2024-04-10 16:10:14.034629,complete,LacticAcid,positive,Y,149.0,,,,,,,,,,,,,,,,,,,,,,,,,
157,case_18,2024-04-10 16:57:18.034629,complete,IV Antibiotics,positive,F,,,,,,,,,,,,,,,,,,,,,,,,,,
158,case_18,2024-04-10 17:38:43.034629,complete,Release B,positive,E,,,,,,,,,,,,,,,,,,,,,,,,,,
159,case_18,2024-04-10 19:36:59.034629,complete,Release A,positive,K,,,,,,,,,,,,,,,,,,,,,,,,,,
160,case_18,2024-04-10 19:49:24.034629,complete,Release B,positive,E,,,,,,,,,,,,,,,,,,,,,,,,,,
161,case_18,2024-04-10 21:12:07.034629,complete,Release B,positive,E,,,,,,,,,,,,,,,,,,,,,,,,,,
162,case_18,2024-04-10 22:18:42.034629,complete,Admission NC,positive,Y,,,,,,,,,,,,,,,,,,,,,,,,,,
163,case_18,2024-04-10 22:54:26.034629,complete,Admission NC,positive,E,,,,,,,,,,,,,,,,,,,,,,,,,,
164,case_18,2024-04-11 00:09:15.034629,complete,IV Antibiotics,positive,L,,,,,,,,,,,,,,,,,,,,,,,,,,
165,case_19,2024-04-10 15:38:27.034629,complete,Return ER,positive,Y,,,,,,,,,,,,,,,,,,,,,,,,,,
166,case_19,2024-04-10 17:06:15.034629,complete,Release B,positive,E,,,,,,,,,,,,,,,,,,,,,,,,,,
167,case_19,2024-04-10 18:27:04.034629,complete,Admission NC,positive,L,,,,,,,,,,,,,,,,,,,,,,,,,,
168,case_19,2024-04-10 19:09:32.034629,complete,Return ER,positive,?,,,,,,,,,,,,,,,,,,,,,,,,,,
169,case_19,2024-04-10 19:45:44.034629,complete,Return ER,positive,?,,,,,,,,,,,,,,,,,,,,,,,,,,
170,case_19,2024-04-10 20:56:36.034629,complete,IV Antibiotics,positive,F,,,,,,,,,,,,,,,,,,,,,,,,,,
171,case_19,2024-04-10 22:18:35.034629,complete,IV Antibiotics,positive,L,,,,,,,,,,,,,,,,,,,,,,,,,,
172,case_19,2024-04-10 22:51:50.034629,complete,IV Antibiotics,positive,L,,,,,,,,,,,,,,,,,,,,,,,,,,
173,case_19,2024-04-11 00:18:47.034629,complete,Admission NC,positive,C,,,,,,,,,,,,,,,,,,,,,,,,,,
174,case_20,2024-04-10 15:50:27.034629,complete,LacticAcid,positive,Y,149.0,,,,,,,,,,,,,,,,,,,,,,,,,
175,case_20,2024-04-10 16:45:38.034629,complete,ER Sepsis Triage,positive,Y,,HE,90.0,,,,,,,,,,,,,,,,,,,,,,,
176,case_20,2024-04-10 18:17:32.034629,complete,IV Antibiotics,positive,L,,,,,,,,,,,,,,,,,,,,,,,,,,
177,case_20,2024-04-10 19:34:13.034629,complete,ER Sepsis Triage,positive,L,,HE,90.0,,,,,,,,,,,,,,,,,,,,,,,
178,case_20,2024-04-10 20:04:52.034629,complete,IV Antibiotics,positive,L,,,,,,,,,,,,,,,,,,,,,,,,,,
179,case_20,2024-04-10 20:53:58.034629,complete,Release B,positive,E,,,,,,,,,,,,,,,,,,,,,,,,,,
180,case_20,2024-04-10 21:42:16.034629,complete,Admission NC,positive,Y,,,,,,,,,,,,,,,,,,,,,,,,,,
181,case_20,2024-04-10 23:02:03.034629,complete,Admission NC,positive,E,,,,,,,,,,,,,,,,,,,,,,,,,,
182,case_20,2024-04-10 23:59:57.034629,complete,IV Antibiotics,positive,L,,,,,,,,,,,,,,,,,,,,,,,,,,
183,case_21,2024-04-10 15:57:57.034629,complete,ER Triage,positive,Y,,HE,90.0,,,,,,,,,,,,,,,,,,,,,,,
184,case_21,2024-04-10 16:45:12.034629,complete,IV Antibiotics,positive,L,,,,,,,,,,,,,,,,,,,,,,,,,,
185,case_21,2024-04-10 17:50:50.034629,complete,Release B,positive,E,,,,,,,,,,,,,,,,,,,,,,,,,,
186,case_21,2024-04-10 18:55:30.034629,complete,Admission NC,positive,K,,,,,,,,,,,,,,,,,,,,,,,,,,
187,case_21,2024-04-10 20:05:48.034629,complete,Release B,positive,E,,,,,,,,,,,,,,,,,,,,,,,,,,
188,case_21,2024-04-10 21:05:51.034629,complete,LacticAcid,positive,Y,149.0,,,,,,,,,,,,,,,,,,,,,,,,,
189,case_21,2024-04-10 21:54:52.034629,complete,Admission IC,positive,Y,,,,,,,,,,,,,,,,,,,,,,,,,,
190,case_21,2024-04-10 22:56:01.034629,complete,IV Antibiotics,positive,L,,,,,,,,,,,,,,,,,,,,,,,,,,
191,case_21,2024-04-11 00:04:18.034629,complete,Admission NC,positive,C,,,,,,,,,,,,,,,,,,,,,,,,,,
192,case_22,2024-04-10 15:59:31.034629,complete,IV Antibiotics,positive,Y,,,,,,,,,,,,,,,,,,,,,,,,,,
193,case_22,2024-04-10 17:20:36.034629,complete,IV Antibiotics,positive,L,,,,,,,,,,,,,,,,,,,,,,,,,,
194,case_22,2024-04-10 18:04:24.034629,complete,IV Antibiotics,positive,L,,,,,,,,,,,,,,,,,,,,,,,,,,
195,case_22,2024-04-10 19:27:55.034629,complete,Release B,positive,E,,,,,,,,,,,,,,,,,,,,,,,,,,
196,case_22,2024-04-10 19:43:02.034629,complete,Admission NC,positive,?,,,,,,,,,,,,,,,,,,,,,,,,,,
197,case_22,2024-04-10 21:10:04.034629,complete,Admission NC,positive,F,,,,,,,,,,,,,,,,,,,,,,,,,,
198,case_22,2024-04-10 22:15:03.034629,complete,IV Antibiotics,positive,L,,,,,,,,,,,,,,,,,,,,,,,,,,
199,case_22,2024-04-10 23:10:39.034629,complete,Admission NC,positive,L,,,,,,,,,,,,,,,,,,,,,,,,,,
200,case_22,2024-04-10 23:52:09.034629,complete,IV Antibiotics,positive,C,,,,,,,,,,,,,,,,,,,,,,,,,,
201,case_23,2024-04-10 16:06:25.034629,complete,IV Antibiotics,positive,L,,,,,,,,,,,,,,,,,,,,,,,,,,
202,case_23,2024-04-10 17:33:56.034629,complete,ER Sepsis Triage,positive,L,,HE,90.0,,,,,,,,,,,,,,,,,,,,,,,
203,case_23,2024-04-10 18:26:43.034629,complete,IV Antibiotics,positive,L,,,,,,,,,,,,,,,,,,,,,,,,,,
204,case_23,2024-04-10 19:30:17.034629,complete,Admission NC,positive,C,,,,,,,,,,,,,,,,,,,,,,,,,,
205,case_23,2024-04-10 20:28:04.034629,complete,ER Triage,positive,C,,HE,90.0,,,,,,,,,,,,,,,,,,,,,,,
206,case_23,2024-04-10 21:00:08.034629,complete,Admission NC,positive,F,,,,,,,,,,,,,,,,,,,,,,,,,,
207,case_23,2024-04-10 22:34:46.034629,complete,ER Sepsis Triage,positive,Y,,HE,90.0,,,,,,,,,,,,,,,,,,,,,,,
208,case_24,2024-04-10 16:06:48.034629,complete,IV Antibiotics,positive,L,,,,,,,,,,,,,,,,,,,,,,,,,,
209,case_24,2024-04-10 17:21:40.034629,complete,ER Sepsis Triage,positive,L,,HE,90.0,,,,,,,,,,,,,,,,,,,,,,,
210,case_24,2024-04-10 17:54:43.034629,complete,IV Antibiotics,positive,L,,,,,,,,,,,,,,,,,,,,,,,,,,
211,case_24,2024-04-10 18:42:13.034629,complete,Admission NC,positive,F,,,,,,,,,,,,,,,,,,,,,,,,,,
212,case_24,2024-04-10 19:39:41.034629,complete,ER Triage,positive,C,,HE,90.0,,,,,,,,,,,,,,,,,,,,,,,
213,case_24,2024-04-10 20:48:00.034629,complete,Admission NC,positive,F,,,,,,,,,,,,,,,,,,,,,,,,,,
214,case_24,2024-04-10 22:14:35.035629,complete,ER Sepsis Triage,positive,Y,,HE,90.0,,,,,,,,,,,,,,,,,,,,,,,
215,case_25,2024-04-10 16:27:48.035629,complete,LacticAcid,positive,Y,149.0,,,,,,,,,,,,,,,,,,,,,,,,,
216,case_25,2024-04-10 17:03:34.035629,complete,Release B,positive,E,,,,,,,,,,,,,,,,,,,,,,,,,,
217,case_25,2024-04-10 17:41:38.035629,complete,ER Sepsis Triage,positive,Y,,HE,90.0,,,,,,,,,,,,,,,,,,,,,,,
218,case_25,2024-04-10 18:50:05.035629,complete,IV Antibiotics,positive,L,,,,,,,,,,,,,,,,,,,,,,,,,,
219,case_25,2024-04-10 20:35:34.035629,complete,Admission NC,positive,F,,,,,,,,,,,,,,,,,,,,,,,,,,
220,case_25,2024-04-10 21:34:06.035629,complete,ER Triage,positive,C,,HE,90.0,,,,,,,,,,,,,,,,,,,,,,,
221,case_25,2024-04-10 21:40:41.035629,complete,Admission NC,positive,J,,,,,,,,,,,,,,,,,,,,,,,,,,
222,case_26,2024-04-10 15:59:15.035629,complete,ER Sepsis Triage,positive,Y,,HE,90.0,,,,,,,,,,,,,,,,,,,,,,,
223,case_26,2024-04-10 16:54:16.035629,complete,IV Antibiotics,positive,L,,,,,,,,,,,,,,,,,,,,,,,,,,
224,case_26,2024-04-10 17:39:46.035629,complete,ER Triage,positive,C,,HE,90.0,,,,,,,,,,,,,,,,,,,,,,,
225,case_26,2024-04-10 18:51:36.035629,complete,Admission NC,positive,?,,,,,,,,,,,,,,,,,,,,,,,,,,
226,case_26,2024-04-10 20:13:36.035629,complete,Admission NC,positive,J,,,,,,,,,,,,,,,,,,,,,,,,,,
227,case_26,2024-04-10 21:37:48.035629,complete,Admission IC,positive,J,,,,,,,,,,,,,,,,,,,,,,,,,,
228,case_26,2024-04-10 22:00:10.035629,complete,Admission NC,positive,J,,,,,,,,,,,,,,,,,,,,,,,,,,
229,case_27,2024-04-10 15:49:38.035629,complete,Admission NC,positive,F,,,,,,,,,,,,,,,,,,,,,,,,,,
230,case_27,2024-04-10 17:29:38.035629,complete,Release B,positive,E,,,,,,,,,,,,,,,,,,,,,,,,,,
231,case_27,2024-04-10 18:00:16.035629,complete,Release B,positive,E,,,,,,,,,,,,,,,,,,,,,,,,,,
232,case_27,2024-04-10 18:59:55.035629,complete,Admission NC,positive,K,,,,,,,,,,,,,,,,,,,,,,,,,,
233,case_27,2024-04-10 19:56:54.035629,complete,Release B,positive,E,,,,,,,,,,,,,,,,,,,,,,,,,,
234,case_28,2024-04-10 16:04:30.035629,complete,Admission NC,positive,J,,,,,,,,,,,,,,,,,,,,,,,,,,
235,case_28,2024-04-10 17:22:25.035629,complete,Admission NC,positive,F,,,,,,,,,,,,,,,,,,,,,,,,,,
236,case_28,2024-04-10 17:40:19.035629,complete,IV Antibiotics,positive,L,,,,,,,,,,,,,,,,,,,,,,,,,,
237,case_28,2024-04-10 18:57:29.035629,complete,ER Sepsis Triage,positive,L,,HE,90.0,,,,,,,,,,,,,,,,,,,,,,,
238,case_28,2024-04-10 20:08:33.035629,complete,IV Antibiotics,positive,L,,,,,,,,,,,,,,,,,,,,,,,,,,
239,case_29,2024-04-10 16:18:16.035629,complete,Admission NC,positive,Y,,,,,,,,,,,,,,,,,,,,,,,,,,
240,case_29,2024-04-10 17:03:48.035629,complete,Admission NC,positive,E,,,,,,,,,,,,,,,,,,,,,,,,,,
241,case_29,2024-04-10 18:06:50.035629,complete,ER Triage,positive,C,,HE,90.0,,,,,,,,,,,,,,,,,,,,,,,
242,case_29,2024-04-10 19:19:56.035629,complete,Return ER,positive,?,,,,,,,,,,,,,,,,,,,,,,,,,,
243,case_29,2024-04-10 20:05:14.035629,complete,IV Antibiotics,positive,L,,,,,,,,,,,,,,,,,,,,,,,,,,
