,case:concept:name,time:timestamp,lifecycle:transition,concept:name,case:label,org:group,Diagnose,Age,CRP,Leucocytes,LacticAcid,InfectionSuspected,DiagnosticBlood,DisfuncOrg,SIRSCritTachypnea,Hypotensie,SIRSCritHeartRate,Infusion,DiagnosticArtAstrup,DiagnosticIC,DiagnosticSputum,DiagnosticLiquor,DiagnosticOther,SIRSCriteria2OrMore,DiagnosticXthorax,SIRSCritTemperature,DiagnosticUrinaryCulture,SIRSCritLeucos,Oligurie,DiagnosticLacticAcid,Hypoxie,DiagnosticUrinarySediment,DiagnosticECG
0,case_0,2024-04-10 16:08:49.297188,complete,Admission NC,positive,J,,,,,,,,,,,,,,,,,,,,,,,,,,,
1,case_0,2024-04-10 17:32:15.297188,complete,Admission NC,positive,L,,,,,,,,,,,,,,,,,,,,,,,,,,,
2,case_0,2024-04-10 18:23:05.297188,complete,CRP,positive,I,CD,20.0,5726.0,,,,,,,,,,,,,,,,,,,,,,,,
3,case_0,2024-04-10 19:08:28.297188,complete,Leucocytes,positive,K,CE,20.0,,2021.0,,,,,,,,,,,,,,,,,,,,,,,
4,case_0,2024-04-10 20:31:36.297188,complete,CRP,positive,I,DC,22.0,1677.0,,,,,,,,,,,,,,,,,,,,,,,,
5,case_0,2024-04-10 20:54:12.297188,complete,CRP,positive,I,OA,20.0,5470.0,,,,,,,,,,,,,,,,,,,,,,,,
6,case_0,2024-04-10 21:44:46.297188,complete,CRP,positive,L,HD,20.0,248.0,,,,,,,,,,,,,,,,,,,,,,,,
7,case_0,2024-04-10 23:14:17.297188,complete,Leucocytes,positive,L,GD,21.0,,135.0,,,,,,,,,,,,,,,,,,,,,,,
8,case_0,2024-04-11 00:02:55.297188,complete,CRP,positive,I,HC,23.0,5417.0,,,,,,,,,,,,,,,,,,,,,,,,
9,case_0,2024-04-11 01:05:23.297188,complete,CRP,positive,E,HD,20.0,3539.0,,,,,,,,,,,,,,,,,,,,,,,,
10,case_1,2024-04-10 16:06:57.297188,complete,CRP,positive,L,Q,21.0,5727.0,,,,,,,,,,,,,,,,,,,,,,,,
11,case_1,2024-04-10 16:43:09.297188,complete,Leucocytes,positive,J,HC,20.0,,1454.0,,,,,,,,,,,,,,,,,,,,,,,
12,case_1,2024-04-10 17:49:34.297188,complete,CRP,positive,I,CB,23.0,5730.0,,,,,,,,,,,,,,,,,,,,,,,,
13,case_1,2024-04-10 19:22:07.297188,complete,CRP,positive,I,TC,24.0,3372.0,,,,,,,,,,,,,,,,,,,,,,,,
14,case_1,2024-04-10 20:10:14.297188,complete,CRP,positive,I,LE,20.0,1677.0,,,,,,,,,,,,,,,,,,,,,,,,
15,case_1,2024-04-10 21:16:27.297188,complete,CRP,positive,I,PE,20.0,5436.0,,,,,,,,,,,,,,,,,,,,,,,,
16,case_1,2024-04-10 21:55:10.297188,complete,CRP,positive,K,HD,20.0,1799.0,,,,,,,,,,,,,,,,,,,,,,,,
17,case_1,2024-04-10 23:04:30.297188,complete,Admission NC,positive,L,,,,,,,,,,,,,,,,,,,,,,,,,,,
18,case_1,2024-04-11 00:24:36.297188,complete,Admission NC,positive,?,,,,,,,,,,,,,,,,,,,,,,,,,,,
19,case_1,2024-04-11 00:49:05.297188,complete,CRP,positive,L,HB,21.0,3539.0,,,,,,,,,,,,,,,,,,,,,,,,
20,case_2,2024-04-10 16:37:37.297188,complete,CRP,positive,L,Q,22.0,5726.0,,,,,,,,,,,,,,,,,,,,,,,,
21,case_2,2024-04-10 16:41:50.297188,complete,CRP,positive,L,HB,20.0,2479.0,,,,,,,,,,,,,,,,,,,,,,,,
22,case_2,2024-04-10 18:36:23.297188,complete,Admission NC,positive,L,,,,,,,,,,,,,,,,,,,,,,,,,,,
23,case_2,2024-04-10 19:07:58.297188,complete,CRP,positive,I,CE,20.0,3374.0,,,,,,,,,,,,,,,,,,,,,,,,
24,case_2,2024-04-10 20:20:15.297188,complete,Leucocytes,positive,I,UA,20.0,,139.0,,,,,,,,,,,,,,,,,,,,,,,
25,case_2,2024-04-10 21:18:37.297188,complete,CRP,positive,I,OA,20.0,5464.0,,,,,,,,,,,,,,,,,,,,,,,,
26,case_2,2024-04-10 22:01:18.297188,complete,Admission NC,positive,L,,,,,,,,,,,,,,,,,,,,,,,,,,,
27,case_2,2024-04-10 23:27:57.297188,complete,Leucocytes,positive,J,GD,90.0,,136.0,,,,,,,,,,,,,,,,,,,,,,,
28,case_2,2024-04-11 00:07:31.297188,complete,Leucocytes,positive,I,HC,20.0,,142.0,,,,,,,,,,,,,,,,,,,,,,,
29,case_2,2024-04-11 01:03:48.297188,complete,Leucocytes,positive,I,PE,23.0,,139.0,,,,,,,,,,,,,,,,,,,,,,,
30,case_3,2024-04-10 16:13:34.297188,complete,Admission NC,positive,C,,,,,,,,,,,,,,,,,,,,,,,,,,,
31,case_3,2024-04-10 17:18:31.297188,complete,Leucocytes,positive,L,SA,23.0,,1453.0,,,,,,,,,,,,,,,,,,,,,,,
32,case_3,2024-04-10 18:33:32.297188,complete,Leucocytes,positive,I,LA,90.0,,1961.0,,,,,,,,,,,,,,,,,,,,,,,
33,case_3,2024-04-10 19:19:14.297188,complete,CRP,positive,I,CE,20.0,3371.0,,,,,,,,,,,,,,,,,,,,,,,,
34,case_3,2024-04-10 20:03:47.297188,complete,CRP,positive,I,DE,20.0,1681.0,,,,,,,,,,,,,,,,,,,,,,,,
35,case_3,2024-04-10 21:19:04.297188,complete,CRP,positive,L,HA,25.0,5274.0,,,,,,,,,,,,,,,,,,,,,,,,
36,case_3,2024-04-10 21:40:37.297188,complete,CRP,positive,L,SA,85.0,212.0,,,,,,,,,,,,,,,,,,,,,,,,
37,case_3,2024-04-10 23:26:19.297188,complete,Leucocytes,positive,K,GC,21.0,,3159.0,,,,,,,,,,,,,,,,,,,,,,,
38,case_3,2024-04-10 23:56:22.297188,complete,Admission NC,positive,L,,,,,,,,,,,,,,,,,,,,,,,,,,,
39,case_3,2024-04-11 01:30:13.297188,complete,LacticAcid,positive,L,,,,,83.0,,,,,,,,,,,,,,,,,,,,,,
40,case_4,2024-04-10 15:39:08.297188,complete,Admission NC,positive,L,,,,,,,,,,,,,,,,,,,,,,,,,,,
41,case_4,2024-04-10 16:46:42.297188,complete,Leucocytes,positive,L,YB,90.0,,1457.0,,,,,,,,,,,,,,,,,,,,,,,
42,case_4,2024-04-10 18:37:34.297188,complete,CRP,positive,I,LB,21.0,5728.0,,,,,,,,,,,,,,,,,,,,,,,,
43,case_4,2024-04-10 19:35:14.297188,complete,CRP,positive,I,TC,21.0,3374.0,,,,,,,,,,,,,,,,,,,,,,,,
44,case_4,2024-04-10 20:13:54.297188,complete,Admission NC,positive,A,,,,,,,,,,,,,,,,,,,,,,,,,,,
45,case_4,2024-04-10 20:42:54.297188,complete,CRP,positive,J,HA,22.0,5470.0,,,,,,,,,,,,,,,,,,,,,,,,
46,case_4,2024-04-10 21:40:59.297188,complete,ER Registration,positive,I,HE,20.0,,,,false,false,false,false,false,true,false,false,true,false,true,false,true,false,false,false,false,true,false,true,false,false
47,case_4,2024-04-10 23:30:11.297188,complete,Leucocytes,positive,K,GC,22.0,,3158.0,,,,,,,,,,,,,,,,,,,,,,,
48,case_4,2024-04-10 23:47:49.297188,complete,CRP,positive,L,HD,78.0,5589.0,,,,,,,,,,,,,,,,,,,,,,,,
49,case_4,2024-04-11 01:02:17.297188,complete,Leucocytes,positive,E,HE,22.0,,138.0,,,,,,,,,,,,,,,,,,,,,,,
50,case_5,2024-04-10 15:53:36.297188,complete,Admission NC,positive,E,,,,,,,,,,,,,,,,,,,,,,,,,,,
51,case_5,2024-04-10 17:08:54.297188,complete,CRP,positive,L,PA,20.0,5730.0,,,,,,,,,,,,,,,,,,,,,,,,
52,case_5,2024-04-10 17:39:03.297188,complete,CRP,positive,L,PE,23.0,2915.0,,,,,,,,,,,,,,,,,,,,,,,,
53,case_5,2024-04-10 18:38:28.297188,complete,CRP,positive,J,OC,21.0,935.0,,,,,,,,,,,,,,,,,,,,,,,,
54,case_5,2024-04-10 20:11:49.297188,complete,CRP,positive,C,HE,88.0,2881.0,,,,,,,,,,,,,,,,,,,,,,,,
55,case_5,2024-04-10 21:11:58.297188,complete,Admission NC,positive,L,,,,,,,,,,,,,,,,,,,,,,,,,,,
56,case_5,2024-04-10 22:34:33.297188,complete,CRP,positive,E,HC,20.0,2838.0,,,,,,,,,,,,,,,,,,,,,,,,
57,case_6,2024-04-10 16:28:54.297188,complete,Admission NC,positive,J,,,,,,,,,,,,,,,,,,,,,,,,,,,
58,case_6,2024-04-10 16:43:22.297188,complete,Admission NC,positive,L,,,,,,,,,,,,,,,,,,,,,,,,,,,
59,case_6,2024-04-10 18:07:11.297188,complete,CRP,positive,I,HB,20.0,2917.0,,,,,,,,,,,,,,,,,,,,,,,,
60,case_6,2024-04-10 19:09:49.297188,complete,CRP,positive,L,OD,90.0,933.0,,,,,,,,,,,,,,,,,,,,,,,,
61,case_6,2024-04-10 19:47:39.297188,complete,Leucocytes,positive,L,HE,21.0,,359.0,,,,,,,,,,,,,,,,,,,,,,,
62,case_6,2024-04-10 21:19:20.297188,complete,CRP,positive,I,HD,20.0,5365.0,,,,,,,,,,,,,,,,,,,,,,,,
63,case_6,2024-04-10 21:54:16.297188,complete,Leucocytes,positive,E,HE,23.0,,139.0,,,,,,,,,,,,,,,,,,,,,,,
64,case_7,2024-04-10 16:03:47.297188,complete,CRP,positive,L,EE,22.0,3978.0,,,,,,,,,,,,,,,,,,,,,,,,
65,case_7,2024-04-10 17:28:39.297188,complete,CRP,positive,L,GE,20.0,364.0,,,,,,,,,,,,,,,,,,,,,,,,
66,case_7,2024-04-10 17:56:39.297188,complete,Admission NC,positive,L,,,,,,,,,,,,,,,,,,,,,,,,,,,
67,case_7,2024-04-10 18:55:29.297188,complete,CRP,positive,I,OC,20.0,941.0,,,,,,,,,,,,,,,,,,,,,,,,
68,case_7,2024-04-10 19:50:16.297188,complete,Leucocytes,positive,I,HE,20.0,,136.0,,,,,,,,,,,,,,,,,,,,,,,
69,case_7,2024-04-10 21:20:39.297188,complete,Admission NC,positive,?,,,,,,,,,,,,,,,,,,,,,,,,,,,
70,case_7,2024-04-10 22:11:24.297188,complete,CRP,positive,L,HE,20.0,2660.0,,,,,,,,,,,,,,,,,,,,,,,,
71,case_8,2024-04-10 16:24:33.297188,complete,CRP,positive,L,EE,41.0,3979.0,,,,,,,,,,,,,,,,,,,,,,,,
72,case_8,2024-04-10 17:23:39.297188,complete,CRP,positive,L,MD,21.0,758.0,,,,,,,,,,,,,,,,,,,,,,,,
73,case_8,2024-04-10 17:55:47.297188,complete,CRP,positive,C,PE,20.0,2917.0,,,,,,,,,,,,,,,,,,,,,,,,
74,case_8,2024-04-10 18:59:39.297188,complete,CRP,positive,L,GA,20.0,935.0,,,,,,,,,,,,,,,,,,,,,,,,
75,case_8,2024-04-10 19:50:13.297188,complete,Admission NC,positive,L,,,,,,,,,,,,,,,,,,,,,,,,,,,
76,case_8,2024-04-10 20:42:22.297188,complete,Admission NC,positive,J,,,,,,,,,,,,,,,,,,,,,,,,,,,
77,case_8,2024-04-10 21:41:50.297188,complete,Leucocytes,positive,L,HC,23.0,,136.0,,,,,,,,,,,,,,,,,,,,,,,
78,case_9,2024-04-10 16:03:11.297188,complete,CRP,positive,E,OA,22.0,3979.0,,,,,,,,,,,,,,,,,,,,,,,,
79,case_9,2024-04-10 17:37:29.297188,complete,Leucocytes,positive,J,XD,20.0,,2364.0,,,,,,,,,,,,,,,,,,,,,,,
80,case_9,2024-04-10 18:21:11.297188,complete,CRP,positive,J,HB,25.0,2912.0,,,,,,,,,,,,,,,,,,,,,,,,
81,case_9,2024-04-10 19:27:25.297188,complete,CRP,positive,I,OD,21.0,937.0,,,,,,,,,,,,,,,,,,,,,,,,
82,case_9,2024-04-10 19:54:58.297188,complete,Admission NC,positive,J,,,,,,,,,,,,,,,,,,,,,,,,,,,
83,case_9,2024-04-10 20:46:49.297188,complete,Leucocytes,positive,C,HD,20.0,,142.0,,,,,,,,,,,,,,,,,,,,,,,
84,case_9,2024-04-10 21:49:17.297188,complete,Admission NC,positive,L,,,,,,,,,,,,,,,,,,,,,,,,,,,
85,case_10,2024-04-10 16:30:30.297188,complete,Admission NC,positive,J,,,,,,,,,,,,,,,,,,,,,,,,,,,
86,case_10,2024-04-10 16:57:29.297188,complete,Leucocytes,positive,L,CC,21.0,,1940.0,,,,,,,,,,,,,,,,,,,,,,,
87,case_10,2024-04-10 18:19:02.297188,complete,CRP,positive,I,OB,20.0,870.0,,,,,,,,,,,,,,,,,,,,,,,,
88,case_10,2024-04-10 18:54:06.297188,complete,Admission NC,positive,C,,,,,,,,,,,,,,,,,,,,,,,,,,,
89,case_10,2024-04-10 20:35:01.297188,complete,CRP,positive,I,HC,26.0,4668.0,,,,,,,,,,,,,,,,,,,,,,,,
90,case_10,2024-04-10 20:44:09.297188,complete,Leucocytes,positive,J,HE,24.0,,137.0,,,,,,,,,,,,,,,,,,,,,,,
91,case_11,2024-04-10 16:23:05.297188,complete,Leucocytes,positive,L,WC,57.0,,333.0,,,,,,,,,,,,,,,,,,,,,,,
92,case_11,2024-04-10 16:38:57.297188,complete,CRP,positive,I,FB,26.0,5730.0,,,,,,,,,,,,,,,,,,,,,,,,
93,case_11,2024-04-10 18:05:24.297188,complete,Admission NC,positive,L,,,,,,,,,,,,,,,,,,,,,,,,,,,
94,case_11,2024-04-10 19:26:42.297188,complete,CRP,positive,L,SA,22.0,2820.0,,,,,,,,,,,,,,,,,,,,,,,,
95,case_11,2024-04-10 20:36:29.297188,complete,CRP,positive,L,HC,20.0,4689.0,,,,,,,,,,,,,,,,,,,,,,,,
96,case_11,2024-04-10 21:05:44.297188,complete,Admission NC,positive,L,,,,,,,,,,,,,,,,,,,,,,,,,,,
97,case_12,2024-04-10 16:12:57.297188,complete,Leucocytes,positive,A,QE,20.0,,637.0,,,,,,,,,,,,,,,,,,,,,,,
98,case_12,2024-04-10 16:41:43.297188,complete,CRP,positive,L,QD,24.0,4506.0,,,,,,,,,,,,,,,,,,,,,,,,
99,case_12,2024-04-10 18:13:25.297188,complete,CRP,positive,I,AA,20.0,846.0,,,,,,,,,,,,,,,,,,,,,,,,
100,case_12,2024-04-10 19:29:03.297188,complete,Admission NC,positive,L,,,,,,,,,,,,,,,,,,,,,,,,,,,
101,case_12,2024-04-10 19:49:59.297188,complete,Admission NC,positive,J,,,,,,,,,,,,,,,,,,,,,,,,,,,
102,case_13,2024-04-10 16:09:37.297188,complete,Leucocytes,positive,L,QE,20.0,,636.0,,,,,,,,,,,,,,,,,,,,,,,
103,case_13,2024-04-10 17:30:47.297188,complete,Admission NC,positive,J,,,,,,,,,,,,,,,,,,,,,,,,,,,
104,case_13,2024-04-10 18:32:56.297188,complete,CRP,positive,J,IC,37.0,847.0,,,,,,,,,,,,,,,,,,,,,,,,
105,case_13,2024-04-10 19:07:34.297188,complete,Admission NC,positive,L,,,,,,,,,,,,,,,,,,,,,,,,,,,
106,case_13,2024-04-10 20:10:34.297188,complete,CRP,positive,J,HD,20.0,5635.0,,,,,,,,,,,,,,,,,,,,,,,,
107,case_14,2024-04-10 16:01:09.297188,complete,Admission NC,positive,E,,,,,,,,,,,,,,,,,,,,,,,,,,,
108,case_14,2024-04-10 17:17:42.297188,complete,Admission NC,positive,L,,,,,,,,,,,,,,,,,,,,,,,,,,,
109,case_14,2024-04-10 18:09:32.297188,complete,CRP,positive,J,LA,37.0,846.0,,,,,,,,,,,,,,,,,,,,,,,,
110,case_14,2024-04-10 18:41:19.297188,complete,CRP,positive,?,HE,88.0,199.0,,,,,,,,,,,,,,,,,,,,,,,,
111,case_14,2024-04-10 19:43:12.297188,complete,CRP,positive,J,HC,22.0,2804.0,,,,,,,,,,,,,,,,,,,,,,,,
112,case_15,2024-04-10 15:46:09.297188,complete,Admission NC,positive,A,,,,,,,,,,,,,,,,,,,,,,,,,,,
113,case_15,2024-04-10 17:29:19.297188,complete,CRP,positive,L,IC,20.0,4504.0,,,,,,,,,,,,,,,,,,,,,,,,
114,case_15,2024-04-10 17:45:21.297188,complete,CRP,positive,I,IE,89.0,742.0,,,,,,,,,,,,,,,,,,,,,,,,
115,case_15,2024-04-10 18:56:37.297188,complete,Admission NC,positive,F,,,,,,,,,,,,,,,,,,,,,,,,,,,
116,case_15,2024-04-10 20:23:26.297188,complete,CRP,positive,L,HE,50.0,5708.0,,,,,,,,,,,,,,,,,,,,,,,,
117,case_16,2024-04-10 16:11:37.297188,complete,CRP,positive,L,QE,41.0,4614.0,,,,,,,,,,,,,,,,,,,,,,,,
118,case_16,2024-04-10 17:03:21.297188,complete,Admission NC,positive,L,,,,,,,,,,,,,,,,,,,,,,,,,,,
119,case_16,2024-04-10 18:00:22.297188,complete,CRP,positive,?,HA,27.0,854.0,,,,,,,,,,,,,,,,,,,,,,,,
120,case_16,2024-04-10 19:10:39.297188,complete,Admission NC,positive,L,,,,,,,,,,,,,,,,,,,,,,,,,,,
121,case_16,2024-04-10 19:40:44.297188,complete,CRP,positive,E,HE,20.0,5075.0,,,,,,,,,,,,,,,,,,,,,,,,
122,case_17,2024-04-10 16:11:28.297188,complete,LacticAcid,positive,L,,,,,22.0,,,,,,,,,,,,,,,,,,,,,,
123,case_17,2024-04-10 17:32:26.297188,complete,CRP,positive,L,GE,90.0,2648.0,,,,,,,,,,,,,,,,,,,,,,,,
124,case_17,2024-04-10 18:37:43.297188,complete,CRP,positive,L,AA,20.0,5730.0,,,,,,,,,,,,,,,,,,,,,,,,
125,case_17,2024-04-10 19:00:35.297188,complete,Admission NC,positive,L,,,,,,,,,,,,,,,,,,,,,,,,,,,
126,case_17,2024-04-10 20:15:54.297188,complete,CRP,positive,I,HD,88.0,3234.0,,,,,,,,,,,,,,,,,,,,,,,,
127,case_17,2024-04-10 20:46:32.297188,complete,CRP,positive,J,HC,22.0,5035.0,,,,,,,,,,,,,,,,,,,,,,,,
128,case_17,2024-04-10 22:28:17.297188,complete,ER Registration,positive,I,HD,20.0,,,,true,false,false,true,false,true,false,true,false,true,true,true,true,false,true,false,false,false,true,true,true,false
129,case_17,2024-04-10 23:31:03.297188,complete,CRP,positive,K,HD,20.0,5645.0,,,,,,,,,,,,,,,,,,,,,,,,
130,case_17,2024-04-11 00:08:40.297188,complete,Admission NC,positive,L,,,,,,,,,,,,,,,,,,,,,,,,,,,
131,case_18,2024-04-10 16:19:29.297188,complete,CRP,positive,L,EE,41.0,5730.0,,,,,,,,,,,,,,,,,,,,,,,,
132,case_18,2024-04-10 17:16:43.297188,complete,Leucocytes,positive,L,KC,20.0,,1756.0,,,,,,,,,,,,,,,,,,,,,,,
133,case_18,2024-04-10 17:43:58.297188,complete,CRP,positive,L,IE,20.0,5728.0,,,,,,,,,,,,,,,,,,,,,,,,
134,case_18,2024-04-10 19:22:13.297188,complete,CRP,positive,J,UC,20.0,1327.0,,,,,,,,,,,,,,,,,,,,,,,,
135,case_18,2024-04-10 20:26:54.297188,complete,CRP,positive,J,HE,21.0,4258.0,,,,,,,,,,,,,,,,,,,,,,,,
136,case_18,2024-04-10 21:02:16.297188,complete,CRP,positive,L,HE,26.0,5027.0,,,,,,,,,,,,,,,,,,,,,,,,
137,case_18,2024-04-10 22:09:58.297188,complete,Admission NC,positive,L,,,,,,,,,,,,,,,,,,,,,,,,,,,
138,case_18,2024-04-10 23:12:08.297188,complete,CRP,positive,I,HD,20.0,5225.0,,,,,,,,,,,,,,,,,,,,,,,,
139,case_18,2024-04-10 23:46:21.297188,complete,Admission NC,positive,L,,,,,,,,,,,,,,,,,,,,,,,,,,,
140,case_19,2024-04-10 16:22:28.297188,complete,CRP,positive,L,EE,25.0,5728.0,,,,,,,,,,,,,,,,,,,,,,,,
141,case_19,2024-04-10 17:26:31.297188,complete,Leucocytes,positive,L,X,20.0,,135.0,,,,,,,,,,,,,,,,,,,,,,,
142,case_19,2024-04-10 18:21:26.297188,complete,Admission NC,positive,F,,,,,,,,,,,,,,,,,,,,,,,,,,,
143,case_19,2024-04-10 18:53:49.297188,complete,LacticAcid,positive,I,,,,,96.0,,,,,,,,,,,,,,,,,,,,,,
144,case_19,2024-04-10 20:38:11.297188,complete,CRP,positive,I,HE,20.0,4770.0,,,,,,,,,,,,,,,,,,,,,,,,
145,case_19,2024-04-10 21:14:02.297188,complete,CRP,positive,L,HD,20.0,5036.0,,,,,,,,,,,,,,,,,,,,,,,,
146,case_19,2024-04-10 21:55:48.297188,complete,CRP,positive,L,HD,21.0,2937.0,,,,,,,,,,,,,,,,,,,,,,,,
147,case_19,2024-04-10 23:20:53.297188,complete,CRP,positive,I,HC,22.0,5257.0,,,,,,,,,,,,,,,,,,,,,,,,
148,case_19,2024-04-10 23:45:22.297188,complete,Admission NC,positive,L,,,,,,,,,,,,,,,,,,,,,,,,,,,
149,case_20,2024-04-10 16:29:00.297188,complete,Leucocytes,positive,L,CA,20.0,,137.0,,,,,,,,,,,,,,,,,,,,,,,
150,case_20,2024-04-10 17:06:11.297188,complete,CRP,positive,L,GC,20.0,2095.0,,,,,,,,,,,,,,,,,,,,,,,,
151,case_20,2024-04-10 18:19:44.297188,complete,Leucocytes,positive,I,ZA,21.0,,948.0,,,,,,,,,,,,,,,,,,,,,,,
152,case_20,2024-04-10 19:17:27.297188,complete,Leucocytes,positive,I,UC,23.0,,2326.0,,,,,,,,,,,,,,,,,,,,,,,
153,case_20,2024-04-10 20:34:06.297188,complete,CRP,positive,K,HE,20.0,4258.0,,,,,,,,,,,,,,,,,,,,,,,,
154,case_20,2024-04-10 21:09:37.297188,complete,Admission NC,positive,L,,,,,,,,,,,,,,,,,,,,,,,,,,,
155,case_20,2024-04-10 22:15:18.297188,complete,CRP,positive,I,HE,24.0,2939.0,,,,,,,,,,,,,,,,,,,,,,,,
156,case_20,2024-04-10 23:10:41.297188,complete,Admission NC,positive,L,,,,,,,,,,,,,,,,,,,,,,,,,,,
157,case_20,2024-04-10 23:50:53.297188,complete,Leucocytes,positive,L,HE,20.0,,138.0,,,,,,,,,,,,,,,,,,,,,,,
158,case_21,2024-04-10 15:51:15.297188,complete,CRP,positive,L,LE,20.0,2707.0,,,,,,,,,,,,,,,,,,,,,,,,
159,case_21,2024-04-10 16:48:13.297188,complete,Leucocytes,positive,K,KC,20.0,,1757.0,,,,,,,,,,,,,,,,,,,,,,,
160,case_21,2024-04-10 18:24:56.297188,complete,CRP,positive,I,ZA,20.0,5730.0,,,,,,,,,,,,,,,,,,,,,,,,
161,case_21,2024-04-10 19:07:18.297188,complete,Admission NC,positive,E,,,,,,,,,,,,,,,,,,,,,,,,,,,
162,case_21,2024-04-10 20:04:20.297188,complete,CRP,positive,I,DA,21.0,4258.0,,,,,,,,,,,,,,,,,,,,,,,,
163,case_21,2024-04-10 21:26:54.297188,complete,Admission NC,positive,L,,,,,,,,,,,,,,,,,,,,,,,,,,,
164,case_21,2024-04-10 22:13:31.297188,complete,Leucocytes,positive,I,HD,21.0,,142.0,,,,,,,,,,,,,,,,,,,,,,,
165,case_21,2024-04-10 23:26:35.297188,complete,Leucocytes,positive,I,HE,20.0,,3462.0,,,,,,,,,,,,,,,,,,,,,,,
166,case_21,2024-04-11 00:02:02.297188,complete,Leucocytes,positive,L,QC,20.0,,2.0,,,,,,,,,,,,,,,,,,,,,,,
167,case_22,2024-04-10 15:46:17.297188,complete,Leucocytes,positive,L,EE,25.0,,135.0,,,,,,,,,,,,,,,,,,,,,,,
168,case_22,2024-04-10 16:48:09.297188,complete,Leucocytes,positive,L,KC,20.0,,1756.0,,,,,,,,,,,,,,,,,,,,,,,
169,case_22,2024-04-10 18:16:10.297188,complete,Admission NC,positive,C,,,,,,,,,,,,,,,,,,,,,,,,,,,
170,case_22,2024-04-10 18:56:18.297188,complete,CRP,positive,I,UC,20.0,1328.0,,,,,,,,,,,,,,,,,,,,,,,,
171,case_22,2024-04-10 19:46:29.297188,complete,CRP,positive,I,HC,20.0,4770.0,,,,,,,,,,,,,,,,,,,,,,,,
172,case_22,2024-04-10 21:23:56.297188,complete,CRP,positive,L,HE,20.0,151.0,,,,,,,,,,,,,,,,,,,,,,,,
173,case_22,2024-04-10 21:43:38.297188,complete,CRP,positive,L,HD,21.0,2938.0,,,,,,,,,,,,,,,,,,,,,,,,
174,case_22,2024-04-10 23:07:26.297188,complete,CRP,positive,I,HD,20.0,1455.0,,,,,,,,,,,,,,,,,,,,,,,,
175,case_22,2024-04-11 00:05:54.297188,complete,Admission NC,positive,L,,,,,,,,,,,,,,,,,,,,,,,,,,,
176,case_23,2024-04-10 16:03:19.297188,complete,CRP,positive,A,EB,21.0,5730.0,,,,,,,,,,,,,,,,,,,,,,,,
177,case_23,2024-04-10 16:51:50.297188,complete,Admission NC,positive,L,,,,,,,,,,,,,,,,,,,,,,,,,,,
178,case_23,2024-04-10 18:32:55.297188,complete,Admission NC,positive,L,,,,,,,,,,,,,,,,,,,,,,,,,,,
179,case_23,2024-04-10 18:43:41.297188,complete,CRP,positive,I,UB,21.0,1328.0,,,,,,,,,,,,,,,,,,,,,,,,
180,case_23,2024-04-10 19:47:41.297188,complete,Leucocytes,positive,I,HA,20.0,,142.0,,,,,,,,,,,,,,,,,,,,,,,
181,case_23,2024-04-10 21:31:41.297188,complete,CRP,positive,L,YA,24.0,305.0,,,,,,,,,,,,,,,,,,,,,,,,
182,case_23,2024-04-10 22:10:01.297188,complete,CRP,positive,I,HC,21.0,2899.0,,,,,,,,,,,,,,,,,,,,,,,,
183,case_23,2024-04-10 23:04:35.297188,complete,Leucocytes,positive,J,HE,87.0,,3460.0,,,,,,,,,,,,,,,,,,,,,,,
184,case_23,2024-04-11 00:30:56.297188,complete,Leucocytes,positive,L,HE,20.0,,137.0,,,,,,,,,,,,,,,,,,,,,,,
185,case_24,2024-04-10 16:07:53.297188,complete,CRP,positive,L,ED,73.0,5730.0,,,,,,,,,,,,,,,,,,,,,,,,
186,case_24,2024-04-10 17:21:08.297188,complete,CRP,positive,L,GE,20.0,2088.0,,,,,,,,,,,,,,,,,,,,,,,,
187,case_24,2024-04-10 17:49:16.297188,complete,Leucocytes,positive,I,IE,20.0,,948.0,,,,,,,,,,,,,,,,,,,,,,,
188,case_24,2024-04-10 19:11:22.297188,complete,CRP,positive,I,UC,22.0,1328.0,,,,,,,,,,,,,,,,,,,,,,,,
189,case_24,2024-04-10 20:37:42.297188,complete,CRP,positive,F,HC,23.0,3234.0,,,,,,,,,,,,,,,,,,,,,,,,
190,case_24,2024-04-10 21:21:37.297188,complete,Admission NC,positive,L,,,,,,,,,,,,,,,,,,,,,,,,,,,
191,case_24,2024-04-10 21:50:16.297188,complete,CRP,positive,I,HE,20.0,2927.0,,,,,,,,,,,,,,,,,,,,,,,,
192,case_24,2024-04-10 23:28:18.297188,complete,Admission NC,positive,L,,,,,,,,,,,,,,,,,,,,,,,,,,,
193,case_24,2024-04-10 23:59:44.297188,complete,Leucocytes,positive,L,HE,20.0,,138.0,,,,,,,,,,,,,,,,,,,,,,,
194,case_25,2024-04-10 16:17:17.297188,complete,Leucocytes,positive,I,HD,20.0,,135.0,,,,,,,,,,,,,,,,,,,,,,,
195,case_25,2024-04-10 16:50:26.297188,complete,CRP,positive,L,LB,24.0,1247.0,,,,,,,,,,,,,,,,,,,,,,,,
196,case_25,2024-04-10 18:32:54.297188,complete,CRP,positive,I,HE,22.0,4961.0,,,,,,,,,,,,,,,,,,,,,,,,
197,case_25,2024-04-10 19:10:16.297188,complete,Admission NC,positive,J,,,,,,,,,,,,,,,,,,,,,,,,,,,
198,case_25,2024-04-10 19:44:58.297188,complete,Leucocytes,positive,L,UA,25.0,,2490.0,,,,,,,,,,,,,,,,,,,,,,,
199,case_25,2024-04-10 21:34:01.297188,complete,Leucocytes,positive,I,HD,23.0,,134.0,,,,,,,,,,,,,,,,,,,,,,,
200,case_25,2024-04-10 22:20:28.297188,complete,Admission NC,positive,L,,,,,,,,,,,,,,,,,,,,,,,,,,,
201,case_25,2024-04-10 22:52:01.297188,complete,CRP,positive,L,HE,34.0,5059.0,,,,,,,,,,,,,,,,,,,,,,,,
202,case_26,2024-04-10 16:34:38.297188,complete,CRP,positive,L,DC,21.0,5727.0,,,,,,,,,,,,,,,,,,,,,,,,
203,case_26,2024-04-10 17:22:13.297188,complete,Admission NC,positive,J,,,,,,,,,,,,,,,,,,,,,,,,,,,
204,case_26,2024-04-10 17:47:52.297188,complete,ER Registration,positive,I,HE,22.0,,,,false,true,true,false,true,true,true,true,true,false,true,true,true,true,true,true,false,false,true,true,false,false
205,case_26,2024-04-10 19:07:30.297188,complete,Leucocytes,positive,I,NA,89.0,,2627.0,,,,,,,,,,,,,,,,,,,,,,,
206,case_26,2024-04-10 20:01:33.297188,complete,CRP,positive,L,EB,20.0,4149.0,,,,,,,,,,,,,,,,,,,,,,,,
207,case_26,2024-04-10 20:55:22.297188,complete,Admission NC,positive,L,,,,,,,,,,,,,,,,,,,,,,,,,,,
208,case_26,2024-04-10 22:32:06.297188,complete,ER Registration,positive,F,HD,22.0,,,,true,false,false,false,true,false,false,false,false,true,true,true,false,true,true,true,false,true,false,true,true,true
209,case_26,2024-04-10 23:31:32.297188,complete,Admission NC,positive,L,,,,,,,,,,,,,,,,,,,,,,,,,,,
210,case_27,2024-04-10 16:29:53.297188,complete,Leucocytes,positive,L,HD,25.0,,1778.0,,,,,,,,,,,,,,,,,,,,,,,
211,case_27,2024-04-10 17:03:57.297188,complete,CRP,positive,L,LB,20.0,1745.0,,,,,,,,,,,,,,,,,,,,,,,,
212,case_27,2024-04-10 18:15:40.297188,complete,Admission NC,positive,L,,,,,,,,,,,,,,,,,,,,,,,,,,,
213,case_27,2024-04-10 18:54:36.297188,complete,CRP,positive,L,VD,20.0,52.0,,,,,,,,,,,,,,,,,,,,,,,,
214,case_27,2024-04-10 20:10:34.297188,complete,CRP,positive,I,EB,21.0,4149.0,,,,,,,,,,,,,,,,,,,,,,,,
215,case_27,2024-04-10 20:46:08.297188,complete,Admission NC,positive,L,,,,,,,,,,,,,,,,,,,,,,,,,,,
216,case_27,2024-04-10 22:32:39.297188,complete,Leucocytes,positive,J,HE,21.0,,138.0,,,,,,,,,,,,,,,,,,,,,,,
217,case_27,2024-04-10 23:19:51.297188,complete,CRP,positive,L,HB,34.0,61.0,,,,,,,,,,,,,,,,,,,,,,,,
218,case_28,2024-04-10 16:04:17.297188,complete,Leucocytes,positive,E,DC,20.0,,137.0,,,,,,,,,,,,,,,,,,,,,,,
219,case_28,2024-04-10 17:21:51.297188,complete,CRP,positive,L,LB,20.0,1625.0,,,,,,,,,,,,,,,,,,,,,,,,
220,case_28,2024-04-10 18:25:17.297188,complete,Admission NC,positive,L,,,,,,,,,,,,,,,,,,,,,,,,,,,
221,case_28,2024-04-10 18:40:16.297188,complete,CRP,positive,I,VD,20.0,55.0,,,,,,,,,,,,,,,,,,,,,,,,
222,case_28,2024-04-10 20:18:59.297188,complete,CRP,positive,I,UA,20.0,5301.0,,,,,,,,,,,,,,,,,,,,,,,,
223,case_28,2024-04-10 21:14:06.297188,complete,CRP,positive,J,HE,21.0,4226.0,,,,,,,,,,,,,,,,,,,,,,,,
224,case_28,2024-04-10 22:18:36.297188,complete,Admission NC,positive,L,,,,,,,,,,,,,,,,,,,,,,,,,,,
225,case_28,2024-04-10 22:45:49.297188,complete,Leucocytes,positive,J,HE,35.0,,2.0,,,,,,,,,,,,,,,,,,,,,,,
226,case_29,2024-04-10 16:06:48.297188,complete,CRP,positive,L,DD,20.0,5729.0,,,,,,,,,,,,,,,,,,,,,,,,
227,case_29,2024-04-10 17:01:34.297188,complete,Leucocytes,positive,L,LB,20.0,,2062.0,,,,,,,,,,,,,,,,,,,,,,,
228,case_29,2024-04-10 18:29:23.297188,complete,CRP,positive,L,HE,24.0,4963.0,,,,,,,,,,,,,,,,,,,,,,,,
229,case_29,2024-04-10 19:06:00.297188,complete,CRP,positive,J,VD,20.0,55.0,,,,,,,,,,,,,,,,,,,,,,,,
230,case_29,2024-04-10 20:04:52.297188,complete,CRP,positive,J,DA,20.0,5301.0,,,,,,,,,,,,,,,,,,,,,,,,
231,case_29,2024-04-10 20:45:06.297188,complete,CRP,positive,I,HE,21.0,4226.0,,,,,,,,,,,,,,,,,,,,,,,,
232,case_29,2024-04-10 22:23:53.297188,complete,Admission NC,positive,L,,,,,,,,,,,,,,,,,,,,,,,,,,,
233,case_29,2024-04-10 23:35:43.297188,complete,Admission NC,positive,L,,,,,,,,,,,,,,,,,,,,,,,,,,,
