,case:concept:name,time:timestamp,lifecycle:transition,concept:name,case:label,org:group,Diagnose,Age,Leucocytes,CRP,InfectionSuspected,DiagnosticBlood,DisfuncOrg,SIRSCritTachypnea,Hypotensie,SIRSCritHeartRate,Infusion,DiagnosticArtAstrup,DiagnosticIC,DiagnosticSputum,DiagnosticLiquor,DiagnosticOther,SIRSCriteria2OrMore,DiagnosticXthorax,SIRSCritTemperature,DiagnosticUrinaryCulture,SIRSCritLeucos,Oligurie,DiagnosticLacticAcid,Hypoxie,DiagnosticUrinarySediment,DiagnosticECG,LacticAcid
0,case_0,2024-04-10 16:10:59.762716,complete,Leucocytes,positive,K,YA,82.0,3213.0,,,,,,,,,,,,,,,,,,,,,,,,
1,case_0,2024-04-10 17:17:48.762716,complete,Leucocytes,positive,A,YA,20.0,1682.0,,,,,,,,,,,,,,,,,,,,,,,,
2,case_0,2024-04-10 18:08:20.762716,complete,Admission NC,positive,J,,,,,,,,,,,,,,,,,,,,,,,,,,,
3,case_0,2024-04-10 19:20:47.762716,complete,Leucocytes,positive,A,YC,20.0,1663.0,,,,,,,,,,,,,,,,,,,,,,,,
4,case_0,2024-04-10 19:53:28.762716,complete,CRP,positive,K,YC,22.0,,51.0,,,,,,,,,,,,,,,,,,,,,,,
5,case_0,2024-04-10 20:54:27.762716,complete,Leucocytes,positive,I,YA,20.0,3054.0,,,,,,,,,,,,,,,,,,,,,,,,
6,case_0,2024-04-10 21:48:46.762716,complete,Admission NC,positive,J,,,,,,,,,,,,,,,,,,,,,,,,,,,
7,case_0,2024-04-10 23:14:07.762716,complete,Leucocytes,positive,I,YB,20.0,1225.0,,,,,,,,,,,,,,,,,,,,,,,,
8,case_0,2024-04-10 23:42:25.762716,complete,CRP,positive,K,JB,20.0,,50.0,,,,,,,,,,,,,,,,,,,,,,,
9,case_1,2024-04-10 15:34:01.762716,complete,Leucocytes,positive,K,YD,21.0,3551.0,,,,,,,,,,,,,,,,,,,,,,,,
10,case_1,2024-04-10 16:46:12.762716,complete,CRP,positive,K,YA,21.0,,1439.0,,,,,,,,,,,,,,,,,,,,,,,
11,case_1,2024-04-10 17:59:48.762716,complete,Leucocytes,positive,A,YA,21.0,138.0,,,,,,,,,,,,,,,,,,,,,,,,
12,case_1,2024-04-10 18:38:38.762716,complete,Release B,positive,E,,,,,,,,,,,,,,,,,,,,,,,,,,,
13,case_1,2024-04-10 20:07:42.762716,complete,Admission NC,positive,K,,,,,,,,,,,,,,,,,,,,,,,,,,,
14,case_1,2024-04-10 21:29:16.762716,complete,Release B,positive,E,,,,,,,,,,,,,,,,,,,,,,,,,,,
15,case_1,2024-04-10 21:50:53.762716,complete,Leucocytes,positive,I,YA,20.0,139.0,,,,,,,,,,,,,,,,,,,,,,,,
16,case_1,2024-04-10 22:51:49.762716,complete,Admission NC,positive,E,,,,,,,,,,,,,,,,,,,,,,,,,,,
17,case_1,2024-04-11 00:06:28.762716,complete,Leucocytes,positive,K,X,20.0,2282.0,,,,,,,,,,,,,,,,,,,,,,,,
18,case_2,2024-04-10 15:53:59.762716,complete,CRP,positive,?,YC,20.0,,3935.0,,,,,,,,,,,,,,,,,,,,,,,
19,case_2,2024-04-10 17:24:46.762716,complete,CRP,positive,K,YC,24.0,,4469.0,,,,,,,,,,,,,,,,,,,,,,,
20,case_2,2024-04-10 17:57:43.762716,complete,Admission NC,positive,J,,,,,,,,,,,,,,,,,,,,,,,,,,,
21,case_2,2024-04-10 18:59:59.762716,complete,CRP,positive,J,YB,26.0,,1813.0,,,,,,,,,,,,,,,,,,,,,,,
22,case_2,2024-04-10 19:40:14.762716,complete,CRP,positive,?,YA,20.0,,3090.0,,,,,,,,,,,,,,,,,,,,,,,
23,case_2,2024-04-10 21:13:25.762716,complete,Leucocytes,positive,K,QC,20.0,291.0,,,,,,,,,,,,,,,,,,,,,,,,
24,case_2,2024-04-10 22:14:19.762716,complete,CRP,positive,A,YD,21.0,,50.0,,,,,,,,,,,,,,,,,,,,,,,
25,case_2,2024-04-10 22:34:34.762716,complete,Admission NC,positive,J,,,,,,,,,,,,,,,,,,,,,,,,,,,
26,case_2,2024-04-11 00:07:46.762716,complete,CRP,positive,I,YD,20.0,,3357.0,,,,,,,,,,,,,,,,,,,,,,,
27,case_3,2024-04-10 16:13:00.762716,complete,Admission NC,positive,A,,,,,,,,,,,,,,,,,,,,,,,,,,,
28,case_3,2024-04-10 17:27:30.762716,complete,Leucocytes,positive,I,YA,23.0,3812.0,,,,,,,,,,,,,,,,,,,,,,,,
29,case_3,2024-04-10 18:03:13.762716,complete,Leucocytes,positive,I,YA,20.0,201.0,,,,,,,,,,,,,,,,,,,,,,,,
30,case_3,2024-04-10 19:06:26.762716,complete,CRP,positive,I,YC,20.0,,50.0,,,,,,,,,,,,,,,,,,,,,,,
31,case_3,2024-04-10 20:19:16.762716,complete,CRP,positive,I,YB,20.0,,564.0,,,,,,,,,,,,,,,,,,,,,,,
32,case_3,2024-04-10 20:57:18.762716,complete,CRP,positive,K,YD,20.0,,51.0,,,,,,,,,,,,,,,,,,,,,,,
33,case_3,2024-04-10 22:04:13.762716,complete,CRP,positive,K,YA,20.0,,171.0,,,,,,,,,,,,,,,,,,,,,,,
34,case_3,2024-04-10 22:44:05.762716,complete,Admission NC,positive,F,,,,,,,,,,,,,,,,,,,,,,,,,,,
35,case_3,2024-04-11 00:19:40.762716,complete,Leucocytes,positive,K,X,20.0,2282.0,,,,,,,,,,,,,,,,,,,,,,,,
36,case_4,2024-04-10 16:01:51.762716,complete,Leucocytes,positive,K,YB,20.0,2519.0,,,,,,,,,,,,,,,,,,,,,,,,
37,case_4,2024-04-10 16:49:59.762716,complete,CRP,positive,?,YB,20.0,,50.0,,,,,,,,,,,,,,,,,,,,,,,
38,case_4,2024-04-10 18:03:54.762716,complete,CRP,positive,K,YB,21.0,,4009.0,,,,,,,,,,,,,,,,,,,,,,,
39,case_4,2024-04-10 18:59:01.762716,complete,CRP,positive,I,YA,21.0,,50.0,,,,,,,,,,,,,,,,,,,,,,,
40,case_4,2024-04-10 19:33:18.762716,complete,CRP,positive,I,YA,20.0,,3192.0,,,,,,,,,,,,,,,,,,,,,,,
41,case_4,2024-04-10 21:08:30.762716,complete,Leucocytes,positive,?,YA,20.0,160.0,,,,,,,,,,,,,,,,,,,,,,,,
42,case_4,2024-04-10 21:53:30.762716,complete,Admission NC,positive,F,,,,,,,,,,,,,,,,,,,,,,,,,,,
43,case_4,2024-04-10 23:11:20.762716,complete,CRP,positive,K,YA,20.0,,4251.0,,,,,,,,,,,,,,,,,,,,,,,
44,case_4,2024-04-10 23:55:10.762716,complete,Admission NC,positive,F,,,,,,,,,,,,,,,,,,,,,,,,,,,
45,case_5,2024-04-10 16:20:45.762716,complete,CRP,positive,I,YB,20.0,,50.0,,,,,,,,,,,,,,,,,,,,,,,
46,case_5,2024-04-10 16:36:03.762716,complete,Admission NC,positive,?,,,,,,,,,,,,,,,,,,,,,,,,,,,
47,case_5,2024-04-10 17:39:41.762716,complete,Admission NC,positive,F,,,,,,,,,,,,,,,,,,,,,,,,,,,
48,case_5,2024-04-10 18:45:35.762716,complete,Leucocytes,positive,K,YD,22.0,2551.0,,,,,,,,,,,,,,,,,,,,,,,,
49,case_5,2024-04-10 20:31:06.762716,complete,CRP,positive,K,QB,20.0,,50.0,,,,,,,,,,,,,,,,,,,,,,,
50,case_5,2024-04-10 21:12:32.762716,complete,CRP,positive,K,YB,26.0,,50.0,,,,,,,,,,,,,,,,,,,,,,,
51,case_5,2024-04-10 22:00:31.762716,complete,CRP,positive,K,YB,20.0,,5020.0,,,,,,,,,,,,,,,,,,,,,,,
52,case_5,2024-04-10 23:24:20.762716,complete,Leucocytes,positive,K,YA,20.0,138.0,,,,,,,,,,,,,,,,,,,,,,,,
53,case_5,2024-04-11 00:19:57.762716,complete,CRP,positive,A,YC,20.0,,51.0,,,,,,,,,,,,,,,,,,,,,,,
54,case_6,2024-04-10 15:56:58.762716,complete,CRP,positive,K,S,20.0,,762.0,,,,,,,,,,,,,,,,,,,,,,,
55,case_6,2024-04-10 16:43:23.762716,complete,Leucocytes,positive,A,YA,20.0,3043.0,,,,,,,,,,,,,,,,,,,,,,,,
56,case_6,2024-04-10 18:10:15.762716,complete,CRP,positive,K,YC,23.0,,50.0,,,,,,,,,,,,,,,,,,,,,,,
57,case_6,2024-04-10 18:50:36.762716,complete,Leucocytes,positive,I,YA,20.0,2374.0,,,,,,,,,,,,,,,,,,,,,,,,
58,case_6,2024-04-10 20:30:20.762716,complete,CRP,positive,K,YA,20.0,,50.0,,,,,,,,,,,,,,,,,,,,,,,
59,case_6,2024-04-10 21:07:29.762716,complete,Admission NC,positive,J,,,,,,,,,,,,,,,,,,,,,,,,,,,
60,case_6,2024-04-10 22:15:37.762716,complete,Admission NC,positive,A,,,,,,,,,,,,,,,,,,,,,,,,,,,
61,case_6,2024-04-10 22:59:13.762716,complete,CRP,positive,K,YC,20.0,,4146.0,,,,,,,,,,,,,,,,,,,,,,,
62,case_6,2024-04-11 00:20:46.762716,complete,CRP,positive,I,YA,21.0,,3579.0,,,,,,,,,,,,,,,,,,,,,,,
63,case_7,2024-04-10 16:18:27.762716,complete,CRP,positive,?,YA,22.0,,2593.0,,,,,,,,,,,,,,,,,,,,,,,
64,case_7,2024-04-10 16:48:09.762716,complete,CRP,positive,K,YD,21.0,,50.0,,,,,,,,,,,,,,,,,,,,,,,
65,case_7,2024-04-10 18:19:08.762716,complete,Leucocytes,positive,K,YB,21.0,138.0,,,,,,,,,,,,,,,,,,,,,,,,
66,case_7,2024-04-10 18:38:13.762716,complete,Leucocytes,positive,K,YA,21.0,138.0,,,,,,,,,,,,,,,,,,,,,,,,
67,case_7,2024-04-10 20:03:43.762716,complete,CRP,positive,K,YA,20.0,,50.0,,,,,,,,,,,,,,,,,,,,,,,
68,case_7,2024-04-10 21:19:17.762716,complete,CRP,positive,K,YA,22.0,,50.0,,,,,,,,,,,,,,,,,,,,,,,
69,case_7,2024-04-10 21:34:58.762716,complete,Admission NC,positive,F,,,,,,,,,,,,,,,,,,,,,,,,,,,
70,case_7,2024-04-10 23:15:43.762716,complete,Admission NC,positive,J,,,,,,,,,,,,,,,,,,,,,,,,,,,
71,case_8,2024-04-10 16:01:18.762716,complete,Leucocytes,positive,K,YB,25.0,3144.0,,,,,,,,,,,,,,,,,,,,,,,,
72,case_8,2024-04-10 16:58:17.762716,complete,Admission NC,positive,F,,,,,,,,,,,,,,,,,,,,,,,,,,,
73,case_8,2024-04-10 18:19:05.762716,complete,Leucocytes,positive,K,YC,20.0,138.0,,,,,,,,,,,,,,,,,,,,,,,,
74,case_8,2024-04-10 18:52:53.762716,complete,Leucocytes,positive,A,YA,20.0,138.0,,,,,,,,,,,,,,,,,,,,,,,,
75,case_8,2024-04-10 20:08:59.762716,complete,CRP,positive,A,YA,21.0,,50.0,,,,,,,,,,,,,,,,,,,,,,,
76,case_8,2024-04-10 21:32:59.762716,complete,Leucocytes,positive,K,YA,20.0,3250.0,,,,,,,,,,,,,,,,,,,,,,,,
77,case_8,2024-04-10 22:21:39.762716,complete,Leucocytes,positive,A,YB,22.0,138.0,,,,,,,,,,,,,,,,,,,,,,,,
78,case_8,2024-04-10 23:19:22.762716,complete,Admission NC,positive,?,,,,,,,,,,,,,,,,,,,,,,,,,,,
79,case_9,2024-04-10 16:00:02.762716,complete,Leucocytes,positive,K,YB,22.0,446.0,,,,,,,,,,,,,,,,,,,,,,,,
80,case_9,2024-04-10 16:37:36.762716,complete,Release B,positive,E,,,,,,,,,,,,,,,,,,,,,,,,,,,
81,case_9,2024-04-10 17:52:24.762716,complete,Release B,positive,K,,,,,,,,,,,,,,,,,,,,,,,,,,,
82,case_9,2024-04-10 18:59:21.762716,complete,Leucocytes,positive,I,YA,23.0,138.0,,,,,,,,,,,,,,,,,,,,,,,,
83,case_9,2024-04-10 20:25:13.762716,complete,Leucocytes,positive,K,YA,21.0,2065.0,,,,,,,,,,,,,,,,,,,,,,,,
84,case_9,2024-04-10 21:28:57.762716,complete,Leucocytes,positive,K,YC,20.0,138.0,,,,,,,,,,,,,,,,,,,,,,,,
85,case_9,2024-04-10 21:48:53.762716,complete,Admission NC,positive,J,,,,,,,,,,,,,,,,,,,,,,,,,,,
86,case_9,2024-04-10 23:02:08.762716,complete,Admission NC,positive,A,,,,,,,,,,,,,,,,,,,,,,,,,,,
87,case_10,2024-04-10 15:47:14.762716,complete,CRP,positive,I,YA,20.0,,2911.0,,,,,,,,,,,,,,,,,,,,,,,
88,case_10,2024-04-10 17:29:36.762716,complete,Leucocytes,positive,I,YC,21.0,2034.0,,,,,,,,,,,,,,,,,,,,,,,,
89,case_10,2024-04-10 17:42:57.762716,complete,CRP,positive,K,YA,21.0,,631.0,,,,,,,,,,,,,,,,,,,,,,,
90,case_10,2024-04-10 19:17:09.762716,complete,Leucocytes,positive,A,YA,20.0,1673.0,,,,,,,,,,,,,,,,,,,,,,,,
91,case_10,2024-04-10 20:19:18.762716,complete,CRP,positive,K,YA,20.0,,50.0,,,,,,,,,,,,,,,,,,,,,,,
92,case_10,2024-04-10 20:37:58.762716,complete,Leucocytes,positive,K,YA,20.0,140.0,,,,,,,,,,,,,,,,,,,,,,,,
93,case_10,2024-04-10 22:26:59.762716,complete,Admission NC,positive,A,,,,,,,,,,,,,,,,,,,,,,,,,,,
94,case_10,2024-04-10 23:31:08.762716,complete,Admission NC,positive,J,,,,,,,,,,,,,,,,,,,,,,,,,,,
95,case_11,2024-04-10 15:45:51.762716,complete,Admission NC,positive,F,,,,,,,,,,,,,,,,,,,,,,,,,,,
96,case_11,2024-04-10 17:12:41.762716,complete,ER Registration,positive,K,YA,21.0,,,false,true,true,true,true,true,false,true,false,false,false,true,true,true,false,true,false,true,false,true,true,false,
97,case_11,2024-04-10 18:16:57.762716,complete,Leucocytes,positive,K,YD,20.0,138.0,,,,,,,,,,,,,,,,,,,,,,,,
98,case_11,2024-04-10 19:24:17.762716,complete,Leucocytes,positive,K,YB,20.0,138.0,,,,,,,,,,,,,,,,,,,,,,,,
99,case_11,2024-04-10 20:21:26.762716,complete,CRP,positive,A,YA,20.0,,50.0,,,,,,,,,,,,,,,,,,,,,,,
100,case_11,2024-04-10 20:51:59.762716,complete,CRP,positive,K,QA,21.0,,51.0,,,,,,,,,,,,,,,,,,,,,,,
101,case_11,2024-04-10 22:02:00.762716,complete,CRP,positive,?,YC,20.0,,5353.0,,,,,,,,,,,,,,,,,,,,,,,
102,case_11,2024-04-10 23:20:53.762716,complete,Admission NC,positive,F,,,,,,,,,,,,,,,,,,,,,,,,,,,
103,case_12,2024-04-10 16:31:27.762716,complete,Leucocytes,positive,A,YA,21.0,446.0,,,,,,,,,,,,,,,,,,,,,,,,
104,case_12,2024-04-10 16:49:01.762716,complete,ER Registration,positive,K,YD,20.0,,,false,true,true,true,true,false,false,true,true,false,false,false,false,true,true,false,true,true,true,true,false,true,
105,case_12,2024-04-10 18:15:41.762716,complete,Leucocytes,positive,K,YB,20.0,138.0,,,,,,,,,,,,,,,,,,,,,,,,
106,case_12,2024-04-10 18:51:33.762716,complete,CRP,positive,A,YA,20.0,,50.0,,,,,,,,,,,,,,,,,,,,,,,
107,case_12,2024-04-10 19:58:11.762716,complete,Leucocytes,positive,K,QA,21.0,2065.0,,,,,,,,,,,,,,,,,,,,,,,,
108,case_12,2024-04-10 21:18:45.762716,complete,CRP,positive,?,YC,20.0,,51.0,,,,,,,,,,,,,,,,,,,,,,,
109,case_12,2024-04-10 22:31:57.762716,complete,Admission NC,positive,J,,,,,,,,,,,,,,,,,,,,,,,,,,,
110,case_12,2024-04-10 22:50:06.762716,complete,Admission NC,positive,?,,,,,,,,,,,,,,,,,,,,,,,,,,,
111,case_13,2024-04-10 16:24:00.762716,complete,CRP,positive,J,B,20.0,,2213.0,,,,,,,,,,,,,,,,,,,,,,,
112,case_13,2024-04-10 16:41:39.762716,complete,CRP,positive,K,YA,20.0,,1956.0,,,,,,,,,,,,,,,,,,,,,,,
113,case_13,2024-04-10 18:27:02.762716,complete,Admission NC,positive,F,,,,,,,,,,,,,,,,,,,,,,,,,,,
114,case_13,2024-04-10 18:33:14.762716,complete,CRP,positive,K,QA,21.0,,3671.0,,,,,,,,,,,,,,,,,,,,,,,
115,case_13,2024-04-10 19:41:26.762716,complete,CRP,positive,A,YA,22.0,,3397.0,,,,,,,,,,,,,,,,,,,,,,,
116,case_13,2024-04-10 20:54:49.762716,complete,IV Antibiotics,positive,L,,,,,,,,,,,,,,,,,,,,,,,,,,,
117,case_13,2024-04-10 21:51:18.762716,complete,Admission NC,positive,F,,,,,,,,,,,,,,,,,,,,,,,,,,,
118,case_14,2024-04-10 16:05:26.762716,complete,CRP,positive,C,B,20.0,,2213.0,,,,,,,,,,,,,,,,,,,,,,,
119,case_14,2024-04-10 16:54:40.762716,complete,CRP,positive,K,YA,20.0,,1956.0,,,,,,,,,,,,,,,,,,,,,,,
120,case_14,2024-04-10 18:14:39.762716,complete,Admission NC,positive,F,,,,,,,,,,,,,,,,,,,,,,,,,,,
121,case_14,2024-04-10 19:03:05.762716,complete,CRP,positive,K,QA,21.0,,3671.0,,,,,,,,,,,,,,,,,,,,,,,
122,case_14,2024-04-10 20:06:49.762716,complete,CRP,positive,A,YA,22.0,,3397.0,,,,,,,,,,,,,,,,,,,,,,,
123,case_14,2024-04-10 21:25:03.762716,complete,IV Antibiotics,positive,L,,,,,,,,,,,,,,,,,,,,,,,,,,,
124,case_14,2024-04-10 22:16:26.762716,complete,Admission NC,positive,A,,,,,,,,,,,,,,,,,,,,,,,,,,,
125,case_15,2024-04-10 16:09:16.762716,complete,CRP,positive,K,YB,23.0,,2810.0,,,,,,,,,,,,,,,,,,,,,,,
126,case_15,2024-04-10 17:17:56.762716,complete,Leucocytes,positive,A,YB,20.0,138.0,,,,,,,,,,,,,,,,,,,,,,,,
127,case_15,2024-04-10 18:20:30.762716,complete,Admission NC,positive,A,,,,,,,,,,,,,,,,,,,,,,,,,,,
128,case_15,2024-04-10 18:45:42.762716,complete,CRP,positive,I,YA,21.0,,50.0,,,,,,,,,,,,,,,,,,,,,,,
129,case_15,2024-04-10 19:47:47.762716,complete,Admission NC,positive,J,,,,,,,,,,,,,,,,,,,,,,,,,,,
130,case_15,2024-04-10 20:55:14.762716,complete,ER Registration,positive,A,YA,21.0,,,true,false,false,true,true,false,true,false,true,true,true,true,false,false,true,false,false,true,false,true,true,false,
131,case_15,2024-04-10 21:46:25.762716,complete,Leucocytes,positive,K,YD,20.0,3456.0,,,,,,,,,,,,,,,,,,,,,,,,
132,case_16,2024-04-10 15:39:36.762716,complete,Leucocytes,positive,K,YC,20.0,943.0,,,,,,,,,,,,,,,,,,,,,,,,
133,case_16,2024-04-10 17:10:53.762716,complete,Admission NC,positive,J,,,,,,,,,,,,,,,,,,,,,,,,,,,
134,case_16,2024-04-10 18:04:57.762716,complete,ER Registration,positive,K,YA,20.0,,,false,true,true,true,false,false,true,true,false,false,false,true,true,true,false,false,true,false,false,false,false,true,
135,case_16,2024-04-10 19:16:05.762716,complete,Leucocytes,positive,K,YA,20.0,456.0,,,,,,,,,,,,,,,,,,,,,,,,
136,case_16,2024-04-10 20:13:08.762716,complete,Admission NC,positive,L,,,,,,,,,,,,,,,,,,,,,,,,,,,
137,case_16,2024-04-10 21:25:59.762716,complete,Leucocytes,positive,K,YA,22.0,3060.0,,,,,,,,,,,,,,,,,,,,,,,,
138,case_16,2024-04-10 21:53:57.762716,complete,CRP,positive,A,YB,21.0,,3307.0,,,,,,,,,,,,,,,,,,,,,,,
139,case_17,2024-04-10 16:17:13.762716,complete,Admission NC,positive,L,,,,,,,,,,,,,,,,,,,,,,,,,,,
140,case_17,2024-04-10 17:32:10.762716,complete,Leucocytes,positive,A,YA,22.0,2088.0,,,,,,,,,,,,,,,,,,,,,,,,
141,case_17,2024-04-10 18:18:29.762716,complete,Leucocytes,positive,K,YB,24.0,139.0,,,,,,,,,,,,,,,,,,,,,,,,
142,case_17,2024-04-10 18:36:16.762716,complete,CRP,positive,K,YC,20.0,,50.0,,,,,,,,,,,,,,,,,,,,,,,
143,case_17,2024-04-10 20:16:15.762716,complete,Admission NC,positive,L,,,,,,,,,,,,,,,,,,,,,,,,,,,
144,case_17,2024-04-10 21:18:28.762716,complete,CRP,positive,K,YA,22.0,,5651.0,,,,,,,,,,,,,,,,,,,,,,,
145,case_17,2024-04-10 21:49:47.762716,complete,Leucocytes,positive,K,YB,20.0,138.0,,,,,,,,,,,,,,,,,,,,,,,,
146,case_18,2024-04-10 16:18:29.762716,complete,Leucocytes,positive,K,YB,22.0,3611.0,,,,,,,,,,,,,,,,,,,,,,,,
147,case_18,2024-04-10 17:13:18.762716,complete,Admission NC,positive,J,,,,,,,,,,,,,,,,,,,,,,,,,,,
148,case_18,2024-04-10 17:56:09.762716,complete,Admission NC,positive,F,,,,,,,,,,,,,,,,,,,,,,,,,,,
149,case_18,2024-04-10 19:14:36.762716,complete,Leucocytes,positive,K,YB,20.0,1957.0,,,,,,,,,,,,,,,,,,,,,,,,
150,case_18,2024-04-10 19:36:40.762716,complete,CRP,positive,?,YA,20.0,,50.0,,,,,,,,,,,,,,,,,,,,,,,
151,case_18,2024-04-10 20:44:19.762716,complete,Leucocytes,positive,I,YA,22.0,140.0,,,,,,,,,,,,,,,,,,,,,,,,
152,case_18,2024-04-10 21:39:15.762716,complete,Leucocytes,positive,K,YA,20.0,3456.0,,,,,,,,,,,,,,,,,,,,,,,,
153,case_19,2024-04-10 15:39:07.762716,complete,CRP,positive,K,YD,22.0,,50.0,,,,,,,,,,,,,,,,,,,,,,,
154,case_19,2024-04-10 17:04:03.762716,complete,CRP,positive,I,YA,20.0,,1145.0,,,,,,,,,,,,,,,,,,,,,,,
155,case_19,2024-04-10 17:44:40.762716,complete,Admission NC,positive,J,,,,,,,,,,,,,,,,,,,,,,,,,,,
156,case_19,2024-04-10 19:00:42.762716,complete,CRP,positive,I,YA,21.0,,474.0,,,,,,,,,,,,,,,,,,,,,,,
157,case_19,2024-04-10 20:08:13.762716,complete,Admission NC,positive,J,,,,,,,,,,,,,,,,,,,,,,,,,,,
158,case_19,2024-04-10 21:05:30.762716,complete,CRP,positive,A,YA,21.0,,2542.0,,,,,,,,,,,,,,,,,,,,,,,
159,case_19,2024-04-10 21:48:34.762716,complete,CRP,positive,K,YD,20.0,,2934.0,,,,,,,,,,,,,,,,,,,,,,,
160,case_20,2024-04-10 15:43:24.762716,complete,CRP,positive,?,YA,22.0,,3477.0,,,,,,,,,,,,,,,,,,,,,,,
161,case_20,2024-04-10 16:55:49.762716,complete,CRP,positive,K,YD,21.0,,1397.0,,,,,,,,,,,,,,,,,,,,,,,
162,case_20,2024-04-10 18:05:37.762716,complete,Admission NC,positive,F,,,,,,,,,,,,,,,,,,,,,,,,,,,
163,case_20,2024-04-10 18:35:30.762716,complete,CRP,positive,K,YB,21.0,,622.0,,,,,,,,,,,,,,,,,,,,,,,
164,case_20,2024-04-10 20:23:49.762716,complete,CRP,positive,K,YA,21.0,,51.0,,,,,,,,,,,,,,,,,,,,,,,
165,case_20,2024-04-10 20:53:13.762716,complete,Admission NC,positive,A,,,,,,,,,,,,,,,,,,,,,,,,,,,
166,case_21,2024-04-10 15:47:18.762716,complete,Leucocytes,positive,L,YB,22.0,3623.0,,,,,,,,,,,,,,,,,,,,,,,,
167,case_21,2024-04-10 16:55:00.762716,complete,CRP,positive,K,YC,20.0,,1397.0,,,,,,,,,,,,,,,,,,,,,,,
168,case_21,2024-04-10 17:43:58.762716,complete,Admission NC,positive,L,,,,,,,,,,,,,,,,,,,,,,,,,,,
169,case_21,2024-04-10 18:49:09.762716,complete,CRP,positive,?,YA,22.0,,622.0,,,,,,,,,,,,,,,,,,,,,,,
170,case_21,2024-04-10 19:59:46.762716,complete,CRP,positive,K,YD,21.0,,593.0,,,,,,,,,,,,,,,,,,,,,,,
171,case_21,2024-04-10 21:03:46.762716,complete,Admission NC,positive,J,,,,,,,,,,,,,,,,,,,,,,,,,,,
172,case_22,2024-04-10 15:40:50.762716,complete,Leucocytes,positive,I,YA,22.0,2332.0,,,,,,,,,,,,,,,,,,,,,,,,
173,case_22,2024-04-10 17:25:03.762716,complete,CRP,positive,A,YA,22.0,,51.0,,,,,,,,,,,,,,,,,,,,,,,
174,case_22,2024-04-10 17:35:11.762716,complete,Admission NC,positive,A,,,,,,,,,,,,,,,,,,,,,,,,,,,
175,case_22,2024-04-10 19:08:50.762716,complete,Admission NC,positive,F,,,,,,,,,,,,,,,,,,,,,,,,,,,
176,case_22,2024-04-10 20:16:05.762716,complete,Leucocytes,positive,I,QA,20.0,2063.0,,,,,,,,,,,,,,,,,,,,,,,,
177,case_22,2024-04-10 21:31:08.762716,complete,CRP,positive,A,YA,22.0,,5453.0,,,,,,,,,,,,,,,,,,,,,,,
178,case_23,2024-04-10 16:16:28.762716,complete,Leucocytes,positive,K,YA,22.0,1647.0,,,,,,,,,,,,,,,,,,,,,,,,
179,case_23,2024-04-10 16:47:53.762716,complete,CRP,positive,A,YA,22.0,,50.0,,,,,,,,,,,,,,,,,,,,,,,
180,case_23,2024-04-10 18:14:54.763716,complete,Admission NC,positive,J,,,,,,,,,,,,,,,,,,,,,,,,,,,
181,case_23,2024-04-10 18:56:39.763716,complete,Admission NC,positive,F,,,,,,,,,,,,,,,,,,,,,,,,,,,
182,case_23,2024-04-10 20:03:00.763716,complete,LacticAcid,positive,K,,,,,,,,,,,,,,,,,,,,,,,,,,,80.0
183,case_23,2024-04-10 20:53:26.763716,complete,CRP,positive,I,QA,20.0,,4721.0,,,,,,,,,,,,,,,,,,,,,,,
184,case_24,2024-04-10 16:15:44.763716,complete,Admission NC,positive,J,,,,,,,,,,,,,,,,,,,,,,,,,,,
185,case_24,2024-04-10 16:38:13.763716,complete,CRP,positive,K,YB,20.0,,99.0,,,,,,,,,,,,,,,,,,,,,,,
186,case_24,2024-04-10 18:16:50.763716,complete,Leucocytes,positive,I,YC,20.0,14.0,,,,,,,,,,,,,,,,,,,,,,,,
187,case_24,2024-04-10 19:14:26.763716,complete,Leucocytes,positive,I,YA,23.0,1493.0,,,,,,,,,,,,,,,,,,,,,,,,
188,case_24,2024-04-10 19:55:41.763716,complete,Leucocytes,positive,K,YA,21.0,138.0,,,,,,,,,,,,,,,,,,,,,,,,
189,case_24,2024-04-10 21:30:00.763716,complete,Admission NC,positive,J,,,,,,,,,,,,,,,,,,,,,,,,,,,
190,case_25,2024-04-10 15:47:57.763716,complete,Leucocytes,positive,K,YB,22.0,314.0,,,,,,,,,,,,,,,,,,,,,,,,
191,case_25,2024-04-10 17:31:52.763716,complete,Leucocytes,positive,K,YB,20.0,931.0,,,,,,,,,,,,,,,,,,,,,,,,
192,case_25,2024-04-10 18:16:25.763716,complete,CRP,positive,?,YA,20.0,,5664.0,,,,,,,,,,,,,,,,,,,,,,,
193,case_25,2024-04-10 19:00:33.763716,complete,Admission NC,positive,?,,,,,,,,,,,,,,,,,,,,,,,,,,,
194,case_25,2024-04-10 19:52:45.763716,complete,CRP,positive,K,YC,20.0,,3105.0,,,,,,,,,,,,,,,,,,,,,,,
195,case_25,2024-04-10 21:25:22.763716,complete,Admission NC,positive,A,,,,,,,,,,,,,,,,,,,,,,,,,,,
196,case_26,2024-04-10 16:21:00.763716,complete,CRP,positive,A,YB,21.0,,1312.0,,,,,,,,,,,,,,,,,,,,,,,
197,case_26,2024-04-10 17:04:26.763716,complete,Leucocytes,positive,I,YB,20.0,138.0,,,,,,,,,,,,,,,,,,,,,,,,
198,case_26,2024-04-10 18:17:53.763716,complete,Admission NC,positive,F,,,,,,,,,,,,,,,,,,,,,,,,,,,
199,case_26,2024-04-10 19:01:39.763716,complete,Leucocytes,positive,K,YC,20.0,1155.0,,,,,,,,,,,,,,,,,,,,,,,,
200,case_26,2024-04-10 19:48:02.763716,complete,Admission NC,positive,F,,,,,,,,,,,,,,,,,,,,,,,,,,,
201,case_27,2024-04-10 15:59:45.763716,complete,LacticAcid,positive,I,,,,,,,,,,,,,,,,,,,,,,,,,,,116.0
202,case_27,2024-04-10 17:07:25.763716,complete,Leucocytes,positive,A,YB,20.0,138.0,,,,,,,,,,,,,,,,,,,,,,,,
203,case_27,2024-04-10 17:48:22.763716,complete,CRP,positive,I,YB,24.0,,50.0,,,,,,,,,,,,,,,,,,,,,,,
204,case_27,2024-04-10 19:23:51.763716,complete,CRP,positive,I,YA,23.0,,51.0,,,,,,,,,,,,,,,,,,,,,,,
205,case_27,2024-04-10 20:03:02.763716,complete,CRP,positive,I,YA,20.0,,717.0,,,,,,,,,,,,,,,,,,,,,,,
206,case_27,2024-04-10 20:48:30.763716,complete,ER Triage,positive,C,YB,21.0,,,,,,,,,,,,,,,,,,,,,,,,,
207,case_27,2024-04-10 21:45:58.763716,complete,CRP,positive,I,YA,21.0,,2914.0,,,,,,,,,,,,,,,,,,,,,,,
208,case_27,2024-04-10 23:26:01.763716,complete,CRP,positive,I,YA,20.0,,51.0,,,,,,,,,,,,,,,,,,,,,,,
209,case_27,2024-04-11 00:10:20.763716,complete,Admission NC,positive,F,,,,,,,,,,,,,,,,,,,,,,,,,,,
210,case_27,2024-04-11 00:59:03.763716,complete,Admission NC,positive,J,,,,,,,,,,,,,,,,,,,,,,,,,,,
211,case_28,2024-04-10 15:48:23.763716,complete,Leucocytes,positive,I,YB,20.0,2810.0,,,,,,,,,,,,,,,,,,,,,,,,
212,case_28,2024-04-10 17:25:25.763716,complete,CRP,positive,K,YB,21.0,,50.0,,,,,,,,,,,,,,,,,,,,,,,
213,case_28,2024-04-10 18:25:47.763716,complete,Leucocytes,positive,I,YA,21.0,139.0,,,,,,,,,,,,,,,,,,,,,,,,
214,case_28,2024-04-10 19:11:15.763716,complete,CRP,positive,I,YA,20.0,,96.0,,,,,,,,,,,,,,,,,,,,,,,
215,case_28,2024-04-10 20:20:36.763716,complete,CRP,positive,?,YA,20.0,,3066.0,,,,,,,,,,,,,,,,,,,,,,,
216,case_28,2024-04-10 20:39:46.763716,complete,Leucocytes,positive,K,YA,20.0,2321.0,,,,,,,,,,,,,,,,,,,,,,,,
217,case_28,2024-04-10 22:13:08.763716,complete,CRP,positive,K,YD,20.0,,50.0,,,,,,,,,,,,,,,,,,,,,,,
218,case_28,2024-04-10 23:08:07.763716,complete,Admission NC,positive,J,,,,,,,,,,,,,,,,,,,,,,,,,,,
219,case_28,2024-04-11 00:15:00.763716,complete,Leucocytes,positive,K,YA,23.0,3472.0,,,,,,,,,,,,,,,,,,,,,,,,
220,case_28,2024-04-11 01:19:22.763716,complete,Admission NC,positive,F,,,,,,,,,,,,,,,,,,,,,,,,,,,
221,case_29,2024-04-10 15:52:25.763716,complete,Leucocytes,positive,K,YD,22.0,1504.0,,,,,,,,,,,,,,,,,,,,,,,,
222,case_29,2024-04-10 17:12:03.763716,complete,CRP,positive,K,QB,20.0,,50.0,,,,,,,,,,,,,,,,,,,,,,,
223,case_29,2024-04-10 18:01:39.763716,complete,Admission NC,positive,F,,,,,,,,,,,,,,,,,,,,,,,,,,,
224,case_29,2024-04-10 18:40:41.763716,complete,Leucocytes,positive,K,YB,26.0,2240.0,,,,,,,,,,,,,,,,,,,,,,,,
225,case_29,2024-04-10 19:37:24.763716,complete,Leucocytes,positive,K,YC,20.0,314.0,,,,,,,,,,,,,,,,,,,,,,,,
226,case_29,2024-04-10 20:55:12.763716,complete,Leucocytes,positive,K,YA,20.0,2638.0,,,,,,,,,,,,,,,,,,,,,,,,
227,case_29,2024-04-10 22:13:42.763716,complete,Leucocytes,positive,A,YC,20.0,138.0,,,,,,,,,,,,,,,,,,,,,,,,
228,case_29,2024-04-10 22:58:26.763716,complete,CRP,positive,A,YA,20.0,,50.0,,,,,,,,,,,,,,,,,,,,,,,
229,case_29,2024-04-11 00:04:13.763716,complete,Leucocytes,positive,K,YB,20.0,1337.0,,,,,,,,,,,,,,,,,,,,,,,,
230,case_29,2024-04-11 00:59:38.763716,complete,Admission NC,positive,A,,,,,,,,,,,,,,,,,,,,,,,,,,,
