,case:concept:name,time:timestamp,lifecycle:transition,concept:name,case:label,org:group,Diagnose,Age,CRP,LacticAcid,Leucocytes,InfectionSuspected,DiagnosticBlood,DisfuncOrg,SIRSCritTachypnea,Hypotensie,SIRSCritHeartRate,Infusion,DiagnosticArtAstrup,DiagnosticIC,DiagnosticSputum,DiagnosticLiquor,DiagnosticOther,SIRSCriteria2OrMore,DiagnosticXthorax,SIRSCritTemperature,DiagnosticUrinaryCulture,SIRSCritLeucos,Oligurie,DiagnosticLacticAcid,Hypoxie,DiagnosticUrinarySediment,DiagnosticECG
0,case_0,2024-04-10 15:44:44.211391,complete,Release B,positive,E,,,,,,,,,,,,,,,,,,,,,,,,,,,
1,case_0,2024-04-10 17:11:54.211391,complete,Admission NC,positive,K,,,,,,,,,,,,,,,,,,,,,,,,,,,
2,case_0,2024-04-10 18:09:04.211391,complete,Release B,positive,E,,,,,,,,,,,,,,,,,,,,,,,,,,,
3,case_0,2024-04-10 19:30:26.211391,complete,Release B,positive,E,,,,,,,,,,,,,,,,,,,,,,,,,,,
4,case_0,2024-04-10 19:41:15.211391,complete,Admission NC,positive,K,,,,,,,,,,,,,,,,,,,,,,,,,,,
5,case_0,2024-04-10 20:48:45.211391,complete,Release B,positive,E,,,,,,,,,,,,,,,,,,,,,,,,,,,
6,case_0,2024-04-10 22:09:03.211391,complete,IV Antibiotics,positive,L,,,,,,,,,,,,,,,,,,,,,,,,,,,
7,case_0,2024-04-10 22:38:26.211391,complete,ER Sepsis Triage,positive,L,HE,89.0,,,,,,,,,,,,,,,,,,,,,,,,,
8,case_0,2024-04-10 23:47:57.211391,complete,IV Antibiotics,positive,L,,,,,,,,,,,,,,,,,,,,,,,,,,,
9,case_0,2024-04-11 00:43:58.211391,complete,Return ER,positive,?,,,,,,,,,,,,,,,,,,,,,,,,,,,
10,case_1,2024-04-10 15:44:29.211391,complete,Admission NC,positive,F,,,,,,,,,,,,,,,,,,,,,,,,,,,
11,case_1,2024-04-10 17:10:13.211391,complete,Release B,positive,E,,,,,,,,,,,,,,,,,,,,,,,,,,,
12,case_1,2024-04-10 18:18:07.211391,complete,IV Antibiotics,positive,L,,,,,,,,,,,,,,,,,,,,,,,,,,,
13,case_1,2024-04-10 18:44:29.211391,complete,CRP,positive,Y,CE,37.0,3340.0,,,,,,,,,,,,,,,,,,,,,,,,
14,case_1,2024-04-10 19:49:16.211391,complete,CRP,positive,Y,UA,20.0,1677.0,,,,,,,,,,,,,,,,,,,,,,,,
15,case_1,2024-04-10 21:18:26.211391,complete,IV Antibiotics,positive,L,,,,,,,,,,,,,,,,,,,,,,,,,,,
16,case_1,2024-04-10 22:07:02.211391,complete,ER Sepsis Triage,positive,L,HE,20.0,,,,,,,,,,,,,,,,,,,,,,,,,
17,case_1,2024-04-10 23:27:52.211391,complete,IV Antibiotics,positive,L,,,,,,,,,,,,,,,,,,,,,,,,,,,
18,case_1,2024-04-11 00:34:52.211391,complete,LacticAcid,positive,Y,,,,146.0,,,,,,,,,,,,,,,,,,,,,,,
19,case_1,2024-04-11 00:45:22.211391,complete,Admission NC,positive,F,,,,,,,,,,,,,,,,,,,,,,,,,,,
20,case_2,2024-04-10 16:03:08.211391,complete,Return ER,positive,?,,,,,,,,,,,,,,,,,,,,,,,,,,,
21,case_2,2024-04-10 16:48:58.211391,complete,LacticAcid,positive,L,,,,149.0,,,,,,,,,,,,,,,,,,,,,,,
22,case_2,2024-04-10 17:48:59.211391,complete,Admission NC,positive,?,,,,,,,,,,,,,,,,,,,,,,,,,,,
23,case_2,2024-04-10 19:32:21.211391,complete,Admission NC,positive,C,,,,,,,,,,,,,,,,,,,,,,,,,,,
24,case_2,2024-04-10 20:18:04.211391,complete,Admission NC,positive,L,,,,,,,,,,,,,,,,,,,,,,,,,,,
25,case_2,2024-04-10 20:56:16.211391,complete,Release B,positive,E,,,,,,,,,,,,,,,,,,,,,,,,,,,
26,case_2,2024-04-10 22:17:24.211391,complete,IV Antibiotics,positive,L,,,,,,,,,,,,,,,,,,,,,,,,,,,
27,case_2,2024-04-10 22:38:48.211391,complete,ER Sepsis Triage,positive,L,GB,20.0,,,,,,,,,,,,,,,,,,,,,,,,,
28,case_2,2024-04-10 23:41:35.211391,complete,IV Antibiotics,positive,L,,,,,,,,,,,,,,,,,,,,,,,,,,,
29,case_2,2024-04-11 01:23:36.211391,complete,ER Sepsis Triage,positive,E,HE,20.0,,,,,,,,,,,,,,,,,,,,,,,,,
30,case_3,2024-04-10 15:38:13.211391,complete,Release B,positive,Y,,,,,,,,,,,,,,,,,,,,,,,,,,,
31,case_3,2024-04-10 17:15:33.211391,complete,Release A,positive,Y,,,,,,,,,,,,,,,,,,,,,,,,,,,
32,case_3,2024-04-10 18:13:45.211391,complete,Return ER,positive,?,,,,,,,,,,,,,,,,,,,,,,,,,,,
33,case_3,2024-04-10 19:31:49.211391,complete,ER Triage,positive,C,CE,20.0,,,,,,,,,,,,,,,,,,,,,,,,,
34,case_3,2024-04-10 19:43:07.211391,complete,Release A,positive,I,,,,,,,,,,,,,,,,,,,,,,,,,,,
35,case_3,2024-04-10 21:17:06.211391,complete,Admission NC,positive,Y,,,,,,,,,,,,,,,,,,,,,,,,,,,
36,case_3,2024-04-10 22:04:10.211391,complete,Admission NC,positive,F,,,,,,,,,,,,,,,,,,,,,,,,,,,
37,case_3,2024-04-10 23:02:18.211391,complete,LacticAcid,positive,I,,,,8.0,,,,,,,,,,,,,,,,,,,,,,,
38,case_3,2024-04-11 00:04:06.211391,complete,Leucocytes,positive,?,HE,20.0,,,212.0,,,,,,,,,,,,,,,,,,,,,,
39,case_3,2024-04-11 01:20:18.211391,complete,ER Sepsis Triage,positive,J,HE,70.0,,,,,,,,,,,,,,,,,,,,,,,,,
40,case_4,2024-04-10 16:34:38.211391,complete,IV Antibiotics,positive,L,,,,,,,,,,,,,,,,,,,,,,,,,,,
41,case_4,2024-04-10 17:08:22.211391,complete,Admission NC,positive,J,,,,,,,,,,,,,,,,,,,,,,,,,,,
42,case_4,2024-04-10 18:01:45.211391,complete,Admission IC,positive,J,,,,,,,,,,,,,,,,,,,,,,,,,,,
43,case_4,2024-04-10 19:24:58.211391,complete,Admission NC,positive,J,,,,,,,,,,,,,,,,,,,,,,,,,,,
44,case_4,2024-04-10 20:00:26.211391,complete,Admission NC,positive,Y,,,,,,,,,,,,,,,,,,,,,,,,,,,
45,case_4,2024-04-10 21:14:58.211391,complete,IV Antibiotics,positive,L,,,,,,,,,,,,,,,,,,,,,,,,,,,
46,case_4,2024-04-10 21:40:14.211391,complete,ER Sepsis Triage,positive,L,U,20.0,,,,,,,,,,,,,,,,,,,,,,,,,
47,case_4,2024-04-10 22:43:26.211391,complete,IV Antibiotics,positive,L,,,,,,,,,,,,,,,,,,,,,,,,,,,
48,case_4,2024-04-10 23:58:46.211391,complete,ER Sepsis Triage,positive,L,QE,20.0,,,,,,,,,,,,,,,,,,,,,,,,,
49,case_4,2024-04-11 01:05:56.211391,complete,IV Antibiotics,positive,L,,,,,,,,,,,,,,,,,,,,,,,,,,,
50,case_5,2024-04-10 16:22:24.211391,complete,IV Antibiotics,positive,Y,,,,,,,,,,,,,,,,,,,,,,,,,,,
51,case_5,2024-04-10 16:44:24.211391,complete,Admission NC,positive,F,,,,,,,,,,,,,,,,,,,,,,,,,,,
52,case_5,2024-04-10 18:34:17.211391,complete,Admission NC,positive,Y,,,,,,,,,,,,,,,,,,,,,,,,,,,
53,case_5,2024-04-10 19:32:26.211391,complete,LacticAcid,positive,J,,,,149.0,,,,,,,,,,,,,,,,,,,,,,,
54,case_5,2024-04-10 20:28:29.211391,complete,Admission NC,positive,X,,,,,,,,,,,,,,,,,,,,,,,,,,,
55,case_5,2024-04-10 21:10:34.211391,complete,Release B,positive,E,,,,,,,,,,,,,,,,,,,,,,,,,,,
56,case_5,2024-04-10 21:41:01.211391,complete,Release A,positive,?,,,,,,,,,,,,,,,,,,,,,,,,,,,
57,case_5,2024-04-10 22:53:26.211391,complete,Leucocytes,positive,I,GB,20.0,,,137.0,,,,,,,,,,,,,,,,,,,,,,
58,case_5,2024-04-11 00:15:57.211391,complete,ER Triage,positive,C,HC,20.0,,,,,,,,,,,,,,,,,,,,,,,,,
59,case_5,2024-04-11 01:32:58.211391,complete,Return ER,positive,?,,,,,,,,,,,,,,,,,,,,,,,,,,,
60,case_6,2024-04-10 16:27:24.211391,complete,Release B,positive,E,,,,,,,,,,,,,,,,,,,,,,,,,,,
61,case_6,2024-04-10 17:28:53.211391,complete,Admission NC,positive,K,,,,,,,,,,,,,,,,,,,,,,,,,,,
62,case_6,2024-04-10 17:39:39.211391,complete,Release B,positive,E,,,,,,,,,,,,,,,,,,,,,,,,,,,
63,case_6,2024-04-10 19:01:00.211391,complete,Admission NC,positive,K,,,,,,,,,,,,,,,,,,,,,,,,,,,
64,case_6,2024-04-10 20:03:35.211391,complete,Release B,positive,E,,,,,,,,,,,,,,,,,,,,,,,,,,,
65,case_7,2024-04-10 16:27:55.211391,complete,CRP,positive,Y,HE,90.0,4325.0,,,,,,,,,,,,,,,,,,,,,,,,
66,case_7,2024-04-10 17:18:13.211391,complete,CRP,positive,Y,HE,90.0,4455.0,,,,,,,,,,,,,,,,,,,,,,,,
67,case_7,2024-04-10 17:41:18.211391,complete,Admission NC,positive,J,,,,,,,,,,,,,,,,,,,,,,,,,,,
68,case_7,2024-04-10 19:12:09.211391,complete,Admission NC,positive,J,,,,,,,,,,,,,,,,,,,,,,,,,,,
69,case_7,2024-04-10 20:17:27.211391,complete,Release B,positive,E,,,,,,,,,,,,,,,,,,,,,,,,,,,
70,case_8,2024-04-10 16:13:08.211391,complete,CRP,positive,Y,HE,90.0,4325.0,,,,,,,,,,,,,,,,,,,,,,,,
71,case_8,2024-04-10 16:49:21.211391,complete,CRP,positive,Y,HE,90.0,4471.0,,,,,,,,,,,,,,,,,,,,,,,,
72,case_8,2024-04-10 18:22:11.211391,complete,Admission NC,positive,J,,,,,,,,,,,,,,,,,,,,,,,,,,,
73,case_8,2024-04-10 19:06:35.211391,complete,Admission NC,positive,J,,,,,,,,,,,,,,,,,,,,,,,,,,,
74,case_8,2024-04-10 19:39:57.211391,complete,Release B,positive,E,,,,,,,,,,,,,,,,,,,,,,,,,,,
75,case_9,2024-04-10 15:38:29.211391,complete,CRP,positive,Y,HE,90.0,5690.0,,,,,,,,,,,,,,,,,,,,,,,,
76,case_9,2024-04-10 17:29:51.211391,complete,Leucocytes,positive,Y,HE,90.0,,,137.0,,,,,,,,,,,,,,,,,,,,,,
77,case_9,2024-04-10 18:24:45.211391,complete,Admission NC,positive,J,,,,,,,,,,,,,,,,,,,,,,,,,,,
78,case_9,2024-04-10 18:51:51.211391,complete,Admission NC,positive,J,,,,,,,,,,,,,,,,,,,,,,,,,,,
79,case_9,2024-04-10 20:13:09.211391,complete,Release B,positive,E,,,,,,,,,,,,,,,,,,,,,,,,,,,
80,case_10,2024-04-10 16:20:34.211391,complete,Leucocytes,positive,Y,HE,90.0,,,137.0,,,,,,,,,,,,,,,,,,,,,,
81,case_10,2024-04-10 17:31:22.211391,complete,CRP,positive,Y,GD,90.0,4500.0,,,,,,,,,,,,,,,,,,,,,,,,
82,case_10,2024-04-10 18:16:47.211391,complete,Admission NC,positive,J,,,,,,,,,,,,,,,,,,,,,,,,,,,
83,case_10,2024-04-10 19:33:07.211391,complete,Admission NC,positive,J,,,,,,,,,,,,,,,,,,,,,,,,,,,
84,case_10,2024-04-10 20:17:48.211391,complete,Release B,positive,E,,,,,,,,,,,,,,,,,,,,,,,,,,,
85,case_11,2024-04-10 15:43:59.211391,complete,CRP,positive,Y,HE,90.0,4325.0,,,,,,,,,,,,,,,,,,,,,,,,
86,case_11,2024-04-10 17:37:54.211391,complete,CRP,positive,Y,HE,90.0,4473.0,,,,,,,,,,,,,,,,,,,,,,,,
87,case_11,2024-04-10 17:52:05.211391,complete,Admission NC,positive,J,,,,,,,,,,,,,,,,,,,,,,,,,,,
88,case_11,2024-04-10 19:11:43.211391,complete,Admission NC,positive,J,,,,,,,,,,,,,,,,,,,,,,,,,,,
89,case_11,2024-04-10 20:12:27.211391,complete,Release B,positive,E,,,,,,,,,,,,,,,,,,,,,,,,,,,
90,case_12,2024-04-10 15:45:15.211391,complete,Leucocytes,positive,Y,HE,90.0,,,137.0,,,,,,,,,,,,,,,,,,,,,,
91,case_12,2024-04-10 17:36:35.211391,complete,CRP,positive,Y,GD,90.0,4490.0,,,,,,,,,,,,,,,,,,,,,,,,
92,case_12,2024-04-10 17:38:36.211391,complete,Admission NC,positive,J,,,,,,,,,,,,,,,,,,,,,,,,,,,
93,case_12,2024-04-10 19:11:51.211391,complete,Admission NC,positive,J,,,,,,,,,,,,,,,,,,,,,,,,,,,
94,case_12,2024-04-10 20:33:05.211391,complete,Release B,positive,E,,,,,,,,,,,,,,,,,,,,,,,,,,,
95,case_13,2024-04-10 15:57:36.211391,complete,Return ER,positive,?,,,,,,,,,,,,,,,,,,,,,,,,,,,
96,case_13,2024-04-10 17:03:42.211391,complete,Leucocytes,positive,Y,HE,90.0,,,133.0,,,,,,,,,,,,,,,,,,,,,,
97,case_13,2024-04-10 17:55:28.211391,complete,ER Registration,positive,Y,HE,90.0,,,,false,false,true,false,true,true,false,false,false,false,true,false,false,false,false,false,true,true,false,true,false,false
98,case_13,2024-04-10 19:34:50.211391,complete,Admission NC,positive,F,,,,,,,,,,,,,,,,,,,,,,,,,,,
99,case_13,2024-04-10 19:51:48.211391,complete,Admission NC,positive,F,,,,,,,,,,,,,,,,,,,,,,,,,,,
100,case_13,2024-04-10 21:29:53.211391,complete,LacticAcid,positive,Y,,,,149.0,,,,,,,,,,,,,,,,,,,,,,,
101,case_13,2024-04-10 21:43:19.211391,complete,ER Registration,positive,Y,HE,90.0,,,,false,false,true,false,true,true,false,false,false,true,true,false,false,false,false,false,true,false,false,false,true,false
102,case_14,2024-04-10 16:15:16.211391,complete,CRP,positive,Y,HE,86.0,3978.0,,,,,,,,,,,,,,,,,,,,,,,,
103,case_14,2024-04-10 16:43:50.211391,complete,ER Triage,positive,Y,HE,90.0,,,,,,,,,,,,,,,,,,,,,,,,,
104,case_14,2024-04-10 18:24:39.211391,complete,ER Triage,positive,C,HE,90.0,,,,,,,,,,,,,,,,,,,,,,,,,
105,case_14,2024-04-10 18:54:53.211391,complete,Admission NC,positive,F,,,,,,,,,,,,,,,,,,,,,,,,,,,
106,case_14,2024-04-10 20:35:25.211391,complete,Admission NC,positive,F,,,,,,,,,,,,,,,,,,,,,,,,,,,
107,case_14,2024-04-10 21:36:11.211391,complete,LacticAcid,positive,Y,,,,8.0,,,,,,,,,,,,,,,,,,,,,,,
108,case_14,2024-04-10 21:51:43.211391,complete,Leucocytes,positive,Y,HE,90.0,,,1810.0,,,,,,,,,,,,,,,,,,,,,,
109,case_15,2024-04-10 15:55:01.211391,complete,Return ER,positive,?,,,,,,,,,,,,,,,,,,,,,,,,,,,
110,case_15,2024-04-10 17:35:36.211391,complete,Leucocytes,positive,Y,HE,90.0,,,132.0,,,,,,,,,,,,,,,,,,,,,,
111,case_15,2024-04-10 18:21:49.211391,complete,ER Registration,positive,Y,HE,90.0,,,,false,false,true,false,true,true,false,false,false,false,true,false,false,false,false,false,true,true,false,true,false,false
112,case_15,2024-04-10 19:01:56.211391,complete,Admission NC,positive,F,,,,,,,,,,,,,,,,,,,,,,,,,,,
113,case_15,2024-04-10 20:22:12.211391,complete,Admission NC,positive,F,,,,,,,,,,,,,,,,,,,,,,,,,,,
114,case_15,2024-04-10 21:26:06.211391,complete,LacticAcid,positive,Y,,,,149.0,,,,,,,,,,,,,,,,,,,,,,,
115,case_15,2024-04-10 22:06:58.211391,complete,ER Registration,positive,Y,HE,90.0,,,,false,false,true,false,true,true,false,false,false,true,true,false,false,false,false,false,true,false,false,false,true,false
116,case_16,2024-04-10 15:57:07.211391,complete,CRP,positive,Y,HE,89.0,5644.0,,,,,,,,,,,,,,,,,,,,,,,,
117,case_16,2024-04-10 16:43:38.211391,complete,ER Triage,positive,Y,HE,90.0,,,,,,,,,,,,,,,,,,,,,,,,,
118,case_16,2024-04-10 18:12:46.211391,complete,IV Antibiotics,positive,L,,,,,,,,,,,,,,,,,,,,,,,,,,,
119,case_16,2024-04-10 19:33:17.211391,complete,ER Sepsis Triage,positive,L,HE,86.0,,,,,,,,,,,,,,,,,,,,,,,,,
120,case_16,2024-04-10 19:44:18.211391,complete,IV Antibiotics,positive,L,,,,,,,,,,,,,,,,,,,,,,,,,,,
121,case_16,2024-04-10 21:11:45.211391,complete,Admission NC,positive,F,,,,,,,,,,,,,,,,,,,,,,,,,,,
122,case_16,2024-04-10 22:00:08.211391,complete,Admission NC,positive,F,,,,,,,,,,,,,,,,,,,,,,,,,,,
123,case_17,2024-04-10 16:27:36.211391,complete,CRP,positive,Y,HE,90.0,3978.0,,,,,,,,,,,,,,,,,,,,,,,,
124,case_17,2024-04-10 17:01:31.211391,complete,Leucocytes,positive,Y,HE,88.0,,,137.0,,,,,,,,,,,,,,,,,,,,,,
125,case_17,2024-04-10 18:37:40.211391,complete,CRP,positive,Y,HE,89.0,2441.0,,,,,,,,,,,,,,,,,,,,,,,,
126,case_17,2024-04-10 19:30:36.211391,complete,Admission NC,positive,F,,,,,,,,,,,,,,,,,,,,,,,,,,,
127,case_17,2024-04-10 20:27:18.211391,complete,Admission NC,positive,F,,,,,,,,,,,,,,,,,,,,,,,,,,,
128,case_17,2024-04-10 21:31:25.211391,complete,CRP,positive,Y,HE,90.0,4757.0,,,,,,,,,,,,,,,,,,,,,,,,
129,case_17,2024-04-10 21:57:47.212392,complete,ER Registration,positive,Y,HE,89.0,,,,false,false,true,false,true,true,false,false,false,true,true,false,false,false,false,false,true,true,false,true,false,false
130,case_18,2024-04-10 16:00:24.212392,complete,LacticAcid,positive,Y,,,,149.0,,,,,,,,,,,,,,,,,,,,,,,
131,case_18,2024-04-10 17:28:50.212392,complete,Leucocytes,positive,Y,HE,90.0,,,137.0,,,,,,,,,,,,,,,,,,,,,,
132,case_18,2024-04-10 18:02:28.212392,complete,CRP,positive,Y,HE,90.0,2674.0,,,,,,,,,,,,,,,,,,,,,,,,
133,case_18,2024-04-10 18:49:37.212392,complete,CRP,positive,Y,HE,78.0,925.0,,,,,,,,,,,,,,,,,,,,,,,,
134,case_18,2024-04-10 20:20:15.212392,complete,Admission NC,positive,J,,,,,,,,,,,,,,,,,,,,,,,,,,,
135,case_18,2024-04-10 21:28:00.212392,complete,Admission IC,positive,J,,,,,,,,,,,,,,,,,,,,,,,,,,,
136,case_18,2024-04-10 22:36:36.212392,complete,Admission NC,positive,J,,,,,,,,,,,,,,,,,,,,,,,,,,,
137,case_19,2024-04-10 16:19:22.212392,complete,CRP,positive,Y,HE,90.0,5712.0,,,,,,,,,,,,,,,,,,,,,,,,
138,case_19,2024-04-10 17:34:25.212392,complete,ER Registration,positive,Y,HE,90.0,,,,false,false,true,false,true,false,false,true,false,false,true,true,false,true,false,false,true,false,false,false,false,false
139,case_19,2024-04-10 18:30:41.212392,complete,ER Triage,positive,C,HE,90.0,,,,,,,,,,,,,,,,,,,,,,,,,
140,case_19,2024-04-10 19:03:56.212392,complete,Admission NC,positive,F,,,,,,,,,,,,,,,,,,,,,,,,,,,
141,case_19,2024-04-10 20:02:03.212392,complete,Admission NC,positive,F,,,,,,,,,,,,,,,,,,,,,,,,,,,
142,case_19,2024-04-10 20:45:12.212392,complete,ER Registration,positive,Y,HE,90.0,,,,false,false,true,false,true,false,false,true,false,false,true,true,false,true,false,true,true,false,false,false,false,false
143,case_19,2024-04-10 22:07:00.212392,complete,ER Registration,positive,Y,HE,90.0,,,,false,false,true,false,true,true,false,false,false,true,true,false,false,false,false,false,true,true,false,true,false,false
144,case_20,2024-04-10 16:20:14.212392,complete,IV Antibiotics,positive,L,,,,,,,,,,,,,,,,,,,,,,,,,,,
145,case_20,2024-04-10 17:05:12.212392,complete,Admission NC,positive,J,,,,,,,,,,,,,,,,,,,,,,,,,,,
146,case_20,2024-04-10 17:50:11.212392,complete,ER Registration,positive,Y,HE,85.0,,,,false,false,true,false,true,true,false,false,false,false,true,false,false,false,false,false,true,true,false,true,false,false
147,case_20,2024-04-10 18:59:51.212392,complete,Admission NC,positive,F,,,,,,,,,,,,,,,,,,,,,,,,,,,
148,case_20,2024-04-10 20:33:43.212392,complete,CRP,positive,Y,HE,83.0,2834.0,,,,,,,,,,,,,,,,,,,,,,,,
149,case_20,2024-04-10 20:58:34.212392,complete,LacticAcid,positive,Y,,,,8.0,,,,,,,,,,,,,,,,,,,,,,,
150,case_20,2024-04-10 22:18:14.212392,complete,Leucocytes,positive,Y,HE,90.0,,,1709.0,,,,,,,,,,,,,,,,,,,,,,
151,case_21,2024-04-10 15:51:56.212392,complete,IV Antibiotics,positive,L,,,,,,,,,,,,,,,,,,,,,,,,,,,
152,case_21,2024-04-10 17:09:40.212392,complete,ER Sepsis Triage,positive,Y,HE,90.0,,,,,,,,,,,,,,,,,,,,,,,,,
153,case_21,2024-04-10 18:09:16.212392,complete,Admission NC,positive,Y,,,,,,,,,,,,,,,,,,,,,,,,,,,
154,case_21,2024-04-10 19:10:57.212392,complete,Admission IC,positive,Y,,,,,,,,,,,,,,,,,,,,,,,,,,,
155,case_21,2024-04-10 20:31:33.212392,complete,Release A,positive,Y,,,,,,,,,,,,,,,,,,,,,,,,,,,
156,case_21,2024-04-10 20:50:58.212392,complete,Admission NC,positive,X,,,,,,,,,,,,,,,,,,,,,,,,,,,
157,case_21,2024-04-10 22:12:42.212392,complete,ER Triage,positive,C,HE,90.0,,,,,,,,,,,,,,,,,,,,,,,,,
158,case_21,2024-04-10 22:58:51.212392,complete,ER Registration,positive,Y,HE,90.0,,,,true,true,true,false,true,false,false,true,true,false,true,true,true,false,true,false,true,false,true,true,false,true
159,case_21,2024-04-10 23:53:07.212392,complete,IV Antibiotics,positive,C,,,,,,,,,,,,,,,,,,,,,,,,,,,
160,case_22,2024-04-10 16:12:15.212392,complete,IV Antibiotics,positive,L,,,,,,,,,,,,,,,,,,,,,,,,,,,
161,case_22,2024-04-10 17:36:14.212392,complete,ER Sepsis Triage,positive,Y,HE,90.0,,,,,,,,,,,,,,,,,,,,,,,,,
162,case_22,2024-04-10 18:24:41.212392,complete,Admission NC,positive,J,,,,,,,,,,,,,,,,,,,,,,,,,,,
163,case_22,2024-04-10 19:21:57.212392,complete,Admission IC,positive,J,,,,,,,,,,,,,,,,,,,,,,,,,,,
164,case_22,2024-04-10 20:26:44.212392,complete,Admission NC,positive,J,,,,,,,,,,,,,,,,,,,,,,,,,,,
165,case_22,2024-04-10 21:27:56.212392,complete,ER Registration,positive,Y,HE,90.0,,,,false,false,true,false,false,false,false,true,false,false,false,true,false,false,false,false,false,true,false,true,false,false
166,case_22,2024-04-10 22:05:22.212392,complete,Admission NC,positive,F,,,,,,,,,,,,,,,,,,,,,,,,,,,
167,case_22,2024-04-10 22:48:47.212392,complete,Release B,positive,E,,,,,,,,,,,,,,,,,,,,,,,,,,,
168,case_22,2024-04-11 00:07:03.212392,complete,ER Sepsis Triage,positive,Y,HE,90.0,,,,,,,,,,,,,,,,,,,,,,,,,
169,case_23,2024-04-10 15:57:40.212392,complete,IV Antibiotics,positive,L,,,,,,,,,,,,,,,,,,,,,,,,,,,
170,case_23,2024-04-10 17:31:57.212392,complete,ER Sepsis Triage,positive,L,HE,26.0,,,,,,,,,,,,,,,,,,,,,,,,,
171,case_23,2024-04-10 18:34:22.212392,complete,IV Antibiotics,positive,L,,,,,,,,,,,,,,,,,,,,,,,,,,,
172,case_23,2024-04-10 19:30:32.212392,complete,Release A,positive,Y,,,,,,,,,,,,,,,,,,,,,,,,,,,
173,case_23,2024-04-10 19:52:42.212392,complete,Admission NC,positive,E,,,,,,,,,,,,,,,,,,,,,,,,,,,
174,case_23,2024-04-10 20:50:13.212392,complete,ER Sepsis Triage,positive,X,HE,90.0,,,,,,,,,,,,,,,,,,,,,,,,,
175,case_23,2024-04-10 21:39:53.212392,complete,Release B,positive,E,,,,,,,,,,,,,,,,,,,,,,,,,,,
176,case_23,2024-04-10 23:08:55.212392,complete,Admission NC,positive,F,,,,,,,,,,,,,,,,,,,,,,,,,,,
177,case_23,2024-04-11 00:03:50.212392,complete,IV Antibiotics,positive,Y,,,,,,,,,,,,,,,,,,,,,,,,,,,
178,case_24,2024-04-10 16:07:55.212392,complete,Admission NC,positive,L,,,,,,,,,,,,,,,,,,,,,,,,,,,
179,case_24,2024-04-10 17:12:27.212392,complete,Admission NC,positive,L,,,,,,,,,,,,,,,,,,,,,,,,,,,
180,case_24,2024-04-10 17:53:55.212392,complete,Release A,positive,Y,,,,,,,,,,,,,,,,,,,,,,,,,,,
181,case_24,2024-04-10 19:36:14.212392,complete,IV Antibiotics,positive,L,,,,,,,,,,,,,,,,,,,,,,,,,,,
182,case_24,2024-04-10 20:17:14.212392,complete,ER Sepsis Triage,positive,L,HE,88.0,,,,,,,,,,,,,,,,,,,,,,,,,
183,case_24,2024-04-10 21:30:35.212392,complete,IV Antibiotics,positive,L,,,,,,,,,,,,,,,,,,,,,,,,,,,
184,case_24,2024-04-10 22:10:20.212392,complete,ER Triage,positive,C,HE,90.0,,,,,,,,,,,,,,,,,,,,,,,,,
185,case_24,2024-04-10 22:50:35.212392,complete,ER Registration,positive,Y,HE,90.0,,,,true,true,true,false,false,false,false,true,true,true,false,true,true,false,true,false,true,false,true,true,false,true
186,case_24,2024-04-11 00:10:51.212392,complete,IV Antibiotics,positive,C,,,,,,,,,,,,,,,,,,,,,,,,,,,
187,case_25,2024-04-10 15:41:57.212392,complete,IV Antibiotics,positive,L,,,,,,,,,,,,,,,,,,,,,,,,,,,
188,case_25,2024-04-10 17:05:06.212392,complete,ER Sepsis Triage,positive,L,HE,90.0,,,,,,,,,,,,,,,,,,,,,,,,,
189,case_25,2024-04-10 17:38:25.212392,complete,IV Antibiotics,positive,L,,,,,,,,,,,,,,,,,,,,,,,,,,,
190,case_25,2024-04-10 19:07:53.212392,complete,Admission NC,positive,F,,,,,,,,,,,,,,,,,,,,,,,,,,,
191,case_25,2024-04-10 19:39:38.212392,complete,Release B,positive,E,,,,,,,,,,,,,,,,,,,,,,,,,,,
192,case_25,2024-04-10 21:22:02.212392,complete,ER Registration,positive,Y,HE,90.0,,,,false,false,true,false,false,false,false,false,false,false,false,true,false,false,false,false,false,true,false,true,false,false
193,case_25,2024-04-10 22:28:49.212392,complete,ER Triage,positive,C,HE,77.0,,,,,,,,,,,,,,,,,,,,,,,,,
194,case_25,2024-04-10 23:28:59.212392,complete,ER Registration,positive,Y,HE,90.0,,,,true,true,true,false,true,false,false,true,true,false,true,true,true,false,true,false,true,true,true,true,false,true
195,case_25,2024-04-11 00:29:33.212392,complete,Admission NC,positive,F,,,,,,,,,,,,,,,,,,,,,,,,,,,
196,case_26,2024-04-10 16:05:38.212392,complete,IV Antibiotics,positive,L,,,,,,,,,,,,,,,,,,,,,,,,,,,
197,case_26,2024-04-10 17:10:41.212392,complete,ER Sepsis Triage,positive,Y,HE,90.0,,,,,,,,,,,,,,,,,,,,,,,,,
198,case_26,2024-04-10 17:39:30.212392,complete,Admission NC,positive,J,,,,,,,,,,,,,,,,,,,,,,,,,,,
199,case_26,2024-04-10 19:28:16.212392,complete,Admission IC,positive,J,,,,,,,,,,,,,,,,,,,,,,,,,,,
200,case_26,2024-04-10 19:57:19.212392,complete,Admission NC,positive,J,,,,,,,,,,,,,,,,,,,,,,,,,,,
201,case_26,2024-04-10 20:59:57.212392,complete,Release B,positive,E,,,,,,,,,,,,,,,,,,,,,,,,,,,
202,case_26,2024-04-10 21:40:51.212392,complete,ER Triage,positive,C,HE,90.0,,,,,,,,,,,,,,,,,,,,,,,,,
203,case_26,2024-04-10 23:02:52.212392,complete,ER Registration,positive,Y,HE,90.0,,,,true,true,true,false,true,false,false,true,true,false,true,true,true,false,true,false,true,false,true,true,false,true
204,case_26,2024-04-11 00:21:08.212392,complete,ER Triage,positive,C,ID,90.0,,,,,,,,,,,,,,,,,,,,,,,,,
205,case_27,2024-04-10 15:56:19.212392,complete,Admission NC,positive,F,,,,,,,,,,,,,,,,,,,,,,,,,,,
206,case_27,2024-04-10 16:56:40.212392,complete,Admission NC,positive,Y,,,,,,,,,,,,,,,,,,,,,,,,,,,
207,case_27,2024-04-10 18:00:33.212392,complete,Admission NC,positive,J,,,,,,,,,,,,,,,,,,,,,,,,,,,
208,case_27,2024-04-10 19:07:49.212392,complete,Release B,positive,E,,,,,,,,,,,,,,,,,,,,,,,,,,,
209,case_27,2024-04-10 19:40:02.212392,complete,Admission NC,positive,K,,,,,,,,,,,,,,,,,,,,,,,,,,,
210,case_27,2024-04-10 20:55:17.212392,complete,Release B,positive,E,,,,,,,,,,,,,,,,,,,,,,,,,,,
211,case_27,2024-04-10 21:40:50.212392,complete,Release B,positive,E,,,,,,,,,,,,,,,,,,,,,,,,,,,
212,case_27,2024-04-10 22:39:16.212392,complete,IV Liquid,positive,Y,PA,90.0,,,,,,,,,,,,,,,,,,,,,,,,,
213,case_28,2024-04-10 16:37:32.212392,complete,CRP,positive,Y,HE,90.0,5592.0,,,,,,,,,,,,,,,,,,,,,,,,
214,case_28,2024-04-10 17:23:36.212392,complete,IV Antibiotics,positive,L,,,,,,,,,,,,,,,,,,,,,,,,,,,
215,case_28,2024-04-10 18:23:30.212392,complete,Leucocytes,positive,Y,HE,89.0,,,137.0,,,,,,,,,,,,,,,,,,,,,,
216,case_28,2024-04-10 18:46:43.212392,complete,Admission NC,positive,F,,,,,,,,,,,,,,,,,,,,,,,,,,,
217,case_28,2024-04-10 20:35:58.212392,complete,Admission NC,positive,F,,,,,,,,,,,,,,,,,,,,,,,,,,,
218,case_28,2024-04-10 21:07:55.212392,complete,CRP,positive,Y,HE,89.0,5730.0,,,,,,,,,,,,,,,,,,,,,,,,
219,case_29,2024-04-10 16:17:05.212392,complete,Leucocytes,positive,Y,HE,90.0,,,137.0,,,,,,,,,,,,,,,,,,,,,,
220,case_29,2024-04-10 17:14:21.212392,complete,IV Antibiotics,positive,L,,,,,,,,,,,,,,,,,,,,,,,,,,,
221,case_29,2024-04-10 17:47:24.212392,complete,IV Antibiotics,positive,L,,,,,,,,,,,,,,,,,,,,,,,,,,,
222,case_29,2024-04-10 19:00:42.212392,complete,Admission NC,positive,Y,,,,,,,,,,,,,,,,,,,,,,,,,,,
223,case_29,2024-04-10 19:55:42.212392,complete,Admission NC,positive,Y,,,,,,,,,,,,,,,,,,,,,,,,,,,
224,case_29,2024-04-10 20:53:49.212392,complete,CRP,positive,Y,OD,90.0,5730.0,,,,,,,,,,,,,,,,,,,,,,,,
