,case:concept:name,time:timestamp,lifecycle:transition,concept:name,case:label,org:group,Diagnose,Age,InfectionSuspected,DiagnosticBlood,DisfuncOrg,SIRSCritTachypnea,Hypotensie,SIRSCritHeartRate,Infusion,DiagnosticArtAstrup,DiagnosticIC,DiagnosticSputum,DiagnosticLiquor,DiagnosticOther,SIRSCriteria2OrMore,DiagnosticXthorax,SIRSCritTemperature,DiagnosticUrinaryCulture,SIRSCritLeucos,Oligurie,DiagnosticLacticAcid,Hypoxie,DiagnosticUrinarySediment,DiagnosticECG,LacticAcid,Leucocytes,CRP
0,case_0,2024-04-10 16:32:57.334093,complete,Admission NC,positive,F,,,,,,,,,,,,,,,,,,,,,,,,,,,
1,case_0,2024-04-10 16:59:21.334093,complete,Admission NC,positive,J,,,,,,,,,,,,,,,,,,,,,,,,,,,
2,case_0,2024-04-10 18:35:18.334093,complete,Admission IC,positive,J,,,,,,,,,,,,,,,,,,,,,,,,,,,
3,case_0,2024-04-10 18:39:35.334093,complete,Admission NC,positive,J,,,,,,,,,,,,,,,,,,,,,,,,,,,
4,case_0,2024-04-10 20:20:45.334093,complete,IV Antibiotics,positive,L,,,,,,,,,,,,,,,,,,,,,,,,,,,
5,case_0,2024-04-10 21:14:09.334093,complete,Release A,positive,U,,,,,,,,,,,,,,,,,,,,,,,,,,,
6,case_0,2024-04-10 21:47:19.334093,complete,Release A,positive,M,,,,,,,,,,,,,,,,,,,,,,,,,,,
7,case_0,2024-04-10 23:33:23.334093,complete,Return ER,positive,?,,,,,,,,,,,,,,,,,,,,,,,,,,,
8,case_1,2024-04-10 15:45:24.334093,complete,Admission NC,positive,F,,,,,,,,,,,,,,,,,,,,,,,,,,,
9,case_1,2024-04-10 17:31:28.334093,complete,Admission NC,positive,J,,,,,,,,,,,,,,,,,,,,,,,,,,,
10,case_1,2024-04-10 18:05:53.334093,complete,Admission NC,positive,J,,,,,,,,,,,,,,,,,,,,,,,,,,,
11,case_1,2024-04-10 18:44:51.334093,complete,Release A,positive,T,,,,,,,,,,,,,,,,,,,,,,,,,,,
12,case_1,2024-04-10 20:18:50.334093,complete,IV Antibiotics,positive,L,,,,,,,,,,,,,,,,,,,,,,,,,,,
13,case_1,2024-04-10 21:05:49.334093,complete,Release A,positive,B,,,,,,,,,,,,,,,,,,,,,,,,,,,
14,case_1,2024-04-10 21:49:01.334093,complete,Return ER,positive,?,,,,,,,,,,,,,,,,,,,,,,,,,,,
15,case_1,2024-04-10 22:49:20.334093,complete,Return ER,positive,?,,,,,,,,,,,,,,,,,,,,,,,,,,,
16,case_2,2024-04-10 16:00:25.334093,complete,Admission NC,positive,F,,,,,,,,,,,,,,,,,,,,,,,,,,,
17,case_2,2024-04-10 17:28:52.334093,complete,Release A,positive,V,,,,,,,,,,,,,,,,,,,,,,,,,,,
18,case_2,2024-04-10 17:50:38.334093,complete,Admission NC,positive,F,,,,,,,,,,,,,,,,,,,,,,,,,,,
19,case_2,2024-04-10 18:44:11.334093,complete,Admission IC,positive,S,,,,,,,,,,,,,,,,,,,,,,,,,,,
20,case_2,2024-04-10 20:20:37.334093,complete,Release B,positive,E,,,,,,,,,,,,,,,,,,,,,,,,,,,
21,case_2,2024-04-10 20:48:52.334093,complete,IV Antibiotics,positive,L,,,,,,,,,,,,,,,,,,,,,,,,,,,
22,case_2,2024-04-10 22:12:36.334093,complete,IV Antibiotics,positive,L,,,,,,,,,,,,,,,,,,,,,,,,,,,
23,case_2,2024-04-10 22:49:05.334093,complete,Return ER,positive,A,,,,,,,,,,,,,,,,,,,,,,,,,,,
24,case_3,2024-04-10 15:55:22.334093,complete,Release B,positive,E,,,,,,,,,,,,,,,,,,,,,,,,,,,
25,case_3,2024-04-10 17:10:50.334093,complete,Admission NC,positive,J,,,,,,,,,,,,,,,,,,,,,,,,,,,
26,case_3,2024-04-10 18:37:36.334093,complete,ER Sepsis Triage,positive,Y,HE,20.0,,,,,,,,,,,,,,,,,,,,,,,,,
27,case_3,2024-04-10 19:37:00.334093,complete,ER Registration,positive,I,VD,20.0,false,true,true,true,false,true,true,false,true,true,true,false,true,true,true,true,false,false,true,false,true,true,,,
28,case_3,2024-04-10 19:53:19.334093,complete,ER Triage,positive,C,EA,20.0,,,,,,,,,,,,,,,,,,,,,,,,,
29,case_3,2024-04-10 21:35:59.334093,complete,ER Triage,positive,C,HE,20.0,,,,,,,,,,,,,,,,,,,,,,,,,
30,case_3,2024-04-10 22:30:43.334093,complete,ER Sepsis Triage,positive,J,HE,79.0,,,,,,,,,,,,,,,,,,,,,,,,,
31,case_3,2024-04-10 22:53:38.334093,complete,Admission NC,positive,J,,,,,,,,,,,,,,,,,,,,,,,,,,,
32,case_4,2024-04-10 16:18:24.334093,complete,Admission NC,positive,J,,,,,,,,,,,,,,,,,,,,,,,,,,,
33,case_4,2024-04-10 16:56:29.334093,complete,Admission NC,positive,J,,,,,,,,,,,,,,,,,,,,,,,,,,,
34,case_4,2024-04-10 18:27:12.334093,complete,Release A,positive,L,,,,,,,,,,,,,,,,,,,,,,,,,,,
35,case_4,2024-04-10 18:42:35.334093,complete,Admission NC,positive,J,,,,,,,,,,,,,,,,,,,,,,,,,,,
36,case_4,2024-04-10 20:32:16.334093,complete,Release B,positive,E,,,,,,,,,,,,,,,,,,,,,,,,,,,
37,case_4,2024-04-10 21:28:33.334093,complete,Admission NC,positive,K,,,,,,,,,,,,,,,,,,,,,,,,,,,
38,case_4,2024-04-10 22:34:48.334093,complete,Release B,positive,E,,,,,,,,,,,,,,,,,,,,,,,,,,,
39,case_4,2024-04-10 22:50:29.340070,complete,LacticAcid,positive,L,,,,,,,,,,,,,,,,,,,,,,,,,67.0,,
40,case_5,2024-04-10 16:21:49.340070,complete,Admission NC,positive,J,,,,,,,,,,,,,,,,,,,,,,,,,,,
41,case_5,2024-04-10 16:53:29.340070,complete,Admission NC,positive,J,,,,,,,,,,,,,,,,,,,,,,,,,,,
42,case_5,2024-04-10 18:20:50.340070,complete,Admission IC,positive,J,,,,,,,,,,,,,,,,,,,,,,,,,,,
43,case_5,2024-04-10 19:35:10.340070,complete,Admission NC,positive,J,,,,,,,,,,,,,,,,,,,,,,,,,,,
44,case_5,2024-04-10 20:06:29.340070,complete,Return ER,positive,?,,,,,,,,,,,,,,,,,,,,,,,,,,,
45,case_6,2024-04-10 16:12:20.340070,complete,Admission NC,positive,F,,,,,,,,,,,,,,,,,,,,,,,,,,,
46,case_6,2024-04-10 17:02:18.340070,complete,Admission NC,positive,J,,,,,,,,,,,,,,,,,,,,,,,,,,,
47,case_6,2024-04-10 18:30:30.340070,complete,Admission IC,positive,J,,,,,,,,,,,,,,,,,,,,,,,,,,,
48,case_6,2024-04-10 19:33:35.340070,complete,Admission NC,positive,J,,,,,,,,,,,,,,,,,,,,,,,,,,,
49,case_6,2024-04-10 20:06:41.340070,complete,Return ER,positive,?,,,,,,,,,,,,,,,,,,,,,,,,,,,
50,case_7,2024-04-10 15:49:35.340070,complete,Admission NC,positive,F,,,,,,,,,,,,,,,,,,,,,,,,,,,
51,case_7,2024-04-10 16:57:24.340070,complete,IV Antibiotics,positive,L,,,,,,,,,,,,,,,,,,,,,,,,,,,
52,case_7,2024-04-10 18:10:51.340070,complete,ER Sepsis Triage,positive,L,OB,81.0,,,,,,,,,,,,,,,,,,,,,,,,,
53,case_7,2024-04-10 19:35:24.340070,complete,IV Antibiotics,positive,L,,,,,,,,,,,,,,,,,,,,,,,,,,,
54,case_7,2024-04-10 20:09:53.340070,complete,Admission NC,positive,F,,,,,,,,,,,,,,,,,,,,,,,,,,,
55,case_8,2024-04-10 16:05:29.340070,complete,Return ER,positive,?,,,,,,,,,,,,,,,,,,,,,,,,,,,
56,case_8,2024-04-10 17:23:53.340070,complete,Release A,positive,T,,,,,,,,,,,,,,,,,,,,,,,,,,,
57,case_8,2024-04-10 17:51:52.340070,complete,Release B,positive,E,,,,,,,,,,,,,,,,,,,,,,,,,,,
58,case_8,2024-04-10 19:31:39.340070,complete,Admission NC,positive,A,,,,,,,,,,,,,,,,,,,,,,,,,,,
59,case_8,2024-04-10 20:29:46.340070,complete,Admission NC,positive,Y,,,,,,,,,,,,,,,,,,,,,,,,,,,
60,case_9,2024-04-10 15:58:40.340070,complete,ER Registration,positive,Y,HE,44.0,false,false,true,false,true,false,false,true,false,false,true,true,false,true,false,false,true,true,false,true,false,false,,,
61,case_9,2024-04-10 17:21:13.340116,complete,Release A,positive,V,,,,,,,,,,,,,,,,,,,,,,,,,,,
62,case_9,2024-04-10 18:02:44.340116,complete,Admission NC,positive,J,,,,,,,,,,,,,,,,,,,,,,,,,,,
63,case_9,2024-04-10 19:14:14.340116,complete,Admission IC,positive,J,,,,,,,,,,,,,,,,,,,,,,,,,,,
64,case_9,2024-04-10 19:52:10.340116,complete,Admission NC,positive,J,,,,,,,,,,,,,,,,,,,,,,,,,,,
65,case_10,2024-04-10 15:58:16.340116,complete,Admission NC,positive,J,,,,,,,,,,,,,,,,,,,,,,,,,,,
66,case_10,2024-04-10 17:14:48.340116,complete,Admission NC,positive,J,,,,,,,,,,,,,,,,,,,,,,,,,,,
67,case_10,2024-04-10 18:01:45.340116,complete,Admission IC,positive,J,,,,,,,,,,,,,,,,,,,,,,,,,,,
68,case_10,2024-04-10 18:48:40.340116,complete,Admission NC,positive,J,,,,,,,,,,,,,,,,,,,,,,,,,,,
69,case_10,2024-04-10 20:34:29.340116,complete,Admission NC,positive,F,,,,,,,,,,,,,,,,,,,,,,,,,,,
70,case_10,2024-04-10 21:25:23.340116,complete,Release A,positive,Y,,,,,,,,,,,,,,,,,,,,,,,,,,,
71,case_10,2024-04-10 22:23:30.340116,complete,IV Antibiotics,positive,L,,,,,,,,,,,,,,,,,,,,,,,,,,,
72,case_10,2024-04-10 23:26:34.340116,complete,Release A,positive,R,,,,,,,,,,,,,,,,,,,,,,,,,,,
73,case_10,2024-04-11 00:34:50.340116,complete,IV Antibiotics,positive,Y,,,,,,,,,,,,,,,,,,,,,,,,,,,
74,case_10,2024-04-11 00:50:30.340116,complete,Return ER,positive,?,,,,,,,,,,,,,,,,,,,,,,,,,,,
75,case_11,2024-04-10 15:46:14.340116,complete,Admission NC,positive,J,,,,,,,,,,,,,,,,,,,,,,,,,,,
76,case_11,2024-04-10 17:27:17.340116,complete,Admission NC,positive,J,,,,,,,,,,,,,,,,,,,,,,,,,,,
77,case_11,2024-04-10 17:42:19.340116,complete,Admission IC,positive,J,,,,,,,,,,,,,,,,,,,,,,,,,,,
78,case_11,2024-04-10 19:24:11.340116,complete,Admission NC,positive,J,,,,,,,,,,,,,,,,,,,,,,,,,,,
79,case_11,2024-04-10 19:49:29.340116,complete,Release B,positive,E,,,,,,,,,,,,,,,,,,,,,,,,,,,
80,case_11,2024-04-10 20:54:05.340116,complete,ER Triage,positive,C,UD,90.0,,,,,,,,,,,,,,,,,,,,,,,,,
81,case_11,2024-04-10 22:18:37.340116,complete,IV Antibiotics,positive,L,,,,,,,,,,,,,,,,,,,,,,,,,,,
82,case_11,2024-04-10 22:47:33.340116,complete,Release A,positive,Q,,,,,,,,,,,,,,,,,,,,,,,,,,,
83,case_11,2024-04-11 00:00:53.340116,complete,IV Antibiotics,positive,L,,,,,,,,,,,,,,,,,,,,,,,,,,,
84,case_11,2024-04-11 00:52:28.340116,complete,Return ER,positive,?,,,,,,,,,,,,,,,,,,,,,,,,,,,
85,case_12,2024-04-10 16:23:26.340116,complete,Admission NC,positive,J,,,,,,,,,,,,,,,,,,,,,,,,,,,
86,case_12,2024-04-10 17:05:38.340116,complete,Admission NC,positive,J,,,,,,,,,,,,,,,,,,,,,,,,,,,
87,case_12,2024-04-10 18:13:04.340116,complete,Admission IC,positive,J,,,,,,,,,,,,,,,,,,,,,,,,,,,
88,case_12,2024-04-10 19:17:54.340116,complete,Admission NC,positive,J,,,,,,,,,,,,,,,,,,,,,,,,,,,
89,case_12,2024-04-10 20:28:06.340116,complete,Release A,positive,O,,,,,,,,,,,,,,,,,,,,,,,,,,,
90,case_12,2024-04-10 20:57:13.340116,complete,Release B,positive,E,,,,,,,,,,,,,,,,,,,,,,,,,,,
91,case_12,2024-04-10 22:18:44.340116,complete,Release B,positive,E,,,,,,,,,,,,,,,,,,,,,,,,,,,
92,case_12,2024-04-10 23:02:16.340116,complete,Release B,positive,E,,,,,,,,,,,,,,,,,,,,,,,,,,,
93,case_12,2024-04-11 00:08:31.340116,complete,Admission NC,positive,K,,,,,,,,,,,,,,,,,,,,,,,,,,,
94,case_12,2024-04-11 00:53:03.340116,complete,Release B,positive,E,,,,,,,,,,,,,,,,,,,,,,,,,,,
95,case_13,2024-04-10 16:29:50.340116,complete,IV Antibiotics,positive,L,,,,,,,,,,,,,,,,,,,,,,,,,,,
96,case_13,2024-04-10 16:53:48.340116,complete,Release A,positive,Y,,,,,,,,,,,,,,,,,,,,,,,,,,,
97,case_13,2024-04-10 18:34:41.340116,complete,Release B,positive,E,,,,,,,,,,,,,,,,,,,,,,,,,,,
98,case_13,2024-04-10 19:37:08.340116,complete,IV Antibiotics,positive,L,,,,,,,,,,,,,,,,,,,,,,,,,,,
99,case_13,2024-04-10 20:29:30.340116,complete,ER Registration,positive,Y,NC,90.0,false,false,true,false,true,false,false,true,false,false,true,true,false,false,false,false,true,true,false,true,false,false,,,
100,case_13,2024-04-10 20:39:22.340116,complete,Admission NC,positive,F,,,,,,,,,,,,,,,,,,,,,,,,,,,
101,case_13,2024-04-10 21:53:12.340116,complete,Admission NC,positive,J,,,,,,,,,,,,,,,,,,,,,,,,,,,
102,case_13,2024-04-10 23:27:07.340116,complete,Release A,positive,R,,,,,,,,,,,,,,,,,,,,,,,,,,,
103,case_13,2024-04-11 00:36:56.340116,complete,Return ER,positive,?,,,,,,,,,,,,,,,,,,,,,,,,,,,
104,case_13,2024-04-11 01:17:33.340116,complete,Return ER,positive,?,,,,,,,,,,,,,,,,,,,,,,,,,,,
105,case_14,2024-04-10 15:46:04.340116,complete,Admission NC,positive,J,,,,,,,,,,,,,,,,,,,,,,,,,,,
106,case_14,2024-04-10 17:15:30.340116,complete,Admission NC,positive,J,,,,,,,,,,,,,,,,,,,,,,,,,,,
107,case_14,2024-04-10 18:10:00.340116,complete,Admission IC,positive,J,,,,,,,,,,,,,,,,,,,,,,,,,,,
108,case_14,2024-04-10 18:47:01.340116,complete,Admission NC,positive,J,,,,,,,,,,,,,,,,,,,,,,,,,,,
109,case_14,2024-04-10 19:54:55.340116,complete,IV Antibiotics,positive,L,,,,,,,,,,,,,,,,,,,,,,,,,,,
110,case_14,2024-04-10 21:24:10.340116,complete,IV Antibiotics,positive,L,,,,,,,,,,,,,,,,,,,,,,,,,,,
111,case_14,2024-04-10 22:38:05.340116,complete,ER Triage,positive,C,UD,77.0,,,,,,,,,,,,,,,,,,,,,,,,,
112,case_15,2024-04-10 15:45:16.340116,complete,Release B,positive,E,,,,,,,,,,,,,,,,,,,,,,,,,,,
113,case_15,2024-04-10 17:11:30.340116,complete,Admission NC,positive,K,,,,,,,,,,,,,,,,,,,,,,,,,,,
114,case_15,2024-04-10 18:14:49.340116,complete,Release B,positive,E,,,,,,,,,,,,,,,,,,,,,,,,,,,
115,case_15,2024-04-10 19:02:38.340116,complete,Admission NC,positive,K,,,,,,,,,,,,,,,,,,,,,,,,,,,
116,case_15,2024-04-10 19:39:36.340116,complete,Release B,positive,E,,,,,,,,,,,,,,,,,,,,,,,,,,,
117,case_15,2024-04-10 21:29:12.340116,complete,Admission NC,positive,K,,,,,,,,,,,,,,,,,,,,,,,,,,,
118,case_15,2024-04-10 22:37:11.340116,complete,Release B,positive,E,,,,,,,,,,,,,,,,,,,,,,,,,,,
119,case_16,2024-04-10 15:41:29.340116,complete,Release B,positive,E,,,,,,,,,,,,,,,,,,,,,,,,,,,
120,case_16,2024-04-10 17:06:59.340116,complete,Admission NC,positive,K,,,,,,,,,,,,,,,,,,,,,,,,,,,
121,case_16,2024-04-10 17:50:26.340116,complete,Release B,positive,E,,,,,,,,,,,,,,,,,,,,,,,,,,,
122,case_16,2024-04-10 18:39:34.340116,complete,Admission NC,positive,J,,,,,,,,,,,,,,,,,,,,,,,,,,,
123,case_16,2024-04-10 20:15:24.340116,complete,Admission NC,positive,?,,,,,,,,,,,,,,,,,,,,,,,,,,,
124,case_16,2024-04-10 21:37:34.340116,complete,Release B,positive,J,,,,,,,,,,,,,,,,,,,,,,,,,,,
125,case_16,2024-04-10 22:27:18.340116,complete,Admission NC,positive,L,,,,,,,,,,,,,,,,,,,,,,,,,,,
126,case_17,2024-04-10 16:13:21.340116,complete,Release B,positive,E,,,,,,,,,,,,,,,,,,,,,,,,,,,
127,case_17,2024-04-10 17:05:30.340116,complete,Admission NC,positive,K,,,,,,,,,,,,,,,,,,,,,,,,,,,
128,case_17,2024-04-10 17:54:14.340116,complete,Release B,positive,E,,,,,,,,,,,,,,,,,,,,,,,,,,,
129,case_17,2024-04-10 19:12:13.340116,complete,Return ER,positive,I,,,,,,,,,,,,,,,,,,,,,,,,,,,
130,case_17,2024-04-10 20:36:01.340116,complete,Admission NC,positive,J,,,,,,,,,,,,,,,,,,,,,,,,,,,
131,case_17,2024-04-10 20:57:07.340116,complete,Release B,positive,J,,,,,,,,,,,,,,,,,,,,,,,,,,,
132,case_17,2024-04-10 22:33:20.340116,complete,IV Antibiotics,positive,L,,,,,,,,,,,,,,,,,,,,,,,,,,,
133,case_18,2024-04-10 16:02:12.340116,complete,Release B,positive,E,,,,,,,,,,,,,,,,,,,,,,,,,,,
134,case_18,2024-04-10 17:06:10.340116,complete,Admission NC,positive,K,,,,,,,,,,,,,,,,,,,,,,,,,,,
135,case_18,2024-04-10 17:39:19.340116,complete,Release B,positive,E,,,,,,,,,,,,,,,,,,,,,,,,,,,
136,case_18,2024-04-10 19:16:56.340116,complete,Leucocytes,positive,Y,OC,75.0,,,,,,,,,,,,,,,,,,,,,,,,107.0,
137,case_18,2024-04-10 20:05:37.340116,complete,Leucocytes,positive,Y,HE,68.0,,,,,,,,,,,,,,,,,,,,,,,,137.0,
138,case_18,2024-04-10 21:07:46.340116,complete,Admission NC,positive,F,,,,,,,,,,,,,,,,,,,,,,,,,,,
139,case_18,2024-04-10 22:01:09.340116,complete,Leucocytes,positive,Y,HE,20.0,,,,,,,,,,,,,,,,,,,,,,,,137.0,
140,case_19,2024-04-10 16:06:58.340116,complete,Release B,positive,E,,,,,,,,,,,,,,,,,,,,,,,,,,,
141,case_19,2024-04-10 16:59:00.340116,complete,Admission NC,positive,K,,,,,,,,,,,,,,,,,,,,,,,,,,,
142,case_19,2024-04-10 17:46:10.340116,complete,Release B,positive,E,,,,,,,,,,,,,,,,,,,,,,,,,,,
143,case_19,2024-04-10 18:41:48.340116,complete,Release A,positive,V,,,,,,,,,,,,,,,,,,,,,,,,,,,
144,case_19,2024-04-10 20:30:20.340116,complete,Admission NC,positive,Y,,,,,,,,,,,,,,,,,,,,,,,,,,,
145,case_19,2024-04-10 21:30:09.340116,complete,LacticAcid,positive,Y,,,,,,,,,,,,,,,,,,,,,,,,,149.0,,
146,case_19,2024-04-10 22:07:41.340116,complete,IV Liquid,positive,B,YA,21.0,,,,,,,,,,,,,,,,,,,,,,,,,
147,case_20,2024-04-10 15:45:57.340116,complete,Release B,positive,E,,,,,,,,,,,,,,,,,,,,,,,,,,,
148,case_20,2024-04-10 17:15:02.340116,complete,Admission NC,positive,K,,,,,,,,,,,,,,,,,,,,,,,,,,,
149,case_20,2024-04-10 18:38:11.340116,complete,Release B,positive,E,,,,,,,,,,,,,,,,,,,,,,,,,,,
150,case_20,2024-04-10 19:26:45.340116,complete,Admission NC,positive,C,,,,,,,,,,,,,,,,,,,,,,,,,,,
151,case_20,2024-04-10 20:06:04.340116,complete,IV Antibiotics,positive,L,,,,,,,,,,,,,,,,,,,,,,,,,,,
152,case_20,2024-04-10 20:40:24.340116,complete,ER Sepsis Triage,positive,L,HE,20.0,,,,,,,,,,,,,,,,,,,,,,,,,
153,case_20,2024-04-10 22:05:24.340116,complete,IV Antibiotics,positive,L,,,,,,,,,,,,,,,,,,,,,,,,,,,
154,case_21,2024-04-10 16:23:04.340116,complete,ER Sepsis Triage,positive,Y,GD,29.0,,,,,,,,,,,,,,,,,,,,,,,,,
155,case_21,2024-04-10 17:36:28.340116,complete,Release A,positive,O,,,,,,,,,,,,,,,,,,,,,,,,,,,
156,case_21,2024-04-10 18:12:52.340116,complete,Admission NC,positive,F,,,,,,,,,,,,,,,,,,,,,,,,,,,
157,case_21,2024-04-10 18:59:45.340116,complete,Admission NC,positive,F,,,,,,,,,,,,,,,,,,,,,,,,,,,
158,case_21,2024-04-10 19:48:13.340116,complete,IV Antibiotics,positive,L,,,,,,,,,,,,,,,,,,,,,,,,,,,
159,case_21,2024-04-10 20:49:05.340116,complete,ER Triage,positive,C,QE,90.0,,,,,,,,,,,,,,,,,,,,,,,,,
160,case_22,2024-04-10 16:15:23.340116,complete,CRP,positive,Y,GC,90.0,,,,,,,,,,,,,,,,,,,,,,,,,1435.0
161,case_22,2024-04-10 17:05:17.340116,complete,Release A,positive,Y,,,,,,,,,,,,,,,,,,,,,,,,,,,
162,case_22,2024-04-10 18:05:06.340116,complete,Admission NC,positive,J,,,,,,,,,,,,,,,,,,,,,,,,,,,
163,case_22,2024-04-10 19:09:23.340116,complete,Admission IC,positive,J,,,,,,,,,,,,,,,,,,,,,,,,,,,
164,case_22,2024-04-10 20:12:23.340116,complete,Admission NC,positive,J,,,,,,,,,,,,,,,,,,,,,,,,,,,
165,case_22,2024-04-10 20:43:40.340116,complete,CRP,positive,Y,EA,90.0,,,,,,,,,,,,,,,,,,,,,,,,,760.0
166,case_23,2024-04-10 16:34:43.340116,complete,Return ER,positive,J,,,,,,,,,,,,,,,,,,,,,,,,,,,
167,case_23,2024-04-10 17:11:29.340116,complete,CRP,positive,J,HE,90.0,,,,,,,,,,,,,,,,,,,,,,,,,2396.0
168,case_23,2024-04-10 18:29:12.340116,complete,Admission NC,positive,J,,,,,,,,,,,,,,,,,,,,,,,,,,,
169,case_23,2024-04-10 19:06:10.340116,complete,Admission NC,positive,J,,,,,,,,,,,,,,,,,,,,,,,,,,,
170,case_23,2024-04-10 20:24:53.340116,complete,CRP,positive,L,DA,90.0,,,,,,,,,,,,,,,,,,,,,,,,,1821.0
171,case_23,2024-04-10 21:14:52.340116,complete,CRP,positive,C,QC,37.0,,,,,,,,,,,,,,,,,,,,,,,,,63.0
172,case_24,2024-04-10 15:40:14.340116,complete,CRP,positive,Y,HE,90.0,,,,,,,,,,,,,,,,,,,,,,,,,4200.0
173,case_24,2024-04-10 17:03:13.340116,complete,CRP,positive,Y,XB,90.0,,,,,,,,,,,,,,,,,,,,,,,,,620.0
174,case_24,2024-04-10 18:08:16.340116,complete,Admission NC,positive,J,,,,,,,,,,,,,,,,,,,,,,,,,,,
175,case_24,2024-04-10 19:16:47.340116,complete,Admission IC,positive,J,,,,,,,,,,,,,,,,,,,,,,,,,,,
176,case_24,2024-04-10 20:27:58.340116,complete,Admission NC,positive,J,,,,,,,,,,,,,,,,,,,,,,,,,,,
177,case_24,2024-04-10 20:59:59.340116,complete,CRP,positive,Y,M,90.0,,,,,,,,,,,,,,,,,,,,,,,,,4652.0
178,case_25,2024-04-10 15:56:07.340116,complete,Admission NC,positive,J,,,,,,,,,,,,,,,,,,,,,,,,,,,
179,case_25,2024-04-10 16:52:33.340116,complete,Admission NC,positive,Y,,,,,,,,,,,,,,,,,,,,,,,,,,,
180,case_25,2024-04-10 18:16:08.340116,complete,CRP,positive,Y,HE,89.0,,,,,,,,,,,,,,,,,,,,,,,,,2645.0
181,case_25,2024-04-10 19:31:08.340116,complete,CRP,positive,Y,SD,90.0,,,,,,,,,,,,,,,,,,,,,,,,,81.0
182,case_25,2024-04-10 20:28:34.340116,complete,Return ER,positive,?,,,,,,,,,,,,,,,,,,,,,,,,,,,
183,case_25,2024-04-10 20:57:53.340116,complete,CRP,positive,B,YA,90.0,,,,,,,,,,,,,,,,,,,,,,,,,1185.0
184,case_26,2024-04-10 16:17:57.340116,complete,CRP,positive,Y,HE,90.0,,,,,,,,,,,,,,,,,,,,,,,,,4284.0
185,case_26,2024-04-10 16:46:32.340116,complete,CRP,positive,Y,XC,90.0,,,,,,,,,,,,,,,,,,,,,,,,,620.0
186,case_26,2024-04-10 18:26:55.340116,complete,Admission NC,positive,J,,,,,,,,,,,,,,,,,,,,,,,,,,,
187,case_26,2024-04-10 19:06:24.340116,complete,Admission IC,positive,J,,,,,,,,,,,,,,,,,,,,,,,,,,,
188,case_26,2024-04-10 19:48:42.340116,complete,Admission NC,positive,J,,,,,,,,,,,,,,,,,,,,,,,,,,,
189,case_26,2024-04-10 21:33:27.340116,complete,CRP,positive,Y,M,90.0,,,,,,,,,,,,,,,,,,,,,,,,,4776.0
190,case_27,2024-04-10 15:56:03.340116,complete,Admission NC,positive,J,,,,,,,,,,,,,,,,,,,,,,,,,,,
191,case_27,2024-04-10 16:43:46.340116,complete,CRP,positive,J,HE,88.0,,,,,,,,,,,,,,,,,,,,,,,,,1170.0
192,case_27,2024-04-10 18:13:48.340116,complete,Admission IC,positive,Y,,,,,,,,,,,,,,,,,,,,,,,,,,,
193,case_27,2024-04-10 19:01:21.340116,complete,Admission NC,positive,J,,,,,,,,,,,,,,,,,,,,,,,,,,,
194,case_27,2024-04-10 20:04:56.340116,complete,CRP,positive,L,KA,88.0,,,,,,,,,,,,,,,,,,,,,,,,,1984.0
195,case_27,2024-04-10 21:28:55.340116,complete,CRP,positive,C,YD,90.0,,,,,,,,,,,,,,,,,,,,,,,,,58.0
196,case_28,2024-04-10 16:25:34.340116,complete,LacticAcid,positive,Y,,,,,,,,,,,,,,,,,,,,,,,,,149.0,,
197,case_28,2024-04-10 16:59:15.340116,complete,IV Antibiotics,positive,X,,,,,,,,,,,,,,,,,,,,,,,,,,,
198,case_28,2024-04-10 17:59:04.340116,complete,Leucocytes,positive,Y,NC,89.0,,,,,,,,,,,,,,,,,,,,,,,,18.0,
199,case_28,2024-04-10 19:13:17.340116,complete,Admission NC,positive,J,,,,,,,,,,,,,,,,,,,,,,,,,,,
200,case_28,2024-04-10 20:19:33.340116,complete,Admission IC,positive,J,,,,,,,,,,,,,,,,,,,,,,,,,,,
201,case_28,2024-04-10 21:10:11.340116,complete,Admission NC,positive,J,,,,,,,,,,,,,,,,,,,,,,,,,,,
202,case_28,2024-04-10 22:34:41.340116,complete,Admission NC,positive,J,,,,,,,,,,,,,,,,,,,,,,,,,,,
203,case_28,2024-04-10 23:10:03.340116,complete,Admission IC,positive,J,,,,,,,,,,,,,,,,,,,,,,,,,,,
204,case_28,2024-04-10 23:58:18.340116,complete,Admission NC,positive,J,,,,,,,,,,,,,,,,,,,,,,,,,,,
205,case_29,2024-04-10 16:07:34.340116,complete,LacticAcid,positive,Y,,,,,,,,,,,,,,,,,,,,,,,,,148.0,,
206,case_29,2024-04-10 17:20:17.340116,complete,Admission NC,positive,Y,,,,,,,,,,,,,,,,,,,,,,,,,,,
207,case_29,2024-04-10 18:00:03.340116,complete,Leucocytes,positive,Y,PC,89.0,,,,,,,,,,,,,,,,,,,,,,,,31.0,
208,case_29,2024-04-10 19:32:05.340116,complete,ER Triage,positive,N,XA,44.0,,,,,,,,,,,,,,,,,,,,,,,,,
209,case_29,2024-04-10 20:23:49.340116,complete,Admission NC,positive,D,,,,,,,,,,,,,,,,,,,,,,,,,,,
210,case_29,2024-04-10 21:15:56.340116,complete,Release A,positive,S,,,,,,,,,,,,,,,,,,,,,,,,,,,
211,case_29,2024-04-10 21:41:41.340116,complete,Release A,positive,O,,,,,,,,,,,,,,,,,,,,,,,,,,,
212,case_29,2024-04-10 23:11:17.340116,complete,Return ER,positive,D,,,,,,,,,,,,,,,,,,,,,,,,,,,
213,case_29,2024-04-11 00:22:32.340116,complete,Admission IC,positive,H,,,,,,,,,,,,,,,,,,,,,,,,,,,
