,case:concept:name,time:timestamp,lifecycle:transition,concept:name,case:label,org:group,Diagnose,Age,Leucocytes,CRP,LacticAcid,InfectionSuspected,DiagnosticBlood,DisfuncOrg,SIRSCritTachypnea,Hypotensie,SIRSCritHeartRate,Infusion,DiagnosticArtAstrup,DiagnosticIC,DiagnosticSputum,DiagnosticLiquor,DiagnosticOther,SIRSCriteria2OrMore,DiagnosticXthorax,SIRSCritTemperature,DiagnosticUrinaryCulture,SIRSCritLeucos,Oligurie,DiagnosticLacticAcid,Hypoxie,DiagnosticUrinarySediment,DiagnosticECG
0,case_0,2024-04-10 16:23:58.349178,complete,ER Triage,positive,?,YA,20.0,,,,,,,,,,,,,,,,,,,,,,,,,
1,case_0,2024-04-10 17:11:25.349178,complete,Leucocytes,positive,K,YB,20.0,1428.0,,,,,,,,,,,,,,,,,,,,,,,,
2,case_0,2024-04-10 17:38:19.349178,complete,CRP,positive,K,YA,21.0,,50.0,,,,,,,,,,,,,,,,,,,,,,,
3,case_0,2024-04-10 19:02:33.349178,complete,CRP,positive,I,YD,26.0,,3573.0,,,,,,,,,,,,,,,,,,,,,,,
4,case_0,2024-04-10 19:37:27.349178,complete,Admission NC,positive,F,,,,,,,,,,,,,,,,,,,,,,,,,,,
5,case_0,2024-04-10 21:03:20.349178,complete,Leucocytes,positive,L,YA,20.0,107.0,,,,,,,,,,,,,,,,,,,,,,,,
6,case_0,2024-04-10 22:26:15.349178,complete,Admission NC,positive,J,,,,,,,,,,,,,,,,,,,,,,,,,,,
7,case_1,2024-04-10 15:43:58.349178,complete,ER Triage,positive,C,YB,23.0,,,,,,,,,,,,,,,,,,,,,,,,,
8,case_1,2024-04-10 16:49:20.349178,complete,CRP,positive,K,YA,20.0,,2588.0,,,,,,,,,,,,,,,,,,,,,,,
9,case_1,2024-04-10 17:45:16.349178,complete,CRP,positive,I,YA,20.0,,50.0,,,,,,,,,,,,,,,,,,,,,,,
10,case_1,2024-04-10 18:32:03.349178,complete,Admission NC,positive,F,,,,,,,,,,,,,,,,,,,,,,,,,,,
11,case_1,2024-04-10 20:10:03.349178,complete,Admission NC,positive,J,,,,,,,,,,,,,,,,,,,,,,,,,,,
12,case_1,2024-04-10 21:14:12.349178,complete,LacticAcid,positive,I,,,,,4.0,,,,,,,,,,,,,,,,,,,,,,
13,case_1,2024-04-10 22:13:26.349178,complete,Leucocytes,positive,I,YD,26.0,138.0,,,,,,,,,,,,,,,,,,,,,,,,
14,case_2,2024-04-10 15:34:52.349178,complete,ER Triage,positive,C,YA,20.0,,,,,,,,,,,,,,,,,,,,,,,,,
15,case_2,2024-04-10 16:43:17.349178,complete,CRP,positive,L,YA,20.0,,2588.0,,,,,,,,,,,,,,,,,,,,,,,
16,case_2,2024-04-10 18:16:47.349178,complete,Admission NC,positive,F,,,,,,,,,,,,,,,,,,,,,,,,,,,
17,case_2,2024-04-10 18:37:52.349178,complete,Admission NC,positive,J,,,,,,,,,,,,,,,,,,,,,,,,,,,
18,case_2,2024-04-10 20:04:38.349178,complete,CRP,positive,K,YB,20.0,,50.0,,,,,,,,,,,,,,,,,,,,,,,
19,case_2,2024-04-10 21:21:47.349178,complete,LacticAcid,positive,K,,,,,2.0,,,,,,,,,,,,,,,,,,,,,,
20,case_2,2024-04-10 21:32:26.349178,complete,Leucocytes,positive,I,YB,23.0,138.0,,,,,,,,,,,,,,,,,,,,,,,,
21,case_3,2024-04-10 16:15:20.349178,complete,ER Triage,positive,C,QA,20.0,,,,,,,,,,,,,,,,,,,,,,,,,
22,case_3,2024-04-10 17:05:40.349178,complete,Leucocytes,positive,K,YA,21.0,1428.0,,,,,,,,,,,,,,,,,,,,,,,,
23,case_3,2024-04-10 17:59:17.349178,complete,CRP,positive,K,YA,21.0,,50.0,,,,,,,,,,,,,,,,,,,,,,,
24,case_3,2024-04-10 19:13:18.349178,complete,CRP,positive,I,YD,26.0,,50.0,,,,,,,,,,,,,,,,,,,,,,,
25,case_3,2024-04-10 20:17:50.349178,complete,CRP,positive,L,YA,20.0,,50.0,,,,,,,,,,,,,,,,,,,,,,,
26,case_3,2024-04-10 20:31:42.349178,complete,Admission NC,positive,?,,,,,,,,,,,,,,,,,,,,,,,,,,,
27,case_3,2024-04-10 21:37:08.349178,complete,Admission NC,positive,L,,,,,,,,,,,,,,,,,,,,,,,,,,,
28,case_4,2024-04-10 16:01:16.349178,complete,CRP,positive,K,YA,21.0,,3112.0,,,,,,,,,,,,,,,,,,,,,,,
29,case_4,2024-04-10 16:55:12.349178,complete,Leucocytes,positive,K,YA,21.0,139.0,,,,,,,,,,,,,,,,,,,,,,,,
30,case_4,2024-04-10 17:41:07.349178,complete,Admission NC,positive,F,,,,,,,,,,,,,,,,,,,,,,,,,,,
31,case_4,2024-04-10 18:50:37.349178,complete,CRP,positive,I,YD,26.0,,382.0,,,,,,,,,,,,,,,,,,,,,,,
32,case_4,2024-04-10 20:12:18.349178,complete,CRP,positive,L,YA,20.0,,50.0,,,,,,,,,,,,,,,,,,,,,,,
33,case_4,2024-04-10 21:19:41.349178,complete,Leucocytes,positive,I,YC,20.0,107.0,,,,,,,,,,,,,,,,,,,,,,,,
34,case_4,2024-04-10 22:14:00.349178,complete,Admission NC,positive,J,,,,,,,,,,,,,,,,,,,,,,,,,,,
35,case_5,2024-04-10 16:08:33.349178,complete,ER Triage,positive,C,YA,20.0,,,,,,,,,,,,,,,,,,,,,,,,,
36,case_5,2024-04-10 16:50:45.349178,complete,CRP,positive,K,YA,20.0,,1074.0,,,,,,,,,,,,,,,,,,,,,,,
37,case_5,2024-04-10 18:30:57.349178,complete,Admission NC,positive,F,,,,,,,,,,,,,,,,,,,,,,,,,,,
38,case_5,2024-04-10 18:33:00.349178,complete,CRP,positive,I,YA,20.0,,382.0,,,,,,,,,,,,,,,,,,,,,,,
39,case_5,2024-04-10 19:45:00.349178,complete,CRP,positive,I,YB,23.0,,50.0,,,,,,,,,,,,,,,,,,,,,,,
40,case_5,2024-04-10 21:05:11.349178,complete,Leucocytes,positive,F,QA,20.0,107.0,,,,,,,,,,,,,,,,,,,,,,,,
41,case_5,2024-04-10 22:10:58.349178,complete,Admission NC,positive,J,,,,,,,,,,,,,,,,,,,,,,,,,,,
42,case_6,2024-04-10 15:32:20.349178,complete,ER Triage,positive,C,YA,20.0,,,,,,,,,,,,,,,,,,,,,,,,,
43,case_6,2024-04-10 17:07:11.349178,complete,Admission NC,positive,F,,,,,,,,,,,,,,,,,,,,,,,,,,,
44,case_6,2024-04-10 17:41:21.349178,complete,CRP,positive,K,YA,20.0,,1794.0,,,,,,,,,,,,,,,,,,,,,,,
45,case_6,2024-04-10 19:25:21.349178,complete,Admission NC,positive,F,,,,,,,,,,,,,,,,,,,,,,,,,,,
46,case_6,2024-04-10 20:25:56.349178,complete,CRP,positive,I,YA,20.0,,3910.0,,,,,,,,,,,,,,,,,,,,,,,
47,case_7,2024-04-10 15:32:08.349178,complete,ER Triage,positive,C,YB,20.0,,,,,,,,,,,,,,,,,,,,,,,,,
48,case_7,2024-04-10 17:01:24.349178,complete,Leucocytes,positive,A,YA,20.0,138.0,,,,,,,,,,,,,,,,,,,,,,,,
49,case_7,2024-04-10 18:06:49.349178,complete,Admission NC,positive,F,,,,,,,,,,,,,,,,,,,,,,,,,,,
50,case_7,2024-04-10 19:29:00.349178,complete,CRP,positive,I,YB,20.0,,1794.0,,,,,,,,,,,,,,,,,,,,,,,
51,case_7,2024-04-10 20:30:34.349178,complete,Admission NC,positive,C,,,,,,,,,,,,,,,,,,,,,,,,,,,
52,case_8,2024-04-10 16:00:15.349178,complete,ER Triage,positive,C,YA,20.0,,,,,,,,,,,,,,,,,,,,,,,,,
53,case_8,2024-04-10 17:04:26.349178,complete,Leucocytes,positive,K,YC,20.0,138.0,,,,,,,,,,,,,,,,,,,,,,,,
54,case_8,2024-04-10 18:08:31.349178,complete,Admission NC,positive,?,,,,,,,,,,,,,,,,,,,,,,,,,,,
55,case_8,2024-04-10 19:18:28.349178,complete,Admission NC,positive,J,,,,,,,,,,,,,,,,,,,,,,,,,,,
56,case_8,2024-04-10 19:48:04.349178,complete,CRP,positive,K,YA,21.0,,3910.0,,,,,,,,,,,,,,,,,,,,,,,
57,case_9,2024-04-10 15:40:25.349178,complete,Leucocytes,positive,K,QA,20.0,3706.0,,,,,,,,,,,,,,,,,,,,,,,,
58,case_9,2024-04-10 17:22:36.349178,complete,CRP,positive,K,YA,21.0,,50.0,,,,,,,,,,,,,,,,,,,,,,,
59,case_9,2024-04-10 17:46:20.349178,complete,CRP,positive,K,YA,20.0,,3183.0,,,,,,,,,,,,,,,,,,,,,,,
60,case_9,2024-04-10 19:25:26.349178,complete,Admission NC,positive,F,,,,,,,,,,,,,,,,,,,,,,,,,,,
61,case_9,2024-04-10 19:49:52.349178,complete,Admission NC,positive,J,,,,,,,,,,,,,,,,,,,,,,,,,,,
62,case_10,2024-04-10 15:36:50.349178,complete,Leucocytes,positive,K,YA,21.0,3706.0,,,,,,,,,,,,,,,,,,,,,,,,
63,case_10,2024-04-10 16:32:28.349178,complete,CRP,positive,K,YB,21.0,,50.0,,,,,,,,,,,,,,,,,,,,,,,
64,case_10,2024-04-10 18:09:29.349178,complete,CRP,positive,L,YA,20.0,,3183.0,,,,,,,,,,,,,,,,,,,,,,,
65,case_10,2024-04-10 19:07:08.349178,complete,Admission NC,positive,F,,,,,,,,,,,,,,,,,,,,,,,,,,,
66,case_10,2024-04-10 19:36:07.349178,complete,Admission NC,positive,J,,,,,,,,,,,,,,,,,,,,,,,,,,,
67,case_11,2024-04-10 16:09:31.349178,complete,ER Triage,positive,C,YB,20.0,,,,,,,,,,,,,,,,,,,,,,,,,
68,case_11,2024-04-10 17:03:02.349178,complete,Admission NC,positive,J,,,,,,,,,,,,,,,,,,,,,,,,,,,
69,case_11,2024-04-10 18:14:41.349178,complete,CRP,positive,K,YA,20.0,,4436.0,,,,,,,,,,,,,,,,,,,,,,,
70,case_11,2024-04-10 18:39:46.349178,complete,Admission NC,positive,J,,,,,,,,,,,,,,,,,,,,,,,,,,,
71,case_11,2024-04-10 19:59:18.349178,complete,Leucocytes,positive,K,YA,21.0,1079.0,,,,,,,,,,,,,,,,,,,,,,,,
72,case_12,2024-04-10 15:42:43.349178,complete,ER Triage,positive,C,YA,21.0,,,,,,,,,,,,,,,,,,,,,,,,,
73,case_12,2024-04-10 17:07:43.349178,complete,CRP,positive,K,YA,20.0,,3584.0,,,,,,,,,,,,,,,,,,,,,,,
74,case_12,2024-04-10 18:08:28.349178,complete,Admission NC,positive,F,,,,,,,,,,,,,,,,,,,,,,,,,,,
75,case_12,2024-04-10 18:38:45.349178,complete,Admission NC,positive,A,,,,,,,,,,,,,,,,,,,,,,,,,,,
76,case_12,2024-04-10 19:37:02.349178,complete,LacticAcid,positive,?,,,,,4.0,,,,,,,,,,,,,,,,,,,,,,
77,case_12,2024-04-10 20:39:38.349178,complete,Leucocytes,positive,A,YA,20.0,138.0,,,,,,,,,,,,,,,,,,,,,,,,
78,case_12,2024-04-10 21:54:08.349178,complete,CRP,positive,K,YA,22.0,,5268.0,,,,,,,,,,,,,,,,,,,,,,,
79,case_12,2024-04-10 23:09:02.349178,complete,Leucocytes,positive,K,YA,21.0,3726.0,,,,,,,,,,,,,,,,,,,,,,,,
80,case_13,2024-04-10 15:32:12.349178,complete,CRP,positive,K,YA,22.0,,5438.0,,,,,,,,,,,,,,,,,,,,,,,
81,case_13,2024-04-10 16:44:24.349178,complete,CRP,positive,I,YB,20.0,,1539.0,,,,,,,,,,,,,,,,,,,,,,,
82,case_13,2024-04-10 18:12:24.349178,complete,Leucocytes,positive,K,YA,21.0,138.0,,,,,,,,,,,,,,,,,,,,,,,,
83,case_13,2024-04-10 19:27:04.349178,complete,Leucocytes,positive,K,YA,20.0,138.0,,,,,,,,,,,,,,,,,,,,,,,,
84,case_13,2024-04-10 20:21:52.349178,complete,LacticAcid,positive,A,,,,,2.0,,,,,,,,,,,,,,,,,,,,,,
85,case_13,2024-04-10 21:11:24.349178,complete,Leucocytes,positive,K,YD,21.0,139.0,,,,,,,,,,,,,,,,,,,,,,,,
86,case_13,2024-04-10 22:30:36.349178,complete,Admission NC,positive,J,,,,,,,,,,,,,,,,,,,,,,,,,,,
87,case_13,2024-04-10 22:42:03.349178,complete,Admission NC,positive,J,,,,,,,,,,,,,,,,,,,,,,,,,,,
88,case_14,2024-04-10 15:34:05.349178,complete,Leucocytes,positive,K,YA,53.0,1178.0,,,,,,,,,,,,,,,,,,,,,,,,
89,case_14,2024-04-10 17:10:50.349178,complete,Leucocytes,positive,I,YA,20.0,3029.0,,,,,,,,,,,,,,,,,,,,,,,,
90,case_14,2024-04-10 17:47:38.349178,complete,CRP,positive,I,YB,20.0,,51.0,,,,,,,,,,,,,,,,,,,,,,,
91,case_14,2024-04-10 19:15:47.349178,complete,ER Triage,positive,C,YA,20.0,,,,,,,,,,,,,,,,,,,,,,,,,
92,case_14,2024-04-10 20:19:47.349178,complete,Return ER,positive,?,,,,,,,,,,,,,,,,,,,,,,,,,,,
93,case_14,2024-04-10 21:05:57.349178,complete,Return ER,positive,A,,,,,,,,,,,,,,,,,,,,,,,,,,,
94,case_14,2024-04-10 21:54:43.349178,complete,Admission NC,positive,A,,,,,,,,,,,,,,,,,,,,,,,,,,,
95,case_14,2024-04-10 22:49:21.349178,complete,Admission NC,positive,F,,,,,,,,,,,,,,,,,,,,,,,,,,,
96,case_15,2024-04-10 15:42:34.349178,complete,ER Triage,positive,C,YB,20.0,,,,,,,,,,,,,,,,,,,,,,,,,
97,case_15,2024-04-10 17:29:47.349178,complete,CRP,positive,I,YD,20.0,,50.0,,,,,,,,,,,,,,,,,,,,,,,
98,case_15,2024-04-10 17:55:36.349178,complete,CRP,positive,I,YA,22.0,,1908.0,,,,,,,,,,,,,,,,,,,,,,,
99,case_15,2024-04-10 18:34:05.349178,complete,CRP,positive,K,YA,21.0,,483.0,,,,,,,,,,,,,,,,,,,,,,,
100,case_15,2024-04-10 20:24:37.349178,complete,LacticAcid,positive,K,,,,,3.0,,,,,,,,,,,,,,,,,,,,,,
101,case_15,2024-04-10 20:44:26.349178,complete,Leucocytes,positive,I,YA,48.0,140.0,,,,,,,,,,,,,,,,,,,,,,,,
102,case_15,2024-04-10 22:30:00.349178,complete,Admission NC,positive,J,,,,,,,,,,,,,,,,,,,,,,,,,,,
103,case_15,2024-04-10 22:39:42.349178,complete,Admission NC,positive,J,,,,,,,,,,,,,,,,,,,,,,,,,,,
104,case_16,2024-04-10 15:40:03.349178,complete,Leucocytes,positive,K,YB,20.0,3311.0,,,,,,,,,,,,,,,,,,,,,,,,
105,case_16,2024-04-10 16:55:55.349178,complete,CRP,positive,I,YD,21.0,,51.0,,,,,,,,,,,,,,,,,,,,,,,
106,case_16,2024-04-10 17:55:06.349178,complete,Admission NC,positive,F,,,,,,,,,,,,,,,,,,,,,,,,,,,
107,case_16,2024-04-10 18:49:59.349178,complete,Leucocytes,positive,K,YC,20.0,3486.0,,,,,,,,,,,,,,,,,,,,,,,,
108,case_16,2024-04-10 19:54:54.349178,complete,CRP,positive,K,YA,20.0,,51.0,,,,,,,,,,,,,,,,,,,,,,,
109,case_16,2024-04-10 21:01:55.349178,complete,Admission NC,positive,J,,,,,,,,,,,,,,,,,,,,,,,,,,,
110,case_16,2024-04-10 21:46:12.349178,complete,CRP,positive,I,YA,21.0,,982.0,,,,,,,,,,,,,,,,,,,,,,,
111,case_16,2024-04-10 23:29:42.349178,complete,CRP,positive,K,YB,20.0,,50.0,,,,,,,,,,,,,,,,,,,,,,,
112,case_17,2024-04-10 15:54:13.349178,complete,Release B,positive,K,,,,,,,,,,,,,,,,,,,,,,,,,,,
113,case_17,2024-04-10 17:19:23.349178,complete,Admission NC,positive,J,,,,,,,,,,,,,,,,,,,,,,,,,,,
114,case_17,2024-04-10 18:24:29.349178,complete,Admission NC,positive,J,,,,,,,,,,,,,,,,,,,,,,,,,,,
115,case_17,2024-04-10 18:58:04.349178,complete,Leucocytes,positive,K,YB,20.0,1009.0,,,,,,,,,,,,,,,,,,,,,,,,
116,case_17,2024-04-10 20:30:43.349178,complete,Release B,positive,E,,,,,,,,,,,,,,,,,,,,,,,,,,,
117,case_17,2024-04-10 20:43:41.349178,complete,IV Liquid,positive,?,YB,21.0,,,,,,,,,,,,,,,,,,,,,,,,,
118,case_17,2024-04-10 22:12:10.349178,complete,CRP,positive,I,YB,20.0,,775.0,,,,,,,,,,,,,,,,,,,,,,,
119,case_17,2024-04-10 23:24:29.349178,complete,ER Triage,positive,I,YA,20.0,,,,,,,,,,,,,,,,,,,,,,,,,
120,case_18,2024-04-10 15:54:49.349178,complete,ER Triage,positive,C,YB,20.0,,,,,,,,,,,,,,,,,,,,,,,,,
121,case_18,2024-04-10 16:40:07.349178,complete,Leucocytes,positive,K,YB,20.0,2892.0,,,,,,,,,,,,,,,,,,,,,,,,
122,case_18,2024-04-10 18:10:33.349178,complete,Admission NC,positive,J,,,,,,,,,,,,,,,,,,,,,,,,,,,
123,case_18,2024-04-10 19:06:56.349178,complete,CRP,positive,K,YA,22.0,,5700.0,,,,,,,,,,,,,,,,,,,,,,,
124,case_18,2024-04-10 20:19:45.349178,complete,Admission NC,positive,F,,,,,,,,,,,,,,,,,,,,,,,,,,,
125,case_18,2024-04-10 21:29:42.349178,complete,CRP,positive,K,YB,21.0,,3716.0,,,,,,,,,,,,,,,,,,,,,,,
126,case_19,2024-04-10 16:30:08.349178,complete,CRP,positive,K,YA,21.0,,2602.0,,,,,,,,,,,,,,,,,,,,,,,
127,case_19,2024-04-10 17:09:10.349178,complete,Admission NC,positive,J,,,,,,,,,,,,,,,,,,,,,,,,,,,
128,case_19,2024-04-10 17:57:20.349178,complete,CRP,positive,K,YA,21.0,,3488.0,,,,,,,,,,,,,,,,,,,,,,,
129,case_19,2024-04-10 19:20:38.349178,complete,Leucocytes,positive,I,YD,26.0,138.0,,,,,,,,,,,,,,,,,,,,,,,,
130,case_19,2024-04-10 19:35:28.349178,complete,Admission NC,positive,C,,,,,,,,,,,,,,,,,,,,,,,,,,,
131,case_19,2024-04-10 20:33:08.349178,complete,Leucocytes,positive,K,YA,21.0,593.0,,,,,,,,,,,,,,,,,,,,,,,,
132,case_20,2024-04-10 16:20:12.349178,complete,ER Triage,positive,K,QA,20.0,,,,,,,,,,,,,,,,,,,,,,,,,
133,case_20,2024-04-10 16:39:52.349178,complete,CRP,positive,K,YA,21.0,,731.0,,,,,,,,,,,,,,,,,,,,,,,
134,case_20,2024-04-10 18:06:46.349178,complete,CRP,positive,K,YA,21.0,,50.0,,,,,,,,,,,,,,,,,,,,,,,
135,case_20,2024-04-10 19:30:54.349178,complete,Admission NC,positive,?,,,,,,,,,,,,,,,,,,,,,,,,,,,
136,case_20,2024-04-10 20:06:17.349178,complete,Admission NC,positive,J,,,,,,,,,,,,,,,,,,,,,,,,,,,
137,case_20,2024-04-10 20:54:32.349178,complete,Leucocytes,positive,?,QC,24.0,593.0,,,,,,,,,,,,,,,,,,,,,,,,
138,case_21,2024-04-10 15:42:25.349178,complete,CRP,positive,K,YC,20.0,,1779.0,,,,,,,,,,,,,,,,,,,,,,,
139,case_21,2024-04-10 16:32:36.349178,complete,CRP,positive,I,YB,24.0,,1334.0,,,,,,,,,,,,,,,,,,,,,,,
140,case_21,2024-04-10 17:58:11.349178,complete,CRP,positive,K,YA,20.0,,4548.0,,,,,,,,,,,,,,,,,,,,,,,
141,case_21,2024-04-10 18:31:28.349178,complete,Admission NC,positive,F,,,,,,,,,,,,,,,,,,,,,,,,,,,
142,case_21,2024-04-10 19:53:43.349178,complete,ER Registration,positive,I,YA,20.0,,,,true,false,false,false,false,false,false,true,true,false,true,true,false,false,false,true,true,true,false,true,true,true
143,case_21,2024-04-10 21:05:31.349178,complete,Admission NC,positive,J,,,,,,,,,,,,,,,,,,,,,,,,,,,
144,case_22,2024-04-10 15:46:35.349178,complete,ER Triage,positive,C,QA,20.0,,,,,,,,,,,,,,,,,,,,,,,,,
145,case_22,2024-04-10 16:37:29.349178,complete,Leucocytes,positive,K,YB,22.0,617.0,,,,,,,,,,,,,,,,,,,,,,,,
146,case_22,2024-04-10 17:48:46.349178,complete,Admission IC,positive,F,,,,,,,,,,,,,,,,,,,,,,,,,,,
147,case_22,2024-04-10 18:58:47.349178,complete,Admission NC,positive,F,,,,,,,,,,,,,,,,,,,,,,,,,,,
148,case_22,2024-04-10 20:30:42.349178,complete,Admission NC,positive,F,,,,,,,,,,,,,,,,,,,,,,,,,,,
149,case_22,2024-04-10 21:26:56.349178,complete,Leucocytes,positive,K,YC,23.0,593.0,,,,,,,,,,,,,,,,,,,,,,,,
150,case_23,2024-04-10 15:31:25.349178,complete,ER Triage,positive,C,YA,20.0,,,,,,,,,,,,,,,,,,,,,,,,,
151,case_23,2024-04-10 17:25:12.349178,complete,Leucocytes,positive,I,YA,20.0,139.0,,,,,,,,,,,,,,,,,,,,,,,,
152,case_23,2024-04-10 17:57:51.349178,complete,Admission NC,positive,?,,,,,,,,,,,,,,,,,,,,,,,,,,,
153,case_23,2024-04-10 19:27:41.349178,complete,CRP,positive,I,YD,26.0,,50.0,,,,,,,,,,,,,,,,,,,,,,,
154,case_23,2024-04-10 19:59:02.349178,complete,Admission NC,positive,J,,,,,,,,,,,,,,,,,,,,,,,,,,,
155,case_23,2024-04-10 21:24:16.349178,complete,Leucocytes,positive,L,YA,20.0,593.0,,,,,,,,,,,,,,,,,,,,,,,,
156,case_24,2024-04-10 16:01:22.349178,complete,ER Triage,positive,C,YB,21.0,,,,,,,,,,,,,,,,,,,,,,,,,
157,case_24,2024-04-10 16:42:22.349178,complete,CRP,positive,A,QC,24.0,,4181.0,,,,,,,,,,,,,,,,,,,,,,,
158,case_24,2024-04-10 17:51:01.349178,complete,Leucocytes,positive,K,YA,21.0,139.0,,,,,,,,,,,,,,,,,,,,,,,,
159,case_24,2024-04-10 19:00:43.349178,complete,Admission NC,positive,L,,,,,,,,,,,,,,,,,,,,,,,,,,,
160,case_24,2024-04-10 20:30:09.349178,complete,CRP,positive,K,YC,20.0,,4201.0,,,,,,,,,,,,,,,,,,,,,,,
161,case_24,2024-04-10 20:32:01.349178,complete,CRP,positive,A,YA,21.0,,50.0,,,,,,,,,,,,,,,,,,,,,,,
162,case_24,2024-04-10 21:48:07.349178,complete,Leucocytes,positive,I,YA,20.0,138.0,,,,,,,,,,,,,,,,,,,,,,,,
163,case_24,2024-04-10 23:21:37.349178,complete,CRP,positive,A,YB,21.0,,50.0,,,,,,,,,,,,,,,,,,,,,,,
164,case_24,2024-04-10 23:35:03.349178,complete,Leucocytes,positive,K,YA,20.0,2461.0,,,,,,,,,,,,,,,,,,,,,,,,
165,case_24,2024-04-11 01:01:15.349178,complete,Admission NC,positive,F,,,,,,,,,,,,,,,,,,,,,,,,,,,
166,case_25,2024-04-10 16:03:19.349178,complete,CRP,positive,?,YA,20.0,,50.0,,,,,,,,,,,,,,,,,,,,,,,
167,case_25,2024-04-10 17:04:17.349178,complete,Admission NC,positive,J,,,,,,,,,,,,,,,,,,,,,,,,,,,
168,case_25,2024-04-10 17:42:50.349178,complete,ER Triage,positive,C,YB,20.0,,,,,,,,,,,,,,,,,,,,,,,,,
169,case_25,2024-04-10 18:51:11.349178,complete,LacticAcid,positive,K,,,,,3.0,,,,,,,,,,,,,,,,,,,,,,
170,case_25,2024-04-10 20:03:11.349178,complete,Leucocytes,positive,I,YA,21.0,1635.0,,,,,,,,,,,,,,,,,,,,,,,,
171,case_25,2024-04-10 20:39:46.349178,complete,CRP,positive,K,YB,20.0,,50.0,,,,,,,,,,,,,,,,,,,,,,,
172,case_25,2024-04-10 21:36:02.349178,complete,Admission NC,positive,F,,,,,,,,,,,,,,,,,,,,,,,,,,,
173,case_25,2024-04-10 23:14:09.349178,complete,CRP,positive,K,YA,22.0,,3681.0,,,,,,,,,,,,,,,,,,,,,,,
174,case_25,2024-04-11 00:01:41.349178,complete,CRP,positive,I,YB,21.0,,50.0,,,,,,,,,,,,,,,,,,,,,,,
175,case_25,2024-04-11 01:21:40.349178,complete,Leucocytes,positive,I,YA,20.0,1112.0,,,,,,,,,,,,,,,,,,,,,,,,
176,case_26,2024-04-10 15:49:19.349178,complete,Leucocytes,positive,K,YA,20.0,654.0,,,,,,,,,,,,,,,,,,,,,,,,
177,case_26,2024-04-10 17:11:30.349178,complete,Admission NC,positive,F,,,,,,,,,,,,,,,,,,,,,,,,,,,
178,case_26,2024-04-10 18:01:49.349178,complete,CRP,positive,K,YA,22.0,,51.0,,,,,,,,,,,,,,,,,,,,,,,
179,case_26,2024-04-10 19:04:59.349178,complete,Release B,positive,E,,,,,,,,,,,,,,,,,,,,,,,,,,,
180,case_26,2024-04-10 19:48:22.349178,complete,Leucocytes,positive,I,C,20.0,1768.0,,,,,,,,,,,,,,,,,,,,,,,,
181,case_26,2024-04-10 21:07:56.349178,complete,Admission NC,positive,J,,,,,,,,,,,,,,,,,,,,,,,,,,,
182,case_26,2024-04-10 22:10:36.349178,complete,CRP,positive,K,YD,23.0,,1592.0,,,,,,,,,,,,,,,,,,,,,,,
183,case_26,2024-04-10 23:21:18.349178,complete,CRP,positive,K,YA,20.0,,50.0,,,,,,,,,,,,,,,,,,,,,,,
184,case_26,2024-04-11 00:10:35.349178,complete,Leucocytes,positive,E,YC,21.0,2765.0,,,,,,,,,,,,,,,,,,,,,,,,
185,case_26,2024-04-11 01:04:06.349178,complete,CRP,positive,E,YA,20.0,,50.0,,,,,,,,,,,,,,,,,,,,,,,
186,case_27,2024-04-10 16:31:14.349178,complete,Release B,positive,E,,,,,,,,,,,,,,,,,,,,,,,,,,,
187,case_27,2024-04-10 16:58:56.349178,complete,CRP,positive,K,YB,20.0,,896.0,,,,,,,,,,,,,,,,,,,,,,,
188,case_27,2024-04-10 17:54:08.349178,complete,Leucocytes,positive,I,YB,21.0,2378.0,,,,,,,,,,,,,,,,,,,,,,,,
189,case_27,2024-04-10 18:46:03.349178,complete,Release B,positive,E,,,,,,,,,,,,,,,,,,,,,,,,,,,
190,case_27,2024-04-10 20:30:09.349178,complete,ER Triage,positive,I,C,21.0,,,,,,,,,,,,,,,,,,,,,,,,,
191,case_27,2024-04-10 21:26:29.349178,complete,Admission NC,positive,E,,,,,,,,,,,,,,,,,,,,,,,,,,,
192,case_27,2024-04-10 22:15:36.349178,complete,Leucocytes,positive,K,YD,20.0,1755.0,,,,,,,,,,,,,,,,,,,,,,,,
193,case_27,2024-04-10 23:15:18.349178,complete,CRP,positive,K,YB,20.0,,50.0,,,,,,,,,,,,,,,,,,,,,,,
194,case_27,2024-04-11 00:11:20.349178,complete,Admission NC,positive,F,,,,,,,,,,,,,,,,,,,,,,,,,,,
195,case_27,2024-04-11 01:04:48.349178,complete,CRP,positive,K,YA,20.0,,2566.0,,,,,,,,,,,,,,,,,,,,,,,
196,case_28,2024-04-10 15:54:23.349178,complete,ER Triage,positive,C,YA,22.0,,,,,,,,,,,,,,,,,,,,,,,,,
197,case_28,2024-04-10 17:13:51.349178,complete,Leucocytes,positive,?,QC,24.0,848.0,,,,,,,,,,,,,,,,,,,,,,,,
198,case_28,2024-04-10 17:37:51.349178,complete,CRP,positive,K,YA,21.0,,50.0,,,,,,,,,,,,,,,,,,,,,,,
199,case_28,2024-04-10 18:56:34.349178,complete,CRP,positive,A,YA,22.0,,5532.0,,,,,,,,,,,,,,,,,,,,,,,
200,case_28,2024-04-10 19:57:49.349178,complete,Leucocytes,positive,K,YA,22.0,1992.0,,,,,,,,,,,,,,,,,,,,,,,,
201,case_28,2024-04-10 20:32:26.349178,complete,CRP,positive,K,YB,21.0,,50.0,,,,,,,,,,,,,,,,,,,,,,,
202,case_28,2024-04-10 22:21:03.349178,complete,Admission NC,positive,J,,,,,,,,,,,,,,,,,,,,,,,,,,,
203,case_28,2024-04-10 22:48:32.349178,complete,Leucocytes,positive,K,YA,22.0,138.0,,,,,,,,,,,,,,,,,,,,,,,,
204,case_28,2024-04-11 00:30:49.349178,complete,Admission NC,positive,J,,,,,,,,,,,,,,,,,,,,,,,,,,,
205,case_29,2024-04-10 16:29:51.349178,complete,ER Triage,positive,C,YB,21.0,,,,,,,,,,,,,,,,,,,,,,,,,
206,case_29,2024-04-10 16:34:34.349178,complete,Leucocytes,positive,I,YD,26.0,2962.0,,,,,,,,,,,,,,,,,,,,,,,,
207,case_29,2024-04-10 18:02:49.349178,complete,CRP,positive,L,YA,20.0,,50.0,,,,,,,,,,,,,,,,,,,,,,,
208,case_29,2024-04-10 18:38:04.349178,complete,CRP,positive,I,YC,20.0,,50.0,,,,,,,,,,,,,,,,,,,,,,,
209,case_29,2024-04-10 19:52:18.349178,complete,Leucocytes,positive,A,YA,22.0,138.0,,,,,,,,,,,,,,,,,,,,,,,,
210,case_29,2024-04-10 20:43:36.349178,complete,Leucocytes,positive,K,YB,21.0,138.0,,,,,,,,,,,,,,,,,,,,,,,,
211,case_29,2024-04-10 22:18:45.349178,complete,Admission NC,positive,J,,,,,,,,,,,,,,,,,,,,,,,,,,,
212,case_29,2024-04-10 23:30:45.349178,complete,Leucocytes,positive,K,YA,22.0,2947.0,,,,,,,,,,,,,,,,,,,,,,,,
213,case_29,2024-04-10 23:56:53.349178,complete,Admission NC,positive,J,,,,,,,,,,,,,,,,,,,,,,,,,,,
