,case:concept:name,time:timestamp,lifecycle:transition,concept:name,case:label,org:group,Diagnose,Age,CRP,Leucocytes,LacticAcid,InfectionSuspected,DiagnosticBlood,DisfuncOrg,SIRSCritTachypnea,Hypotensie,SIRSCritHeartRate,Infusion,DiagnosticArtAstrup,DiagnosticIC,DiagnosticSputum,DiagnosticLiquor,DiagnosticOther,SIRSCriteria2OrMore,DiagnosticXthorax,SIRSCritTemperature,DiagnosticUrinaryCulture,SIRSCritLeucos,Oligurie,DiagnosticLacticAcid,Hypoxie,DiagnosticUrinarySediment,DiagnosticECG
0,case_0,2024-04-10 16:32:25.155339,complete,Admission NC,positive,E,,,,,,,,,,,,,,,,,,,,,,,,,,,
1,case_0,2024-04-10 17:24:42.155339,complete,Admission NC,positive,L,,,,,,,,,,,,,,,,,,,,,,,,,,,
2,case_0,2024-04-10 18:14:11.155339,complete,CRP,positive,J,LA,37.0,846.0,,,,,,,,,,,,,,,,,,,,,,,,
3,case_0,2024-04-10 18:40:34.155339,complete,CRP,positive,?,HE,88.0,199.0,,,,,,,,,,,,,,,,,,,,,,,,
4,case_0,2024-04-10 20:07:15.155339,complete,CRP,positive,J,HC,22.0,2804.0,,,,,,,,,,,,,,,,,,,,,,,,
5,case_1,2024-04-10 16:16:47.155339,complete,Leucocytes,positive,L,PA,20.0,,137.0,,,,,,,,,,,,,,,,,,,,,,,
6,case_1,2024-04-10 16:36:59.155339,complete,Leucocytes,positive,J,ID,21.0,,137.0,,,,,,,,,,,,,,,,,,,,,,,
7,case_1,2024-04-10 17:37:23.155339,complete,Admission NC,positive,L,,,,,,,,,,,,,,,,,,,,,,,,,,,
8,case_1,2024-04-10 18:47:07.155339,complete,CRP,positive,I,HB,30.0,951.0,,,,,,,,,,,,,,,,,,,,,,,,
9,case_1,2024-04-10 20:19:48.155339,complete,Admission NC,positive,L,,,,,,,,,,,,,,,,,,,,,,,,,,,
10,case_2,2024-04-10 16:05:15.155339,complete,CRP,positive,L,QE,41.0,4610.0,,,,,,,,,,,,,,,,,,,,,,,,
11,case_2,2024-04-10 17:08:06.155339,complete,Admission NC,positive,L,,,,,,,,,,,,,,,,,,,,,,,,,,,
12,case_2,2024-04-10 18:32:10.155339,complete,CRP,positive,I,IC,20.0,850.0,,,,,,,,,,,,,,,,,,,,,,,,
13,case_2,2024-04-10 19:14:27.155339,complete,Admission NC,positive,E,,,,,,,,,,,,,,,,,,,,,,,,,,,
14,case_2,2024-04-10 19:54:39.155339,complete,CRP,positive,L,HE,20.0,2718.0,,,,,,,,,,,,,,,,,,,,,,,,
15,case_3,2024-04-10 15:42:22.155339,complete,CRP,positive,J,PA,27.0,4333.0,,,,,,,,,,,,,,,,,,,,,,,,
16,case_3,2024-04-10 17:05:11.155339,complete,Admission NC,positive,E,,,,,,,,,,,,,,,,,,,,,,,,,,,
17,case_3,2024-04-10 18:15:27.155339,complete,CRP,positive,K,HE,37.0,854.0,,,,,,,,,,,,,,,,,,,,,,,,
18,case_3,2024-04-10 18:48:16.155339,complete,Admission NC,positive,J,,,,,,,,,,,,,,,,,,,,,,,,,,,
19,case_3,2024-04-10 19:41:34.155339,complete,CRP,positive,E,HD,20.0,4622.0,,,,,,,,,,,,,,,,,,,,,,,,
20,case_4,2024-04-10 16:14:22.155339,complete,Leucocytes,positive,J,BE,20.0,,137.0,,,,,,,,,,,,,,,,,,,,,,,
21,case_4,2024-04-10 17:12:27.155339,complete,CRP,positive,L,IC,20.0,4506.0,,,,,,,,,,,,,,,,,,,,,,,,
22,case_4,2024-04-10 18:07:19.155339,complete,Admission NC,positive,L,,,,,,,,,,,,,,,,,,,,,,,,,,,
23,case_4,2024-04-10 19:28:25.155339,complete,Admission NC,positive,F,,,,,,,,,,,,,,,,,,,,,,,,,,,
24,case_4,2024-04-10 20:12:05.155339,complete,CRP,positive,L,HD,20.0,4623.0,,,,,,,,,,,,,,,,,,,,,,,,
25,case_5,2024-04-10 16:11:53.155339,complete,Leucocytes,positive,E,PA,20.0,,636.0,,,,,,,,,,,,,,,,,,,,,,,
26,case_5,2024-04-10 17:08:08.155339,complete,CRP,positive,E,GE,22.0,4504.0,,,,,,,,,,,,,,,,,,,,,,,,
27,case_5,2024-04-10 18:26:20.155339,complete,CRP,positive,J,IE,37.0,846.0,,,,,,,,,,,,,,,,,,,,,,,,
28,case_5,2024-04-10 19:26:27.155339,complete,Admission NC,positive,L,,,,,,,,,,,,,,,,,,,,,,,,,,,
29,case_5,2024-04-10 19:47:56.155339,complete,Admission NC,positive,?,,,,,,,,,,,,,,,,,,,,,,,,,,,
30,case_6,2024-04-10 15:43:57.155339,complete,Admission NC,positive,A,,,,,,,,,,,,,,,,,,,,,,,,,,,
31,case_6,2024-04-10 16:54:00.155339,complete,CRP,positive,I,GD,86.0,4505.0,,,,,,,,,,,,,,,,,,,,,,,,
32,case_6,2024-04-10 18:26:29.155339,complete,Admission NC,positive,L,,,,,,,,,,,,,,,,,,,,,,,,,,,
33,case_6,2024-04-10 19:07:43.155339,complete,CRP,positive,I,EC,69.0,4546.0,,,,,,,,,,,,,,,,,,,,,,,,
34,case_6,2024-04-10 19:48:29.155339,complete,CRP,positive,E,MA,63.0,3244.0,,,,,,,,,,,,,,,,,,,,,,,,
35,case_7,2024-04-10 15:49:04.155339,complete,CRP,positive,A,QE,25.0,4614.0,,,,,,,,,,,,,,,,,,,,,,,,
36,case_7,2024-04-10 17:11:29.155339,complete,CRP,positive,L,GE,22.0,4506.0,,,,,,,,,,,,,,,,,,,,,,,,
37,case_7,2024-04-10 18:25:24.155339,complete,Admission NC,positive,J,,,,,,,,,,,,,,,,,,,,,,,,,,,
38,case_7,2024-04-10 18:52:47.155339,complete,CRP,positive,I,HB,31.0,4479.0,,,,,,,,,,,,,,,,,,,,,,,,
39,case_7,2024-04-10 20:02:54.155339,complete,Admission NC,positive,L,,,,,,,,,,,,,,,,,,,,,,,,,,,
40,case_8,2024-04-10 16:29:14.155339,complete,CRP,positive,A,DC,20.0,5728.0,,,,,,,,,,,,,,,,,,,,,,,,
41,case_8,2024-04-10 16:51:48.155339,complete,Leucocytes,positive,J,LD,23.0,,2062.0,,,,,,,,,,,,,,,,,,,,,,,
42,case_8,2024-04-10 18:01:00.155339,complete,Leucocytes,positive,I,HC,22.0,,134.0,,,,,,,,,,,,,,,,,,,,,,,
43,case_8,2024-04-10 19:15:31.155339,complete,Admission NC,positive,?,,,,,,,,,,,,,,,,,,,,,,,,,,,
44,case_8,2024-04-10 19:52:17.155339,complete,CRP,positive,L,EA,25.0,5301.0,,,,,,,,,,,,,,,,,,,,,,,,
45,case_8,2024-04-10 20:56:58.155339,complete,Admission NC,positive,L,,,,,,,,,,,,,,,,,,,,,,,,,,,
46,case_8,2024-04-10 22:25:10.155339,complete,Leucocytes,positive,I,HE,22.0,,141.0,,,,,,,,,,,,,,,,,,,,,,,
47,case_8,2024-04-10 23:20:45.155339,complete,LacticAcid,positive,L,,,,,73.0,,,,,,,,,,,,,,,,,,,,,,
48,case_9,2024-04-10 16:03:25.155339,complete,CRP,positive,L,DC,22.0,5730.0,,,,,,,,,,,,,,,,,,,,,,,,
49,case_9,2024-04-10 17:08:35.155339,complete,Admission NC,positive,L,,,,,,,,,,,,,,,,,,,,,,,,,,,
50,case_9,2024-04-10 17:53:32.155339,complete,Leucocytes,positive,J,HC,20.0,,140.0,,,,,,,,,,,,,,,,,,,,,,,
51,case_9,2024-04-10 18:58:40.155339,complete,CRP,positive,J,VD,20.0,63.0,,,,,,,,,,,,,,,,,,,,,,,,
52,case_9,2024-04-10 20:14:19.155339,complete,Leucocytes,positive,J,DA,22.0,,136.0,,,,,,,,,,,,,,,,,,,,,,,
53,case_9,2024-04-10 21:34:08.155339,complete,CRP,positive,I,HC,20.0,4266.0,,,,,,,,,,,,,,,,,,,,,,,,
54,case_9,2024-04-10 22:01:43.155339,complete,CRP,positive,I,HA,20.0,5633.0,,,,,,,,,,,,,,,,,,,,,,,,
55,case_9,2024-04-10 23:00:49.155339,complete,Admission NC,positive,L,,,,,,,,,,,,,,,,,,,,,,,,,,,
56,case_10,2024-04-10 16:31:25.155339,complete,CRP,positive,E,DC,25.0,5730.0,,,,,,,,,,,,,,,,,,,,,,,,
57,case_10,2024-04-10 17:03:03.155339,complete,CRP,positive,L,TB,20.0,1745.0,,,,,,,,,,,,,,,,,,,,,,,,
58,case_10,2024-04-10 18:14:59.155339,complete,CRP,positive,J,HD,20.0,4963.0,,,,,,,,,,,,,,,,,,,,,,,,
59,case_10,2024-04-10 19:03:44.155339,complete,Admission NC,positive,L,,,,,,,,,,,,,,,,,,,,,,,,,,,
60,case_10,2024-04-10 20:33:14.155339,complete,CRP,positive,L,EB,20.0,4149.0,,,,,,,,,,,,,,,,,,,,,,,,
61,case_10,2024-04-10 20:35:39.155339,complete,Admission NC,positive,L,,,,,,,,,,,,,,,,,,,,,,,,,,,
62,case_10,2024-04-10 22:07:50.155339,complete,CRP,positive,L,HC,20.0,5589.0,,,,,,,,,,,,,,,,,,,,,,,,
63,case_10,2024-04-10 22:35:30.155339,complete,CRP,positive,I,HB,37.0,5001.0,,,,,,,,,,,,,,,,,,,,,,,,
64,case_11,2024-04-10 16:11:02.155339,complete,CRP,positive,L,DC,25.0,5729.0,,,,,,,,,,,,,,,,,,,,,,,,
65,case_11,2024-04-10 17:01:17.155339,complete,CRP,positive,L,LC,20.0,1729.0,,,,,,,,,,,,,,,,,,,,,,,,
66,case_11,2024-04-10 17:58:34.155339,complete,Admission NC,positive,L,,,,,,,,,,,,,,,,,,,,,,,,,,,
67,case_11,2024-04-10 18:46:11.155339,complete,CRP,positive,I,VD,21.0,61.0,,,,,,,,,,,,,,,,,,,,,,,,
68,case_11,2024-04-10 20:13:03.155339,complete,Admission NC,positive,J,,,,,,,,,,,,,,,,,,,,,,,,,,,
69,case_11,2024-04-10 20:39:07.155339,complete,Leucocytes,positive,F,HB,23.0,,132.0,,,,,,,,,,,,,,,,,,,,,,,
70,case_11,2024-04-10 21:39:04.155339,complete,CRP,positive,I,HE,20.0,5582.0,,,,,,,,,,,,,,,,,,,,,,,,
71,case_11,2024-04-10 23:21:13.155339,complete,CRP,positive,L,HC,34.0,5001.0,,,,,,,,,,,,,,,,,,,,,,,,
72,case_12,2024-04-10 15:43:10.155339,complete,CRP,positive,C,DD,21.0,5730.0,,,,,,,,,,,,,,,,,,,,,,,,
73,case_12,2024-04-10 16:40:30.155339,complete,Admission NC,positive,J,,,,,,,,,,,,,,,,,,,,,,,,,,,
74,case_12,2024-04-10 17:42:06.155339,complete,CRP,positive,J,HD,20.0,4962.0,,,,,,,,,,,,,,,,,,,,,,,,
75,case_12,2024-04-10 19:29:04.155339,complete,Leucocytes,positive,I,NA,24.0,,2627.0,,,,,,,,,,,,,,,,,,,,,,,
76,case_12,2024-04-10 20:14:24.155339,complete,CRP,positive,I,MD,90.0,4213.0,,,,,,,,,,,,,,,,,,,,,,,,
77,case_12,2024-04-10 20:53:12.155339,complete,Admission NC,positive,C,,,,,,,,,,,,,,,,,,,,,,,,,,,
78,case_12,2024-04-10 21:50:16.155339,complete,Leucocytes,positive,J,HC,21.0,,139.0,,,,,,,,,,,,,,,,,,,,,,,
79,case_12,2024-04-10 22:36:55.155339,complete,Leucocytes,positive,L,HD,34.0,,3.0,,,,,,,,,,,,,,,,,,,,,,,
80,case_13,2024-04-10 15:39:01.155339,complete,Admission NC,positive,F,,,,,,,,,,,,,,,,,,,,,,,,,,,
81,case_13,2024-04-10 17:25:12.155339,complete,CRP,positive,L,LC,20.0,1247.0,,,,,,,,,,,,,,,,,,,,,,,,
82,case_13,2024-04-10 18:16:54.155339,complete,CRP,positive,I,HC,20.0,4963.0,,,,,,,,,,,,,,,,,,,,,,,,
83,case_13,2024-04-10 19:02:08.155339,complete,CRP,positive,I,VD,24.0,53.0,,,,,,,,,,,,,,,,,,,,,,,,
84,case_13,2024-04-10 20:16:55.155339,complete,Leucocytes,positive,I,EB,21.0,,2603.0,,,,,,,,,,,,,,,,,,,,,,,
85,case_13,2024-04-10 21:27:12.155339,complete,Admission NC,positive,?,,,,,,,,,,,,,,,,,,,,,,,,,,,
86,case_13,2024-04-10 21:37:35.155339,complete,CRP,positive,L,HE,21.0,5610.0,,,,,,,,,,,,,,,,,,,,,,,,
87,case_13,2024-04-10 23:26:20.155339,complete,CRP,positive,J,HC,34.0,51.0,,,,,,,,,,,,,,,,,,,,,,,,
88,case_14,2024-04-10 16:12:47.155339,complete,Admission NC,positive,F,,,,,,,,,,,,,,,,,,,,,,,,,,,
89,case_14,2024-04-10 16:59:55.155339,complete,CRP,positive,L,FB,21.0,5730.0,,,,,,,,,,,,,,,,,,,,,,,,
90,case_14,2024-04-10 18:31:10.155339,complete,Admission NC,positive,L,,,,,,,,,,,,,,,,,,,,,,,,,,,
91,case_14,2024-04-10 18:58:06.155339,complete,CRP,positive,I,HA,20.0,2810.0,,,,,,,,,,,,,,,,,,,,,,,,
92,case_14,2024-04-10 20:23:06.155339,complete,CRP,positive,J,HC,24.0,5273.0,,,,,,,,,,,,,,,,,,,,,,,,
93,case_14,2024-04-10 21:04:11.155339,complete,CRP,positive,E,HE,38.0,2775.0,,,,,,,,,,,,,,,,,,,,,,,,
94,case_15,2024-04-10 15:45:19.155339,complete,Leucocytes,positive,E,WC,24.0,,334.0,,,,,,,,,,,,,,,,,,,,,,,
95,case_15,2024-04-10 17:07:56.155339,complete,CRP,positive,J,KD,21.0,5730.0,,,,,,,,,,,,,,,,,,,,,,,,
96,case_15,2024-04-10 17:52:52.155339,complete,Admission NC,positive,?,,,,,,,,,,,,,,,,,,,,,,,,,,,
97,case_15,2024-04-10 19:28:36.155339,complete,Admission NC,positive,L,,,,,,,,,,,,,,,,,,,,,,,,,,,
98,case_15,2024-04-10 19:59:32.155339,complete,CRP,positive,I,HE,20.0,5689.0,,,,,,,,,,,,,,,,,,,,,,,,
99,case_15,2024-04-10 21:34:55.155339,complete,Leucocytes,positive,L,HC,20.0,,139.0,,,,,,,,,,,,,,,,,,,,,,,
100,case_16,2024-04-10 16:25:25.155339,complete,CRP,positive,E,WC,57.0,5192.0,,,,,,,,,,,,,,,,,,,,,,,,
101,case_16,2024-04-10 17:01:51.155339,complete,Admission NC,positive,L,,,,,,,,,,,,,,,,,,,,,,,,,,,
102,case_16,2024-04-10 18:17:41.155339,complete,Admission NC,positive,C,,,,,,,,,,,,,,,,,,,,,,,,,,,
103,case_16,2024-04-10 19:12:26.155339,complete,CRP,positive,L,HA,89.0,52.0,,,,,,,,,,,,,,,,,,,,,,,,
104,case_16,2024-04-10 19:44:51.155339,complete,CRP,positive,I,HE,21.0,4921.0,,,,,,,,,,,,,,,,,,,,,,,,
105,case_16,2024-04-10 21:04:50.155339,complete,CRP,positive,L,HB,21.0,5677.0,,,,,,,,,,,,,,,,,,,,,,,,
106,case_17,2024-04-10 15:56:25.155339,complete,Leucocytes,positive,E,Q,24.0,,333.0,,,,,,,,,,,,,,,,,,,,,,,
107,case_17,2024-04-10 17:07:46.155339,complete,Admission NC,positive,J,,,,,,,,,,,,,,,,,,,,,,,,,,,
108,case_17,2024-04-10 17:37:28.155339,complete,Admission NC,positive,J,,,,,,,,,,,,,,,,,,,,,,,,,,,
109,case_17,2024-04-10 19:23:38.155339,complete,CRP,positive,C,PE,22.0,2822.0,,,,,,,,,,,,,,,,,,,,,,,,
110,case_17,2024-04-10 20:34:09.155339,complete,CRP,positive,L,HE,20.0,4695.0,,,,,,,,,,,,,,,,,,,,,,,,
111,case_17,2024-04-10 20:38:34.155339,complete,Leucocytes,positive,L,HC,20.0,,139.0,,,,,,,,,,,,,,,,,,,,,,,
112,case_18,2024-04-10 16:24:31.155339,complete,CRP,positive,A,Q,22.0,5730.0,,,,,,,,,,,,,,,,,,,,,,,,
113,case_18,2024-04-10 16:50:01.155339,complete,CRP,positive,L,N,23.0,2985.0,,,,,,,,,,,,,,,,,,,,,,,,
114,case_18,2024-04-10 18:33:43.155339,complete,Leucocytes,positive,K,LB,20.0,,137.0,,,,,,,,,,,,,,,,,,,,,,,
115,case_18,2024-04-10 19:32:38.155339,complete,CRP,positive,L,HE,20.0,3372.0,,,,,,,,,,,,,,,,,,,,,,,,
116,case_18,2024-04-10 20:07:06.155339,complete,CRP,positive,J,UA,22.0,1677.0,,,,,,,,,,,,,,,,,,,,,,,,
117,case_18,2024-04-10 21:30:18.155339,complete,Leucocytes,positive,J,PD,21.0,,137.0,,,,,,,,,,,,,,,,,,,,,,,
118,case_18,2024-04-10 22:30:15.155339,complete,CRP,positive,I,HD,22.0,234.0,,,,,,,,,,,,,,,,,,,,,,,,
119,case_18,2024-04-10 23:11:10.155339,complete,Admission NC,positive,L,,,,,,,,,,,,,,,,,,,,,,,,,,,
120,case_18,2024-04-10 23:35:56.155339,complete,Leucocytes,positive,I,HE,25.0,,142.0,,,,,,,,,,,,,,,,,,,,,,,
121,case_18,2024-04-11 00:36:18.155339,complete,Admission NC,positive,L,,,,,,,,,,,,,,,,,,,,,,,,,,,
122,case_19,2024-04-10 15:52:40.155339,complete,CRP,positive,L,Q,22.0,5730.0,,,,,,,,,,,,,,,,,,,,,,,,
123,case_19,2024-04-10 17:07:37.155339,complete,CRP,positive,K,HE,25.0,2849.0,,,,,,,,,,,,,,,,,,,,,,,,
124,case_19,2024-04-10 18:10:03.155339,complete,CRP,positive,I,CE,21.0,5730.0,,,,,,,,,,,,,,,,,,,,,,,,
125,case_19,2024-04-10 19:25:35.155339,complete,CRP,positive,L,CE,24.0,3372.0,,,,,,,,,,,,,,,,,,,,,,,,
126,case_19,2024-04-10 20:12:56.155339,complete,Admission NC,positive,E,,,,,,,,,,,,,,,,,,,,,,,,,,,
127,case_19,2024-04-10 21:32:40.155339,complete,CRP,positive,I,OD,22.0,5470.0,,,,,,,,,,,,,,,,,,,,,,,,
128,case_19,2024-04-10 21:50:44.155339,complete,Leucocytes,positive,I,HE,20.0,,137.0,,,,,,,,,,,,,,,,,,,,,,,
129,case_19,2024-04-10 22:59:20.155339,complete,Admission NC,positive,L,,,,,,,,,,,,,,,,,,,,,,,,,,,
130,case_19,2024-04-10 23:37:29.155339,complete,CRP,positive,I,HD,20.0,5589.0,,,,,,,,,,,,,,,,,,,,,,,,
131,case_19,2024-04-11 00:57:56.155339,complete,CRP,positive,E,HD,23.0,5724.0,,,,,,,,,,,,,,,,,,,,,,,,
132,case_20,2024-04-10 16:19:17.155339,complete,LacticAcid,positive,J,,,,,23.0,,,,,,,,,,,,,,,,,,,,,,
133,case_20,2024-04-10 17:08:49.155339,complete,Admission NC,positive,L,,,,,,,,,,,,,,,,,,,,,,,,,,,
134,case_20,2024-04-10 18:29:16.155339,complete,ER Registration,positive,I,LB,21.0,,,,false,true,false,false,false,false,false,true,false,true,false,true,true,true,false,false,false,false,true,false,false,true
135,case_20,2024-04-10 18:45:27.155339,complete,CRP,positive,L,CE,21.0,3373.0,,,,,,,,,,,,,,,,,,,,,,,,
136,case_20,2024-04-10 19:51:17.155339,complete,CRP,positive,J,DA,21.0,1677.0,,,,,,,,,,,,,,,,,,,,,,,,
137,case_20,2024-04-10 20:46:03.155339,complete,Leucocytes,positive,L,HA,22.0,,136.0,,,,,,,,,,,,,,,,,,,,,,,
138,case_20,2024-04-10 22:04:50.155339,complete,CRP,positive,I,HC,24.0,1798.0,,,,,,,,,,,,,,,,,,,,,,,,
139,case_20,2024-04-10 23:12:11.155339,complete,Admission NC,positive,J,,,,,,,,,,,,,,,,,,,,,,,,,,,
140,case_20,2024-04-11 00:07:54.155339,complete,CRP,positive,I,HD,20.0,5417.0,,,,,,,,,,,,,,,,,,,,,,,,
141,case_20,2024-04-11 01:15:18.155339,complete,CRP,positive,C,HC,21.0,3538.0,,,,,,,,,,,,,,,,,,,,,,,,
142,case_21,2024-04-10 16:34:03.155339,complete,CRP,positive,L,WC,57.0,5730.0,,,,,,,,,,,,,,,,,,,,,,,,
143,case_21,2024-04-10 17:04:33.155339,complete,CRP,positive,A,HC,21.0,3003.0,,,,,,,,,,,,,,,,,,,,,,,,
144,case_21,2024-04-10 17:46:27.155339,complete,CRP,positive,J,CB,21.0,5730.0,,,,,,,,,,,,,,,,,,,,,,,,
145,case_21,2024-04-10 19:00:09.155339,complete,CRP,positive,I,CE,21.0,3373.0,,,,,,,,,,,,,,,,,,,,,,,,
146,case_21,2024-04-10 20:31:14.155339,complete,CRP,positive,I,DE,22.0,1677.0,,,,,,,,,,,,,,,,,,,,,,,,
147,case_21,2024-04-10 20:52:44.155339,complete,Admission NC,positive,L,,,,,,,,,,,,,,,,,,,,,,,,,,,
148,case_21,2024-04-10 21:58:35.155339,complete,Admission NC,positive,L,,,,,,,,,,,,,,,,,,,,,,,,,,,
149,case_21,2024-04-10 23:25:44.155339,complete,Leucocytes,positive,J,GE,21.0,,3162.0,,,,,,,,,,,,,,,,,,,,,,,
150,case_21,2024-04-10 23:48:02.155339,complete,CRP,positive,L,HE,20.0,5645.0,,,,,,,,,,,,,,,,,,,,,,,,
151,case_21,2024-04-11 01:35:03.155339,complete,CRP,positive,L,HE,21.0,3501.0,,,,,,,,,,,,,,,,,,,,,,,,
152,case_22,2024-04-10 16:18:43.155339,complete,Admission NC,positive,J,,,,,,,,,,,,,,,,,,,,,,,,,,,
153,case_22,2024-04-10 16:52:08.155339,complete,CRP,positive,I,HA,21.0,3003.0,,,,,,,,,,,,,,,,,,,,,,,,
154,case_22,2024-04-10 17:41:46.155339,complete,CRP,positive,I,CB,21.0,5730.0,,,,,,,,,,,,,,,,,,,,,,,,
155,case_22,2024-04-10 19:05:41.155339,complete,CRP,positive,E,TA,89.0,3373.0,,,,,,,,,,,,,,,,,,,,,,,,
156,case_22,2024-04-10 19:56:29.155339,complete,CRP,positive,I,UA,20.0,1679.0,,,,,,,,,,,,,,,,,,,,,,,,
157,case_22,2024-04-10 21:28:08.155339,complete,LacticAcid,positive,I,,,,,21.0,,,,,,,,,,,,,,,,,,,,,,
158,case_22,2024-04-10 22:14:15.155339,complete,Admission NC,positive,L,,,,,,,,,,,,,,,,,,,,,,,,,,,
159,case_22,2024-04-10 22:54:32.155339,complete,ER Registration,positive,I,XB,20.0,,,,true,true,false,false,false,true,false,false,false,true,false,true,true,false,true,false,false,true,false,false,false,true
160,case_22,2024-04-10 23:44:19.155339,complete,CRP,positive,J,HB,20.0,5709.0,,,,,,,,,,,,,,,,,,,,,,,,
161,case_22,2024-04-11 01:03:31.155339,complete,LacticAcid,positive,L,,,,,53.0,,,,,,,,,,,,,,,,,,,,,,
162,case_23,2024-04-10 16:30:16.155339,complete,CRP,positive,L,Q,21.0,5730.0,,,,,,,,,,,,,,,,,,,,,,,,
163,case_23,2024-04-10 17:17:06.155339,complete,CRP,positive,E,HE,22.0,2985.0,,,,,,,,,,,,,,,,,,,,,,,,
164,case_23,2024-04-10 18:05:56.155339,complete,CRP,positive,E,CB,22.0,5729.0,,,,,,,,,,,,,,,,,,,,,,,,
165,case_23,2024-04-10 19:05:48.155339,complete,CRP,positive,J,TB,23.0,3373.0,,,,,,,,,,,,,,,,,,,,,,,,
166,case_23,2024-04-10 19:41:28.155339,complete,Admission NC,positive,L,,,,,,,,,,,,,,,,,,,,,,,,,,,
167,case_23,2024-04-10 21:01:37.155339,complete,Leucocytes,positive,I,PD,20.0,,133.0,,,,,,,,,,,,,,,,,,,,,,,
168,case_23,2024-04-10 22:28:46.155339,complete,CRP,positive,L,HE,22.0,1799.0,,,,,,,,,,,,,,,,,,,,,,,,
169,case_23,2024-04-10 23:00:01.155339,complete,Leucocytes,positive,I,GD,25.0,,3157.0,,,,,,,,,,,,,,,,,,,,,,,
170,case_23,2024-04-10 23:41:54.155339,complete,Admission NC,positive,J,,,,,,,,,,,,,,,,,,,,,,,,,,,
171,case_23,2024-04-11 01:10:23.155339,complete,Leucocytes,positive,E,HD,22.0,,137.0,,,,,,,,,,,,,,,,,,,,,,,
172,case_24,2024-04-10 16:08:28.155339,complete,CRP,positive,L,CA,21.0,5730.0,,,,,,,,,,,,,,,,,,,,,,,,
173,case_24,2024-04-10 16:36:27.155339,complete,Admission NC,positive,J,,,,,,,,,,,,,,,,,,,,,,,,,,,
174,case_24,2024-04-10 18:24:44.155339,complete,CRP,positive,J,IE,90.0,5730.0,,,,,,,,,,,,,,,,,,,,,,,,
175,case_24,2024-04-10 19:20:06.155339,complete,Leucocytes,positive,J,UB,20.0,,2334.0,,,,,,,,,,,,,,,,,,,,,,,
176,case_24,2024-04-10 20:00:59.155339,complete,Admission NC,positive,J,,,,,,,,,,,,,,,,,,,,,,,,,,,
177,case_24,2024-04-10 20:57:03.155339,complete,Leucocytes,positive,I,YA,21.0,,707.0,,,,,,,,,,,,,,,,,,,,,,,
178,case_24,2024-04-10 22:28:12.155339,complete,Leucocytes,positive,L,HE,20.0,,137.0,,,,,,,,,,,,,,,,,,,,,,,
179,case_24,2024-04-10 22:38:07.155339,complete,CRP,positive,I,HD,25.0,1413.0,,,,,,,,,,,,,,,,,,,,,,,,
180,case_24,2024-04-11 00:32:30.155339,complete,Leucocytes,positive,L,HD,21.0,,136.0,,,,,,,,,,,,,,,,,,,,,,,
181,case_25,2024-04-10 16:03:50.155339,complete,LacticAcid,positive,J,,,,,11.0,,,,,,,,,,,,,,,,,,,,,,
182,case_25,2024-04-10 17:16:39.155339,complete,CRP,positive,J,X,22.0,2088.0,,,,,,,,,,,,,,,,,,,,,,,,
183,case_25,2024-04-10 17:58:40.155339,complete,CRP,positive,I,AD,20.0,5729.0,,,,,,,,,,,,,,,,,,,,,,,,
184,case_25,2024-04-10 18:59:55.155339,complete,Leucocytes,positive,K,UD,20.0,,137.0,,,,,,,,,,,,,,,,,,,,,,,
185,case_25,2024-04-10 20:07:57.155339,complete,CRP,positive,?,HA,21.0,4770.0,,,,,,,,,,,,,,,,,,,,,,,,
186,case_25,2024-04-10 21:33:48.155339,complete,Admission NC,positive,L,,,,,,,,,,,,,,,,,,,,,,,,,,,
187,case_25,2024-04-10 21:44:32.155339,complete,Admission NC,positive,?,,,,,,,,,,,,,,,,,,,,,,,,,,,
188,case_25,2024-04-10 23:02:05.155339,complete,Leucocytes,positive,L,HC,21.0,,136.0,,,,,,,,,,,,,,,,,,,,,,,
189,case_25,2024-04-11 00:01:16.155339,complete,Leucocytes,positive,E,HD,22.0,,137.0,,,,,,,,,,,,,,,,,,,,,,,
190,case_26,2024-04-10 15:38:03.155339,complete,LacticAcid,positive,J,,,,,12.0,,,,,,,,,,,,,,,,,,,,,,
191,case_26,2024-04-10 16:43:10.155339,complete,Admission NC,positive,J,,,,,,,,,,,,,,,,,,,,,,,,,,,
192,case_26,2024-04-10 18:27:43.155339,complete,CRP,positive,I,ID,21.0,5730.0,,,,,,,,,,,,,,,,,,,,,,,,
193,case_26,2024-04-10 19:18:39.155339,complete,CRP,positive,J,UC,89.0,1328.0,,,,,,,,,,,,,,,,,,,,,,,,
194,case_26,2024-04-10 19:49:15.155339,complete,LacticAcid,positive,I,,,,,4.0,,,,,,,,,,,,,,,,,,,,,,
195,case_26,2024-04-10 21:11:31.155339,complete,Leucocytes,positive,J,YA,21.0,,963.0,,,,,,,,,,,,,,,,,,,,,,,
196,case_26,2024-04-10 21:38:07.155339,complete,Admission NC,positive,L,,,,,,,,,,,,,,,,,,,,,,,,,,,
197,case_26,2024-04-10 22:35:54.155339,complete,ER Registration,positive,J,HD,22.0,,,,true,true,false,false,false,false,true,false,false,true,true,true,false,true,false,false,true,false,false,false,false,true
198,case_26,2024-04-11 00:33:36.155339,complete,LacticAcid,positive,L,,,,,145.0,,,,,,,,,,,,,,,,,,,,,,
199,case_27,2024-04-10 16:32:02.155339,complete,Admission NC,positive,G,,,,,,,,,,,,,,,,,,,,,,,,,,,
200,case_27,2024-04-10 16:53:10.155339,complete,CRP,positive,L,GE,20.0,364.0,,,,,,,,,,,,,,,,,,,,,,,,
201,case_27,2024-04-10 17:43:15.155339,complete,CRP,positive,I,HE,21.0,2917.0,,,,,,,,,,,,,,,,,,,,,,,,
202,case_27,2024-04-10 18:41:03.155339,complete,Leucocytes,positive,J,OC,20.0,,137.0,,,,,,,,,,,,,,,,,,,,,,,
203,case_27,2024-04-10 20:05:15.155339,complete,Leucocytes,positive,I,HC,20.0,,146.0,,,,,,,,,,,,,,,,,,,,,,,
204,case_27,2024-04-10 21:27:52.155339,complete,Admission NC,positive,L,,,,,,,,,,,,,,,,,,,,,,,,,,,
205,case_27,2024-04-10 21:52:35.155339,complete,Leucocytes,positive,L,HE,24.0,,138.0,,,,,,,,,,,,,,,,,,,,,,,
206,case_28,2024-04-10 15:35:40.155339,complete,Admission NC,positive,J,,,,,,,,,,,,,,,,,,,,,,,,,,,
207,case_28,2024-04-10 17:00:44.155339,complete,LacticAcid,positive,L,,,,,17.0,,,,,,,,,,,,,,,,,,,,,,
208,case_28,2024-04-10 17:42:12.155339,complete,CRP,positive,J,PE,20.0,2917.0,,,,,,,,,,,,,,,,,,,,,,,,
209,case_28,2024-04-10 19:10:25.155339,complete,CRP,positive,I,OC,20.0,935.0,,,,,,,,,,,,,,,,,,,,,,,,
210,case_28,2024-04-10 20:34:47.155339,complete,CRP,positive,L,PE,22.0,4680.0,,,,,,,,,,,,,,,,,,,,,,,,
211,case_28,2024-04-10 21:29:14.155339,complete,CRP,positive,C,HE,20.0,5337.0,,,,,,,,,,,,,,,,,,,,,,,,
212,case_28,2024-04-10 22:27:06.155339,complete,Admission NC,positive,L,,,,,,,,,,,,,,,,,,,,,,,,,,,
213,case_29,2024-04-10 16:10:42.155339,complete,Admission NC,positive,F,,,,,,,,,,,,,,,,,,,,,,,,,,,
214,case_29,2024-04-10 16:40:12.155339,complete,Leucocytes,positive,J,XD,21.0,,135.0,,,,,,,,,,,,,,,,,,,,,,,
215,case_29,2024-04-10 18:22:20.155339,complete,Leucocytes,positive,I,HE,20.0,,134.0,,,,,,,,,,,,,,,,,,,,,,,
216,case_29,2024-04-10 19:22:08.155339,complete,CRP,positive,L,HD,20.0,934.0,,,,,,,,,,,,,,,,,,,,,,,,
217,case_29,2024-04-10 19:52:07.155339,complete,CRP,positive,I,HC,20.0,4680.0,,,,,,,,,,,,,,,,,,,,,,,,
218,case_29,2024-04-10 21:01:31.155339,complete,Leucocytes,positive,J,HE,24.0,,140.0,,,,,,,,,,,,,,,,,,,,,,,
219,case_29,2024-04-10 22:03:55.155339,complete,Admission NC,positive,J,,,,,,,,,,,,,,,,,,,,,,,,,,,
