,case:concept:name,time:timestamp,lifecycle:transition,concept:name,case:label,org:group,Diagnose,Age,CRP,InfectionSuspected,DiagnosticBlood,DisfuncOrg,SIRSCritTachypnea,Hypotensie,SIRSCritHeartRate,Infusion,DiagnosticArtAstrup,DiagnosticIC,DiagnosticSputum,DiagnosticLiquor,DiagnosticOther,SIRSCriteria2OrMore,DiagnosticXthorax,SIRSCritTemperature,DiagnosticUrinaryCulture,SIRSCritLeucos,Oligurie,DiagnosticLacticAcid,Hypoxie,DiagnosticUrinarySediment,DiagnosticECG,LacticAcid,Leucocytes
0,case_0,2024-04-10 16:30:20.324527,complete,Admission NC,positive,J,,,,,,,,,,,,,,,,,,,,,,,,,,,
1,case_0,2024-04-10 16:59:21.324527,complete,Admission NC,positive,J,,,,,,,,,,,,,,,,,,,,,,,,,,,
2,case_0,2024-04-10 18:06:47.324527,complete,Admission IC,positive,J,,,,,,,,,,,,,,,,,,,,,,,,,,,
3,case_0,2024-04-10 19:15:18.324527,complete,Admission NC,positive,J,,,,,,,,,,,,,,,,,,,,,,,,,,,
4,case_0,2024-04-10 20:24:21.324527,complete,IV Antibiotics,positive,L,,,,,,,,,,,,,,,,,,,,,,,,,,,
5,case_0,2024-04-10 20:42:34.324527,complete,Release B,positive,E,,,,,,,,,,,,,,,,,,,,,,,,,,,
6,case_1,2024-04-10 16:12:42.324527,complete,Release B,positive,E,,,,,,,,,,,,,,,,,,,,,,,,,,,
7,case_1,2024-04-10 17:23:12.324527,complete,Admission NC,positive,K,,,,,,,,,,,,,,,,,,,,,,,,,,,
8,case_1,2024-04-10 17:49:31.324527,complete,Release B,positive,E,,,,,,,,,,,,,,,,,,,,,,,,,,,
9,case_1,2024-04-10 19:17:38.324527,complete,Admission NC,positive,K,,,,,,,,,,,,,,,,,,,,,,,,,,,
10,case_1,2024-04-10 20:01:05.324527,complete,Release B,positive,E,,,,,,,,,,,,,,,,,,,,,,,,,,,
11,case_1,2024-04-10 20:48:53.324527,complete,CRP,positive,Y,J,48.0,2820.0,,,,,,,,,,,,,,,,,,,,,,,,
12,case_2,2024-04-10 15:45:47.324527,complete,CRP,positive,L,WC,20.0,5188.0,,,,,,,,,,,,,,,,,,,,,,,,
13,case_2,2024-04-10 16:43:54.324527,complete,IV Antibiotics,positive,L,,,,,,,,,,,,,,,,,,,,,,,,,,,
14,case_2,2024-04-10 17:40:10.324527,complete,Admission NC,positive,J,,,,,,,,,,,,,,,,,,,,,,,,,,,
15,case_2,2024-04-10 18:59:35.324527,complete,Admission NC,positive,J,,,,,,,,,,,,,,,,,,,,,,,,,,,
16,case_2,2024-04-10 20:35:01.324527,complete,Admission NC,positive,J,,,,,,,,,,,,,,,,,,,,,,,,,,,
17,case_2,2024-04-10 21:34:20.324527,complete,Admission NC,positive,J,,,,,,,,,,,,,,,,,,,,,,,,,,,
18,case_3,2024-04-10 16:07:33.324527,complete,Admission NC,positive,J,,,,,,,,,,,,,,,,,,,,,,,,,,,
19,case_3,2024-04-10 16:38:51.324527,complete,Admission NC,positive,Y,,,,,,,,,,,,,,,,,,,,,,,,,,,
20,case_3,2024-04-10 18:07:35.324527,complete,Release B,positive,E,,,,,,,,,,,,,,,,,,,,,,,,,,,
21,case_3,2024-04-10 18:58:15.324527,complete,Admission NC,positive,K,,,,,,,,,,,,,,,,,,,,,,,,,,,
22,case_3,2024-04-10 20:10:02.324527,complete,Release B,positive,E,,,,,,,,,,,,,,,,,,,,,,,,,,,
23,case_3,2024-04-10 21:22:33.324527,complete,Admission NC,positive,K,,,,,,,,,,,,,,,,,,,,,,,,,,,
24,case_3,2024-04-10 21:53:05.324527,complete,Release B,positive,E,,,,,,,,,,,,,,,,,,,,,,,,,,,
25,case_3,2024-04-10 22:43:52.324527,complete,Admission NC,positive,K,,,,,,,,,,,,,,,,,,,,,,,,,,,
26,case_3,2024-04-10 23:51:43.324527,complete,Release B,positive,E,,,,,,,,,,,,,,,,,,,,,,,,,,,
27,case_3,2024-04-11 01:24:07.324527,complete,ER Registration,positive,Y,DE,90.0,,false,false,true,false,true,false,false,true,false,false,true,false,false,false,false,false,true,true,false,false,false,false,,
28,case_4,2024-04-10 16:35:51.324527,complete,Admission NC,positive,J,,,,,,,,,,,,,,,,,,,,,,,,,,,
29,case_4,2024-04-10 16:38:23.324527,complete,Admission NC,positive,Y,,,,,,,,,,,,,,,,,,,,,,,,,,,
30,case_4,2024-04-10 18:05:25.324527,complete,IV Antibiotics,positive,L,,,,,,,,,,,,,,,,,,,,,,,,,,,
31,case_4,2024-04-10 19:33:49.324527,complete,IV Antibiotics,positive,L,,,,,,,,,,,,,,,,,,,,,,,,,,,
32,case_4,2024-04-10 20:19:16.324527,complete,CRP,positive,Y,HE,90.0,1905.0,,,,,,,,,,,,,,,,,,,,,,,,
33,case_4,2024-04-10 20:56:32.324527,complete,IV Antibiotics,positive,L,,,,,,,,,,,,,,,,,,,,,,,,,,,
34,case_4,2024-04-10 22:01:35.324527,complete,IV Antibiotics,positive,L,,,,,,,,,,,,,,,,,,,,,,,,,,,
35,case_4,2024-04-10 23:05:18.324527,complete,IV Antibiotics,positive,L,,,,,,,,,,,,,,,,,,,,,,,,,,,
36,case_4,2024-04-11 00:17:29.324527,complete,IV Antibiotics,positive,L,,,,,,,,,,,,,,,,,,,,,,,,,,,
37,case_4,2024-04-11 00:57:15.324527,complete,ER Registration,positive,T,WB,36.0,,false,false,true,false,true,false,false,true,false,false,true,false,false,false,false,false,true,true,false,false,false,false,,
38,case_5,2024-04-10 15:51:04.324527,complete,LacticAcid,positive,Y,,,,,,,,,,,,,,,,,,,,,,,,,,149.0,
39,case_5,2024-04-10 17:02:30.324527,complete,ER Sepsis Triage,positive,B,HE,90.0,,,,,,,,,,,,,,,,,,,,,,,,,
40,case_5,2024-04-10 18:29:36.324527,complete,ER Triage,positive,C,WA,89.0,,,,,,,,,,,,,,,,,,,,,,,,,
41,case_5,2024-04-10 19:27:24.324527,complete,Release B,positive,E,,,,,,,,,,,,,,,,,,,,,,,,,,,
42,case_5,2024-04-10 20:13:10.324527,complete,ER Triage,positive,C,MB,59.0,,,,,,,,,,,,,,,,,,,,,,,,,
43,case_5,2024-04-10 20:46:23.324527,complete,Admission NC,positive,J,,,,,,,,,,,,,,,,,,,,,,,,,,,
44,case_5,2024-04-10 22:36:16.324527,complete,Admission IC,positive,J,,,,,,,,,,,,,,,,,,,,,,,,,,,
45,case_5,2024-04-10 23:28:11.324527,complete,Admission NC,positive,J,,,,,,,,,,,,,,,,,,,,,,,,,,,
46,case_6,2024-04-10 16:21:14.324527,complete,LacticAcid,positive,Y,,,,,,,,,,,,,,,,,,,,,,,,,,149.0,
47,case_6,2024-04-10 17:23:19.324527,complete,Release A,positive,B,,,,,,,,,,,,,,,,,,,,,,,,,,,
48,case_6,2024-04-10 18:34:24.324527,complete,Admission NC,positive,Y,,,,,,,,,,,,,,,,,,,,,,,,,,,
49,case_6,2024-04-10 18:54:48.324527,complete,Admission NC,positive,R,,,,,,,,,,,,,,,,,,,,,,,,,,,
50,case_6,2024-04-10 20:17:03.324527,complete,ER Registration,positive,A,ZA,90.0,,false,false,true,false,true,false,false,true,false,false,true,true,false,false,false,false,true,true,false,true,false,false,,
51,case_6,2024-04-10 20:40:04.324527,complete,LacticAcid,positive,H,,,,,,,,,,,,,,,,,,,,,,,,,,125.0,
52,case_6,2024-04-10 21:52:05.324527,complete,Release A,positive,Y,,,,,,,,,,,,,,,,,,,,,,,,,,,
53,case_6,2024-04-10 22:59:44.324527,complete,LacticAcid,positive,B,,,,,,,,,,,,,,,,,,,,,,,,,,117.0,
54,case_7,2024-04-10 15:54:22.324527,complete,LacticAcid,positive,Y,,,,,,,,,,,,,,,,,,,,,,,,,,149.0,
55,case_7,2024-04-10 16:38:06.324527,complete,Release A,positive,B,,,,,,,,,,,,,,,,,,,,,,,,,,,
56,case_7,2024-04-10 17:43:16.324527,complete,Admission NC,positive,Y,,,,,,,,,,,,,,,,,,,,,,,,,,,
57,case_7,2024-04-10 19:21:07.324527,complete,Release A,positive,Y,,,,,,,,,,,,,,,,,,,,,,,,,,,
58,case_7,2024-04-10 20:15:21.324527,complete,Admission NC,positive,J,,,,,,,,,,,,,,,,,,,,,,,,,,,
59,case_7,2024-04-10 21:13:57.324527,complete,ER Triage,positive,X,NA,90.0,,,,,,,,,,,,,,,,,,,,,,,,,
60,case_7,2024-04-10 22:27:44.324527,complete,Admission NC,positive,F,,,,,,,,,,,,,,,,,,,,,,,,,,,
61,case_7,2024-04-10 23:36:02.324527,complete,Admission NC,positive,A,,,,,,,,,,,,,,,,,,,,,,,,,,,
62,case_8,2024-04-10 16:21:40.324527,complete,LacticAcid,positive,Y,,,,,,,,,,,,,,,,,,,,,,,,,,149.0,
63,case_8,2024-04-10 16:48:28.324527,complete,LacticAcid,positive,B,,,,,,,,,,,,,,,,,,,,,,,,,,149.0,
64,case_8,2024-04-10 18:36:53.324527,complete,Admission NC,positive,F,,,,,,,,,,,,,,,,,,,,,,,,,,,
65,case_8,2024-04-10 19:24:04.324527,complete,Admission NC,positive,X,,,,,,,,,,,,,,,,,,,,,,,,,,,
66,case_8,2024-04-10 20:08:41.324527,complete,ER Registration,positive,U,ME,90.0,,false,false,true,false,true,false,false,true,false,false,true,true,false,false,false,false,true,true,false,true,false,false,,
67,case_8,2024-04-10 21:10:06.324527,complete,LacticAcid,positive,P,,,,,,,,,,,,,,,,,,,,,,,,,,109.0,
68,case_8,2024-04-10 22:36:02.324527,complete,ER Registration,positive,A,WD,54.0,,false,false,true,false,true,false,false,true,false,false,true,true,false,false,false,false,true,true,false,true,false,false,,
69,case_8,2024-04-10 22:52:58.324527,complete,LacticAcid,positive,A,,,,,,,,,,,,,,,,,,,,,,,,,,149.0,
70,case_9,2024-04-10 15:52:53.324527,complete,LacticAcid,positive,Y,,,,,,,,,,,,,,,,,,,,,,,,,,149.0,
71,case_9,2024-04-10 16:59:05.324527,complete,Release A,positive,B,,,,,,,,,,,,,,,,,,,,,,,,,,,
72,case_9,2024-04-10 18:27:52.324527,complete,ER Triage,positive,C,HD,89.0,,,,,,,,,,,,,,,,,,,,,,,,,
73,case_9,2024-04-10 18:45:20.324527,complete,Admission NC,positive,F,,,,,,,,,,,,,,,,,,,,,,,,,,,
74,case_9,2024-04-10 20:17:53.324527,complete,ER Registration,positive,W,MD,90.0,,false,false,true,false,true,false,false,true,false,false,true,true,false,false,false,false,true,true,false,true,false,false,,
75,case_9,2024-04-10 21:04:00.324527,complete,LacticAcid,positive,B,,,,,,,,,,,,,,,,,,,,,,,,,,129.0,
76,case_9,2024-04-10 22:06:40.324527,complete,ER Triage,positive,C,VA,55.0,,,,,,,,,,,,,,,,,,,,,,,,,
77,case_9,2024-04-10 23:07:16.324527,complete,Admission NC,positive,F,,,,,,,,,,,,,,,,,,,,,,,,,,,
78,case_10,2024-04-10 16:16:19.324527,complete,CRP,positive,Y,HE,90.0,4949.0,,,,,,,,,,,,,,,,,,,,,,,,
79,case_10,2024-04-10 17:29:37.324527,complete,Release B,positive,E,,,,,,,,,,,,,,,,,,,,,,,,,,,
80,case_10,2024-04-10 17:56:01.324527,complete,Admission NC,positive,K,,,,,,,,,,,,,,,,,,,,,,,,,,,
81,case_10,2024-04-10 18:46:51.324527,complete,Release B,positive,E,,,,,,,,,,,,,,,,,,,,,,,,,,,
82,case_10,2024-04-10 20:03:37.324527,complete,Admission NC,positive,K,,,,,,,,,,,,,,,,,,,,,,,,,,,
83,case_10,2024-04-10 21:32:19.324527,complete,Release B,positive,E,,,,,,,,,,,,,,,,,,,,,,,,,,,
84,case_10,2024-04-10 21:49:31.324527,complete,Admission NC,positive,K,,,,,,,,,,,,,,,,,,,,,,,,,,,
85,case_10,2024-04-10 23:15:45.324527,complete,Release B,positive,E,,,,,,,,,,,,,,,,,,,,,,,,,,,
86,case_11,2024-04-10 16:10:07.324527,complete,Release B,positive,E,,,,,,,,,,,,,,,,,,,,,,,,,,,
87,case_11,2024-04-10 17:35:26.324527,complete,Admission NC,positive,K,,,,,,,,,,,,,,,,,,,,,,,,,,,
88,case_11,2024-04-10 18:04:38.324527,complete,Release B,positive,E,,,,,,,,,,,,,,,,,,,,,,,,,,,
89,case_11,2024-04-10 18:47:46.324527,complete,Admission NC,positive,K,,,,,,,,,,,,,,,,,,,,,,,,,,,
90,case_11,2024-04-10 19:58:23.324527,complete,Release B,positive,E,,,,,,,,,,,,,,,,,,,,,,,,,,,
91,case_11,2024-04-10 21:34:25.324527,complete,Admission NC,positive,K,,,,,,,,,,,,,,,,,,,,,,,,,,,
92,case_11,2024-04-10 22:21:38.324527,complete,Release B,positive,E,,,,,,,,,,,,,,,,,,,,,,,,,,,
93,case_12,2024-04-10 15:38:51.324527,complete,Release B,positive,E,,,,,,,,,,,,,,,,,,,,,,,,,,,
94,case_12,2024-04-10 17:19:38.324527,complete,Admission NC,positive,K,,,,,,,,,,,,,,,,,,,,,,,,,,,
95,case_12,2024-04-10 18:00:12.324527,complete,Release B,positive,E,,,,,,,,,,,,,,,,,,,,,,,,,,,
96,case_12,2024-04-10 18:54:11.324527,complete,Release B,positive,E,,,,,,,,,,,,,,,,,,,,,,,,,,,
97,case_12,2024-04-10 19:39:11.324527,complete,Release B,positive,E,,,,,,,,,,,,,,,,,,,,,,,,,,,
98,case_12,2024-04-10 20:42:11.324527,complete,Admission NC,positive,K,,,,,,,,,,,,,,,,,,,,,,,,,,,
99,case_12,2024-04-10 22:19:29.324527,complete,Release B,positive,E,,,,,,,,,,,,,,,,,,,,,,,,,,,
100,case_13,2024-04-10 15:38:06.324527,complete,Release B,positive,E,,,,,,,,,,,,,,,,,,,,,,,,,,,
101,case_13,2024-04-10 16:55:46.324527,complete,Admission NC,positive,K,,,,,,,,,,,,,,,,,,,,,,,,,,,
102,case_13,2024-04-10 18:03:51.324527,complete,Release B,positive,E,,,,,,,,,,,,,,,,,,,,,,,,,,,
103,case_13,2024-04-10 19:28:00.324527,complete,Leucocytes,positive,Y,LD,75.0,,,,,,,,,,,,,,,,,,,,,,,,,72.0
104,case_13,2024-04-10 19:52:10.324527,complete,Release B,positive,E,,,,,,,,,,,,,,,,,,,,,,,,,,,
105,case_13,2024-04-10 21:31:41.324527,complete,Admission NC,positive,K,,,,,,,,,,,,,,,,,,,,,,,,,,,
106,case_13,2024-04-10 22:10:16.324527,complete,Release B,positive,E,,,,,,,,,,,,,,,,,,,,,,,,,,,
107,case_14,2024-04-10 15:38:18.324527,complete,Release B,positive,E,,,,,,,,,,,,,,,,,,,,,,,,,,,
108,case_14,2024-04-10 17:06:54.324527,complete,Admission NC,positive,K,,,,,,,,,,,,,,,,,,,,,,,,,,,
109,case_14,2024-04-10 18:35:30.324527,complete,Release B,positive,E,,,,,,,,,,,,,,,,,,,,,,,,,,,
110,case_14,2024-04-10 19:17:59.324527,complete,Admission NC,positive,F,,,,,,,,,,,,,,,,,,,,,,,,,,,
111,case_14,2024-04-10 20:34:55.324527,complete,Release A,positive,Y,,,,,,,,,,,,,,,,,,,,,,,,,,,
112,case_14,2024-04-10 20:47:36.324527,complete,Leucocytes,positive,Y,VB,80.0,,,,,,,,,,,,,,,,,,,,,,,,,63.0
113,case_14,2024-04-10 22:25:51.324527,complete,Leucocytes,positive,A,UC,85.0,,,,,,,,,,,,,,,,,,,,,,,,,3.0
114,case_15,2024-04-10 15:38:18.324527,complete,Release B,positive,E,,,,,,,,,,,,,,,,,,,,,,,,,,,
115,case_15,2024-04-10 17:26:28.324527,complete,Admission NC,positive,K,,,,,,,,,,,,,,,,,,,,,,,,,,,
116,case_15,2024-04-10 18:08:41.324527,complete,Release B,positive,E,,,,,,,,,,,,,,,,,,,,,,,,,,,
117,case_15,2024-04-10 19:01:30.324527,complete,LacticAcid,positive,Y,,,,,,,,,,,,,,,,,,,,,,,,,,149.0,
118,case_15,2024-04-10 20:16:11.324527,complete,ER Registration,positive,Y,D,90.0,,false,false,true,false,true,true,false,false,false,true,true,false,false,false,false,false,true,true,false,true,false,false,,
119,case_15,2024-04-10 20:46:24.324527,complete,ER Registration,positive,A,DC,90.0,,false,false,true,false,true,false,false,true,false,false,true,true,false,true,false,true,true,false,false,false,false,false,,
120,case_15,2024-04-10 22:03:35.324527,complete,Admission NC,positive,F,,,,,,,,,,,,,,,,,,,,,,,,,,,
121,case_16,2024-04-10 15:42:08.324527,complete,Admission NC,positive,J,,,,,,,,,,,,,,,,,,,,,,,,,,,
122,case_16,2024-04-10 16:52:11.324527,complete,Admission NC,positive,J,,,,,,,,,,,,,,,,,,,,,,,,,,,
123,case_16,2024-04-10 18:09:54.324527,complete,Admission IC,positive,J,,,,,,,,,,,,,,,,,,,,,,,,,,,
124,case_16,2024-04-10 19:06:56.324527,complete,Admission NC,positive,J,,,,,,,,,,,,,,,,,,,,,,,,,,,
125,case_16,2024-04-10 20:00:04.324527,complete,Return ER,positive,?,,,,,,,,,,,,,,,,,,,,,,,,,,,
126,case_17,2024-04-10 15:51:47.324527,complete,Admission NC,positive,F,,,,,,,,,,,,,,,,,,,,,,,,,,,
127,case_17,2024-04-10 17:22:34.324527,complete,Admission NC,positive,J,,,,,,,,,,,,,,,,,,,,,,,,,,,
128,case_17,2024-04-10 17:58:00.324527,complete,Admission NC,positive,J,,,,,,,,,,,,,,,,,,,,,,,,,,,
129,case_17,2024-04-10 18:54:47.324527,complete,Admission NC,positive,J,,,,,,,,,,,,,,,,,,,,,,,,,,,
130,case_17,2024-04-10 19:46:23.324527,complete,Release B,positive,E,,,,,,,,,,,,,,,,,,,,,,,,,,,
131,case_18,2024-04-10 15:41:07.324527,complete,Admission NC,positive,F,,,,,,,,,,,,,,,,,,,,,,,,,,,
132,case_18,2024-04-10 17:33:56.324527,complete,LacticAcid,positive,V,,,,,,,,,,,,,,,,,,,,,,,,,,85.0,
133,case_18,2024-04-10 17:59:18.324527,complete,Release B,positive,E,,,,,,,,,,,,,,,,,,,,,,,,,,,
134,case_18,2024-04-10 18:43:36.324527,complete,Admission NC,positive,K,,,,,,,,,,,,,,,,,,,,,,,,,,,
135,case_18,2024-04-10 20:00:46.324527,complete,Release B,positive,E,,,,,,,,,,,,,,,,,,,,,,,,,,,
136,case_19,2024-04-10 15:50:12.324527,complete,Admission NC,positive,J,,,,,,,,,,,,,,,,,,,,,,,,,,,
137,case_19,2024-04-10 16:41:04.324527,complete,Release A,positive,Y,,,,,,,,,,,,,,,,,,,,,,,,,,,
138,case_19,2024-04-10 17:42:44.324527,complete,Admission NC,positive,F,,,,,,,,,,,,,,,,,,,,,,,,,,,
139,case_19,2024-04-10 19:08:50.324527,complete,LacticAcid,positive,N,,,,,,,,,,,,,,,,,,,,,,,,,,149.0,
140,case_19,2024-04-10 20:09:52.324527,complete,LacticAcid,positive,A,,,,,,,,,,,,,,,,,,,,,,,,,,23.0,
141,case_20,2024-04-10 15:44:11.324527,complete,IV Antibiotics,positive,L,,,,,,,,,,,,,,,,,,,,,,,,,,,
142,case_20,2024-04-10 17:24:54.324527,complete,LacticAcid,positive,R,,,,,,,,,,,,,,,,,,,,,,,,,,126.0,
143,case_20,2024-04-10 18:30:13.324527,complete,Release B,positive,E,,,,,,,,,,,,,,,,,,,,,,,,,,,
144,case_20,2024-04-10 19:31:36.324527,complete,Admission NC,positive,F,,,,,,,,,,,,,,,,,,,,,,,,,,,
145,case_20,2024-04-10 19:57:38.324527,complete,Admission NC,positive,A,,,,,,,,,,,,,,,,,,,,,,,,,,,
146,case_21,2024-04-10 15:56:02.324527,complete,Admission NC,positive,J,,,,,,,,,,,,,,,,,,,,,,,,,,,
147,case_21,2024-04-10 16:50:46.324527,complete,Release A,positive,Y,,,,,,,,,,,,,,,,,,,,,,,,,,,
148,case_21,2024-04-10 17:57:17.324527,complete,Admission NC,positive,F,,,,,,,,,,,,,,,,,,,,,,,,,,,
149,case_21,2024-04-10 18:51:55.324527,complete,LacticAcid,positive,H,,,,,,,,,,,,,,,,,,,,,,,,,,149.0,
150,case_21,2024-04-10 19:54:21.324527,complete,LacticAcid,positive,A,,,,,,,,,,,,,,,,,,,,,,,,,,19.0,
151,case_22,2024-04-10 16:34:19.324527,complete,Admission NC,positive,J,,,,,,,,,,,,,,,,,,,,,,,,,,,
152,case_22,2024-04-10 17:02:16.324527,complete,Release A,positive,Y,,,,,,,,,,,,,,,,,,,,,,,,,,,
153,case_22,2024-04-10 18:17:16.324527,complete,Admission NC,positive,F,,,,,,,,,,,,,,,,,,,,,,,,,,,
154,case_22,2024-04-10 19:00:35.324527,complete,LacticAcid,positive,N,,,,,,,,,,,,,,,,,,,,,,,,,,148.0,
155,case_22,2024-04-10 20:27:28.324527,complete,LacticAcid,positive,A,,,,,,,,,,,,,,,,,,,,,,,,,,18.0,
156,case_23,2024-04-10 16:00:38.324527,complete,ER Triage,positive,C,WB,32.0,,,,,,,,,,,,,,,,,,,,,,,,,
157,case_23,2024-04-10 17:34:58.324527,complete,LacticAcid,positive,H,,,,,,,,,,,,,,,,,,,,,,,,,,148.0,
158,case_23,2024-04-10 17:41:27.324527,complete,Return ER,positive,?,,,,,,,,,,,,,,,,,,,,,,,,,,,
159,case_23,2024-04-10 19:36:44.324527,complete,Admission NC,positive,V,,,,,,,,,,,,,,,,,,,,,,,,,,,
160,case_23,2024-04-10 19:58:59.324527,complete,Admission NC,positive,G,,,,,,,,,,,,,,,,,,,,,,,,,,,
161,case_24,2024-04-10 16:10:49.324527,complete,ER Triage,positive,C,LB,34.0,,,,,,,,,,,,,,,,,,,,,,,,,
162,case_24,2024-04-10 17:33:57.324527,complete,LacticAcid,positive,H,,,,,,,,,,,,,,,,,,,,,,,,,,149.0,
163,case_24,2024-04-10 17:39:34.324527,complete,Return ER,positive,?,,,,,,,,,,,,,,,,,,,,,,,,,,,
164,case_24,2024-04-10 18:41:14.324527,complete,Admission NC,positive,N,,,,,,,,,,,,,,,,,,,,,,,,,,,
165,case_24,2024-04-10 20:14:23.324527,complete,Admission NC,positive,A,,,,,,,,,,,,,,,,,,,,,,,,,,,
166,case_25,2024-04-10 15:50:02.324527,complete,ER Triage,positive,C,HD,89.0,,,,,,,,,,,,,,,,,,,,,,,,,
167,case_25,2024-04-10 16:40:46.324527,complete,Release A,positive,D,,,,,,,,,,,,,,,,,,,,,,,,,,,
168,case_25,2024-04-10 18:16:15.324527,complete,Admission NC,positive,F,,,,,,,,,,,,,,,,,,,,,,,,,,,
169,case_25,2024-04-10 19:07:37.324527,complete,Admission NC,positive,B,,,,,,,,,,,,,,,,,,,,,,,,,,,
170,case_25,2024-04-10 20:03:17.324527,complete,LacticAcid,positive,Y,,,,,,,,,,,,,,,,,,,,,,,,,,89.0,
171,case_26,2024-04-10 16:06:34.324527,complete,ER Triage,positive,C,LA,90.0,,,,,,,,,,,,,,,,,,,,,,,,,
172,case_26,2024-04-10 17:32:56.324527,complete,Admission NC,positive,J,,,,,,,,,,,,,,,,,,,,,,,,,,,
173,case_26,2024-04-10 18:11:09.324527,complete,Admission IC,positive,J,,,,,,,,,,,,,,,,,,,,,,,,,,,
174,case_26,2024-04-10 19:09:29.324527,complete,Admission NC,positive,J,,,,,,,,,,,,,,,,,,,,,,,,,,,
175,case_26,2024-04-10 20:34:17.324527,complete,IV Antibiotics,positive,B,,,,,,,,,,,,,,,,,,,,,,,,,,,
176,case_27,2024-04-10 15:55:39.324527,complete,LacticAcid,positive,Y,,,,,,,,,,,,,,,,,,,,,,,,,,148.0,
177,case_27,2024-04-10 16:58:21.324527,complete,Leucocytes,positive,Y,HE,90.0,,,,,,,,,,,,,,,,,,,,,,,,,100.0
178,case_27,2024-04-10 18:22:52.324527,complete,Leucocytes,positive,Y,ND,89.0,,,,,,,,,,,,,,,,,,,,,,,,,9.0
179,case_27,2024-04-10 18:38:18.324527,complete,Admission NC,positive,N,,,,,,,,,,,,,,,,,,,,,,,,,,,
180,case_27,2024-04-10 20:23:31.324527,complete,Return ER,positive,?,,,,,,,,,,,,,,,,,,,,,,,,,,,
181,case_27,2024-04-10 20:52:07.324527,complete,Return ER,positive,?,,,,,,,,,,,,,,,,,,,,,,,,,,,
182,case_27,2024-04-10 21:43:27.324527,complete,Return ER,positive,?,,,,,,,,,,,,,,,,,,,,,,,,,,,
183,case_27,2024-04-10 22:53:50.324527,complete,Return ER,positive,?,,,,,,,,,,,,,,,,,,,,,,,,,,,
184,case_27,2024-04-10 23:56:01.324527,complete,Admission NC,positive,T,,,,,,,,,,,,,,,,,,,,,,,,,,,
185,case_28,2024-04-10 16:24:59.324527,complete,LacticAcid,positive,Y,,,,,,,,,,,,,,,,,,,,,,,,,,149.0,
186,case_28,2024-04-10 16:45:48.324527,complete,Leucocytes,positive,V,HE,90.0,,,,,,,,,,,,,,,,,,,,,,,,,128.0
187,case_28,2024-04-10 18:29:03.324527,complete,Leucocytes,positive,Y,ND,89.0,,,,,,,,,,,,,,,,,,,,,,,,,10.0
188,case_28,2024-04-10 19:21:25.324527,complete,Admission NC,positive,J,,,,,,,,,,,,,,,,,,,,,,,,,,,
189,case_28,2024-04-10 20:21:36.324527,complete,Admission IC,positive,J,,,,,,,,,,,,,,,,,,,,,,,,,,,
190,case_28,2024-04-10 21:31:45.324527,complete,Admission NC,positive,J,,,,,,,,,,,,,,,,,,,,,,,,,,,
191,case_28,2024-04-10 21:48:09.324527,complete,Admission IC,positive,J,,,,,,,,,,,,,,,,,,,,,,,,,,,
192,case_28,2024-04-10 22:49:11.324527,complete,Admission NC,positive,J,,,,,,,,,,,,,,,,,,,,,,,,,,,
193,case_28,2024-04-10 23:59:10.324527,complete,Admission IC,positive,M,,,,,,,,,,,,,,,,,,,,,,,,,,,
194,case_29,2024-04-10 16:04:55.324527,complete,LacticAcid,positive,Y,,,,,,,,,,,,,,,,,,,,,,,,,,149.0,
195,case_29,2024-04-10 16:42:22.324527,complete,Leucocytes,positive,Y,HE,77.0,,,,,,,,,,,,,,,,,,,,,,,,,117.0
196,case_29,2024-04-10 17:38:04.324527,complete,Leucocytes,positive,S,ND,89.0,,,,,,,,,,,,,,,,,,,,,,,,,9.0
197,case_29,2024-04-10 18:58:52.324527,complete,Admission NC,positive,M,,,,,,,,,,,,,,,,,,,,,,,,,,,
198,case_29,2024-04-10 19:51:38.324527,complete,Return ER,positive,?,,,,,,,,,,,,,,,,,,,,,,,,,,,
199,case_29,2024-04-10 20:57:47.324527,complete,Return ER,positive,?,,,,,,,,,,,,,,,,,,,,,,,,,,,
200,case_29,2024-04-10 22:17:35.324527,complete,Return ER,positive,?,,,,,,,,,,,,,,,,,,,,,,,,,,,
201,case_29,2024-04-10 23:24:31.324527,complete,Return ER,positive,?,,,,,,,,,,,,,,,,,,,,,,,,,,,
202,case_29,2024-04-10 23:56:34.324527,complete,Admission NC,positive,R,,,,,,,,,,,,,,,,,,,,,,,,,,,
