,case:concept:name,time:timestamp,lifecycle:transition,concept:name,case:label,org:group,LacticAcid,Diagnose,Age,Leucocytes,InfectionSuspected,DiagnosticBlood,DisfuncOrg,SIRSCritTachypnea,Hypotensie,SIRSCritHeartRate,Infusion,DiagnosticArtAstrup,DiagnosticIC,DiagnosticSputum,DiagnosticLiquor,DiagnosticOther,SIRSCriteria2OrMore,DiagnosticXthorax,SIRSCritTemperature,DiagnosticUrinaryCulture,SIRSCritLeucos,Oligurie,DiagnosticLacticAcid,Hypoxie,DiagnosticUrinarySediment,DiagnosticECG,CRP
0,case_0,2024-04-10 16:12:53.876237,complete,Admission NC,positive,J,,,,,,,,,,,,,,,,,,,,,,,,,,,
1,case_0,2024-04-10 17:06:36.876237,complete,Admission NC,positive,J,,,,,,,,,,,,,,,,,,,,,,,,,,,
2,case_0,2024-04-10 17:32:50.876237,complete,Release B,positive,L,,,,,,,,,,,,,,,,,,,,,,,,,,,
3,case_0,2024-04-10 19:01:07.876237,complete,Return ER,positive,?,,,,,,,,,,,,,,,,,,,,,,,,,,,
4,case_0,2024-04-10 20:10:35.876237,complete,LacticAcid,positive,F,149.0,,,,,,,,,,,,,,,,,,,,,,,,,,
5,case_0,2024-04-10 20:38:06.876237,complete,Release B,positive,E,,,,,,,,,,,,,,,,,,,,,,,,,,,
6,case_0,2024-04-10 22:04:24.876237,complete,Release B,positive,E,,,,,,,,,,,,,,,,,,,,,,,,,,,
7,case_1,2024-04-10 15:42:23.876237,complete,Admission NC,positive,F,,,,,,,,,,,,,,,,,,,,,,,,,,,
8,case_1,2024-04-10 16:48:45.876237,complete,Admission NC,positive,J,,,,,,,,,,,,,,,,,,,,,,,,,,,
9,case_1,2024-04-10 17:34:38.876237,complete,Admission IC,positive,J,,,,,,,,,,,,,,,,,,,,,,,,,,,
10,case_1,2024-04-10 19:03:34.876237,complete,Admission NC,positive,J,,,,,,,,,,,,,,,,,,,,,,,,,,,
11,case_1,2024-04-10 20:16:16.876237,complete,IV Antibiotics,positive,L,,,,,,,,,,,,,,,,,,,,,,,,,,,
12,case_1,2024-04-10 20:42:48.876237,complete,IV Antibiotics,positive,L,,,,,,,,,,,,,,,,,,,,,,,,,,,
13,case_1,2024-04-10 21:49:05.876237,complete,Admission IC,positive,Y,,,,,,,,,,,,,,,,,,,,,,,,,,,
14,case_2,2024-04-10 16:07:33.876237,complete,LacticAcid,positive,Y,8.0,,,,,,,,,,,,,,,,,,,,,,,,,,
15,case_2,2024-04-10 16:31:50.876237,complete,Leucocytes,positive,Y,,HE,90.0,392.0,,,,,,,,,,,,,,,,,,,,,,,
16,case_2,2024-04-10 18:14:02.876237,complete,Admission NC,positive,F,,,,,,,,,,,,,,,,,,,,,,,,,,,
17,case_2,2024-04-10 19:25:16.876237,complete,IV Antibiotics,positive,L,,,,,,,,,,,,,,,,,,,,,,,,,,,
18,case_2,2024-04-10 19:56:36.876237,complete,ER Sepsis Triage,positive,L,,HE,90.0,,,,,,,,,,,,,,,,,,,,,,,,
19,case_2,2024-04-10 21:27:57.876237,complete,IV Antibiotics,positive,L,,,,,,,,,,,,,,,,,,,,,,,,,,,
20,case_2,2024-04-10 21:35:56.876237,complete,Admission NC,positive,J,,,,,,,,,,,,,,,,,,,,,,,,,,,
21,case_3,2024-04-10 15:48:42.876237,complete,Return ER,positive,?,,,,,,,,,,,,,,,,,,,,,,,,,,,
22,case_3,2024-04-10 16:51:21.876237,complete,ER Triage,positive,Y,,HE,52.0,,,,,,,,,,,,,,,,,,,,,,,,
23,case_3,2024-04-10 18:13:55.876237,complete,Admission NC,positive,F,,,,,,,,,,,,,,,,,,,,,,,,,,,
24,case_3,2024-04-10 19:09:56.876237,complete,IV Antibiotics,positive,L,,,,,,,,,,,,,,,,,,,,,,,,,,,
25,case_3,2024-04-10 20:01:11.876237,complete,ER Sepsis Triage,positive,L,,RA,20.0,,,,,,,,,,,,,,,,,,,,,,,,
26,case_3,2024-04-10 20:41:19.876237,complete,IV Antibiotics,positive,L,,,,,,,,,,,,,,,,,,,,,,,,,,,
27,case_3,2024-04-10 22:18:39.876237,complete,Admission NC,positive,J,,,,,,,,,,,,,,,,,,,,,,,,,,,
28,case_4,2024-04-10 15:55:07.876237,complete,Admission NC,positive,J,,,,,,,,,,,,,,,,,,,,,,,,,,,
29,case_4,2024-04-10 17:10:48.876237,complete,Admission NC,positive,J,,,,,,,,,,,,,,,,,,,,,,,,,,,
30,case_4,2024-04-10 17:57:14.876237,complete,Admission IC,positive,L,,,,,,,,,,,,,,,,,,,,,,,,,,,
31,case_4,2024-04-10 18:41:29.876237,complete,Return ER,positive,?,,,,,,,,,,,,,,,,,,,,,,,,,,,
32,case_4,2024-04-10 19:43:27.876237,complete,Release A,positive,Y,,,,,,,,,,,,,,,,,,,,,,,,,,,
33,case_4,2024-04-10 20:38:18.876237,complete,ER Triage,positive,C,,N,24.0,,,,,,,,,,,,,,,,,,,,,,,,
34,case_4,2024-04-10 22:01:04.876237,complete,IV Liquid,positive,C,,QB,20.0,,,,,,,,,,,,,,,,,,,,,,,,
35,case_5,2024-04-10 15:39:53.876237,complete,IV Antibiotics,positive,L,,,,,,,,,,,,,,,,,,,,,,,,,,,
36,case_5,2024-04-10 17:06:53.876237,complete,ER Sepsis Triage,positive,L,,HE,60.0,,,,,,,,,,,,,,,,,,,,,,,,
37,case_5,2024-04-10 18:26:38.876237,complete,IV Antibiotics,positive,L,,,,,,,,,,,,,,,,,,,,,,,,,,,
38,case_5,2024-04-10 19:25:35.876237,complete,ER Registration,positive,B,,IB,36.0,,false,false,true,false,true,false,false,true,false,false,true,true,false,false,false,false,true,false,false,true,false,true,
39,case_5,2024-04-10 20:04:33.876237,complete,Return ER,positive,?,,,,,,,,,,,,,,,,,,,,,,,,,,,
40,case_5,2024-04-10 20:36:00.876237,complete,Admission NC,positive,J,,,,,,,,,,,,,,,,,,,,,,,,,,,
41,case_5,2024-04-10 22:23:11.876237,complete,Admission NC,positive,J,,,,,,,,,,,,,,,,,,,,,,,,,,,
42,case_6,2024-04-10 15:36:50.876237,complete,Release B,positive,E,,,,,,,,,,,,,,,,,,,,,,,,,,,
43,case_6,2024-04-10 16:55:19.876237,complete,Admission NC,positive,K,,,,,,,,,,,,,,,,,,,,,,,,,,,
44,case_6,2024-04-10 18:22:50.876237,complete,Release B,positive,E,,,,,,,,,,,,,,,,,,,,,,,,,,,
45,case_6,2024-04-10 18:47:53.876237,complete,Admission NC,positive,F,,,,,,,,,,,,,,,,,,,,,,,,,,,
46,case_6,2024-04-10 20:14:14.876237,complete,Return ER,positive,?,,,,,,,,,,,,,,,,,,,,,,,,,,,
47,case_6,2024-04-10 21:04:55.876237,complete,Release B,positive,E,,,,,,,,,,,,,,,,,,,,,,,,,,,
48,case_6,2024-04-10 22:00:55.876237,complete,Leucocytes,positive,A,,YA,35.0,151.0,,,,,,,,,,,,,,,,,,,,,,,
49,case_7,2024-04-10 16:19:10.876237,complete,Admission NC,positive,J,,,,,,,,,,,,,,,,,,,,,,,,,,,
50,case_7,2024-04-10 16:41:17.876237,complete,Admission IC,positive,J,,,,,,,,,,,,,,,,,,,,,,,,,,,
51,case_7,2024-04-10 17:50:37.876237,complete,Admission NC,positive,J,,,,,,,,,,,,,,,,,,,,,,,,,,,
52,case_7,2024-04-10 18:52:53.876237,complete,ER Sepsis Triage,positive,Y,,HE,90.0,,,,,,,,,,,,,,,,,,,,,,,,
53,case_7,2024-04-10 19:56:25.876237,complete,Admission NC,positive,J,,,,,,,,,,,,,,,,,,,,,,,,,,,
54,case_7,2024-04-10 21:11:01.876237,complete,Admission IC,positive,J,,,,,,,,,,,,,,,,,,,,,,,,,,,
55,case_7,2024-04-10 22:07:39.876237,complete,Admission NC,positive,J,,,,,,,,,,,,,,,,,,,,,,,,,,,
56,case_7,2024-04-10 23:12:07.876237,complete,Admission NC,positive,F,,,,,,,,,,,,,,,,,,,,,,,,,,,
57,case_7,2024-04-11 00:16:15.876237,complete,Return ER,positive,?,,,,,,,,,,,,,,,,,,,,,,,,,,,
58,case_7,2024-04-11 01:02:34.876237,complete,Release A,positive,Y,,,,,,,,,,,,,,,,,,,,,,,,,,,
59,case_8,2024-04-10 16:24:06.876237,complete,Return ER,positive,?,,,,,,,,,,,,,,,,,,,,,,,,,,,
60,case_8,2024-04-10 17:03:30.876237,complete,Release A,positive,E,,,,,,,,,,,,,,,,,,,,,,,,,,,
61,case_8,2024-04-10 18:19:25.876237,complete,Return ER,positive,?,,,,,,,,,,,,,,,,,,,,,,,,,,,
62,case_8,2024-04-10 19:12:07.876237,complete,Release A,positive,E,,,,,,,,,,,,,,,,,,,,,,,,,,,
63,case_8,2024-04-10 20:19:59.876237,complete,IV Liquid,positive,C,,AE,20.0,,,,,,,,,,,,,,,,,,,,,,,,
64,case_8,2024-04-10 21:03:04.876237,complete,ER Registration,positive,K,,YC,25.0,,true,false,false,false,true,false,false,false,false,false,true,true,true,false,false,false,true,true,false,true,false,false,
65,case_8,2024-04-10 22:08:56.876237,complete,Admission NC,positive,J,,,,,,,,,,,,,,,,,,,,,,,,,,,
66,case_8,2024-04-10 22:56:16.876237,complete,Admission IC,positive,J,,,,,,,,,,,,,,,,,,,,,,,,,,,
67,case_8,2024-04-11 00:00:14.876237,complete,Admission NC,positive,J,,,,,,,,,,,,,,,,,,,,,,,,,,,
68,case_8,2024-04-11 00:52:41.876237,complete,Admission IC,positive,E,,,,,,,,,,,,,,,,,,,,,,,,,,,
69,case_9,2024-04-10 16:23:58.876237,complete,CRP,positive,A,,QD,20.0,,,,,,,,,,,,,,,,,,,,,,,,76.0
70,case_9,2024-04-10 17:00:32.876237,complete,ER Triage,positive,C,,YB,20.0,,,,,,,,,,,,,,,,,,,,,,,,
71,case_9,2024-04-10 17:50:26.876237,complete,ER Triage,positive,K,,YC,20.0,,,,,,,,,,,,,,,,,,,,,,,,
72,case_9,2024-04-10 19:16:53.876237,complete,Admission NC,positive,F,,,,,,,,,,,,,,,,,,,,,,,,,,,
73,case_9,2024-04-10 20:08:27.876237,complete,ER Sepsis Triage,positive,A,,YA,20.0,,,,,,,,,,,,,,,,,,,,,,,,
74,case_9,2024-04-10 21:24:56.876237,complete,ER Triage,positive,C,,YB,23.0,,,,,,,,,,,,,,,,,,,,,,,,
75,case_9,2024-04-10 22:21:33.876237,complete,Release B,positive,E,,,,,,,,,,,,,,,,,,,,,,,,,,,
76,case_9,2024-04-10 23:30:10.876237,complete,CRP,positive,L,,YB,20.0,,,,,,,,,,,,,,,,,,,,,,,,150.0
77,case_9,2024-04-11 00:01:56.876237,complete,IV Antibiotics,positive,L,,,,,,,,,,,,,,,,,,,,,,,,,,,
78,case_9,2024-04-11 01:00:17.876237,complete,Admission NC,positive,J,,,,,,,,,,,,,,,,,,,,,,,,,,,
79,case_10,2024-04-10 15:51:19.876237,complete,Admission IC,positive,U,,,,,,,,,,,,,,,,,,,,,,,,,,,
80,case_10,2024-04-10 16:33:21.876237,complete,Admission NC,positive,J,,,,,,,,,,,,,,,,,,,,,,,,,,,
81,case_10,2024-04-10 18:17:04.876237,complete,Admission IC,positive,J,,,,,,,,,,,,,,,,,,,,,,,,,,,
82,case_10,2024-04-10 18:36:32.876237,complete,Admission NC,positive,J,,,,,,,,,,,,,,,,,,,,,,,,,,,
83,case_10,2024-04-10 20:03:24.876237,complete,Admission NC,positive,J,,,,,,,,,,,,,,,,,,,,,,,,,,,
84,case_10,2024-04-10 21:13:48.876237,complete,Return ER,positive,?,,,,,,,,,,,,,,,,,,,,,,,,,,,
85,case_10,2024-04-10 22:11:39.876237,complete,Admission NC,positive,F,,,,,,,,,,,,,,,,,,,,,,,,,,,
86,case_10,2024-04-10 22:34:08.876237,complete,Admission NC,positive,J,,,,,,,,,,,,,,,,,,,,,,,,,,,
87,case_10,2024-04-10 23:53:30.876237,complete,IV Antibiotics,positive,L,,,,,,,,,,,,,,,,,,,,,,,,,,,
88,case_10,2024-04-11 00:50:17.876237,complete,LacticAcid,positive,?,149.0,,,,,,,,,,,,,,,,,,,,,,,,,,
89,case_11,2024-04-10 16:24:00.876237,complete,Admission NC,positive,F,,,,,,,,,,,,,,,,,,,,,,,,,,,
90,case_11,2024-04-10 16:44:26.876237,complete,Release B,positive,L,,,,,,,,,,,,,,,,,,,,,,,,,,,
91,case_11,2024-04-10 18:23:55.876237,complete,ER Triage,positive,C,,QD,20.0,,,,,,,,,,,,,,,,,,,,,,,,
92,case_11,2024-04-10 19:23:25.876237,complete,CRP,positive,L,,YA,20.0,,,,,,,,,,,,,,,,,,,,,,,,138.0
93,case_11,2024-04-10 20:18:44.876237,complete,ER Sepsis Triage,positive,I,,YA,22.0,,,,,,,,,,,,,,,,,,,,,,,,
94,case_11,2024-04-10 20:48:23.876237,complete,LacticAcid,positive,L,58.0,,,,,,,,,,,,,,,,,,,,,,,,,,
95,case_11,2024-04-10 21:47:09.876237,complete,Admission NC,positive,J,,,,,,,,,,,,,,,,,,,,,,,,,,,
96,case_11,2024-04-10 23:30:55.876237,complete,Admission IC,positive,J,,,,,,,,,,,,,,,,,,,,,,,,,,,
97,case_11,2024-04-10 23:43:24.876237,complete,Admission NC,positive,J,,,,,,,,,,,,,,,,,,,,,,,,,,,
98,case_11,2024-04-11 00:59:52.876237,complete,Admission IC,positive,A,,,,,,,,,,,,,,,,,,,,,,,,,,,
99,case_12,2024-04-10 16:12:06.876237,complete,CRP,positive,Y,,HE,90.0,,,,,,,,,,,,,,,,,,,,,,,,269.0
100,case_12,2024-04-10 17:28:47.876237,complete,IV Antibiotics,positive,L,,,,,,,,,,,,,,,,,,,,,,,,,,,
101,case_12,2024-04-10 18:30:47.876237,complete,ER Sepsis Triage,positive,L,,WA,22.0,,,,,,,,,,,,,,,,,,,,,,,,
102,case_12,2024-04-10 19:08:34.876237,complete,IV Antibiotics,positive,L,,,,,,,,,,,,,,,,,,,,,,,,,,,
103,case_12,2024-04-10 20:25:37.876237,complete,Return ER,positive,?,,,,,,,,,,,,,,,,,,,,,,,,,,,
104,case_12,2024-04-10 20:59:39.876237,complete,Release A,positive,C,,,,,,,,,,,,,,,,,,,,,,,,,,,
105,case_12,2024-04-10 22:28:23.876237,complete,Admission NC,positive,J,,,,,,,,,,,,,,,,,,,,,,,,,,,
106,case_12,2024-04-10 22:47:12.876237,complete,Return ER,positive,?,,,,,,,,,,,,,,,,,,,,,,,,,,,
107,case_12,2024-04-10 23:40:41.876237,complete,Release A,positive,D,,,,,,,,,,,,,,,,,,,,,,,,,,,
108,case_12,2024-04-11 01:19:54.876237,complete,Admission NC,positive,J,,,,,,,,,,,,,,,,,,,,,,,,,,,
109,case_13,2024-04-10 15:50:58.876237,complete,Admission NC,positive,J,,,,,,,,,,,,,,,,,,,,,,,,,,,
110,case_13,2024-04-10 16:35:49.876237,complete,Return ER,positive,?,,,,,,,,,,,,,,,,,,,,,,,,,,,
111,case_13,2024-04-10 17:37:57.876237,complete,Return ER,positive,?,,,,,,,,,,,,,,,,,,,,,,,,,,,
112,case_13,2024-04-10 19:04:05.876237,complete,Release B,positive,E,,,,,,,,,,,,,,,,,,,,,,,,,,,
113,case_13,2024-04-10 19:59:01.876237,complete,Admission NC,positive,F,,,,,,,,,,,,,,,,,,,,,,,,,,,
114,case_13,2024-04-10 20:36:11.876237,complete,Release B,positive,E,,,,,,,,,,,,,,,,,,,,,,,,,,,
115,case_13,2024-04-10 21:39:59.876237,complete,Admission IC,positive,Y,,,,,,,,,,,,,,,,,,,,,,,,,,,
116,case_13,2024-04-10 23:00:58.876237,complete,Admission NC,positive,F,,,,,,,,,,,,,,,,,,,,,,,,,,,
117,case_13,2024-04-11 00:10:55.876237,complete,Admission IC,positive,Y,,,,,,,,,,,,,,,,,,,,,,,,,,,
118,case_14,2024-04-10 15:43:13.876237,complete,Admission NC,positive,J,,,,,,,,,,,,,,,,,,,,,,,,,,,
119,case_14,2024-04-10 16:58:45.876237,complete,IV Antibiotics,positive,L,,,,,,,,,,,,,,,,,,,,,,,,,,,
120,case_14,2024-04-10 18:16:56.876237,complete,IV Antibiotics,positive,E,,,,,,,,,,,,,,,,,,,,,,,,,,,
121,case_14,2024-04-10 18:59:45.876237,complete,Admission NC,positive,F,,,,,,,,,,,,,,,,,,,,,,,,,,,
122,case_14,2024-04-10 20:06:06.876237,complete,Admission NC,positive,F,,,,,,,,,,,,,,,,,,,,,,,,,,,
123,case_14,2024-04-10 21:09:55.876237,complete,Release B,positive,E,,,,,,,,,,,,,,,,,,,,,,,,,,,
124,case_14,2024-04-10 21:51:16.876237,complete,Admission NC,positive,K,,,,,,,,,,,,,,,,,,,,,,,,,,,
125,case_14,2024-04-10 23:13:21.876237,complete,Release B,positive,E,,,,,,,,,,,,,,,,,,,,,,,,,,,
126,case_14,2024-04-10 23:56:37.876237,complete,IV Antibiotics,positive,U,,,,,,,,,,,,,,,,,,,,,,,,,,,
127,case_15,2024-04-10 16:16:07.876237,complete,ER Sepsis Triage,positive,E,,YD,27.0,,,,,,,,,,,,,,,,,,,,,,,,
128,case_15,2024-04-10 16:44:23.876237,complete,Release B,positive,E,,,,,,,,,,,,,,,,,,,,,,,,,,,
129,case_15,2024-04-10 17:37:26.876237,complete,Admission NC,positive,K,,,,,,,,,,,,,,,,,,,,,,,,,,,
130,case_15,2024-04-10 18:31:49.876237,complete,Release B,positive,E,,,,,,,,,,,,,,,,,,,,,,,,,,,
131,case_15,2024-04-10 19:49:34.876237,complete,Admission NC,positive,F,,,,,,,,,,,,,,,,,,,,,,,,,,,
132,case_15,2024-04-10 21:00:30.876237,complete,IV Antibiotics,positive,L,,,,,,,,,,,,,,,,,,,,,,,,,,,
133,case_15,2024-04-10 21:46:04.876237,complete,ER Triage,positive,C,,QA,22.0,,,,,,,,,,,,,,,,,,,,,,,,
134,case_15,2024-04-10 23:07:35.876237,complete,Admission NC,positive,F,,,,,,,,,,,,,,,,,,,,,,,,,,,
135,case_15,2024-04-10 23:53:26.876237,complete,Admission NC,positive,J,,,,,,,,,,,,,,,,,,,,,,,,,,,
136,case_16,2024-04-10 15:44:14.876237,complete,Release B,positive,E,,,,,,,,,,,,,,,,,,,,,,,,,,,
137,case_16,2024-04-10 17:28:01.876237,complete,Admission NC,positive,K,,,,,,,,,,,,,,,,,,,,,,,,,,,
138,case_16,2024-04-10 17:50:38.876237,complete,Release B,positive,E,,,,,,,,,,,,,,,,,,,,,,,,,,,
139,case_16,2024-04-10 19:12:40.876237,complete,Release B,positive,E,,,,,,,,,,,,,,,,,,,,,,,,,,,
140,case_16,2024-04-10 19:53:53.876237,complete,Admission NC,positive,K,,,,,,,,,,,,,,,,,,,,,,,,,,,
141,case_16,2024-04-10 21:03:01.876237,complete,Release B,positive,E,,,,,,,,,,,,,,,,,,,,,,,,,,,
142,case_16,2024-04-10 21:46:41.876237,complete,IV Antibiotics,positive,L,,,,,,,,,,,,,,,,,,,,,,,,,,,
143,case_16,2024-04-10 23:22:28.876237,complete,Release B,positive,E,,,,,,,,,,,,,,,,,,,,,,,,,,,
144,case_16,2024-04-11 00:15:13.876237,complete,IV Liquid,positive,Y,,MA,28.0,,,,,,,,,,,,,,,,,,,,,,,,
145,case_17,2024-04-10 15:41:49.876237,complete,Admission IC,positive,K,,,,,,,,,,,,,,,,,,,,,,,,,,,
146,case_17,2024-04-10 17:27:44.876237,complete,Admission NC,positive,F,,,,,,,,,,,,,,,,,,,,,,,,,,,
147,case_17,2024-04-10 18:30:03.876237,complete,Admission NC,positive,F,,,,,,,,,,,,,,,,,,,,,,,,,,,
148,case_17,2024-04-10 19:00:24.876237,complete,ER Triage,positive,C,,IC,21.0,,,,,,,,,,,,,,,,,,,,,,,,
149,case_17,2024-04-10 20:02:58.876237,complete,Admission NC,positive,F,,,,,,,,,,,,,,,,,,,,,,,,,,,
150,case_17,2024-04-10 21:07:35.876237,complete,Admission NC,positive,F,,,,,,,,,,,,,,,,,,,,,,,,,,,
151,case_17,2024-04-10 22:22:14.876237,complete,Admission NC,positive,F,,,,,,,,,,,,,,,,,,,,,,,,,,,
152,case_17,2024-04-10 22:56:23.876237,complete,LacticAcid,positive,I,8.0,,,,,,,,,,,,,,,,,,,,,,,,,,
153,case_17,2024-04-10 23:57:27.876237,complete,Leucocytes,positive,F,,YC,24.0,158.0,,,,,,,,,,,,,,,,,,,,,,,
154,case_18,2024-04-10 16:13:27.876237,complete,IV Antibiotics,positive,L,,,,,,,,,,,,,,,,,,,,,,,,,,,
155,case_18,2024-04-10 17:07:18.876237,complete,ER Sepsis Triage,positive,Y,,QB,34.0,,,,,,,,,,,,,,,,,,,,,,,,
156,case_18,2024-04-10 17:58:49.876237,complete,Return ER,positive,?,,,,,,,,,,,,,,,,,,,,,,,,,,,
157,case_18,2024-04-10 19:21:18.876237,complete,Return ER,positive,J,,,,,,,,,,,,,,,,,,,,,,,,,,,
158,case_18,2024-04-10 20:03:12.876237,complete,Release B,positive,E,,,,,,,,,,,,,,,,,,,,,,,,,,,
159,case_18,2024-04-10 21:28:59.876237,complete,Admission NC,positive,K,,,,,,,,,,,,,,,,,,,,,,,,,,,
160,case_18,2024-04-10 21:50:00.876237,complete,Release B,positive,E,,,,,,,,,,,,,,,,,,,,,,,,,,,
161,case_18,2024-04-10 22:49:05.876237,complete,Admission NC,positive,F,,,,,,,,,,,,,,,,,,,,,,,,,,,
162,case_18,2024-04-10 23:39:27.876237,complete,Leucocytes,positive,I,,YA,31.0,185.0,,,,,,,,,,,,,,,,,,,,,,,
163,case_19,2024-04-10 16:22:36.876237,complete,ER Triage,positive,C,,HE,90.0,,,,,,,,,,,,,,,,,,,,,,,,
164,case_19,2024-04-10 17:11:48.876237,complete,ER Triage,positive,C,,HE,90.0,,,,,,,,,,,,,,,,,,,,,,,,
165,case_19,2024-04-10 18:04:22.876237,complete,Return ER,positive,?,,,,,,,,,,,,,,,,,,,,,,,,,,,
166,case_19,2024-04-10 18:33:30.876237,complete,Return ER,positive,?,,,,,,,,,,,,,,,,,,,,,,,,,,,
167,case_19,2024-04-10 20:19:41.876237,complete,Admission NC,positive,F,,,,,,,,,,,,,,,,,,,,,,,,,,,
168,case_19,2024-04-10 20:35:23.876237,complete,Admission NC,positive,J,,,,,,,,,,,,,,,,,,,,,,,,,,,
169,case_20,2024-04-10 16:02:30.876237,complete,ER Triage,positive,C,,HE,90.0,,,,,,,,,,,,,,,,,,,,,,,,
170,case_20,2024-04-10 16:49:00.876237,complete,ER Registration,positive,Y,,HE,90.0,,true,true,true,false,true,false,false,true,true,false,true,true,true,false,true,false,true,true,true,true,false,true,
171,case_20,2024-04-10 18:13:04.876237,complete,ER Triage,positive,C,,HE,90.0,,,,,,,,,,,,,,,,,,,,,,,,
172,case_20,2024-04-10 18:31:55.876237,complete,Admission IC,positive,Y,,,,,,,,,,,,,,,,,,,,,,,,,,,
173,case_20,2024-04-10 19:36:25.876237,complete,Admission NC,positive,F,,,,,,,,,,,,,,,,,,,,,,,,,,,
174,case_20,2024-04-10 21:28:40.876237,complete,Admission NC,positive,J,,,,,,,,,,,,,,,,,,,,,,,,,,,
175,case_21,2024-04-10 16:26:20.876237,complete,ER Triage,positive,C,,HE,90.0,,,,,,,,,,,,,,,,,,,,,,,,
176,case_21,2024-04-10 17:15:45.876237,complete,ER Registration,positive,Y,,HE,90.0,,true,true,true,false,true,false,false,true,true,false,true,true,true,false,true,false,true,true,true,true,false,true,
177,case_21,2024-04-10 17:56:40.876237,complete,ER Registration,positive,Y,,HE,90.0,,false,false,true,false,true,false,false,true,false,false,true,true,false,false,false,false,true,true,false,true,false,false,
178,case_21,2024-04-10 18:36:31.876237,complete,IV Antibiotics,positive,L,,,,,,,,,,,,,,,,,,,,,,,,,,,
179,case_21,2024-04-10 19:33:21.876237,complete,Admission NC,positive,F,,,,,,,,,,,,,,,,,,,,,,,,,,,
180,case_21,2024-04-10 20:39:37.876237,complete,Admission NC,positive,J,,,,,,,,,,,,,,,,,,,,,,,,,,,
181,case_22,2024-04-10 16:01:10.876237,complete,Admission NC,positive,J,,,,,,,,,,,,,,,,,,,,,,,,,,,
182,case_22,2024-04-10 17:22:21.876237,complete,Admission NC,positive,J,,,,,,,,,,,,,,,,,,,,,,,,,,,
183,case_22,2024-04-10 18:27:15.876237,complete,ER Sepsis Triage,positive,Y,,HE,90.0,,,,,,,,,,,,,,,,,,,,,,,,
184,case_22,2024-04-10 18:32:12.876237,complete,Admission NC,positive,J,,,,,,,,,,,,,,,,,,,,,,,,,,,
185,case_22,2024-04-10 19:55:18.876237,complete,Admission IC,positive,J,,,,,,,,,,,,,,,,,,,,,,,,,,,
186,case_22,2024-04-10 21:03:23.876237,complete,Admission NC,positive,J,,,,,,,,,,,,,,,,,,,,,,,,,,,
187,case_22,2024-04-10 22:01:18.876237,complete,Admission NC,positive,F,,,,,,,,,,,,,,,,,,,,,,,,,,,
188,case_22,2024-04-10 22:38:44.876237,complete,IV Antibiotics,positive,A,,,,,,,,,,,,,,,,,,,,,,,,,,,
189,case_23,2024-04-10 15:40:11.876237,complete,Return ER,positive,?,,,,,,,,,,,,,,,,,,,,,,,,,,,
190,case_23,2024-04-10 16:48:04.876237,complete,Leucocytes,positive,Y,,HE,90.0,137.0,,,,,,,,,,,,,,,,,,,,,,,
191,case_23,2024-04-10 18:29:14.876237,complete,Admission NC,positive,F,,,,,,,,,,,,,,,,,,,,,,,,,,,
192,case_23,2024-04-10 18:38:35.876237,complete,IV Antibiotics,positive,A,,,,,,,,,,,,,,,,,,,,,,,,,,,
193,case_23,2024-04-10 19:33:04.876237,complete,Admission NC,positive,F,,,,,,,,,,,,,,,,,,,,,,,,,,,
194,case_23,2024-04-10 20:54:27.876237,complete,IV Antibiotics,positive,L,,,,,,,,,,,,,,,,,,,,,,,,,,,
195,case_23,2024-04-10 21:34:11.876237,complete,ER Sepsis Triage,positive,L,,HE,90.0,,,,,,,,,,,,,,,,,,,,,,,,
196,case_23,2024-04-10 23:17:41.876237,complete,IV Antibiotics,positive,L,,,,,,,,,,,,,,,,,,,,,,,,,,,
197,case_24,2024-04-10 15:37:10.876237,complete,Admission NC,positive,J,,,,,,,,,,,,,,,,,,,,,,,,,,,
198,case_24,2024-04-10 16:43:25.876237,complete,CRP,positive,Y,,HE,90.0,,,,,,,,,,,,,,,,,,,,,,,,412.0
199,case_24,2024-04-10 18:26:10.876237,complete,LacticAcid,positive,Y,8.0,,,,,,,,,,,,,,,,,,,,,,,,,,
200,case_24,2024-04-10 18:41:29.876237,complete,Leucocytes,positive,Y,,HE,90.0,1814.0,,,,,,,,,,,,,,,,,,,,,,,
201,case_24,2024-04-10 20:08:20.876237,complete,Admission NC,positive,Y,,,,,,,,,,,,,,,,,,,,,,,,,,,
202,case_24,2024-04-10 21:18:29.876237,complete,LacticAcid,positive,Y,8.0,,,,,,,,,,,,,,,,,,,,,,,,,,
203,case_24,2024-04-10 22:23:18.876237,complete,Leucocytes,positive,Y,,HE,90.0,451.0,,,,,,,,,,,,,,,,,,,,,,,
204,case_24,2024-04-10 22:54:30.876237,complete,Return ER,positive,?,,,,,,,,,,,,,,,,,,,,,,,,,,,
205,case_25,2024-04-10 15:38:02.876237,complete,Admission NC,positive,J,,,,,,,,,,,,,,,,,,,,,,,,,,,
206,case_25,2024-04-10 17:26:44.876237,complete,IV Antibiotics,positive,L,,,,,,,,,,,,,,,,,,,,,,,,,,,
207,case_25,2024-04-10 18:18:07.876237,complete,ER Sepsis Triage,positive,L,,Q,24.0,,,,,,,,,,,,,,,,,,,,,,,,
208,case_25,2024-04-10 19:25:47.876237,complete,IV Antibiotics,positive,L,,,,,,,,,,,,,,,,,,,,,,,,,,,
209,case_25,2024-04-10 19:57:46.876237,complete,ER Sepsis Triage,positive,D,,QE,20.0,,,,,,,,,,,,,,,,,,,,,,,,
210,case_25,2024-04-10 20:31:55.876237,complete,Return ER,positive,?,,,,,,,,,,,,,,,,,,,,,,,,,,,
211,case_25,2024-04-10 22:18:27.876237,complete,Release A,positive,E,,,,,,,,,,,,,,,,,,,,,,,,,,,
212,case_25,2024-04-10 23:30:22.876237,complete,Admission NC,positive,J,,,,,,,,,,,,,,,,,,,,,,,,,,,
213,case_26,2024-04-10 15:37:48.876237,complete,Admission NC,positive,J,,,,,,,,,,,,,,,,,,,,,,,,,,,
214,case_26,2024-04-10 16:56:28.876237,complete,ER Triage,positive,C,,HE,24.0,,,,,,,,,,,,,,,,,,,,,,,,
215,case_26,2024-04-10 18:19:44.876237,complete,LacticAcid,positive,M,8.0,,,,,,,,,,,,,,,,,,,,,,,,,,
216,case_26,2024-04-10 18:47:44.876237,complete,Leucocytes,positive,U,,YA,27.0,170.0,,,,,,,,,,,,,,,,,,,,,,,
217,case_26,2024-04-10 20:05:03.876237,complete,Admission NC,positive,J,,,,,,,,,,,,,,,,,,,,,,,,,,,
218,case_26,2024-04-10 21:23:49.876237,complete,Admission IC,positive,H,,,,,,,,,,,,,,,,,,,,,,,,,,,
219,case_26,2024-04-10 22:07:44.876237,complete,Return ER,positive,?,,,,,,,,,,,,,,,,,,,,,,,,,,,
220,case_26,2024-04-10 23:29:46.876237,complete,Return ER,positive,G,,,,,,,,,,,,,,,,,,,,,,,,,,,
221,case_27,2024-04-10 15:56:03.876237,complete,Admission NC,positive,J,,,,,,,,,,,,,,,,,,,,,,,,,,,
222,case_27,2024-04-10 16:48:53.876237,complete,Admission NC,positive,Y,,,,,,,,,,,,,,,,,,,,,,,,,,,
223,case_27,2024-04-10 18:27:08.876237,complete,ER Triage,positive,C,,HE,90.0,,,,,,,,,,,,,,,,,,,,,,,,
224,case_27,2024-04-10 19:07:07.876237,complete,ER Triage,positive,Y,,HE,90.0,,,,,,,,,,,,,,,,,,,,,,,,
225,case_27,2024-04-10 20:03:05.876237,complete,ER Triage,positive,C,,HE,90.0,,,,,,,,,,,,,,,,,,,,,,,,
226,case_28,2024-04-10 15:41:06.876237,complete,IV Liquid,positive,P,,YD,27.0,,,,,,,,,,,,,,,,,,,,,,,,
227,case_28,2024-04-10 17:13:58.876237,complete,Admission NC,positive,J,,,,,,,,,,,,,,,,,,,,,,,,,,,
228,case_28,2024-04-10 18:01:34.876237,complete,LacticAcid,positive,K,8.0,,,,,,,,,,,,,,,,,,,,,,,,,,
229,case_28,2024-04-10 19:17:20.876237,complete,Leucocytes,positive,E,,QB,23.0,170.0,,,,,,,,,,,,,,,,,,,,,,,
230,case_28,2024-04-10 20:29:39.876237,complete,Admission NC,positive,F,,,,,,,,,,,,,,,,,,,,,,,,,,,
231,case_29,2024-04-10 16:15:30.876237,complete,Release B,positive,E,,,,,,,,,,,,,,,,,,,,,,,,,,,
232,case_29,2024-04-10 16:57:19.876237,complete,LacticAcid,positive,J,40.0,,,,,,,,,,,,,,,,,,,,,,,,,,
233,case_29,2024-04-10 17:56:46.876237,complete,ER Registration,positive,K,,QC,42.0,,false,false,true,false,true,false,false,true,true,false,true,true,false,false,true,true,false,true,true,true,false,false,
234,case_29,2024-04-10 18:41:45.876237,complete,Admission NC,positive,J,,,,,,,,,,,,,,,,,,,,,,,,,,,
235,case_29,2024-04-10 20:24:51.876237,complete,Admission NC,positive,F,,,,,,,,,,,,,,,,,,,,,,,,,,,
