,case:concept:name,time:timestamp,lifecycle:transition,concept:name,case:label,org:group,Diagnose,Age,Leucocytes,CRP,InfectionSuspected,DiagnosticBlood,DisfuncOrg,SIRSCritTachypnea,Hypotensie,SIRSCritHeartRate,Infusion,DiagnosticArtAstrup,DiagnosticIC,DiagnosticSputum,DiagnosticLiquor,DiagnosticOther,SIRSCriteria2OrMore,DiagnosticXthorax,SIRSCritTemperature,DiagnosticUrinaryCulture,SIRSCritLeucos,Oligurie,DiagnosticLacticAcid,Hypoxie,DiagnosticUrinarySediment,DiagnosticECG,LacticAcid
0,case_0,2024-04-10 15:53:00.764585,complete,Leucocytes,positive,I,YC,82.0,512.0,,,,,,,,,,,,,,,,,,,,,,,,
1,case_0,2024-04-10 17:30:05.764585,complete,Leucocytes,positive,I,YC,67.0,2981.0,,,,,,,,,,,,,,,,,,,,,,,,
2,case_0,2024-04-10 18:25:16.764585,complete,CRP,positive,I,YD,21.0,,50.0,,,,,,,,,,,,,,,,,,,,,,,
3,case_0,2024-04-10 18:57:28.764585,complete,Leucocytes,positive,I,YA,20.0,138.0,,,,,,,,,,,,,,,,,,,,,,,,
4,case_0,2024-04-10 19:54:12.764585,complete,Leucocytes,positive,I,YA,20.0,138.0,,,,,,,,,,,,,,,,,,,,,,,,
5,case_0,2024-04-10 21:35:35.764585,complete,CRP,positive,L,YC,21.0,,53.0,,,,,,,,,,,,,,,,,,,,,,,
6,case_0,2024-04-10 22:28:53.764585,complete,Admission NC,positive,L,,,,,,,,,,,,,,,,,,,,,,,,,,,
7,case_0,2024-04-10 23:32:48.764585,complete,Leucocytes,positive,L,YB,20.0,2198.0,,,,,,,,,,,,,,,,,,,,,,,,
8,case_0,2024-04-11 00:01:15.764585,complete,Admission NC,positive,F,,,,,,,,,,,,,,,,,,,,,,,,,,,
9,case_1,2024-04-10 16:01:16.764585,complete,CRP,positive,K,YB,82.0,,4215.0,,,,,,,,,,,,,,,,,,,,,,,
10,case_1,2024-04-10 17:14:26.764585,complete,CRP,positive,?,YC,22.0,,50.0,,,,,,,,,,,,,,,,,,,,,,,
11,case_1,2024-04-10 18:07:28.764585,complete,Leucocytes,positive,I,YD,20.0,138.0,,,,,,,,,,,,,,,,,,,,,,,,
12,case_1,2024-04-10 18:56:37.764585,complete,CRP,positive,I,YB,21.0,,50.0,,,,,,,,,,,,,,,,,,,,,,,
13,case_1,2024-04-10 20:32:21.764585,complete,Leucocytes,positive,I,YA,20.0,138.0,,,,,,,,,,,,,,,,,,,,,,,,
14,case_1,2024-04-10 20:39:09.764585,complete,Admission NC,positive,F,,,,,,,,,,,,,,,,,,,,,,,,,,,
15,case_1,2024-04-10 22:25:32.764585,complete,CRP,positive,I,YA,88.0,,52.0,,,,,,,,,,,,,,,,,,,,,,,
16,case_1,2024-04-10 23:10:05.764585,complete,Admission NC,positive,L,,,,,,,,,,,,,,,,,,,,,,,,,,,
17,case_1,2024-04-11 00:18:16.764585,complete,CRP,positive,E,HE,20.0,,2218.0,,,,,,,,,,,,,,,,,,,,,,,
18,case_2,2024-04-10 15:40:53.764585,complete,CRP,positive,K,YA,20.0,,2973.0,,,,,,,,,,,,,,,,,,,,,,,
19,case_2,2024-04-10 16:52:01.764585,complete,CRP,positive,J,YA,20.0,,5191.0,,,,,,,,,,,,,,,,,,,,,,,
20,case_2,2024-04-10 18:23:26.764585,complete,Leucocytes,positive,K,YC,24.0,138.0,,,,,,,,,,,,,,,,,,,,,,,,
21,case_2,2024-04-10 18:59:44.764585,complete,CRP,positive,L,YA,27.0,,5650.0,,,,,,,,,,,,,,,,,,,,,,,
22,case_2,2024-04-10 20:21:48.764585,complete,IV Antibiotics,positive,L,,,,,,,,,,,,,,,,,,,,,,,,,,,
23,case_2,2024-04-10 20:47:36.764585,complete,CRP,positive,L,YA,22.0,,681.0,,,,,,,,,,,,,,,,,,,,,,,
24,case_2,2024-04-10 22:14:31.764585,complete,Admission NC,positive,F,,,,,,,,,,,,,,,,,,,,,,,,,,,
25,case_2,2024-04-10 23:13:20.764585,complete,Admission NC,positive,F,,,,,,,,,,,,,,,,,,,,,,,,,,,
26,case_2,2024-04-11 00:10:19.764585,complete,IV Antibiotics,positive,L,,,,,,,,,,,,,,,,,,,,,,,,,,,
27,case_3,2024-04-10 16:22:43.764585,complete,CRP,positive,K,QA,90.0,,50.0,,,,,,,,,,,,,,,,,,,,,,,
28,case_3,2024-04-10 17:12:28.764585,complete,Leucocytes,positive,K,YC,22.0,138.0,,,,,,,,,,,,,,,,,,,,,,,,
29,case_3,2024-04-10 17:51:53.764585,complete,Admission NC,positive,F,,,,,,,,,,,,,,,,,,,,,,,,,,,
30,case_3,2024-04-10 19:14:22.764585,complete,CRP,positive,I,UB,20.0,,2856.0,,,,,,,,,,,,,,,,,,,,,,,
31,case_3,2024-04-10 19:52:09.764585,complete,Leucocytes,positive,I,HE,21.0,2032.0,,,,,,,,,,,,,,,,,,,,,,,,
32,case_3,2024-04-10 20:54:37.764585,complete,Admission NC,positive,J,,,,,,,,,,,,,,,,,,,,,,,,,,,
33,case_3,2024-04-10 21:48:45.764585,complete,IV Antibiotics,positive,L,,,,,,,,,,,,,,,,,,,,,,,,,,,
34,case_3,2024-04-10 23:14:55.764585,complete,IV Antibiotics,positive,L,,,,,,,,,,,,,,,,,,,,,,,,,,,
35,case_3,2024-04-11 00:16:54.764585,complete,Leucocytes,positive,L,HE,20.0,139.0,,,,,,,,,,,,,,,,,,,,,,,,
36,case_4,2024-04-10 15:44:04.764585,complete,CRP,positive,E,YA,23.0,,51.0,,,,,,,,,,,,,,,,,,,,,,,
37,case_4,2024-04-10 17:13:43.764585,complete,Leucocytes,positive,K,QA,24.0,139.0,,,,,,,,,,,,,,,,,,,,,,,,
38,case_4,2024-04-10 18:32:33.764585,complete,Leucocytes,positive,I,YC,20.0,201.0,,,,,,,,,,,,,,,,,,,,,,,,
39,case_4,2024-04-10 19:13:08.764585,complete,CRP,positive,I,YA,29.0,,50.0,,,,,,,,,,,,,,,,,,,,,,,
40,case_4,2024-04-10 20:12:25.764585,complete,ER Registration,positive,I,YA,20.0,,,false,false,false,false,false,true,false,true,false,true,false,false,false,true,true,true,true,false,true,false,false,true,
41,case_4,2024-04-10 21:24:21.764585,complete,Leucocytes,positive,J,YA,20.0,1678.0,,,,,,,,,,,,,,,,,,,,,,,,
42,case_4,2024-04-10 22:35:34.764585,complete,Admission NC,positive,J,,,,,,,,,,,,,,,,,,,,,,,,,,,
43,case_4,2024-04-10 23:25:03.764585,complete,Leucocytes,positive,K,HD,20.0,2198.0,,,,,,,,,,,,,,,,,,,,,,,,
44,case_4,2024-04-11 00:16:12.764585,complete,Admission NC,positive,J,,,,,,,,,,,,,,,,,,,,,,,,,,,
45,case_5,2024-04-10 16:17:04.764585,complete,CRP,positive,K,YB,20.0,,51.0,,,,,,,,,,,,,,,,,,,,,,,
46,case_5,2024-04-10 17:27:54.764585,complete,Admission NC,positive,L,,,,,,,,,,,,,,,,,,,,,,,,,,,
47,case_5,2024-04-10 17:41:18.764585,complete,Admission NC,positive,F,,,,,,,,,,,,,,,,,,,,,,,,,,,
48,case_5,2024-04-10 19:11:18.764585,complete,LacticAcid,positive,?,,,,,,,,,,,,,,,,,,,,,,,,,,,2.0
49,case_5,2024-04-10 19:37:08.764585,complete,Leucocytes,positive,L,YA,24.0,139.0,,,,,,,,,,,,,,,,,,,,,,,,
50,case_5,2024-04-10 20:58:29.764585,complete,CRP,positive,?,QA,24.0,,4827.0,,,,,,,,,,,,,,,,,,,,,,,
51,case_5,2024-04-10 21:51:50.764585,complete,Leucocytes,positive,I,HE,20.0,138.0,,,,,,,,,,,,,,,,,,,,,,,,
52,case_5,2024-04-10 23:19:19.764585,complete,CRP,positive,I,HB,20.0,,3240.0,,,,,,,,,,,,,,,,,,,,,,,
53,case_5,2024-04-11 00:06:01.764585,complete,CRP,positive,J,HD,20.0,,3302.0,,,,,,,,,,,,,,,,,,,,,,,
54,case_6,2024-04-10 16:18:09.764585,complete,CRP,positive,K,YA,21.0,,50.0,,,,,,,,,,,,,,,,,,,,,,,
55,case_6,2024-04-10 17:33:34.764585,complete,Admission NC,positive,E,,,,,,,,,,,,,,,,,,,,,,,,,,,
56,case_6,2024-04-10 18:10:24.764585,complete,Admission NC,positive,F,,,,,,,,,,,,,,,,,,,,,,,,,,,
57,case_6,2024-04-10 19:03:56.764585,complete,LacticAcid,positive,L,,,,,,,,,,,,,,,,,,,,,,,,,,,2.0
58,case_6,2024-04-10 20:16:33.764585,complete,Leucocytes,positive,J,YC,20.0,2032.0,,,,,,,,,,,,,,,,,,,,,,,,
59,case_6,2024-04-10 21:07:12.764585,complete,Leucocytes,positive,L,HE,20.0,2891.0,,,,,,,,,,,,,,,,,,,,,,,,
60,case_6,2024-04-10 22:24:20.764585,complete,Leucocytes,positive,I,HE,20.0,138.0,,,,,,,,,,,,,,,,,,,,,,,,
61,case_6,2024-04-10 23:30:10.764585,complete,LacticAcid,positive,I,,,,,,,,,,,,,,,,,,,,,,,,,,,7.0
62,case_6,2024-04-11 00:09:43.764585,complete,Leucocytes,positive,L,X,83.0,140.0,,,,,,,,,,,,,,,,,,,,,,,,
63,case_7,2024-04-10 16:15:21.764585,complete,CRP,positive,A,YD,21.0,,50.0,,,,,,,,,,,,,,,,,,,,,,,
64,case_7,2024-04-10 17:15:43.764585,complete,Admission NC,positive,F,,,,,,,,,,,,,,,,,,,,,,,,,,,
65,case_7,2024-04-10 18:13:36.764585,complete,CRP,positive,K,YB,24.0,,53.0,,,,,,,,,,,,,,,,,,,,,,,
66,case_7,2024-04-10 18:54:57.764585,complete,Admission NC,positive,F,,,,,,,,,,,,,,,,,,,,,,,,,,,
67,case_7,2024-04-10 20:34:42.764585,complete,CRP,positive,I,HE,21.0,,3192.0,,,,,,,,,,,,,,,,,,,,,,,
68,case_7,2024-04-10 20:50:13.764585,complete,CRP,positive,L,HE,20.0,,4827.0,,,,,,,,,,,,,,,,,,,,,,,
69,case_7,2024-04-10 22:14:27.764585,complete,Release B,positive,E,,,,,,,,,,,,,,,,,,,,,,,,,,,
70,case_7,2024-04-10 22:52:32.764585,complete,Release B,positive,E,,,,,,,,,,,,,,,,,,,,,,,,,,,
71,case_7,2024-04-10 23:40:24.764585,complete,CRP,positive,J,HD,20.0,,50.0,,,,,,,,,,,,,,,,,,,,,,,
72,case_8,2024-04-10 16:27:46.764585,complete,CRP,positive,K,YA,20.0,,50.0,,,,,,,,,,,,,,,,,,,,,,,
73,case_8,2024-04-10 17:24:43.764585,complete,CRP,positive,J,YA,20.0,,99.0,,,,,,,,,,,,,,,,,,,,,,,
74,case_8,2024-04-10 17:53:15.764585,complete,CRP,positive,K,YC,88.0,,5664.0,,,,,,,,,,,,,,,,,,,,,,,
75,case_8,2024-04-10 19:30:27.764585,complete,CRP,positive,I,P,21.0,,51.0,,,,,,,,,,,,,,,,,,,,,,,
76,case_8,2024-04-10 19:59:17.764585,complete,Admission NC,positive,F,,,,,,,,,,,,,,,,,,,,,,,,,,,
77,case_8,2024-04-10 21:17:28.764585,complete,Admission NC,positive,F,,,,,,,,,,,,,,,,,,,,,,,,,,,
78,case_9,2024-04-10 16:16:32.764585,complete,CRP,positive,E,YA,22.0,,52.0,,,,,,,,,,,,,,,,,,,,,,,
79,case_9,2024-04-10 17:30:22.764585,complete,Admission NC,positive,F,,,,,,,,,,,,,,,,,,,,,,,,,,,
80,case_9,2024-04-10 17:53:03.764585,complete,CRP,positive,J,YA,20.0,,50.0,,,,,,,,,,,,,,,,,,,,,,,
81,case_9,2024-04-10 19:33:38.764585,complete,Admission NC,positive,L,,,,,,,,,,,,,,,,,,,,,,,,,,,
82,case_9,2024-04-10 20:20:57.764585,complete,CRP,positive,I,YA,47.0,,50.0,,,,,,,,,,,,,,,,,,,,,,,
83,case_9,2024-04-10 21:34:34.764585,complete,Leucocytes,positive,L,HE,22.0,139.0,,,,,,,,,,,,,,,,,,,,,,,,
84,case_10,2024-04-10 15:38:45.764585,complete,Admission NC,positive,F,,,,,,,,,,,,,,,,,,,,,,,,,,,
85,case_10,2024-04-10 17:18:15.764585,complete,Leucocytes,positive,B,YA,20.0,674.0,,,,,,,,,,,,,,,,,,,,,,,,
86,case_10,2024-04-10 18:04:53.764585,complete,CRP,positive,K,YB,20.0,,3567.0,,,,,,,,,,,,,,,,,,,,,,,
87,case_10,2024-04-10 19:32:02.764585,complete,Admission NC,positive,F,,,,,,,,,,,,,,,,,,,,,,,,,,,
88,case_10,2024-04-10 19:41:25.764585,complete,CRP,positive,J,YA,22.0,,50.0,,,,,,,,,,,,,,,,,,,,,,,
89,case_10,2024-04-10 20:42:37.764585,complete,Leucocytes,positive,J,HE,40.0,138.0,,,,,,,,,,,,,,,,,,,,,,,,
90,case_11,2024-04-10 15:52:59.764585,complete,Admission NC,positive,J,,,,,,,,,,,,,,,,,,,,,,,,,,,
91,case_11,2024-04-10 17:14:11.764585,complete,Leucocytes,positive,L,YA,20.0,674.0,,,,,,,,,,,,,,,,,,,,,,,,
92,case_11,2024-04-10 17:51:49.764585,complete,CRP,positive,K,YA,20.0,,3567.0,,,,,,,,,,,,,,,,,,,,,,,
93,case_11,2024-04-10 18:53:33.764585,complete,Admission NC,positive,J,,,,,,,,,,,,,,,,,,,,,,,,,,,
94,case_11,2024-04-10 19:49:39.764585,complete,CRP,positive,K,YC,21.0,,50.0,,,,,,,,,,,,,,,,,,,,,,,
95,case_11,2024-04-10 21:17:34.764585,complete,Leucocytes,positive,E,QA,27.0,138.0,,,,,,,,,,,,,,,,,,,,,,,,
96,case_12,2024-04-10 16:09:54.764585,complete,CRP,positive,K,YA,20.0,,50.0,,,,,,,,,,,,,,,,,,,,,,,
97,case_12,2024-04-10 16:56:14.764585,complete,CRP,positive,J,YA,20.0,,99.0,,,,,,,,,,,,,,,,,,,,,,,
98,case_12,2024-04-10 18:35:05.764585,complete,Admission NC,positive,F,,,,,,,,,,,,,,,,,,,,,,,,,,,
99,case_12,2024-04-10 19:11:52.764585,complete,CRP,positive,K,YC,21.0,,51.0,,,,,,,,,,,,,,,,,,,,,,,
100,case_12,2024-04-10 19:43:59.764585,complete,CRP,positive,L,QA,27.0,,51.0,,,,,,,,,,,,,,,,,,,,,,,
101,case_12,2024-04-10 21:27:13.764585,complete,Admission NC,positive,F,,,,,,,,,,,,,,,,,,,,,,,,,,,
102,case_13,2024-04-10 16:34:43.764585,complete,CRP,positive,K,YA,20.0,,50.0,,,,,,,,,,,,,,,,,,,,,,,
103,case_13,2024-04-10 16:45:04.764585,complete,Admission NC,positive,L,,,,,,,,,,,,,,,,,,,,,,,,,,,
104,case_13,2024-04-10 18:15:34.764585,complete,CRP,positive,K,YA,20.0,,3567.0,,,,,,,,,,,,,,,,,,,,,,,
105,case_13,2024-04-10 19:11:42.764585,complete,CRP,positive,L,YB,28.0,,50.0,,,,,,,,,,,,,,,,,,,,,,,
106,case_13,2024-04-10 19:43:34.764585,complete,Leucocytes,positive,J,YD,21.0,138.0,,,,,,,,,,,,,,,,,,,,,,,,
107,case_13,2024-04-10 21:23:56.764585,complete,Admission NC,positive,F,,,,,,,,,,,,,,,,,,,,,,,,,,,
108,case_14,2024-04-10 15:49:34.764585,complete,CRP,positive,L,YB,44.0,,2137.0,,,,,,,,,,,,,,,,,,,,,,,
109,case_14,2024-04-10 16:58:52.764585,complete,Leucocytes,positive,J,YA,20.0,138.0,,,,,,,,,,,,,,,,,,,,,,,,
110,case_14,2024-04-10 18:13:59.764585,complete,CRP,positive,J,YB,37.0,,50.0,,,,,,,,,,,,,,,,,,,,,,,
111,case_14,2024-04-10 19:16:01.764585,complete,Admission NC,positive,L,,,,,,,,,,,,,,,,,,,,,,,,,,,
112,case_14,2024-04-10 20:22:25.764585,complete,Admission NC,positive,L,,,,,,,,,,,,,,,,,,,,,,,,,,,
113,case_15,2024-04-10 16:08:48.764585,complete,Leucocytes,positive,L,YA,44.0,636.0,,,,,,,,,,,,,,,,,,,,,,,,
114,case_15,2024-04-10 17:32:34.764585,complete,Admission NC,positive,L,,,,,,,,,,,,,,,,,,,,,,,,,,,
115,case_15,2024-04-10 18:07:50.764585,complete,CRP,positive,I,YA,37.0,,1862.0,,,,,,,,,,,,,,,,,,,,,,,
116,case_15,2024-04-10 18:38:39.764585,complete,Admission NC,positive,F,,,,,,,,,,,,,,,,,,,,,,,,,,,
117,case_15,2024-04-10 20:13:13.764585,complete,CRP,positive,E,YA,20.0,,4005.0,,,,,,,,,,,,,,,,,,,,,,,
118,case_16,2024-04-10 16:14:07.764585,complete,CRP,positive,L,YB,44.0,,2137.0,,,,,,,,,,,,,,,,,,,,,,,
119,case_16,2024-04-10 17:22:55.764585,complete,Leucocytes,positive,L,YA,20.0,138.0,,,,,,,,,,,,,,,,,,,,,,,,
120,case_16,2024-04-10 18:26:09.764585,complete,CRP,positive,J,YB,37.0,,50.0,,,,,,,,,,,,,,,,,,,,,,,
121,case_16,2024-04-10 18:49:29.764585,complete,Admission NC,positive,L,,,,,,,,,,,,,,,,,,,,,,,,,,,
122,case_16,2024-04-10 20:03:12.764585,complete,Admission NC,positive,L,,,,,,,,,,,,,,,,,,,,,,,,,,,
123,case_17,2024-04-10 15:43:14.764585,complete,CRP,positive,J,YA,44.0,,2137.0,,,,,,,,,,,,,,,,,,,,,,,
124,case_17,2024-04-10 16:50:27.764585,complete,Leucocytes,positive,L,YC,20.0,138.0,,,,,,,,,,,,,,,,,,,,,,,,
125,case_17,2024-04-10 17:53:48.764585,complete,Admission NC,positive,L,,,,,,,,,,,,,,,,,,,,,,,,,,,
126,case_17,2024-04-10 19:04:22.764585,complete,CRP,positive,J,YA,30.0,,1873.0,,,,,,,,,,,,,,,,,,,,,,,
127,case_17,2024-04-10 20:33:27.764585,complete,Admission NC,positive,L,,,,,,,,,,,,,,,,,,,,,,,,,,,
128,case_18,2024-04-10 15:42:32.764585,complete,IV Antibiotics,positive,L,,,,,,,,,,,,,,,,,,,,,,,,,,,
129,case_18,2024-04-10 17:09:21.764585,complete,ER Sepsis Triage,positive,L,YA,20.0,,,,,,,,,,,,,,,,,,,,,,,,,
130,case_18,2024-04-10 18:13:08.764585,complete,IV Antibiotics,positive,L,,,,,,,,,,,,,,,,,,,,,,,,,,,
131,case_18,2024-04-10 19:17:02.764585,complete,Leucocytes,positive,K,YB,20.0,138.0,,,,,,,,,,,,,,,,,,,,,,,,
132,case_18,2024-04-10 20:11:20.764585,complete,Admission NC,positive,J,,,,,,,,,,,,,,,,,,,,,,,,,,,
133,case_18,2024-04-10 21:14:02.764585,complete,IV Antibiotics,positive,L,,,,,,,,,,,,,,,,,,,,,,,,,,,
134,case_18,2024-04-10 22:03:48.764585,complete,Admission NC,positive,L,,,,,,,,,,,,,,,,,,,,,,,,,,,
135,case_19,2024-04-10 15:51:47.764585,complete,IV Antibiotics,positive,L,,,,,,,,,,,,,,,,,,,,,,,,,,,
136,case_19,2024-04-10 16:58:09.764585,complete,ER Sepsis Triage,positive,L,YA,21.0,,,,,,,,,,,,,,,,,,,,,,,,,
137,case_19,2024-04-10 17:56:13.764585,complete,IV Antibiotics,positive,L,,,,,,,,,,,,,,,,,,,,,,,,,,,
138,case_19,2024-04-10 19:00:11.764585,complete,IV Antibiotics,positive,L,,,,,,,,,,,,,,,,,,,,,,,,,,,
139,case_19,2024-04-10 20:19:56.764585,complete,Admission NC,positive,J,,,,,,,,,,,,,,,,,,,,,,,,,,,
140,case_19,2024-04-10 21:15:07.764585,complete,CRP,positive,L,YB,21.0,,5651.0,,,,,,,,,,,,,,,,,,,,,,,
141,case_19,2024-04-10 22:20:42.768927,complete,Admission NC,positive,L,,,,,,,,,,,,,,,,,,,,,,,,,,,
142,case_20,2024-04-10 15:40:42.768927,complete,Leucocytes,positive,E,YB,24.0,3611.0,,,,,,,,,,,,,,,,,,,,,,,,
143,case_20,2024-04-10 17:19:11.768927,complete,Admission NC,positive,L,,,,,,,,,,,,,,,,,,,,,,,,,,,
144,case_20,2024-04-10 18:33:54.768927,complete,CRP,positive,K,YA,20.0,,50.0,,,,,,,,,,,,,,,,,,,,,,,
145,case_20,2024-04-10 19:12:56.768963,complete,CRP,positive,A,YA,22.0,,1715.0,,,,,,,,,,,,,,,,,,,,,,,
146,case_20,2024-04-10 20:12:31.768963,complete,Admission NC,positive,F,,,,,,,,,,,,,,,,,,,,,,,,,,,
147,case_20,2024-04-10 21:08:16.768963,complete,Leucocytes,positive,L,YC,20.0,57.0,,,,,,,,,,,,,,,,,,,,,,,,
148,case_20,2024-04-10 22:33:45.768963,complete,CRP,positive,K,HE,20.0,,2812.0,,,,,,,,,,,,,,,,,,,,,,,
149,case_21,2024-04-10 16:06:13.768963,complete,Leucocytes,positive,K,YA,20.0,3611.0,,,,,,,,,,,,,,,,,,,,,,,,
150,case_21,2024-04-10 16:40:48.768963,complete,Leucocytes,positive,K,YA,90.0,1443.0,,,,,,,,,,,,,,,,,,,,,,,,
151,case_21,2024-04-10 17:55:57.768963,complete,CRP,positive,K,YC,89.0,,50.0,,,,,,,,,,,,,,,,,,,,,,,
152,case_21,2024-04-10 18:50:59.768963,complete,CRP,positive,I,QA,27.0,,3671.0,,,,,,,,,,,,,,,,,,,,,,,
153,case_21,2024-04-10 19:59:14.768963,complete,CRP,positive,I,YA,21.0,,50.0,,,,,,,,,,,,,,,,,,,,,,,
154,case_21,2024-04-10 21:24:48.768963,complete,Admission NC,positive,F,,,,,,,,,,,,,,,,,,,,,,,,,,,
155,case_21,2024-04-10 22:33:38.768963,complete,Admission NC,positive,F,,,,,,,,,,,,,,,,,,,,,,,,,,,
156,case_22,2024-04-10 16:03:57.768963,complete,Admission NC,positive,F,,,,,,,,,,,,,,,,,,,,,,,,,,,
157,case_22,2024-04-10 16:52:40.768963,complete,CRP,positive,J,YB,24.0,,50.0,,,,,,,,,,,,,,,,,,,,,,,
158,case_22,2024-04-10 17:48:39.768963,complete,Admission NC,positive,A,,,,,,,,,,,,,,,,,,,,,,,,,,,
159,case_22,2024-04-10 19:08:50.768963,complete,CRP,positive,K,YA,21.0,,1715.0,,,,,,,,,,,,,,,,,,,,,,,
160,case_22,2024-04-10 20:08:03.768963,complete,CRP,positive,A,YC,90.0,,50.0,,,,,,,,,,,,,,,,,,,,,,,
161,case_22,2024-04-10 20:38:28.768963,complete,Leucocytes,positive,L,YC,22.0,57.0,,,,,,,,,,,,,,,,,,,,,,,,
162,case_22,2024-04-10 22:08:20.768963,complete,CRP,positive,K,HE,20.0,,2812.0,,,,,,,,,,,,,,,,,,,,,,,
163,case_23,2024-04-10 15:53:42.768963,complete,CRP,positive,E,YA,20.0,,50.0,,,,,,,,,,,,,,,,,,,,,,,
164,case_23,2024-04-10 17:10:53.768963,complete,CRP,positive,J,YA,20.0,,2662.0,,,,,,,,,,,,,,,,,,,,,,,
165,case_23,2024-04-10 17:39:29.768963,complete,CRP,positive,K,YA,22.0,,50.0,,,,,,,,,,,,,,,,,,,,,,,
166,case_23,2024-04-10 19:06:53.768963,complete,CRP,positive,L,QA,27.0,,2925.0,,,,,,,,,,,,,,,,,,,,,,,
167,case_23,2024-04-10 20:12:45.768963,complete,CRP,positive,L,YA,21.0,,51.0,,,,,,,,,,,,,,,,,,,,,,,
168,case_23,2024-04-10 21:17:00.768963,complete,Admission NC,positive,F,,,,,,,,,,,,,,,,,,,,,,,,,,,
169,case_23,2024-04-10 21:56:05.768963,complete,Admission NC,positive,F,,,,,,,,,,,,,,,,,,,,,,,,,,,
170,case_24,2024-04-10 15:44:49.768963,complete,CRP,positive,E,YA,20.0,,51.0,,,,,,,,,,,,,,,,,,,,,,,
171,case_24,2024-04-10 16:42:00.768963,complete,Admission NC,positive,F,,,,,,,,,,,,,,,,,,,,,,,,,,,
172,case_24,2024-04-10 17:39:01.768963,complete,CRP,positive,L,YD,20.0,,50.0,,,,,,,,,,,,,,,,,,,,,,,
173,case_24,2024-04-10 19:35:39.768963,complete,CRP,positive,?,YD,21.0,,5131.0,,,,,,,,,,,,,,,,,,,,,,,
174,case_24,2024-04-10 20:02:22.768963,complete,CRP,positive,I,YD,20.0,,4119.0,,,,,,,,,,,,,,,,,,,,,,,
175,case_24,2024-04-10 21:26:25.768963,complete,CRP,positive,L,OA,23.0,,51.0,,,,,,,,,,,,,,,,,,,,,,,
176,case_24,2024-04-10 22:14:50.768963,complete,CRP,positive,I,HE,21.0,,4054.0,,,,,,,,,,,,,,,,,,,,,,,
177,case_24,2024-04-10 23:13:33.768963,complete,Leucocytes,positive,L,GB,20.0,138.0,,,,,,,,,,,,,,,,,,,,,,,,
178,case_24,2024-04-11 00:33:51.768963,complete,CRP,positive,I,HE,20.0,,53.0,,,,,,,,,,,,,,,,,,,,,,,
179,case_24,2024-04-11 00:59:51.768963,complete,Admission NC,positive,L,,,,,,,,,,,,,,,,,,,,,,,,,,,
180,case_25,2024-04-10 15:37:15.768963,complete,Leucocytes,positive,J,YA,20.0,1601.0,,,,,,,,,,,,,,,,,,,,,,,,
181,case_25,2024-04-10 16:56:32.768963,complete,Admission NC,positive,J,,,,,,,,,,,,,,,,,,,,,,,,,,,
182,case_25,2024-04-10 18:19:21.768963,complete,CRP,positive,I,YA,20.0,,52.0,,,,,,,,,,,,,,,,,,,,,,,
183,case_25,2024-04-10 19:30:03.768963,complete,CRP,positive,I,YA,90.0,,50.0,,,,,,,,,,,,,,,,,,,,,,,
184,case_25,2024-04-10 20:22:54.768963,complete,Leucocytes,positive,I,YC,88.0,3499.0,,,,,,,,,,,,,,,,,,,,,,,,
185,case_25,2024-04-10 20:57:21.768963,complete,CRP,positive,I,YA,21.0,,51.0,,,,,,,,,,,,,,,,,,,,,,,
186,case_25,2024-04-10 21:41:15.768963,complete,CRP,positive,I,YA,20.0,,50.0,,,,,,,,,,,,,,,,,,,,,,,
187,case_25,2024-04-10 22:51:34.768963,complete,CRP,positive,I,GC,88.0,,4422.0,,,,,,,,,,,,,,,,,,,,,,,
188,case_25,2024-04-10 23:48:21.768963,complete,Admission NC,positive,F,,,,,,,,,,,,,,,,,,,,,,,,,,,
189,case_25,2024-04-11 01:00:14.768963,complete,CRP,positive,L,YB,87.0,,51.0,,,,,,,,,,,,,,,,,,,,,,,
190,case_26,2024-04-10 15:36:20.768963,complete,LacticAcid,positive,L,,,,,,,,,,,,,,,,,,,,,,,,,,,2.0
191,case_26,2024-04-10 17:12:34.768963,complete,Leucocytes,positive,L,YA,20.0,331.0,,,,,,,,,,,,,,,,,,,,,,,,
192,case_26,2024-04-10 18:22:16.768963,complete,Release B,positive,E,,,,,,,,,,,,,,,,,,,,,,,,,,,
193,case_26,2024-04-10 18:47:41.768963,complete,Release B,positive,E,,,,,,,,,,,,,,,,,,,,,,,,,,,
194,case_26,2024-04-10 20:01:26.768963,complete,CRP,positive,L,QA,21.0,,1040.0,,,,,,,,,,,,,,,,,,,,,,,
195,case_26,2024-04-10 21:13:33.768963,complete,Admission NC,positive,F,,,,,,,,,,,,,,,,,,,,,,,,,,,
196,case_26,2024-04-10 21:58:43.768963,complete,Admission NC,positive,J,,,,,,,,,,,,,,,,,,,,,,,,,,,
197,case_26,2024-04-10 22:43:49.768963,complete,Release B,positive,E,,,,,,,,,,,,,,,,,,,,,,,,,,,
198,case_27,2024-04-10 16:10:30.768963,complete,Leucocytes,positive,K,YA,20.0,446.0,,,,,,,,,,,,,,,,,,,,,,,,
199,case_27,2024-04-10 17:19:50.768963,complete,Leucocytes,positive,K,YB,20.0,2212.0,,,,,,,,,,,,,,,,,,,,,,,,
200,case_27,2024-04-10 17:50:28.768963,complete,Admission NC,positive,F,,,,,,,,,,,,,,,,,,,,,,,,,,,
201,case_27,2024-04-10 19:24:49.768963,complete,Leucocytes,positive,A,YC,23.0,138.0,,,,,,,,,,,,,,,,,,,,,,,,
202,case_27,2024-04-10 20:31:28.768963,complete,CRP,positive,J,YB,22.0,,3058.0,,,,,,,,,,,,,,,,,,,,,,,
203,case_27,2024-04-10 21:10:12.768963,complete,Leucocytes,positive,I,HE,87.0,138.0,,,,,,,,,,,,,,,,,,,,,,,,
204,case_27,2024-04-10 22:22:11.768963,complete,Leucocytes,positive,J,HE,21.0,3376.0,,,,,,,,,,,,,,,,,,,,,,,,
205,case_27,2024-04-10 23:24:14.768963,complete,Admission NC,positive,F,,,,,,,,,,,,,,,,,,,,,,,,,,,
206,case_28,2024-04-10 16:14:58.768963,complete,CRP,positive,K,YA,21.0,,50.0,,,,,,,,,,,,,,,,,,,,,,,
207,case_28,2024-04-10 16:54:37.768963,complete,Leucocytes,positive,I,YA,20.0,331.0,,,,,,,,,,,,,,,,,,,,,,,,
208,case_28,2024-04-10 18:16:40.768963,complete,CRP,positive,A,YC,22.0,,50.0,,,,,,,,,,,,,,,,,,,,,,,
209,case_28,2024-04-10 19:03:50.768963,complete,Leucocytes,positive,L,YA,21.0,138.0,,,,,,,,,,,,,,,,,,,,,,,,
210,case_28,2024-04-10 19:46:37.768963,complete,ER Registration,positive,J,YA,20.0,,,true,true,false,false,false,false,true,false,true,false,false,true,true,false,true,false,true,true,true,false,false,false,
211,case_28,2024-04-10 21:26:27.768963,complete,Admission NC,positive,F,,,,,,,,,,,,,,,,,,,,,,,,,,,
212,case_28,2024-04-10 21:41:44.768963,complete,Leucocytes,positive,I,YC,21.0,3376.0,,,,,,,,,,,,,,,,,,,,,,,,
213,case_28,2024-04-10 23:18:10.768963,complete,Admission NC,positive,F,,,,,,,,,,,,,,,,,,,,,,,,,,,
214,case_29,2024-04-10 15:46:29.768963,complete,Admission NC,positive,J,,,,,,,,,,,,,,,,,,,,,,,,,,,
215,case_29,2024-04-10 16:49:42.768963,complete,Leucocytes,positive,J,YA,24.0,3128.0,,,,,,,,,,,,,,,,,,,,,,,,
216,case_29,2024-04-10 17:41:03.768963,complete,LacticAcid,positive,J,,,,,,,,,,,,,,,,,,,,,,,,,,,2.0
217,case_29,2024-04-10 19:11:39.768963,complete,Leucocytes,positive,J,YB,21.0,3520.0,,,,,,,,,,,,,,,,,,,,,,,,
218,case_29,2024-04-10 20:01:52.768963,complete,Leucocytes,positive,I,YC,20.0,3160.0,,,,,,,,,,,,,,,,,,,,,,,,
219,case_29,2024-04-10 21:31:51.768963,complete,Leucocytes,positive,I,YA,88.0,138.0,,,,,,,,,,,,,,,,,,,,,,,,
220,case_29,2024-04-10 21:49:35.768963,complete,Admission NC,positive,F,,,,,,,,,,,,,,,,,,,,,,,,,,,
221,case_29,2024-04-10 22:58:33.768963,complete,Leucocytes,positive,I,V,28.0,2415.0,,,,,,,,,,,,,,,,,,,,,,,,
