,case:concept:name,time:timestamp,lifecycle:transition,concept:name,case:label,org:group,Diagnose,Age,CRP,InfectionSuspected,DiagnosticBlood,DisfuncOrg,SIRSCritTachypnea,Hypotensie,SIRSCritHeartRate,Infusion,DiagnosticArtAstrup,DiagnosticIC,DiagnosticSputum,DiagnosticLiquor,DiagnosticOther,SIRSCriteria2OrMore,DiagnosticXthorax,SIRSCritTemperature,DiagnosticUrinaryCulture,SIRSCritLeucos,Oligurie,DiagnosticLacticAcid,Hypoxie,DiagnosticUrinarySediment,DiagnosticECG,Leucocytes,LacticAcid
0,case_0,2024-04-10 16:23:07.987345,complete,Admission NC,positive,J,,,,,,,,,,,,,,,,,,,,,,,,,,,
1,case_0,2024-04-10 17:14:23.987345,complete,IV Antibiotics,positive,L,,,,,,,,,,,,,,,,,,,,,,,,,,,
2,case_0,2024-04-10 18:21:24.987345,complete,IV Antibiotics,positive,L,,,,,,,,,,,,,,,,,,,,,,,,,,,
3,case_0,2024-04-10 18:38:20.987345,complete,Admission NC,positive,F,,,,,,,,,,,,,,,,,,,,,,,,,,,
4,case_0,2024-04-10 19:56:42.987345,complete,Admission NC,positive,F,,,,,,,,,,,,,,,,,,,,,,,,,,,
5,case_1,2024-04-10 16:23:59.987345,complete,IV Antibiotics,positive,L,,,,,,,,,,,,,,,,,,,,,,,,,,,
6,case_1,2024-04-10 17:03:08.987345,complete,ER Sepsis Triage,positive,L,IE,30.0,,,,,,,,,,,,,,,,,,,,,,,,,
7,case_1,2024-04-10 18:07:51.987345,complete,IV Antibiotics,positive,L,,,,,,,,,,,,,,,,,,,,,,,,,,,
8,case_1,2024-04-10 18:57:00.987345,complete,Admission NC,positive,F,,,,,,,,,,,,,,,,,,,,,,,,,,,
9,case_1,2024-04-10 19:44:52.987345,complete,Admission NC,positive,F,,,,,,,,,,,,,,,,,,,,,,,,,,,
10,case_2,2024-04-10 16:04:05.987345,complete,IV Antibiotics,positive,L,,,,,,,,,,,,,,,,,,,,,,,,,,,
11,case_2,2024-04-10 16:58:13.987345,complete,ER Sepsis Triage,positive,L,ZA,32.0,,,,,,,,,,,,,,,,,,,,,,,,,
12,case_2,2024-04-10 18:10:49.987345,complete,IV Antibiotics,positive,L,,,,,,,,,,,,,,,,,,,,,,,,,,,
13,case_2,2024-04-10 19:24:52.987345,complete,Admission NC,positive,F,,,,,,,,,,,,,,,,,,,,,,,,,,,
14,case_2,2024-04-10 20:07:17.987345,complete,Admission NC,positive,F,,,,,,,,,,,,,,,,,,,,,,,,,,,
15,case_3,2024-04-10 16:30:46.987345,complete,Admission NC,positive,F,,,,,,,,,,,,,,,,,,,,,,,,,,,
16,case_3,2024-04-10 16:34:30.987345,complete,Admission NC,positive,F,,,,,,,,,,,,,,,,,,,,,,,,,,,
17,case_3,2024-04-10 17:51:45.987345,complete,IV Antibiotics,positive,L,,,,,,,,,,,,,,,,,,,,,,,,,,,
18,case_3,2024-04-10 19:24:51.987345,complete,CRP,positive,X,ZC,32.0,1560.0,,,,,,,,,,,,,,,,,,,,,,,,
19,case_3,2024-04-10 19:38:44.987345,complete,ER Sepsis Triage,positive,?,HE,90.0,,,,,,,,,,,,,,,,,,,,,,,,,
20,case_4,2024-04-10 16:28:25.987345,complete,Admission NC,positive,F,,,,,,,,,,,,,,,,,,,,,,,,,,,
21,case_4,2024-04-10 16:44:57.987345,complete,Admission NC,positive,F,,,,,,,,,,,,,,,,,,,,,,,,,,,
22,case_4,2024-04-10 17:44:52.987345,complete,Admission NC,positive,L,,,,,,,,,,,,,,,,,,,,,,,,,,,
23,case_4,2024-04-10 19:06:54.987345,complete,ER Sepsis Triage,positive,A,ZC,32.0,,,,,,,,,,,,,,,,,,,,,,,,,
24,case_4,2024-04-10 19:57:08.987345,complete,CRP,positive,C,GA,20.0,5721.0,,,,,,,,,,,,,,,,,,,,,,,,
25,case_5,2024-04-10 16:27:18.987345,complete,Release B,positive,E,,,,,,,,,,,,,,,,,,,,,,,,,,,
26,case_5,2024-04-10 16:57:19.987345,complete,Admission NC,positive,J,,,,,,,,,,,,,,,,,,,,,,,,,,,
27,case_5,2024-04-10 18:24:35.987345,complete,Admission IC,positive,J,,,,,,,,,,,,,,,,,,,,,,,,,,,
28,case_5,2024-04-10 19:03:05.987345,complete,Admission NC,positive,J,,,,,,,,,,,,,,,,,,,,,,,,,,,
29,case_5,2024-04-10 19:37:13.987345,complete,Admission NC,positive,J,,,,,,,,,,,,,,,,,,,,,,,,,,,
30,case_5,2024-04-10 20:57:50.987345,complete,Release B,positive,E,,,,,,,,,,,,,,,,,,,,,,,,,,,
31,case_5,2024-04-10 21:49:07.987345,complete,Admission NC,positive,K,,,,,,,,,,,,,,,,,,,,,,,,,,,
32,case_5,2024-04-10 23:29:25.987345,complete,Release B,positive,E,,,,,,,,,,,,,,,,,,,,,,,,,,,
33,case_5,2024-04-10 23:34:35.987345,complete,Admission NC,positive,F,,,,,,,,,,,,,,,,,,,,,,,,,,,
34,case_5,2024-04-11 01:22:57.987345,complete,ER Sepsis Triage,positive,Y,OB,89.0,,,,,,,,,,,,,,,,,,,,,,,,,
35,case_6,2024-04-10 15:38:18.987345,complete,Release B,positive,E,,,,,,,,,,,,,,,,,,,,,,,,,,,
36,case_6,2024-04-10 17:28:20.987345,complete,Admission NC,positive,J,,,,,,,,,,,,,,,,,,,,,,,,,,,
37,case_6,2024-04-10 17:38:10.987345,complete,Admission IC,positive,J,,,,,,,,,,,,,,,,,,,,,,,,,,,
38,case_6,2024-04-10 19:23:02.987345,complete,Admission NC,positive,J,,,,,,,,,,,,,,,,,,,,,,,,,,,
39,case_6,2024-04-10 20:01:12.987345,complete,Admission NC,positive,J,,,,,,,,,,,,,,,,,,,,,,,,,,,
40,case_6,2024-04-10 20:42:50.987345,complete,Return ER,positive,?,,,,,,,,,,,,,,,,,,,,,,,,,,,
41,case_6,2024-04-10 21:32:47.987345,complete,Return ER,positive,?,,,,,,,,,,,,,,,,,,,,,,,,,,,
42,case_6,2024-04-10 22:53:49.987345,complete,Return ER,positive,?,,,,,,,,,,,,,,,,,,,,,,,,,,,
43,case_6,2024-04-10 23:54:05.987345,complete,Return ER,positive,F,,,,,,,,,,,,,,,,,,,,,,,,,,,
44,case_6,2024-04-11 01:18:00.987345,complete,Admission NC,positive,J,,,,,,,,,,,,,,,,,,,,,,,,,,,
45,case_7,2024-04-10 15:57:49.987345,complete,Release B,positive,E,,,,,,,,,,,,,,,,,,,,,,,,,,,
46,case_7,2024-04-10 16:58:31.987345,complete,Release B,positive,X,,,,,,,,,,,,,,,,,,,,,,,,,,,
47,case_7,2024-04-10 18:24:38.987345,complete,Return ER,positive,?,,,,,,,,,,,,,,,,,,,,,,,,,,,
48,case_7,2024-04-10 19:30:33.987345,complete,Return ER,positive,?,,,,,,,,,,,,,,,,,,,,,,,,,,,
49,case_7,2024-04-10 20:02:49.987345,complete,Release A,positive,E,,,,,,,,,,,,,,,,,,,,,,,,,,,
50,case_7,2024-04-10 21:13:44.987345,complete,Release B,positive,E,,,,,,,,,,,,,,,,,,,,,,,,,,,
51,case_7,2024-04-10 21:33:01.987345,complete,Admission NC,positive,K,,,,,,,,,,,,,,,,,,,,,,,,,,,
52,case_7,2024-04-10 22:32:45.987345,complete,Release B,positive,E,,,,,,,,,,,,,,,,,,,,,,,,,,,
53,case_7,2024-04-10 23:56:07.987345,complete,Return ER,positive,?,,,,,,,,,,,,,,,,,,,,,,,,,,,
54,case_7,2024-04-11 00:45:11.987345,complete,Admission NC,positive,Y,,,,,,,,,,,,,,,,,,,,,,,,,,,
55,case_8,2024-04-10 16:09:39.987345,complete,Release B,positive,E,,,,,,,,,,,,,,,,,,,,,,,,,,,
56,case_8,2024-04-10 17:24:09.987345,complete,Admission NC,positive,J,,,,,,,,,,,,,,,,,,,,,,,,,,,
57,case_8,2024-04-10 18:12:13.987345,complete,Admission IC,positive,J,,,,,,,,,,,,,,,,,,,,,,,,,,,
58,case_8,2024-04-10 19:22:32.987345,complete,Admission NC,positive,J,,,,,,,,,,,,,,,,,,,,,,,,,,,
59,case_8,2024-04-10 20:02:38.987345,complete,Release B,positive,E,,,,,,,,,,,,,,,,,,,,,,,,,,,
60,case_8,2024-04-10 21:13:12.987345,complete,Release B,positive,E,,,,,,,,,,,,,,,,,,,,,,,,,,,
61,case_8,2024-04-10 21:52:03.987345,complete,Admission NC,positive,K,,,,,,,,,,,,,,,,,,,,,,,,,,,
62,case_8,2024-04-10 22:56:38.987345,complete,Release B,positive,E,,,,,,,,,,,,,,,,,,,,,,,,,,,
63,case_8,2024-04-10 23:48:17.987345,complete,IV Antibiotics,positive,L,,,,,,,,,,,,,,,,,,,,,,,,,,,
64,case_8,2024-04-11 01:30:46.987345,complete,ER Registration,positive,Y,HD,89.0,,false,false,true,false,true,false,false,true,false,true,true,true,false,false,false,false,true,false,false,true,false,false,,
65,case_9,2024-04-10 16:17:01.987345,complete,Admission NC,positive,J,,,,,,,,,,,,,,,,,,,,,,,,,,,
66,case_9,2024-04-10 17:09:28.987345,complete,Admission NC,positive,J,,,,,,,,,,,,,,,,,,,,,,,,,,,
67,case_9,2024-04-10 17:33:41.987345,complete,Admission IC,positive,J,,,,,,,,,,,,,,,,,,,,,,,,,,,
68,case_9,2024-04-10 18:53:03.987345,complete,Admission NC,positive,J,,,,,,,,,,,,,,,,,,,,,,,,,,,
69,case_9,2024-04-10 19:55:48.987345,complete,Release A,positive,V,,,,,,,,,,,,,,,,,,,,,,,,,,,
70,case_9,2024-04-10 21:03:20.987345,complete,Release B,positive,E,,,,,,,,,,,,,,,,,,,,,,,,,,,
71,case_9,2024-04-10 22:27:27.987345,complete,Admission NC,positive,K,,,,,,,,,,,,,,,,,,,,,,,,,,,
72,case_9,2024-04-10 23:29:39.987345,complete,Release B,positive,E,,,,,,,,,,,,,,,,,,,,,,,,,,,
73,case_9,2024-04-11 00:10:42.987345,complete,Return ER,positive,J,,,,,,,,,,,,,,,,,,,,,,,,,,,
74,case_9,2024-04-11 01:09:15.987345,complete,Admission NC,positive,F,,,,,,,,,,,,,,,,,,,,,,,,,,,
75,case_10,2024-04-10 16:11:54.987345,complete,Release B,positive,E,,,,,,,,,,,,,,,,,,,,,,,,,,,
76,case_10,2024-04-10 16:53:42.987345,complete,Admission NC,positive,J,,,,,,,,,,,,,,,,,,,,,,,,,,,
77,case_10,2024-04-10 18:21:30.987345,complete,Admission IC,positive,J,,,,,,,,,,,,,,,,,,,,,,,,,,,
78,case_10,2024-04-10 19:27:33.987345,complete,Admission NC,positive,J,,,,,,,,,,,,,,,,,,,,,,,,,,,
79,case_10,2024-04-10 19:37:48.987345,complete,Release B,positive,E,,,,,,,,,,,,,,,,,,,,,,,,,,,
80,case_10,2024-04-10 20:36:34.987345,complete,Release B,positive,E,,,,,,,,,,,,,,,,,,,,,,,,,,,
81,case_10,2024-04-10 21:58:35.987345,complete,Admission NC,positive,K,,,,,,,,,,,,,,,,,,,,,,,,,,,
82,case_10,2024-04-10 23:04:07.987345,complete,Release B,positive,E,,,,,,,,,,,,,,,,,,,,,,,,,,,
83,case_10,2024-04-11 00:00:25.987345,complete,IV Antibiotics,positive,L,,,,,,,,,,,,,,,,,,,,,,,,,,,
84,case_10,2024-04-11 01:23:47.987345,complete,CRP,positive,U,EA,89.0,5730.0,,,,,,,,,,,,,,,,,,,,,,,,
85,case_11,2024-04-10 16:30:20.987345,complete,Release B,positive,E,,,,,,,,,,,,,,,,,,,,,,,,,,,
86,case_11,2024-04-10 16:44:56.987345,complete,CRP,positive,J,HE,90.0,4124.0,,,,,,,,,,,,,,,,,,,,,,,,
87,case_11,2024-04-10 17:50:36.987345,complete,Release B,positive,E,,,,,,,,,,,,,,,,,,,,,,,,,,,
88,case_11,2024-04-10 19:11:52.987345,complete,Admission NC,positive,K,,,,,,,,,,,,,,,,,,,,,,,,,,,
89,case_11,2024-04-10 19:37:37.987345,complete,Release B,positive,E,,,,,,,,,,,,,,,,,,,,,,,,,,,
90,case_11,2024-04-10 21:22:39.987345,complete,Release B,positive,E,,,,,,,,,,,,,,,,,,,,,,,,,,,
91,case_11,2024-04-10 22:01:48.987345,complete,Admission NC,positive,K,,,,,,,,,,,,,,,,,,,,,,,,,,,
92,case_11,2024-04-10 23:13:41.987345,complete,Release B,positive,E,,,,,,,,,,,,,,,,,,,,,,,,,,,
93,case_11,2024-04-10 23:41:39.987345,complete,IV Antibiotics,positive,L,,,,,,,,,,,,,,,,,,,,,,,,,,,
94,case_11,2024-04-11 01:19:55.987345,complete,Leucocytes,positive,Y,HD,21.0,,,,,,,,,,,,,,,,,,,,,,,,3212.0,
95,case_12,2024-04-10 16:07:11.987345,complete,Release A,positive,L,,,,,,,,,,,,,,,,,,,,,,,,,,,
96,case_12,2024-04-10 16:59:35.987345,complete,LacticAcid,positive,E,,,,,,,,,,,,,,,,,,,,,,,,,,,8.0
97,case_12,2024-04-10 18:15:36.987345,complete,Leucocytes,positive,E,XB,58.0,,,,,,,,,,,,,,,,,,,,,,,,2541.0,
98,case_12,2024-04-10 18:41:01.987345,complete,LacticAcid,positive,?,,,,,,,,,,,,,,,,,,,,,,,,,,,96.0
99,case_12,2024-04-10 19:46:12.987345,complete,LacticAcid,positive,L,,,,,,,,,,,,,,,,,,,,,,,,,,,7.0
100,case_12,2024-04-10 21:19:58.987345,complete,Leucocytes,positive,L,KB,20.0,,,,,,,,,,,,,,,,,,,,,,,,3279.0,
101,case_12,2024-04-10 21:38:28.987345,complete,LacticAcid,positive,E,,,,,,,,,,,,,,,,,,,,,,,,,,,7.0
102,case_12,2024-04-10 22:41:07.987345,complete,Leucocytes,positive,J,YA,20.0,,,,,,,,,,,,,,,,,,,,,,,,2998.0,
103,case_12,2024-04-11 00:11:14.987345,complete,Admission NC,positive,J,,,,,,,,,,,,,,,,,,,,,,,,,,,
104,case_12,2024-04-11 01:27:17.987345,complete,Admission NC,positive,L,,,,,,,,,,,,,,,,,,,,,,,,,,,
105,case_13,2024-04-10 16:02:26.987345,complete,LacticAcid,positive,?,,,,,,,,,,,,,,,,,,,,,,,,,,,8.0
106,case_13,2024-04-10 16:48:19.987345,complete,Leucocytes,positive,E,J,20.0,,,,,,,,,,,,,,,,,,,,,,,,1295.0,
107,case_13,2024-04-10 18:08:30.987345,complete,Leucocytes,positive,L,PB,58.0,,,,,,,,,,,,,,,,,,,,,,,,136.0,
108,case_13,2024-04-10 18:42:27.987345,complete,LacticAcid,positive,?,,,,,,,,,,,,,,,,,,,,,,,,,,,96.0
109,case_13,2024-04-10 19:43:47.987345,complete,LacticAcid,positive,?,,,,,,,,,,,,,,,,,,,,,,,,,,,7.0
110,case_13,2024-04-10 21:23:04.987345,complete,Leucocytes,positive,K,CB,20.0,,,,,,,,,,,,,,,,,,,,,,,,138.0,
111,case_13,2024-04-10 21:46:38.987345,complete,LacticAcid,positive,E,,,,,,,,,,,,,,,,,,,,,,,,,,,7.0
112,case_13,2024-04-10 22:40:50.987345,complete,Leucocytes,positive,I,YA,20.0,,,,,,,,,,,,,,,,,,,,,,,,2998.0,
113,case_13,2024-04-11 00:28:50.987345,complete,Admission NC,positive,E,,,,,,,,,,,,,,,,,,,,,,,,,,,
114,case_13,2024-04-11 00:59:11.987345,complete,Admission NC,positive,J,,,,,,,,,,,,,,,,,,,,,,,,,,,
115,case_14,2024-04-10 16:24:37.987345,complete,ER Triage,positive,C,HE,90.0,,,,,,,,,,,,,,,,,,,,,,,,,
116,case_14,2024-04-10 16:54:38.987345,complete,Admission NC,positive,J,,,,,,,,,,,,,,,,,,,,,,,,,,,
117,case_14,2024-04-10 17:59:18.987345,complete,Admission NC,positive,F,,,,,,,,,,,,,,,,,,,,,,,,,,,
118,case_14,2024-04-10 19:31:32.987345,complete,ER Sepsis Triage,positive,G,HE,90.0,,,,,,,,,,,,,,,,,,,,,,,,,
119,case_14,2024-04-10 19:46:09.987345,complete,Return ER,positive,?,,,,,,,,,,,,,,,,,,,,,,,,,,,
120,case_14,2024-04-10 20:57:53.987345,complete,CRP,positive,H,HE,82.0,5253.0,,,,,,,,,,,,,,,,,,,,,,,,
121,case_15,2024-04-10 15:49:29.987345,complete,Admission NC,positive,F,,,,,,,,,,,,,,,,,,,,,,,,,,,
122,case_15,2024-04-10 16:44:27.987345,complete,ER Registration,positive,Y,OD,90.0,,false,false,true,false,true,false,false,true,false,false,true,true,false,false,false,false,true,true,false,true,false,false,,
123,case_15,2024-04-10 18:28:13.987345,complete,Admission NC,positive,J,,,,,,,,,,,,,,,,,,,,,,,,,,,
124,case_15,2024-04-10 19:27:38.987345,complete,Admission NC,positive,J,,,,,,,,,,,,,,,,,,,,,,,,,,,
125,case_15,2024-04-10 20:14:42.987345,complete,IV Antibiotics,positive,M,,,,,,,,,,,,,,,,,,,,,,,,,,,
126,case_15,2024-04-10 21:07:45.987345,complete,CRP,positive,H,HE,89.0,5399.0,,,,,,,,,,,,,,,,,,,,,,,,
127,case_16,2024-04-10 16:12:40.987345,complete,Admission NC,positive,J,,,,,,,,,,,,,,,,,,,,,,,,,,,
128,case_16,2024-04-10 17:22:21.987345,complete,CRP,positive,Y,HE,34.0,5730.0,,,,,,,,,,,,,,,,,,,,,,,,
129,case_16,2024-04-10 18:07:28.987345,complete,ER Sepsis Triage,positive,Y,HE,90.0,,,,,,,,,,,,,,,,,,,,,,,,,
130,case_16,2024-04-10 19:18:56.987345,complete,Admission NC,positive,J,,,,,,,,,,,,,,,,,,,,,,,,,,,
131,case_16,2024-04-10 20:19:55.987345,complete,Return ER,positive,?,,,,,,,,,,,,,,,,,,,,,,,,,,,
132,case_16,2024-04-10 21:03:57.987345,complete,CRP,positive,Y,HE,89.0,5229.0,,,,,,,,,,,,,,,,,,,,,,,,
133,case_17,2024-04-10 15:38:13.987345,complete,Leucocytes,positive,Y,HE,90.0,,,,,,,,,,,,,,,,,,,,,,,,71.0,
134,case_17,2024-04-10 16:57:00.987345,complete,Return ER,positive,?,,,,,,,,,,,,,,,,,,,,,,,,,,,
135,case_17,2024-04-10 18:29:14.987345,complete,Release A,positive,T,,,,,,,,,,,,,,,,,,,,,,,,,,,
136,case_17,2024-04-10 19:03:23.987345,complete,Admission NC,positive,F,,,,,,,,,,,,,,,,,,,,,,,,,,,
137,case_17,2024-04-10 20:01:56.987345,complete,Admission NC,positive,J,,,,,,,,,,,,,,,,,,,,,,,,,,,
138,case_17,2024-04-10 21:15:59.987345,complete,Admission IC,positive,J,,,,,,,,,,,,,,,,,,,,,,,,,,,
139,case_17,2024-04-10 22:14:43.987345,complete,Admission NC,positive,J,,,,,,,,,,,,,,,,,,,,,,,,,,,
140,case_18,2024-04-10 16:02:44.987345,complete,Admission NC,positive,J,,,,,,,,,,,,,,,,,,,,,,,,,,,
141,case_18,2024-04-10 17:09:19.987345,complete,Return ER,positive,?,,,,,,,,,,,,,,,,,,,,,,,,,,,
142,case_18,2024-04-10 18:13:38.987345,complete,Return ER,positive,?,,,,,,,,,,,,,,,,,,,,,,,,,,,
143,case_18,2024-04-10 18:36:52.987345,complete,Release A,positive,E,,,,,,,,,,,,,,,,,,,,,,,,,,,
144,case_18,2024-04-10 19:59:37.987345,complete,Admission NC,positive,J,,,,,,,,,,,,,,,,,,,,,,,,,,,
145,case_18,2024-04-10 20:41:32.987345,complete,Admission NC,positive,F,,,,,,,,,,,,,,,,,,,,,,,,,,,
146,case_18,2024-04-10 22:18:27.987345,complete,Release B,positive,E,,,,,,,,,,,,,,,,,,,,,,,,,,,
147,case_19,2024-04-10 16:08:34.987345,complete,Leucocytes,positive,Y,HE,90.0,,,,,,,,,,,,,,,,,,,,,,,,134.0,
148,case_19,2024-04-10 16:57:46.987345,complete,Admission NC,positive,J,,,,,,,,,,,,,,,,,,,,,,,,,,,
149,case_19,2024-04-10 18:18:53.987345,complete,Admission NC,positive,J,,,,,,,,,,,,,,,,,,,,,,,,,,,
150,case_19,2024-04-10 19:17:00.987345,complete,Admission NC,positive,J,,,,,,,,,,,,,,,,,,,,,,,,,,,
151,case_19,2024-04-10 20:03:12.987345,complete,Admission NC,positive,J,,,,,,,,,,,,,,,,,,,,,,,,,,,
152,case_19,2024-04-10 20:34:33.987345,complete,Admission IC,positive,J,,,,,,,,,,,,,,,,,,,,,,,,,,,
153,case_19,2024-04-10 22:14:39.987345,complete,Admission NC,positive,J,,,,,,,,,,,,,,,,,,,,,,,,,,,
154,case_20,2024-04-10 16:06:47.987345,complete,Return ER,positive,?,,,,,,,,,,,,,,,,,,,,,,,,,,,
155,case_20,2024-04-10 17:22:09.987345,complete,Admission NC,positive,?,,,,,,,,,,,,,,,,,,,,,,,,,,,
156,case_20,2024-04-10 18:17:23.987345,complete,ER Triage,positive,Y,NA,90.0,,,,,,,,,,,,,,,,,,,,,,,,,
157,case_20,2024-04-10 18:47:39.987345,complete,Return ER,positive,?,,,,,,,,,,,,,,,,,,,,,,,,,,,
158,case_20,2024-04-10 19:54:15.987345,complete,Admission NC,positive,J,,,,,,,,,,,,,,,,,,,,,,,,,,,
159,case_20,2024-04-10 20:46:54.987345,complete,Admission NC,positive,J,,,,,,,,,,,,,,,,,,,,,,,,,,,
160,case_20,2024-04-10 22:16:17.987345,complete,Release B,positive,E,,,,,,,,,,,,,,,,,,,,,,,,,,,
161,case_21,2024-04-10 16:05:39.987345,complete,Return ER,positive,?,,,,,,,,,,,,,,,,,,,,,,,,,,,
162,case_21,2024-04-10 16:57:06.987345,complete,Return ER,positive,?,,,,,,,,,,,,,,,,,,,,,,,,,,,
163,case_21,2024-04-10 18:23:05.987345,complete,Release A,positive,E,,,,,,,,,,,,,,,,,,,,,,,,,,,
164,case_21,2024-04-10 18:39:56.987345,complete,ER Registration,positive,Y,LB,28.0,,false,false,true,false,true,true,false,false,false,true,true,false,false,false,false,false,true,true,false,true,false,false,,
165,case_21,2024-04-10 19:40:04.987345,complete,Admission NC,positive,J,,,,,,,,,,,,,,,,,,,,,,,,,,,
166,case_21,2024-04-10 21:22:17.987345,complete,Admission IC,positive,J,,,,,,,,,,,,,,,,,,,,,,,,,,,
167,case_21,2024-04-10 22:31:47.987345,complete,Admission NC,positive,J,,,,,,,,,,,,,,,,,,,,,,,,,,,
168,case_22,2024-04-10 15:53:20.987345,complete,Leucocytes,positive,Y,HE,90.0,,,,,,,,,,,,,,,,,,,,,,,,136.0,
169,case_22,2024-04-10 17:01:43.987345,complete,Return ER,positive,?,,,,,,,,,,,,,,,,,,,,,,,,,,,
170,case_22,2024-04-10 17:48:10.987345,complete,Admission NC,positive,J,,,,,,,,,,,,,,,,,,,,,,,,,,,
171,case_22,2024-04-10 18:45:18.987345,complete,Admission NC,positive,F,,,,,,,,,,,,,,,,,,,,,,,,,,,
172,case_22,2024-04-10 20:14:46.987345,complete,ER Triage,positive,C,HE,90.0,,,,,,,,,,,,,,,,,,,,,,,,,
173,case_22,2024-04-10 20:45:28.987345,complete,Admission IC,positive,X,,,,,,,,,,,,,,,,,,,,,,,,,,,
174,case_22,2024-04-10 21:47:28.987345,complete,ER Registration,positive,Y,HC,37.0,,false,false,true,true,true,true,false,false,false,false,true,true,false,true,false,true,false,false,false,false,false,false,,
175,case_23,2024-04-10 15:59:54.987345,complete,Admission NC,positive,J,,,,,,,,,,,,,,,,,,,,,,,,,,,
176,case_23,2024-04-10 17:11:43.987345,complete,Return ER,positive,?,,,,,,,,,,,,,,,,,,,,,,,,,,,
177,case_23,2024-04-10 18:25:20.987345,complete,Release A,positive,E,,,,,,,,,,,,,,,,,,,,,,,,,,,
178,case_23,2024-04-10 18:45:22.987345,complete,Return ER,positive,?,,,,,,,,,,,,,,,,,,,,,,,,,,,
179,case_23,2024-04-10 20:09:44.987345,complete,ER Triage,positive,C,HE,49.0,,,,,,,,,,,,,,,,,,,,,,,,,
180,case_23,2024-04-10 20:47:30.987345,complete,Admission IC,positive,Y,,,,,,,,,,,,,,,,,,,,,,,,,,,
181,case_23,2024-04-10 21:54:58.987345,complete,Admission NC,positive,J,,,,,,,,,,,,,,,,,,,,,,,,,,,
182,case_24,2024-04-10 15:51:19.987345,complete,Leucocytes,positive,Y,HE,90.0,,,,,,,,,,,,,,,,,,,,,,,,1323.0,
183,case_24,2024-04-10 17:03:18.987345,complete,Return ER,positive,?,,,,,,,,,,,,,,,,,,,,,,,,,,,
184,case_24,2024-04-10 17:35:44.987345,complete,Admission NC,positive,J,,,,,,,,,,,,,,,,,,,,,,,,,,,
185,case_24,2024-04-10 18:43:24.987345,complete,Admission NC,positive,J,,,,,,,,,,,,,,,,,,,,,,,,,,,
186,case_24,2024-04-10 19:34:22.987345,complete,ER Triage,positive,C,HE,90.0,,,,,,,,,,,,,,,,,,,,,,,,,
187,case_24,2024-04-10 21:15:59.987345,complete,ER Triage,positive,Y,HE,33.0,,,,,,,,,,,,,,,,,,,,,,,,,
188,case_24,2024-04-10 22:00:06.987345,complete,Leucocytes,positive,Y,BE,20.0,,,,,,,,,,,,,,,,,,,,,,,,729.0,
189,case_25,2024-04-10 16:15:34.987345,complete,LacticAcid,positive,O,,,,,,,,,,,,,,,,,,,,,,,,,,,149.0
190,case_25,2024-04-10 17:28:15.987345,complete,Release B,positive,E,,,,,,,,,,,,,,,,,,,,,,,,,,,
191,case_25,2024-04-10 18:31:43.987345,complete,Admission NC,positive,K,,,,,,,,,,,,,,,,,,,,,,,,,,,
192,case_25,2024-04-10 18:46:59.987345,complete,Release B,positive,E,,,,,,,,,,,,,,,,,,,,,,,,,,,
193,case_25,2024-04-10 20:22:35.987345,complete,Return ER,positive,?,,,,,,,,,,,,,,,,,,,,,,,,,,,
194,case_25,2024-04-10 20:57:27.987345,complete,Admission NC,positive,J,,,,,,,,,,,,,,,,,,,,,,,,,,,
195,case_25,2024-04-10 21:47:44.987345,complete,Admission IC,positive,J,,,,,,,,,,,,,,,,,,,,,,,,,,,
196,case_25,2024-04-10 23:00:48.987345,complete,Admission NC,positive,J,,,,,,,,,,,,,,,,,,,,,,,,,,,
197,case_26,2024-04-10 15:35:14.987345,complete,IV Antibiotics,positive,L,,,,,,,,,,,,,,,,,,,,,,,,,,,
198,case_26,2024-04-10 17:06:55.987345,complete,Admission NC,positive,F,,,,,,,,,,,,,,,,,,,,,,,,,,,
199,case_26,2024-04-10 18:22:59.987345,complete,Admission NC,positive,F,,,,,,,,,,,,,,,,,,,,,,,,,,,
200,case_26,2024-04-10 18:53:28.987345,complete,Release B,positive,Y,,,,,,,,,,,,,,,,,,,,,,,,,,,
201,case_26,2024-04-10 19:37:58.988310,complete,Release A,positive,Y,,,,,,,,,,,,,,,,,,,,,,,,,,,
202,case_26,2024-04-10 20:54:25.988310,complete,Release B,positive,E,,,,,,,,,,,,,,,,,,,,,,,,,,,
203,case_26,2024-04-10 22:16:00.988310,complete,Return ER,positive,?,,,,,,,,,,,,,,,,,,,,,,,,,,,
204,case_26,2024-04-10 23:23:34.988310,complete,Leucocytes,positive,Y,FB,90.0,,,,,,,,,,,,,,,,,,,,,,,,63.0,
205,case_27,2024-04-10 16:00:14.988310,complete,Admission NC,positive,F,,,,,,,,,,,,,,,,,,,,,,,,,,,
206,case_27,2024-04-10 17:29:22.988310,complete,Release B,positive,Y,,,,,,,,,,,,,,,,,,,,,,,,,,,
207,case_27,2024-04-10 18:04:02.988310,complete,Admission NC,positive,F,,,,,,,,,,,,,,,,,,,,,,,,,,,
208,case_27,2024-04-10 19:06:43.988310,complete,IV Liquid,positive,Y,HE,89.0,,,,,,,,,,,,,,,,,,,,,,,,,
209,case_27,2024-04-10 20:15:43.988310,complete,ER Registration,positive,Y,XD,84.0,,false,false,true,false,false,false,false,true,false,false,true,true,false,false,false,false,true,true,false,true,false,false,,
210,case_27,2024-04-10 21:08:50.988310,complete,Return ER,positive,?,,,,,,,,,,,,,,,,,,,,,,,,,,,
211,case_27,2024-04-10 21:49:45.988310,complete,Return ER,positive,E,,,,,,,,,,,,,,,,,,,,,,,,,,,
212,case_27,2024-04-10 23:19:34.988310,complete,Return ER,positive,?,,,,,,,,,,,,,,,,,,,,,,,,,,,
213,case_27,2024-04-11 00:19:17.988310,complete,Admission NC,positive,F,,,,,,,,,,,,,,,,,,,,,,,,,,,
214,case_28,2024-04-10 16:08:04.988310,complete,CRP,positive,Y,HE,90.0,5730.0,,,,,,,,,,,,,,,,,,,,,,,,
215,case_28,2024-04-10 16:51:42.988310,complete,Leucocytes,positive,Y,HE,89.0,,,,,,,,,,,,,,,,,,,,,,,,2199.0,
216,case_28,2024-04-10 18:07:08.988310,complete,Admission NC,positive,F,,,,,,,,,,,,,,,,,,,,,,,,,,,
217,case_28,2024-04-10 18:51:01.988310,complete,Return ER,positive,?,,,,,,,,,,,,,,,,,,,,,,,,,,,
218,case_28,2024-04-10 20:10:52.988310,complete,Return ER,positive,?,,,,,,,,,,,,,,,,,,,,,,,,,,,
219,case_28,2024-04-10 21:31:15.988310,complete,Return ER,positive,?,,,,,,,,,,,,,,,,,,,,,,,,,,,
220,case_28,2024-04-10 21:41:05.988310,complete,Admission NC,positive,F,,,,,,,,,,,,,,,,,,,,,,,,,,,
221,case_28,2024-04-10 22:53:55.988310,complete,Return ER,positive,?,,,,,,,,,,,,,,,,,,,,,,,,,,,
222,case_28,2024-04-11 00:00:13.988310,complete,IV Liquid,positive,Y,B,20.0,,,,,,,,,,,,,,,,,,,,,,,,,
223,case_29,2024-04-10 15:36:15.988310,complete,CRP,positive,Y,CA,90.0,3896.0,,,,,,,,,,,,,,,,,,,,,,,,
224,case_29,2024-04-10 16:42:36.988310,complete,Admission NC,positive,C,,,,,,,,,,,,,,,,,,,,,,,,,,,
225,case_29,2024-04-10 18:08:03.988310,complete,Admission NC,positive,J,,,,,,,,,,,,,,,,,,,,,,,,,,,
226,case_29,2024-04-10 19:03:34.988310,complete,Return ER,positive,?,,,,,,,,,,,,,,,,,,,,,,,,,,,
227,case_29,2024-04-10 20:30:10.988310,complete,Return ER,positive,?,,,,,,,,,,,,,,,,,,,,,,,,,,,
228,case_29,2024-04-10 21:21:41.988310,complete,CRP,positive,X,HD,89.0,4872.0,,,,,,,,,,,,,,,,,,,,,,,,
229,case_29,2024-04-10 22:09:59.988310,complete,CRP,positive,E,HC,90.0,1022.0,,,,,,,,,,,,,,,,,,,,,,,,
230,case_29,2024-04-10 23:04:35.988310,complete,CRP,positive,V,IC,90.0,52.0,,,,,,,,,,,,,,,,,,,,,,,,
231,case_29,2024-04-11 00:09:09.988310,complete,CRP,positive,Y,HE,20.0,53.0,,,,,,,,,,,,,,,,,,,,,,,,
