,case:concept:name,time:timestamp,lifecycle:transition,concept:name,case:label,org:group,Diagnose,Age
0,case_0,2024-04-10 15:43:54.739813,complete,Return ER,positive,?,,
1,case_0,2024-04-10 16:59:46.739813,complete,Release A,positive,B,,
2,case_0,2024-04-10 17:35:27.739813,complete,IV Antibiotics,positive,V,,
3,case_0,2024-04-10 19:08:23.739813,complete,IV Antibiotics,positive,Q,,
4,case_0,2024-04-10 19:41:26.739813,complete,IV Antibiotics,positive,B,,
5,case_0,2024-04-10 20:52:29.739813,complete,Admission NC,positive,J,,
6,case_0,2024-04-10 21:41:41.739813,complete,Admission IC,positive,J,,
7,case_0,2024-04-10 23:05:34.739813,complete,Admission NC,positive,J,,
8,case_1,2024-04-10 16:12:43.739813,complete,ER Triage,positive,C,VA,90.0
9,case_1,2024-04-10 17:06:32.739813,complete,Release A,positive,B,,
10,case_1,2024-04-10 18:01:37.739813,complete,Admission NC,positive,Y,,
11,case_1,2024-04-10 18:49:53.739813,complete,Admission NC,positive,Q,,
12,case_1,2024-04-10 20:14:57.739813,complete,Release A,positive,A,,
13,case_1,2024-04-10 21:07:16.739813,complete,ER Triage,positive,P,DE,90.0
14,case_1,2024-04-10 22:05:28.739813,complete,Release A,positive,M,,
15,case_1,2024-04-10 23:10:05.739813,complete,ER Triage,positive,A,BA,33.0
16,case_2,2024-04-10 15:51:04.739813,complete,ER Triage,positive,C,MC,90.0
17,case_2,2024-04-10 16:50:46.739813,complete,Release A,positive,U,,
18,case_2,2024-04-10 18:28:55.739813,complete,Admission NC,positive,Y,,
19,case_2,2024-04-10 18:41:39.739813,complete,Admission NC,positive,Q,,
20,case_2,2024-04-10 20:03:53.739813,complete,Release A,positive,A,,
21,case_2,2024-04-10 21:12:42.739813,complete,ER Triage,positive,S,UA,90.0
22,case_2,2024-04-10 22:16:09.739813,complete,Release A,positive,M,,
23,case_2,2024-04-10 23:32:53.739813,complete,ER Triage,positive,A,BA,33.0
24,case_3,2024-04-10 15:35:36.739813,complete,ER Triage,positive,C,VA,90.0
25,case_3,2024-04-10 17:24:05.739813,complete,ER Sepsis Triage,positive,B,EC,90.0
26,case_3,2024-04-10 18:03:33.739813,complete,Admission NC,positive,Y,,
27,case_3,2024-04-10 18:41:46.739813,complete,Admission NC,positive,Q,,
28,case_3,2024-04-10 20:33:16.739813,complete,Release A,positive,A,,
29,case_3,2024-04-10 21:22:32.739813,complete,ER Triage,positive,P,DE,90.0
30,case_3,2024-04-10 21:41:23.739813,complete,ER Triage,positive,M,SA,89.0
31,case_3,2024-04-10 22:45:35.739813,complete,ER Triage,positive,A,BA,33.0
32,case_4,2024-04-10 15:36:36.739813,complete,ER Triage,positive,C,MD,90.0
33,case_4,2024-04-10 16:57:29.739813,complete,ER Sepsis Triage,positive,B,EC,90.0
34,case_4,2024-04-10 18:06:55.739813,complete,Admission NC,positive,Y,,
35,case_4,2024-04-10 18:50:21.739813,complete,Admission NC,positive,Q,,
36,case_4,2024-04-10 20:22:30.739813,complete,Release A,positive,O,,
37,case_4,2024-04-10 21:08:01.739813,complete,Release A,positive,A,,
38,case_4,2024-04-10 22:24:53.739813,complete,ER Triage,positive,M,SD,85.0
39,case_4,2024-04-10 23:13:43.739813,complete,ER Triage,positive,H,BA,33.0
40,case_5,2024-04-10 16:26:46.739813,complete,ER Triage,positive,C,MD,90.0
41,case_5,2024-04-10 17:23:52.739813,complete,Release A,positive,B,,
42,case_5,2024-04-10 17:36:45.739813,complete,Admission NC,positive,Y,,
43,case_5,2024-04-10 18:58:24.739813,complete,Admission NC,positive,Q,,
44,case_5,2024-04-10 20:21:30.739813,complete,Release A,positive,O,,
45,case_5,2024-04-10 20:37:11.739813,complete,ER Triage,positive,G,YB,90.0
46,case_5,2024-04-10 21:44:25.739813,complete,ER Triage,positive,M,QE,85.0
47,case_5,2024-04-10 22:59:44.739813,complete,ER Triage,positive,D,BA,33.0
48,case_6,2024-04-10 15:39:22.739813,complete,Return ER,positive,?,,
49,case_6,2024-04-10 16:44:01.739813,complete,Release A,positive,B,,
50,case_6,2024-04-10 18:25:05.739813,complete,IV Antibiotics,positive,B,,
51,case_6,2024-04-10 18:55:39.739813,complete,IV Antibiotics,positive,B,,
52,case_6,2024-04-10 19:57:14.739813,complete,IV Antibiotics,positive,S,,
53,case_6,2024-04-10 21:16:28.739813,complete,Admission NC,positive,J,,
54,case_6,2024-04-10 22:10:29.739813,complete,Admission IC,positive,J,,
55,case_6,2024-04-10 23:20:49.739813,complete,Admission NC,positive,J,,
56,case_6,2024-04-11 00:27:07.739813,complete,Admission IC,positive,J,,
57,case_6,2024-04-11 00:50:10.739813,complete,Admission NC,positive,J,,
58,case_7,2024-04-10 16:11:44.739813,complete,Return ER,positive,?,,
59,case_7,2024-04-10 17:10:39.739813,complete,Release A,positive,Y,,
60,case_7,2024-04-10 18:32:26.739813,complete,IV Antibiotics,positive,B,,
61,case_7,2024-04-10 18:35:40.739813,complete,IV Antibiotics,positive,D,,
62,case_7,2024-04-10 19:35:18.739813,complete,IV Antibiotics,positive,S,,
63,case_7,2024-04-10 21:22:55.739813,complete,Admission NC,positive,J,,
64,case_7,2024-04-10 22:29:50.739813,complete,Admission IC,positive,J,,
65,case_7,2024-04-10 22:53:10.739813,complete,Admission NC,positive,J,,
66,case_7,2024-04-10 23:52:35.739813,complete,Admission IC,positive,J,,
67,case_7,2024-04-11 01:28:13.739813,complete,Admission NC,positive,J,,
68,case_8,2024-04-10 15:38:39.739813,complete,Admission NC,positive,F,,
69,case_8,2024-04-10 17:30:15.739813,complete,Release A,positive,X,,
70,case_8,2024-04-10 18:26:50.739813,complete,ER Triage,positive,B,TC,89.0
71,case_8,2024-04-10 19:00:40.739813,complete,ER Triage,positive,A,OC,90.0
72,case_8,2024-04-10 19:44:36.739813,complete,ER Triage,positive,A,ME,90.0
73,case_8,2024-04-10 20:53:07.739813,complete,ER Sepsis Triage,positive,W,CC,90.0
74,case_8,2024-04-10 22:26:21.739813,complete,Admission NC,positive,M,,
75,case_8,2024-04-10 23:03:28.739813,complete,Release A,positive,Q,,
76,case_8,2024-04-11 00:03:18.739813,complete,ER Triage,positive,A,TA,87.0
77,case_8,2024-04-11 01:13:29.739813,complete,ER Triage,positive,A,AB,90.0
78,case_9,2024-04-10 15:48:23.739813,complete,Admission NC,positive,F,,
79,case_9,2024-04-10 17:25:12.739813,complete,Release A,positive,S,,
80,case_9,2024-04-10 18:26:30.739813,complete,ER Triage,positive,G,IC,65.0
81,case_9,2024-04-10 19:05:24.739813,complete,Release A,positive,A,,
82,case_9,2024-04-10 19:39:19.739813,complete,ER Triage,positive,A,NA,90.0
83,case_9,2024-04-10 21:22:30.739813,complete,ER Sepsis Triage,positive,P,AE,90.0
84,case_9,2024-04-10 22:25:55.739813,complete,Admission NC,positive,M,,
85,case_9,2024-04-10 22:47:48.739813,complete,Release A,positive,A,,
86,case_9,2024-04-11 00:10:01.739813,complete,ER Triage,positive,P,HA,79.0
87,case_9,2024-04-11 00:35:24.739813,complete,ER Triage,positive,A,RD,28.0
88,case_10,2024-04-10 15:42:56.739813,complete,Admission NC,positive,F,,
89,case_10,2024-04-10 17:05:02.739813,complete,Release A,positive,X,,
90,case_10,2024-04-10 17:58:26.739813,complete,ER Triage,positive,B,TC,89.0
91,case_10,2024-04-10 18:36:13.739813,complete,ER Triage,positive,A,OC,90.0
92,case_10,2024-04-10 20:04:35.739813,complete,ER Triage,positive,A,ME,90.0
93,case_10,2024-04-10 21:08:40.739813,complete,ER Sepsis Triage,positive,A,XC,90.0
94,case_10,2024-04-10 21:45:34.739813,complete,Admission NC,positive,M,,
95,case_10,2024-04-10 23:29:02.739813,complete,Release A,positive,Q,,
96,case_10,2024-04-10 23:54:06.739813,complete,ER Triage,positive,A,IE,87.0
97,case_10,2024-04-11 01:22:39.739813,complete,ER Triage,positive,A,RD,90.0
98,case_11,2024-04-10 16:32:14.739813,complete,Admission NC,positive,F,,
99,case_11,2024-04-10 17:07:07.739813,complete,Release A,positive,B,,
100,case_11,2024-04-10 17:51:54.739813,complete,ER Triage,positive,B,TC,89.0
101,case_11,2024-04-10 18:39:45.739813,complete,ER Triage,positive,A,NC,90.0
102,case_11,2024-04-10 19:35:37.739813,complete,ER Triage,positive,A,LE,90.0
103,case_11,2024-04-10 21:27:47.739813,complete,ER Sepsis Triage,positive,A,XB,90.0
104,case_11,2024-04-10 22:30:11.739813,complete,Admission NC,positive,M,,
105,case_11,2024-04-10 22:37:44.739813,complete,Release A,positive,R,,
106,case_11,2024-04-10 23:40:01.739813,complete,ER Triage,positive,A,BC,87.0
107,case_11,2024-04-11 01:24:17.739813,complete,ER Triage,positive,M,RD,90.0
108,case_12,2024-04-10 16:05:31.739813,complete,Admission NC,positive,F,,
109,case_12,2024-04-10 17:16:02.739813,complete,Release A,positive,B,,
110,case_12,2024-04-10 17:56:51.739813,complete,ER Triage,positive,G,TC,89.0
111,case_12,2024-04-10 19:19:38.739813,complete,Release A,positive,A,,
112,case_12,2024-04-10 19:53:49.739813,complete,Release A,positive,A,,
113,case_12,2024-04-10 20:34:21.739813,complete,ER Sepsis Triage,positive,D,YD,72.0
114,case_12,2024-04-10 22:20:19.739813,complete,Admission NC,positive,M,,
115,case_12,2024-04-10 22:50:35.739813,complete,Release A,positive,U,,
116,case_12,2024-04-10 23:41:44.739813,complete,ER Triage,positive,A,TA,87.0
117,case_12,2024-04-11 01:16:37.739813,complete,ER Triage,positive,A,IA,90.0
118,case_13,2024-04-10 15:52:32.739813,complete,Admission NC,positive,F,,
119,case_13,2024-04-10 16:55:31.739813,complete,Release A,positive,B,,
120,case_13,2024-04-10 18:33:15.739813,complete,ER Triage,positive,G,TC,89.0
121,case_13,2024-04-10 19:07:53.739813,complete,ER Triage,positive,A,MC,90.0
122,case_13,2024-04-10 20:01:49.739813,complete,ER Triage,positive,A,MD,90.0
123,case_13,2024-04-10 20:47:34.739813,complete,ER Sepsis Triage,positive,P,CC,90.0
124,case_13,2024-04-10 21:47:11.739813,complete,Admission NC,positive,M,,
125,case_13,2024-04-10 23:23:17.739813,complete,Release A,positive,R,,
126,case_13,2024-04-11 00:13:43.739813,complete,ER Triage,positive,Y,BC,87.0
127,case_13,2024-04-11 01:03:01.739813,complete,ER Triage,positive,A,RD,90.0
128,case_14,2024-04-10 15:42:01.739813,complete,Admission NC,positive,F,,
129,case_14,2024-04-10 17:08:00.739813,complete,Release A,positive,U,,
130,case_14,2024-04-10 17:58:48.739813,complete,ER Triage,positive,G,TC,89.0
131,case_14,2024-04-10 18:38:04.739813,complete,ER Sepsis Triage,positive,A,OC,90.0
132,case_14,2024-04-10 19:52:54.739813,complete,ER Triage,positive,A,WD,90.0
133,case_14,2024-04-10 21:04:23.739813,complete,ER Triage,positive,P,XD,90.0
134,case_14,2024-04-10 21:37:22.739813,complete,Admission NC,positive,M,,
135,case_14,2024-04-10 23:26:14.739813,complete,Release A,positive,Q,,
136,case_14,2024-04-10 23:37:13.739813,complete,ER Sepsis Triage,positive,A,JE,87.0
137,case_14,2024-04-11 01:09:02.739813,complete,ER Triage,positive,Y,RD,90.0
138,case_15,2024-04-10 16:19:54.739813,complete,Admission NC,positive,F,,
139,case_15,2024-04-10 16:45:56.739813,complete,Release B,positive,E,,
140,case_15,2024-04-10 17:36:34.739813,complete,Admission NC,positive,K,,
141,case_15,2024-04-10 19:24:34.739813,complete,Release B,positive,E,,
142,case_15,2024-04-10 20:13:43.739813,complete,Admission NC,positive,K,,
143,case_15,2024-04-10 21:17:37.739813,complete,Release B,positive,E,,
144,case_16,2024-04-10 16:21:24.739813,complete,Return ER,positive,?,,
145,case_16,2024-04-10 17:21:16.739813,complete,Return ER,positive,H,,
146,case_16,2024-04-10 18:15:09.739813,complete,IV Antibiotics,positive,B,,
147,case_16,2024-04-10 19:28:55.739813,complete,Admission NC,positive,V,,
148,case_16,2024-04-10 20:03:51.739813,complete,IV Antibiotics,positive,B,,
149,case_16,2024-04-10 20:50:42.739813,complete,Admission NC,positive,A,,
150,case_17,2024-04-10 16:05:09.739813,complete,Return ER,positive,?,,
151,case_17,2024-04-10 16:40:33.739813,complete,Return ER,positive,H,,
152,case_17,2024-04-10 17:51:03.739813,complete,IV Antibiotics,positive,B,,
153,case_17,2024-04-10 18:36:43.739813,complete,Admission NC,positive,V,,
154,case_17,2024-04-10 20:18:35.739813,complete,IV Antibiotics,positive,U,,
155,case_17,2024-04-10 21:21:24.739813,complete,Admission NC,positive,A,,
156,case_18,2024-04-10 16:03:54.739813,complete,Admission NC,positive,F,,
157,case_18,2024-04-10 16:45:33.739813,complete,Admission NC,positive,H,,
158,case_18,2024-04-10 17:51:33.739813,complete,ER Triage,positive,A,QB,89.0
159,case_18,2024-04-10 18:48:54.739813,complete,ER Sepsis Triage,positive,A,BC,90.0
160,case_18,2024-04-10 20:20:49.739813,complete,Return ER,positive,?,,
161,case_18,2024-04-10 21:28:22.739813,complete,ER Triage,positive,A,QB,31.0
162,case_19,2024-04-10 16:25:36.739813,complete,Admission NC,positive,F,,
163,case_19,2024-04-10 17:09:31.739813,complete,Return ER,positive,H,,
164,case_19,2024-04-10 18:22:18.739813,complete,Release A,positive,A,,
165,case_19,2024-04-10 19:05:16.739813,complete,Admission NC,positive,V,,
166,case_19,2024-04-10 20:09:32.739813,complete,Release A,positive,A,,
167,case_19,2024-04-10 20:52:56.739813,complete,Release A,positive,R,,
168,case_20,2024-04-10 15:40:54.739813,complete,Admission NC,positive,F,,
169,case_20,2024-04-10 17:11:26.739813,complete,Return ER,positive,H,,
170,case_20,2024-04-10 18:14:32.739813,complete,Release A,positive,A,,
171,case_20,2024-04-10 18:35:00.739813,complete,Release A,positive,T,,
172,case_20,2024-04-10 19:45:30.739813,complete,Admission NC,positive,A,,
173,case_20,2024-04-10 20:56:45.739813,complete,ER Triage,positive,A,C,90.0
174,case_21,2024-04-10 15:52:03.739813,complete,Admission NC,positive,F,,
175,case_21,2024-04-10 17:22:23.739813,complete,Return ER,positive,H,,
176,case_21,2024-04-10 18:01:09.739813,complete,Release A,positive,A,,
177,case_21,2024-04-10 19:22:04.739813,complete,Admission NC,positive,A,,
178,case_21,2024-04-10 20:24:07.739813,complete,Release A,positive,A,,
179,case_21,2024-04-10 20:48:53.739813,complete,Release A,positive,R,,
180,case_22,2024-04-10 15:57:55.739813,complete,Return ER,positive,?,,
181,case_22,2024-04-10 17:10:45.739813,complete,Release A,positive,B,,
182,case_22,2024-04-10 17:36:27.739813,complete,Admission NC,positive,J,,
183,case_22,2024-04-10 18:56:11.739813,complete,Admission IC,positive,J,,
184,case_22,2024-04-10 20:03:36.739813,complete,Admission NC,positive,J,,
185,case_23,2024-04-10 16:07:01.739813,complete,Return ER,positive,?,,
186,case_23,2024-04-10 17:18:20.739813,complete,Release A,positive,B,,
187,case_23,2024-04-10 18:31:14.739813,complete,Admission NC,positive,J,,
188,case_23,2024-04-10 19:10:48.739813,complete,Admission IC,positive,J,,
189,case_23,2024-04-10 20:11:58.739813,complete,Admission NC,positive,J,,
190,case_23,2024-04-10 21:21:49.739813,complete,Admission IC,positive,J,,
191,case_23,2024-04-10 22:18:06.739813,complete,Admission NC,positive,J,,
192,case_24,2024-04-10 16:19:59.739813,complete,Admission NC,positive,F,,
193,case_24,2024-04-10 17:29:07.739813,complete,Release A,positive,B,,
194,case_24,2024-04-10 18:04:37.739813,complete,Release A,positive,A,,
195,case_24,2024-04-10 19:26:42.739813,complete,ER Triage,positive,R,RB,86.0
196,case_24,2024-04-10 19:52:17.739813,complete,ER Triage,positive,X,AA,75.0
197,case_24,2024-04-10 20:37:41.739813,complete,Release A,positive,O,,
198,case_24,2024-04-10 22:21:48.739813,complete,Admission NC,positive,A,,
199,case_25,2024-04-10 16:02:05.739813,complete,Admission NC,positive,F,,
200,case_25,2024-04-10 16:43:52.739813,complete,Release A,positive,B,,
201,case_25,2024-04-10 17:36:51.739813,complete,Release A,positive,A,,
202,case_25,2024-04-10 19:08:05.739813,complete,ER Triage,positive,V,ID,75.0
203,case_25,2024-04-10 20:14:46.739813,complete,ER Triage,positive,P,IA,90.0
204,case_25,2024-04-10 20:52:38.739813,complete,Release A,positive,A,,
205,case_25,2024-04-10 21:58:13.739813,complete,Admission NC,positive,A,,
206,case_26,2024-04-10 15:50:32.739813,complete,Admission NC,positive,F,,
207,case_26,2024-04-10 16:38:57.739813,complete,Release A,positive,B,,
208,case_26,2024-04-10 17:51:59.739813,complete,Release A,positive,A,,
209,case_26,2024-04-10 19:08:15.739813,complete,ER Triage,positive,V,ID,75.0
210,case_26,2024-04-10 20:12:13.739813,complete,ER Triage,positive,B,IB,90.0
211,case_26,2024-04-10 21:17:15.739813,complete,Release A,positive,A,,
212,case_26,2024-04-10 22:30:29.739813,complete,Admission NC,positive,A,,
213,case_27,2024-04-10 15:57:46.739813,complete,Return ER,positive,?,,
214,case_27,2024-04-10 16:36:31.739813,complete,Release A,positive,B,,
215,case_27,2024-04-10 17:58:22.739813,complete,IV Antibiotics,positive,O,,
216,case_27,2024-04-10 19:04:58.739813,complete,Admission NC,positive,J,,
217,case_27,2024-04-10 20:12:40.739813,complete,Admission IC,positive,J,,
218,case_27,2024-04-10 20:38:38.739813,complete,Admission NC,positive,J,,
219,case_27,2024-04-10 22:00:38.739813,complete,Admission NC,positive,J,,
220,case_27,2024-04-10 23:23:36.739813,complete,Admission IC,positive,J,,
221,case_27,2024-04-11 00:22:23.739813,complete,Admission NC,positive,J,,
222,case_28,2024-04-10 15:44:07.739813,complete,ER Triage,positive,C,AC,41.0
223,case_28,2024-04-10 16:39:20.739813,complete,Release A,positive,B,,
224,case_28,2024-04-10 18:11:28.739813,complete,Release A,positive,S,,
225,case_28,2024-04-10 19:07:16.739813,complete,ER Triage,positive,D,GB,90.0
226,case_28,2024-04-10 20:14:46.739813,complete,ER Triage,positive,B,IA,90.0
227,case_28,2024-04-10 21:02:40.739813,complete,ER Triage,positive,P,YD,90.0
228,case_28,2024-04-10 21:52:01.739813,complete,Release A,positive,G,,
229,case_28,2024-04-10 22:44:20.739813,complete,Admission NC,positive,A,,
230,case_28,2024-04-11 00:06:21.739813,complete,Admission NC,positive,W,,
231,case_29,2024-04-10 15:35:08.739813,complete,ER Triage,positive,C,AC,90.0
232,case_29,2024-04-10 17:21:02.739813,complete,Release A,positive,B,,
233,case_29,2024-04-10 17:42:20.739813,complete,Release A,positive,P,,
234,case_29,2024-04-10 19:27:27.739813,complete,ER Triage,positive,D,GB,90.0
235,case_29,2024-04-10 20:07:54.739813,complete,ER Triage,positive,B,IA,90.0
236,case_29,2024-04-10 20:57:08.739813,complete,ER Triage,positive,R,WA,56.0
237,case_29,2024-04-10 21:37:24.739813,complete,ER Sepsis Triage,positive,H,YD,89.0
238,case_29,2024-04-10 22:33:37.739813,complete,Admission NC,positive,A,,
239,case_29,2024-04-10 23:36:01.739813,complete,Admission NC,positive,W,,
