,case:concept:name,time:timestamp,lifecycle:transition,concept:name,case:label,org:group,Diagnose,Age,CRP,Leucocytes,LacticAcid,InfectionSuspected,DiagnosticBlood,DisfuncOrg,SIRSCritTachypnea,Hypotensie,SIRSCritHeartRate,Infusion,DiagnosticArtAstrup,DiagnosticIC,DiagnosticSputum,DiagnosticLiquor,DiagnosticOther,SIRSCriteria2OrMore,DiagnosticXthorax,SIRSCritTemperature,DiagnosticUrinaryCulture,SIRSCritLeucos,Oligurie,DiagnosticLacticAcid,Hypoxie,DiagnosticUrinarySediment,DiagnosticECG
0,case_0,2024-04-10 15:43:20.746053,complete,Admission NC,positive,A,,,,,,,,,,,,,,,,,,,,,,,,,,,
1,case_0,2024-04-10 16:40:11.746053,complete,CRP,positive,J,Z,20.0,5727.0,,,,,,,,,,,,,,,,,,,,,,,,
2,case_0,2024-04-10 18:13:24.746053,complete,Leucocytes,positive,J,OE,21.0,,139.0,,,,,,,,,,,,,,,,,,,,,,,
3,case_0,2024-04-10 19:24:21.746053,complete,CRP,positive,I,PE,24.0,2873.0,,,,,,,,,,,,,,,,,,,,,,,,
4,case_0,2024-04-10 20:35:37.746053,complete,Leucocytes,positive,I,HE,20.0,,137.0,,,,,,,,,,,,,,,,,,,,,,,
5,case_0,2024-04-10 20:41:40.746053,complete,Admission NC,positive,E,,,,,,,,,,,,,,,,,,,,,,,,,,,
6,case_1,2024-04-10 16:09:43.746053,complete,CRP,positive,L,WC,21.0,5177.0,,,,,,,,,,,,,,,,,,,,,,,,
7,case_1,2024-04-10 17:29:44.746053,complete,CRP,positive,I,FB,20.0,5730.0,,,,,,,,,,,,,,,,,,,,,,,,
8,case_1,2024-04-10 17:38:49.746053,complete,Admission NC,positive,C,,,,,,,,,,,,,,,,,,,,,,,,,,,
9,case_1,2024-04-10 19:11:11.746053,complete,CRP,positive,I,N,21.0,2877.0,,,,,,,,,,,,,,,,,,,,,,,,
10,case_1,2024-04-10 20:00:59.746053,complete,CRP,positive,L,HC,24.0,5689.0,,,,,,,,,,,,,,,,,,,,,,,,
11,case_1,2024-04-10 20:44:00.746053,complete,Admission NC,positive,L,,,,,,,,,,,,,,,,,,,,,,,,,,,
12,case_2,2024-04-10 16:15:38.746053,complete,Leucocytes,positive,L,WC,57.0,,333.0,,,,,,,,,,,,,,,,,,,,,,,
13,case_2,2024-04-10 16:44:08.746053,complete,CRP,positive,I,FB,26.0,5730.0,,,,,,,,,,,,,,,,,,,,,,,,
14,case_2,2024-04-10 17:51:50.746053,complete,Admission NC,positive,L,,,,,,,,,,,,,,,,,,,,,,,,,,,
15,case_2,2024-04-10 19:00:10.746053,complete,CRP,positive,L,SA,22.0,2820.0,,,,,,,,,,,,,,,,,,,,,,,,
16,case_2,2024-04-10 19:42:16.746053,complete,CRP,positive,L,HC,20.0,4689.0,,,,,,,,,,,,,,,,,,,,,,,,
17,case_2,2024-04-10 21:28:22.746053,complete,Admission NC,positive,L,,,,,,,,,,,,,,,,,,,,,,,,,,,
18,case_3,2024-04-10 16:29:12.746053,complete,CRP,positive,L,SA,57.0,5730.0,,,,,,,,,,,,,,,,,,,,,,,,
19,case_3,2024-04-10 16:41:28.746053,complete,CRP,positive,J,FB,75.0,5729.0,,,,,,,,,,,,,,,,,,,,,,,,
20,case_3,2024-04-10 18:07:08.746053,complete,Admission NC,positive,C,,,,,,,,,,,,,,,,,,,,,,,,,,,
21,case_3,2024-04-10 18:37:43.746053,complete,CRP,positive,I,PE,21.0,2830.0,,,,,,,,,,,,,,,,,,,,,,,,
22,case_3,2024-04-10 20:34:34.746053,complete,Admission NC,positive,L,,,,,,,,,,,,,,,,,,,,,,,,,,,
23,case_3,2024-04-10 21:05:23.746053,complete,CRP,positive,I,HD,52.0,3532.0,,,,,,,,,,,,,,,,,,,,,,,,
24,case_4,2024-04-10 15:41:20.746053,complete,CRP,positive,E,MD,20.0,5540.0,,,,,,,,,,,,,,,,,,,,,,,,
25,case_4,2024-04-10 16:44:22.746053,complete,Admission NC,positive,L,,,,,,,,,,,,,,,,,,,,,,,,,,,
26,case_4,2024-04-10 17:37:32.746053,complete,CRP,positive,I,OD,20.0,871.0,,,,,,,,,,,,,,,,,,,,,,,,
27,case_4,2024-04-10 19:27:53.746053,complete,CRP,positive,I,O,21.0,2824.0,,,,,,,,,,,,,,,,,,,,,,,,
28,case_4,2024-04-10 20:02:40.746053,complete,CRP,positive,L,HE,23.0,4684.0,,,,,,,,,,,,,,,,,,,,,,,,
29,case_4,2024-04-10 21:20:13.746053,complete,Admission NC,positive,E,,,,,,,,,,,,,,,,,,,,,,,,,,,
30,case_5,2024-04-10 16:10:05.746053,complete,Leucocytes,positive,E,P,83.0,,136.0,,,,,,,,,,,,,,,,,,,,,,,
31,case_5,2024-04-10 17:12:34.746053,complete,CRP,positive,E,KD,82.0,5726.0,,,,,,,,,,,,,,,,,,,,,,,,
32,case_5,2024-04-10 18:24:11.746053,complete,Admission NC,positive,J,,,,,,,,,,,,,,,,,,,,,,,,,,,
33,case_5,2024-04-10 19:06:57.746053,complete,Admission NC,positive,J,,,,,,,,,,,,,,,,,,,,,,,,,,,
34,case_5,2024-04-10 19:53:57.746053,complete,CRP,positive,L,AC,84.0,2265.0,,,,,,,,,,,,,,,,,,,,,,,,
35,case_5,2024-04-10 21:34:57.746053,complete,Leucocytes,positive,J,HC,49.0,,134.0,,,,,,,,,,,,,,,,,,,,,,,
36,case_6,2024-04-10 16:03:26.746053,complete,Leucocytes,positive,L,MD,83.0,,136.0,,,,,,,,,,,,,,,,,,,,,,,
37,case_6,2024-04-10 17:22:27.746053,complete,Admission NC,positive,E,,,,,,,,,,,,,,,,,,,,,,,,,,,
38,case_6,2024-04-10 17:51:46.746053,complete,Admission NC,positive,J,,,,,,,,,,,,,,,,,,,,,,,,,,,
39,case_6,2024-04-10 19:18:42.746053,complete,CRP,positive,I,U,82.0,2823.0,,,,,,,,,,,,,,,,,,,,,,,,
40,case_6,2024-04-10 20:32:52.746053,complete,CRP,positive,L,JB,84.0,4921.0,,,,,,,,,,,,,,,,,,,,,,,,
41,case_6,2024-04-10 21:19:15.746053,complete,Leucocytes,positive,J,HC,65.0,,134.0,,,,,,,,,,,,,,,,,,,,,,,
42,case_7,2024-04-10 16:34:50.746053,complete,Admission NC,positive,J,,,,,,,,,,,,,,,,,,,,,,,,,,,
43,case_7,2024-04-10 16:50:27.746053,complete,CRP,positive,E,Z,88.0,5730.0,,,,,,,,,,,,,,,,,,,,,,,,
44,case_7,2024-04-10 17:59:05.746053,complete,CRP,positive,I,N,20.0,869.0,,,,,,,,,,,,,,,,,,,,,,,,
45,case_7,2024-04-10 19:18:42.746053,complete,Admission NC,positive,J,,,,,,,,,,,,,,,,,,,,,,,,,,,
46,case_7,2024-04-10 20:35:36.746053,complete,CRP,positive,J,HC,85.0,4733.0,,,,,,,,,,,,,,,,,,,,,,,,
47,case_7,2024-04-10 20:55:13.746053,complete,CRP,positive,L,IE,90.0,2843.0,,,,,,,,,,,,,,,,,,,,,,,,
48,case_8,2024-04-10 15:57:16.746053,complete,CRP,positive,K,P,62.0,5727.0,,,,,,,,,,,,,,,,,,,,,,,,
49,case_8,2024-04-10 17:24:32.746053,complete,Admission NC,positive,L,,,,,,,,,,,,,,,,,,,,,,,,,,,
50,case_8,2024-04-10 18:10:08.746053,complete,Leucocytes,positive,I,OD,66.0,,138.0,,,,,,,,,,,,,,,,,,,,,,,
51,case_8,2024-04-10 19:06:26.746053,complete,CRP,positive,J,HA,76.0,2822.0,,,,,,,,,,,,,,,,,,,,,,,,
52,case_8,2024-04-10 20:36:27.746053,complete,Admission NC,positive,L,,,,,,,,,,,,,,,,,,,,,,,,,,,
53,case_8,2024-04-10 21:12:33.746053,complete,CRP,positive,L,HE,59.0,2826.0,,,,,,,,,,,,,,,,,,,,,,,,
54,case_9,2024-04-10 16:20:06.746053,complete,Admission NC,positive,F,,,,,,,,,,,,,,,,,,,,,,,,,,,
55,case_9,2024-04-10 17:02:16.746053,complete,CRP,positive,J,CC,21.0,5729.0,,,,,,,,,,,,,,,,,,,,,,,,
56,case_9,2024-04-10 17:37:53.746053,complete,CRP,positive,L,OE,90.0,870.0,,,,,,,,,,,,,,,,,,,,,,,,
57,case_9,2024-04-10 18:40:36.746053,complete,Admission NC,positive,J,,,,,,,,,,,,,,,,,,,,,,,,,,,
58,case_9,2024-04-10 19:59:54.746053,complete,Leucocytes,positive,I,PE,20.0,,138.0,,,,,,,,,,,,,,,,,,,,,,,
59,case_9,2024-04-10 20:47:03.746053,complete,CRP,positive,E,HE,39.0,2706.0,,,,,,,,,,,,,,,,,,,,,,,,
60,case_10,2024-04-10 16:34:09.746053,complete,Admission NC,positive,?,,,,,,,,,,,,,,,,,,,,,,,,,,,
61,case_10,2024-04-10 16:38:35.746053,complete,LacticAcid,positive,J,,,,,97.0,,,,,,,,,,,,,,,,,,,,,,
62,case_10,2024-04-10 17:42:36.746053,complete,Leucocytes,positive,I,LA,20.0,,1986.0,,,,,,,,,,,,,,,,,,,,,,,
63,case_10,2024-04-10 18:50:09.746053,complete,LacticAcid,positive,I,,,,,10.0,,,,,,,,,,,,,,,,,,,,,,
64,case_10,2024-04-10 19:57:24.746053,complete,CRP,positive,L,DE,20.0,1677.0,,,,,,,,,,,,,,,,,,,,,,,,
65,case_10,2024-04-10 20:55:13.746053,complete,Leucocytes,positive,I,PD,25.0,,137.0,,,,,,,,,,,,,,,,,,,,,,,
66,case_10,2024-04-10 22:35:44.746053,complete,CRP,positive,I,PE,21.0,1780.0,,,,,,,,,,,,,,,,,,,,,,,,
67,case_10,2024-04-10 23:34:39.746053,complete,CRP,positive,C,GB,20.0,5722.0,,,,,,,,,,,,,,,,,,,,,,,,
68,case_10,2024-04-11 00:05:27.746053,complete,LacticAcid,positive,?,,,,,89.0,,,,,,,,,,,,,,,,,,,,,,
69,case_10,2024-04-11 01:11:18.746053,complete,Admission NC,positive,L,,,,,,,,,,,,,,,,,,,,,,,,,,,
70,case_11,2024-04-10 16:22:24.746053,complete,Leucocytes,positive,J,Q,21.0,,133.0,,,,,,,,,,,,,,,,,,,,,,,
71,case_11,2024-04-10 17:22:24.746053,complete,Admission NC,positive,L,,,,,,,,,,,,,,,,,,,,,,,,,,,
72,case_11,2024-04-10 18:17:28.746053,complete,CRP,positive,I,LB,22.0,5728.0,,,,,,,,,,,,,,,,,,,,,,,,
73,case_11,2024-04-10 19:10:21.746053,complete,CRP,positive,J,TC,25.0,3372.0,,,,,,,,,,,,,,,,,,,,,,,,
74,case_11,2024-04-10 20:10:25.746053,complete,CRP,positive,J,UA,22.0,1677.0,,,,,,,,,,,,,,,,,,,,,,,,
75,case_11,2024-04-10 20:43:20.746053,complete,CRP,positive,I,HA,20.0,5726.0,,,,,,,,,,,,,,,,,,,,,,,,
76,case_11,2024-04-10 21:55:11.746053,complete,Admission NC,positive,J,,,,,,,,,,,,,,,,,,,,,,,,,,,
77,case_11,2024-04-10 22:38:11.746053,complete,CRP,positive,?,GB,20.0,5690.0,,,,,,,,,,,,,,,,,,,,,,,,
78,case_11,2024-04-10 23:52:16.746053,complete,CRP,positive,L,HE,23.0,5455.0,,,,,,,,,,,,,,,,,,,,,,,,
79,case_11,2024-04-11 00:55:36.746053,complete,Leucocytes,positive,L,HD,22.0,,137.0,,,,,,,,,,,,,,,,,,,,,,,
80,case_12,2024-04-10 16:27:12.746053,complete,Leucocytes,positive,J,Q,22.0,,136.0,,,,,,,,,,,,,,,,,,,,,,,
81,case_12,2024-04-10 16:45:34.746053,complete,CRP,positive,F,HC,20.0,2999.0,,,,,,,,,,,,,,,,,,,,,,,,
82,case_12,2024-04-10 17:50:25.746053,complete,CRP,positive,L,CB,24.0,5728.0,,,,,,,,,,,,,,,,,,,,,,,,
83,case_12,2024-04-10 19:27:44.746053,complete,CRP,positive,J,TC,21.0,3373.0,,,,,,,,,,,,,,,,,,,,,,,,
84,case_12,2024-04-10 19:42:26.746053,complete,CRP,positive,J,DC,21.0,1677.0,,,,,,,,,,,,,,,,,,,,,,,,
85,case_12,2024-04-10 21:21:03.746053,complete,ER Registration,positive,J,OA,21.0,,,,false,false,false,false,false,true,false,false,true,false,false,false,false,true,false,false,false,false,false,true,false,true
86,case_12,2024-04-10 22:36:00.746053,complete,Admission NC,positive,?,,,,,,,,,,,,,,,,,,,,,,,,,,,
87,case_12,2024-04-10 23:30:27.746053,complete,CRP,positive,I,GB,21.0,3463.0,,,,,,,,,,,,,,,,,,,,,,,,
88,case_12,2024-04-11 00:25:46.746053,complete,Admission NC,positive,J,,,,,,,,,,,,,,,,,,,,,,,,,,,
89,case_12,2024-04-11 00:44:40.746053,complete,ER Registration,positive,E,HD,21.0,,,,false,false,true,false,true,true,false,false,false,false,false,true,false,false,true,true,true,false,true,false,false,false
90,case_13,2024-04-10 15:46:46.746053,complete,Leucocytes,positive,E,WC,20.0,,133.0,,,,,,,,,,,,,,,,,,,,,,,
91,case_13,2024-04-10 17:26:34.746053,complete,CRP,positive,J,SA,22.0,3061.0,,,,,,,,,,,,,,,,,,,,,,,,
92,case_13,2024-04-10 18:15:36.746053,complete,CRP,positive,J,CB,20.0,5728.0,,,,,,,,,,,,,,,,,,,,,,,,
93,case_13,2024-04-10 18:42:46.746053,complete,Leucocytes,positive,L,CE,22.0,,137.0,,,,,,,,,,,,,,,,,,,,,,,
94,case_13,2024-04-10 19:51:13.746053,complete,ER Registration,positive,J,UA,21.0,,,,true,false,false,true,true,true,true,true,false,false,true,false,true,true,true,true,false,true,false,false,true,false
95,case_13,2024-04-10 21:35:45.746053,complete,Admission NC,positive,C,,,,,,,,,,,,,,,,,,,,,,,,,,,
96,case_13,2024-04-10 21:42:15.746053,complete,Leucocytes,positive,L,HD,20.0,,139.0,,,,,,,,,,,,,,,,,,,,,,,
97,case_13,2024-04-10 23:25:17.746053,complete,CRP,positive,L,GB,23.0,5466.0,,,,,,,,,,,,,,,,,,,,,,,,
98,case_13,2024-04-11 00:12:49.746053,complete,Leucocytes,positive,J,HD,21.0,,137.0,,,,,,,,,,,,,,,,,,,,,,,
99,case_13,2024-04-11 01:00:49.746053,complete,Admission NC,positive,J,,,,,,,,,,,,,,,,,,,,,,,,,,,
100,case_14,2024-04-10 16:30:33.746053,complete,Leucocytes,positive,C,DC,20.0,,137.0,,,,,,,,,,,,,,,,,,,,,,,
101,case_14,2024-04-10 17:16:10.746053,complete,CRP,positive,L,TD,20.0,1247.0,,,,,,,,,,,,,,,,,,,,,,,,
102,case_14,2024-04-10 18:35:57.746053,complete,Admission NC,positive,J,,,,,,,,,,,,,,,,,,,,,,,,,,,
103,case_14,2024-04-10 18:40:38.746053,complete,CRP,positive,I,NA,22.0,55.0,,,,,,,,,,,,,,,,,,,,,,,,
104,case_14,2024-04-10 19:41:07.746053,complete,CRP,positive,I,DC,20.0,4213.0,,,,,,,,,,,,,,,,,,,,,,,,
105,case_14,2024-04-10 20:38:09.746053,complete,CRP,positive,I,HC,22.0,4266.0,,,,,,,,,,,,,,,,,,,,,,,,
106,case_14,2024-04-10 22:17:42.746053,complete,Admission NC,positive,L,,,,,,,,,,,,,,,,,,,,,,,,,,,
107,case_14,2024-04-10 22:59:20.746053,complete,CRP,positive,E,HC,34.0,3325.0,,,,,,,,,,,,,,,,,,,,,,,,
108,case_15,2024-04-10 16:24:45.746053,complete,Leucocytes,positive,L,HD,24.0,,1775.0,,,,,,,,,,,,,,,,,,,,,,,
109,case_15,2024-04-10 16:50:28.746053,complete,CRP,positive,L,LA,21.0,1265.0,,,,,,,,,,,,,,,,,,,,,,,,
110,case_15,2024-04-10 18:01:49.746053,complete,Admission NC,positive,L,,,,,,,,,,,,,,,,,,,,,,,,,,,
111,case_15,2024-04-10 18:51:49.746053,complete,CRP,positive,I,VD,20.0,52.0,,,,,,,,,,,,,,,,,,,,,,,,
112,case_15,2024-04-10 19:46:43.746053,complete,CRP,positive,L,EB,20.0,5301.0,,,,,,,,,,,,,,,,,,,,,,,,
113,case_15,2024-04-10 20:39:23.746053,complete,CRP,positive,I,HC,21.0,2995.0,,,,,,,,,,,,,,,,,,,,,,,,
114,case_15,2024-04-10 22:19:10.746053,complete,Admission NC,positive,C,,,,,,,,,,,,,,,,,,,,,,,,,,,
115,case_15,2024-04-10 23:27:50.746053,complete,Leucocytes,positive,E,HE,34.0,,3763.0,,,,,,,,,,,,,,,,,,,,,,,
116,case_16,2024-04-10 16:21:12.746053,complete,CRP,positive,J,DC,21.0,5723.0,,,,,,,,,,,,,,,,,,,,,,,,
117,case_16,2024-04-10 17:35:14.746053,complete,Leucocytes,positive,L,LC,20.0,,2059.0,,,,,,,,,,,,,,,,,,,,,,,
118,case_16,2024-04-10 18:25:52.746053,complete,Leucocytes,positive,J,HE,20.0,,139.0,,,,,,,,,,,,,,,,,,,,,,,
119,case_16,2024-04-10 19:17:03.746053,complete,Admission NC,positive,J,,,,,,,,,,,,,,,,,,,,,,,,,,,
120,case_16,2024-04-10 20:33:26.746053,complete,Leucocytes,positive,J,DA,20.0,,137.0,,,,,,,,,,,,,,,,,,,,,,,
121,case_16,2024-04-10 21:28:12.746053,complete,Admission NC,positive,?,,,,,,,,,,,,,,,,,,,,,,,,,,,
122,case_16,2024-04-10 22:21:03.746053,complete,Leucocytes,positive,J,HE,21.0,,140.0,,,,,,,,,,,,,,,,,,,,,,,
123,case_16,2024-04-10 23:14:25.746053,complete,CRP,positive,E,HD,34.0,3324.0,,,,,,,,,,,,,,,,,,,,,,,,
124,case_17,2024-04-10 16:29:16.746053,complete,CRP,positive,A,DC,20.0,5728.0,,,,,,,,,,,,,,,,,,,,,,,,
125,case_17,2024-04-10 16:45:34.746053,complete,Leucocytes,positive,J,LD,23.0,,2062.0,,,,,,,,,,,,,,,,,,,,,,,
126,case_17,2024-04-10 18:20:47.746053,complete,Leucocytes,positive,I,HC,22.0,,134.0,,,,,,,,,,,,,,,,,,,,,,,
127,case_17,2024-04-10 19:28:18.746053,complete,Admission NC,positive,?,,,,,,,,,,,,,,,,,,,,,,,,,,,
128,case_17,2024-04-10 20:06:01.746053,complete,CRP,positive,L,EA,25.0,5301.0,,,,,,,,,,,,,,,,,,,,,,,,
129,case_17,2024-04-10 21:17:11.746053,complete,Admission NC,positive,L,,,,,,,,,,,,,,,,,,,,,,,,,,,
130,case_17,2024-04-10 21:43:49.746053,complete,Leucocytes,positive,I,HE,22.0,,141.0,,,,,,,,,,,,,,,,,,,,,,,
131,case_17,2024-04-10 23:24:06.746053,complete,LacticAcid,positive,L,,,,,73.0,,,,,,,,,,,,,,,,,,,,,,
132,case_18,2024-04-10 16:14:29.746053,complete,CRP,positive,J,DC,22.0,5725.0,,,,,,,,,,,,,,,,,,,,,,,,
133,case_18,2024-04-10 16:54:48.746053,complete,Admission NC,positive,L,,,,,,,,,,,,,,,,,,,,,,,,,,,
134,case_18,2024-04-10 18:35:47.746053,complete,Admission NC,positive,J,,,,,,,,,,,,,,,,,,,,,,,,,,,
135,case_18,2024-04-10 19:24:33.746053,complete,CRP,positive,I,VD,20.0,55.0,,,,,,,,,,,,,,,,,,,,,,,,
136,case_18,2024-04-10 20:10:08.746053,complete,CRP,positive,I,UB,20.0,4149.0,,,,,,,,,,,,,,,,,,,,,,,,
137,case_18,2024-04-10 21:13:38.746053,complete,CRP,positive,J,HE,20.0,4234.0,,,,,,,,,,,,,,,,,,,,,,,,
138,case_18,2024-04-10 21:43:25.746053,complete,CRP,positive,L,HD,20.0,5608.0,,,,,,,,,,,,,,,,,,,,,,,,
139,case_18,2024-04-10 23:36:39.746053,complete,Leucocytes,positive,I,HB,36.0,,3.0,,,,,,,,,,,,,,,,,,,,,,,
140,case_19,2024-04-10 15:37:49.746053,complete,CRP,positive,L,QE,41.0,4610.0,,,,,,,,,,,,,,,,,,,,,,,,
141,case_19,2024-04-10 17:10:57.746053,complete,Admission NC,positive,L,,,,,,,,,,,,,,,,,,,,,,,,,,,
142,case_19,2024-04-10 18:12:37.746053,complete,CRP,positive,I,IC,20.0,850.0,,,,,,,,,,,,,,,,,,,,,,,,
143,case_19,2024-04-10 19:31:59.746053,complete,Admission NC,positive,E,,,,,,,,,,,,,,,,,,,,,,,,,,,
144,case_19,2024-04-10 20:13:50.746053,complete,CRP,positive,L,HE,20.0,2718.0,,,,,,,,,,,,,,,,,,,,,,,,
145,case_20,2024-04-10 16:27:35.746053,complete,Leucocytes,positive,L,QE,21.0,,636.0,,,,,,,,,,,,,,,,,,,,,,,
146,case_20,2024-04-10 17:26:49.746053,complete,Leucocytes,positive,I,IC,22.0,,2968.0,,,,,,,,,,,,,,,,,,,,,,,
147,case_20,2024-04-10 17:38:32.746053,complete,Admission NC,positive,J,,,,,,,,,,,,,,,,,,,,,,,,,,,
148,case_20,2024-04-10 18:56:24.746053,complete,Admission NC,positive,L,,,,,,,,,,,,,,,,,,,,,,,,,,,
149,case_20,2024-04-10 19:37:57.746053,complete,CRP,positive,L,HE,21.0,5708.0,,,,,,,,,,,,,,,,,,,,,,,,
150,case_21,2024-04-10 15:58:42.746053,complete,Admission NC,positive,F,,,,,,,,,,,,,,,,,,,,,,,,,,,
151,case_21,2024-04-10 16:52:36.746053,complete,CRP,positive,L,QD,20.0,4504.0,,,,,,,,,,,,,,,,,,,,,,,,
152,case_21,2024-04-10 18:13:24.746053,complete,CRP,positive,I,AA,90.0,741.0,,,,,,,,,,,,,,,,,,,,,,,,
153,case_21,2024-04-10 19:34:40.746053,complete,Admission NC,positive,L,,,,,,,,,,,,,,,,,,,,,,,,,,,
154,case_21,2024-04-10 19:38:30.746053,complete,CRP,positive,E,HD,43.0,4622.0,,,,,,,,,,,,,,,,,,,,,,,,
155,case_22,2024-04-10 16:25:51.746053,complete,CRP,positive,L,QE,41.0,3729.0,,,,,,,,,,,,,,,,,,,,,,,,
156,case_22,2024-04-10 16:46:56.746053,complete,Admission NC,positive,L,,,,,,,,,,,,,,,,,,,,,,,,,,,
157,case_22,2024-04-10 17:47:16.746053,complete,CRP,positive,F,HA,20.0,854.0,,,,,,,,,,,,,,,,,,,,,,,,
158,case_22,2024-04-10 18:45:24.746053,complete,Admission NC,positive,J,,,,,,,,,,,,,,,,,,,,,,,,,,,
159,case_22,2024-04-10 20:27:16.746053,complete,CRP,positive,E,HE,20.0,5635.0,,,,,,,,,,,,,,,,,,,,,,,,
160,case_23,2024-04-10 15:52:59.746053,complete,Leucocytes,positive,J,BE,20.0,,137.0,,,,,,,,,,,,,,,,,,,,,,,
161,case_23,2024-04-10 17:00:47.746053,complete,CRP,positive,L,GE,20.0,4506.0,,,,,,,,,,,,,,,,,,,,,,,,
162,case_23,2024-04-10 18:34:33.746053,complete,Admission NC,positive,L,,,,,,,,,,,,,,,,,,,,,,,,,,,
163,case_23,2024-04-10 19:14:43.746053,complete,Admission NC,positive,?,,,,,,,,,,,,,,,,,,,,,,,,,,,
164,case_23,2024-04-10 20:19:27.746053,complete,CRP,positive,L,HD,20.0,4623.0,,,,,,,,,,,,,,,,,,,,,,,,
165,case_24,2024-04-10 16:07:58.746053,complete,Admission NC,positive,E,,,,,,,,,,,,,,,,,,,,,,,,,,,
166,case_24,2024-04-10 17:15:49.746053,complete,Admission NC,positive,L,,,,,,,,,,,,,,,,,,,,,,,,,,,
167,case_24,2024-04-10 17:57:03.746053,complete,CRP,positive,J,LA,37.0,846.0,,,,,,,,,,,,,,,,,,,,,,,,
168,case_24,2024-04-10 19:24:46.746053,complete,CRP,positive,?,HE,88.0,199.0,,,,,,,,,,,,,,,,,,,,,,,,
169,case_24,2024-04-10 19:51:47.746053,complete,CRP,positive,J,HC,22.0,2804.0,,,,,,,,,,,,,,,,,,,,,,,,
170,case_25,2024-04-10 15:40:49.746053,complete,CRP,positive,E,EE,25.0,4585.0,,,,,,,,,,,,,,,,,,,,,,,,
171,case_25,2024-04-10 17:22:34.746053,complete,Leucocytes,positive,L,PA,44.0,,2362.0,,,,,,,,,,,,,,,,,,,,,,,
172,case_25,2024-04-10 17:44:58.746053,complete,Admission NC,positive,L,,,,,,,,,,,,,,,,,,,,,,,,,,,
173,case_25,2024-04-10 18:57:04.746053,complete,CRP,positive,K,GA,21.0,1416.0,,,,,,,,,,,,,,,,,,,,,,,,
174,case_25,2024-04-10 20:32:58.746053,complete,Admission NC,positive,?,,,,,,,,,,,,,,,,,,,,,,,,,,,
175,case_25,2024-04-10 21:07:55.746053,complete,Leucocytes,positive,I,HE,25.0,,138.0,,,,,,,,,,,,,,,,,,,,,,,
176,case_25,2024-04-10 22:28:23.746053,complete,Leucocytes,positive,L,HD,22.0,,141.0,,,,,,,,,,,,,,,,,,,,,,,
177,case_26,2024-04-10 16:15:30.746053,complete,Leucocytes,positive,L,EE,90.0,,137.0,,,,,,,,,,,,,,,,,,,,,,,
178,case_26,2024-04-10 16:51:58.746053,complete,Leucocytes,positive,J,MD,20.0,,2362.0,,,,,,,,,,,,,,,,,,,,,,,
179,case_26,2024-04-10 18:00:11.746053,complete,CRP,positive,I,HB,22.0,2915.0,,,,,,,,,,,,,,,,,,,,,,,,
180,case_26,2024-04-10 19:33:48.746053,complete,Leucocytes,positive,I,GA,24.0,,2932.0,,,,,,,,,,,,,,,,,,,,,,,
181,case_26,2024-04-10 20:15:51.746053,complete,Admission NC,positive,?,,,,,,,,,,,,,,,,,,,,,,,,,,,
182,case_26,2024-04-10 20:52:49.746053,complete,Leucocytes,positive,I,HD,23.0,,143.0,,,,,,,,,,,,,,,,,,,,,,,
183,case_26,2024-04-10 21:43:50.746053,complete,Admission NC,positive,C,,,,,,,,,,,,,,,,,,,,,,,,,,,
184,case_27,2024-04-10 16:03:48.746053,complete,CRP,positive,E,ED,45.0,3754.0,,,,,,,,,,,,,,,,,,,,,,,,
185,case_27,2024-04-10 16:53:00.746053,complete,Admission NC,positive,L,,,,,,,,,,,,,,,,,,,,,,,,,,,
186,case_27,2024-04-10 17:51:52.746053,complete,CRP,positive,K,HB,20.0,2917.0,,,,,,,,,,,,,,,,,,,,,,,,
187,case_27,2024-04-10 19:07:20.746053,complete,Admission NC,positive,E,,,,,,,,,,,,,,,,,,,,,,,,,,,
188,case_27,2024-04-10 20:25:47.746053,complete,Leucocytes,positive,I,HE,22.0,,1067.0,,,,,,,,,,,,,,,,,,,,,,,
189,case_27,2024-04-10 21:24:45.746053,complete,CRP,positive,I,HA,23.0,4313.0,,,,,,,,,,,,,,,,,,,,,,,,
190,case_27,2024-04-10 22:09:05.746053,complete,CRP,positive,L,HE,22.0,5689.0,,,,,,,,,,,,,,,,,,,,,,,,
191,case_28,2024-04-10 16:26:15.746053,complete,CRP,positive,L,CA,73.0,5729.0,,,,,,,,,,,,,,,,,,,,,,,,
192,case_28,2024-04-10 17:28:17.746053,complete,Leucocytes,positive,J,GD,24.0,,1757.0,,,,,,,,,,,,,,,,,,,,,,,
193,case_28,2024-04-10 17:45:31.746053,complete,Admission NC,positive,L,,,,,,,,,,,,,,,,,,,,,,,,,,,
194,case_28,2024-04-10 19:23:54.746053,complete,CRP,positive,I,UD,20.0,1325.0,,,,,,,,,,,,,,,,,,,,,,,,
195,case_28,2024-04-10 19:57:24.746053,complete,CRP,positive,J,HD,20.0,3234.0,,,,,,,,,,,,,,,,,,,,,,,,
196,case_28,2024-04-10 20:38:55.746053,complete,Admission NC,positive,L,,,,,,,,,,,,,,,,,,,,,,,,,,,
197,case_28,2024-04-10 21:51:41.746053,complete,CRP,positive,L,HC,25.0,2914.0,,,,,,,,,,,,,,,,,,,,,,,,
198,case_28,2024-04-10 23:15:55.746053,complete,Leucocytes,positive,I,HD,21.0,,137.0,,,,,,,,,,,,,,,,,,,,,,,
199,case_28,2024-04-11 00:04:39.746053,complete,CRP,positive,E,HE,22.0,5664.0,,,,,,,,,,,,,,,,,,,,,,,,
200,case_29,2024-04-10 16:04:20.746053,complete,CRP,positive,E,EE,21.0,5730.0,,,,,,,,,,,,,,,,,,,,,,,,
201,case_29,2024-04-10 16:49:41.746053,complete,CRP,positive,I,GD,20.0,2088.0,,,,,,,,,,,,,,,,,,,,,,,,
202,case_29,2024-04-10 17:41:42.746053,complete,Leucocytes,positive,C,AA,21.0,,136.0,,,,,,,,,,,,,,,,,,,,,,,
203,case_29,2024-04-10 19:17:41.746053,complete,CRP,positive,I,UB,22.0,1328.0,,,,,,,,,,,,,,,,,,,,,,,,
204,case_29,2024-04-10 19:51:41.746053,complete,Admission NC,positive,J,,,,,,,,,,,,,,,,,,,,,,,,,,,
205,case_29,2024-04-10 21:27:57.746053,complete,Leucocytes,positive,I,HD,88.0,,136.0,,,,,,,,,,,,,,,,,,,,,,,
206,case_29,2024-04-10 22:13:49.746053,complete,Leucocytes,positive,J,HC,20.0,,137.0,,,,,,,,,,,,,,,,,,,,,,,
207,case_29,2024-04-10 23:30:17.746053,complete,Admission NC,positive,J,,,,,,,,,,,,,,,,,,,,,,,,,,,
208,case_29,2024-04-10 23:52:08.746053,complete,CRP,positive,L,HD,21.0,5263.0,,,,,,,,,,,,,,,,,,,,,,,,
