,case:concept:name,time:timestamp,lifecycle:transition,concept:name,case:label,org:group,Diagnose,Age,Leucocytes,CRP,LacticAcid,InfectionSuspected,DiagnosticBlood,DisfuncOrg,SIRSCritTachypnea,Hypotensie,SIRSCritHeartRate,Infusion,DiagnosticArtAstrup,DiagnosticIC,DiagnosticSputum,DiagnosticLiquor,DiagnosticOther,SIRSCriteria2OrMore,DiagnosticXthorax,SIRSCritTemperature,DiagnosticUrinaryCulture,SIRSCritLeucos,Oligurie,DiagnosticLacticAcid,Hypoxie,DiagnosticUrinarySediment,DiagnosticECG
0,case_0,2024-04-10 16:30:10.846591,complete,Admission NC,positive,E,,,,,,,,,,,,,,,,,,,,,,,,,,,
1,case_0,2024-04-10 17:27:23.846591,complete,Leucocytes,positive,K,YC,20.0,1622.0,,,,,,,,,,,,,,,,,,,,,,,,
2,case_0,2024-04-10 18:31:34.846591,complete,Leucocytes,positive,A,YA,20.0,138.0,,,,,,,,,,,,,,,,,,,,,,,,
3,case_0,2024-04-10 19:27:53.846591,complete,CRP,positive,A,YA,21.0,,3483.0,,,,,,,,,,,,,,,,,,,,,,,
4,case_0,2024-04-10 19:50:49.846591,complete,Admission NC,positive,J,,,,,,,,,,,,,,,,,,,,,,,,,,,
5,case_0,2024-04-10 21:21:17.846591,complete,Leucocytes,positive,K,YA,20.0,3201.0,,,,,,,,,,,,,,,,,,,,,,,,
6,case_0,2024-04-10 21:59:34.846591,complete,LacticAcid,positive,A,,,,,141.0,,,,,,,,,,,,,,,,,,,,,,
7,case_0,2024-04-10 22:57:07.846591,complete,Leucocytes,positive,I,YC,21.0,138.0,,,,,,,,,,,,,,,,,,,,,,,,
8,case_1,2024-04-10 16:21:37.846591,complete,CRP,positive,A,YB,22.0,,50.0,,,,,,,,,,,,,,,,,,,,,,,
9,case_1,2024-04-10 17:19:07.846591,complete,Admission NC,positive,F,,,,,,,,,,,,,,,,,,,,,,,,,,,
10,case_1,2024-04-10 18:17:58.846591,complete,Admission NC,positive,?,,,,,,,,,,,,,,,,,,,,,,,,,,,
11,case_1,2024-04-10 19:14:59.846591,complete,Leucocytes,positive,K,YB,75.0,635.0,,,,,,,,,,,,,,,,,,,,,,,,
12,case_1,2024-04-10 20:19:03.846591,complete,Leucocytes,positive,I,YA,22.0,2574.0,,,,,,,,,,,,,,,,,,,,,,,,
13,case_1,2024-04-10 21:02:16.846591,complete,CRP,positive,K,YB,20.0,,50.0,,,,,,,,,,,,,,,,,,,,,,,
14,case_1,2024-04-10 21:55:54.846591,complete,CRP,positive,?,YC,20.0,,51.0,,,,,,,,,,,,,,,,,,,,,,,
15,case_1,2024-04-10 22:52:50.846591,complete,Leucocytes,positive,I,YB,22.0,2360.0,,,,,,,,,,,,,,,,,,,,,,,,
16,case_2,2024-04-10 15:45:31.846591,complete,Admission NC,positive,J,,,,,,,,,,,,,,,,,,,,,,,,,,,
17,case_2,2024-04-10 17:09:56.846591,complete,Leucocytes,positive,K,YD,20.0,318.0,,,,,,,,,,,,,,,,,,,,,,,,
18,case_2,2024-04-10 18:11:51.846591,complete,Leucocytes,positive,K,YB,20.0,138.0,,,,,,,,,,,,,,,,,,,,,,,,
19,case_2,2024-04-10 19:09:03.846591,complete,CRP,positive,A,YA,20.0,,50.0,,,,,,,,,,,,,,,,,,,,,,,
20,case_2,2024-04-10 19:50:45.846591,complete,Leucocytes,positive,K,QA,21.0,2026.0,,,,,,,,,,,,,,,,,,,,,,,,
21,case_2,2024-04-10 20:57:11.846591,complete,Leucocytes,positive,?,YC,20.0,138.0,,,,,,,,,,,,,,,,,,,,,,,,
22,case_2,2024-04-10 21:51:28.846591,complete,CRP,positive,I,YB,21.0,,5209.0,,,,,,,,,,,,,,,,,,,,,,,
23,case_2,2024-04-10 23:10:15.846591,complete,Admission NC,positive,C,,,,,,,,,,,,,,,,,,,,,,,,,,,
24,case_3,2024-04-10 16:18:19.846591,complete,Leucocytes,positive,K,YC,20.0,3224.0,,,,,,,,,,,,,,,,,,,,,,,,
25,case_3,2024-04-10 17:22:53.846591,complete,Leucocytes,positive,K,YC,20.0,1622.0,,,,,,,,,,,,,,,,,,,,,,,,
26,case_3,2024-04-10 18:03:13.846591,complete,CRP,positive,I,YA,20.0,,50.0,,,,,,,,,,,,,,,,,,,,,,,
27,case_3,2024-04-10 19:20:48.846591,complete,CRP,positive,K,YC,21.0,,3483.0,,,,,,,,,,,,,,,,,,,,,,,
28,case_3,2024-04-10 20:30:49.846591,complete,Admission NC,positive,F,,,,,,,,,,,,,,,,,,,,,,,,,,,
29,case_3,2024-04-10 21:23:24.846591,complete,Leucocytes,positive,A,YB,20.0,3201.0,,,,,,,,,,,,,,,,,,,,,,,,
30,case_3,2024-04-10 21:55:36.846591,complete,Leucocytes,positive,I,YB,24.0,2074.0,,,,,,,,,,,,,,,,,,,,,,,,
31,case_3,2024-04-10 22:56:07.846591,complete,Admission NC,positive,?,,,,,,,,,,,,,,,,,,,,,,,,,,,
32,case_4,2024-04-10 15:58:14.846591,complete,Leucocytes,positive,K,YA,21.0,440.0,,,,,,,,,,,,,,,,,,,,,,,,
33,case_4,2024-04-10 17:12:31.846591,complete,Leucocytes,positive,K,YC,20.0,2539.0,,,,,,,,,,,,,,,,,,,,,,,,
34,case_4,2024-04-10 18:28:58.846591,complete,CRP,positive,K,YA,24.0,,50.0,,,,,,,,,,,,,,,,,,,,,,,
35,case_4,2024-04-10 18:42:45.846591,complete,Leucocytes,positive,I,YD,22.0,335.0,,,,,,,,,,,,,,,,,,,,,,,,
36,case_4,2024-04-10 20:20:51.846591,complete,Leucocytes,positive,K,YB,21.0,2026.0,,,,,,,,,,,,,,,,,,,,,,,,
37,case_4,2024-04-10 20:47:47.846591,complete,Leucocytes,positive,I,QA,21.0,138.0,,,,,,,,,,,,,,,,,,,,,,,,
38,case_4,2024-04-10 22:17:50.846591,complete,Admission NC,positive,F,,,,,,,,,,,,,,,,,,,,,,,,,,,
39,case_4,2024-04-10 22:34:56.846591,complete,Admission NC,positive,A,,,,,,,,,,,,,,,,,,,,,,,,,,,
40,case_5,2024-04-10 16:26:36.846591,complete,Leucocytes,positive,I,YA,20.0,440.0,,,,,,,,,,,,,,,,,,,,,,,,
41,case_5,2024-04-10 16:56:58.846591,complete,Leucocytes,positive,I,YA,22.0,2539.0,,,,,,,,,,,,,,,,,,,,,,,,
42,case_5,2024-04-10 18:21:44.846591,complete,Admission NC,positive,A,,,,,,,,,,,,,,,,,,,,,,,,,,,
43,case_5,2024-04-10 18:49:37.846591,complete,Leucocytes,positive,K,YA,24.0,335.0,,,,,,,,,,,,,,,,,,,,,,,,
44,case_5,2024-04-10 19:38:55.846591,complete,Leucocytes,positive,I,YD,22.0,2026.0,,,,,,,,,,,,,,,,,,,,,,,,
45,case_5,2024-04-10 20:35:18.846591,complete,Leucocytes,positive,K,YB,21.0,138.0,,,,,,,,,,,,,,,,,,,,,,,,
46,case_5,2024-04-10 22:19:39.846591,complete,Leucocytes,positive,I,QA,21.0,138.0,,,,,,,,,,,,,,,,,,,,,,,,
47,case_5,2024-04-10 23:02:17.846591,complete,Admission NC,positive,F,,,,,,,,,,,,,,,,,,,,,,,,,,,
48,case_6,2024-04-10 15:49:53.846591,complete,CRP,positive,K,YD,22.0,,2747.0,,,,,,,,,,,,,,,,,,,,,,,
49,case_6,2024-04-10 16:32:45.846591,complete,Leucocytes,positive,I,YA,20.0,138.0,,,,,,,,,,,,,,,,,,,,,,,,
50,case_6,2024-04-10 17:50:54.846591,complete,ER Registration,positive,I,YA,21.0,,,,true,false,false,true,true,false,true,false,true,true,true,true,false,false,true,false,false,true,false,true,true,false
51,case_6,2024-04-10 18:48:01.846591,complete,Admission NC,positive,J,,,,,,,,,,,,,,,,,,,,,,,,,,,
52,case_6,2024-04-10 19:39:01.846591,complete,Admission NC,positive,J,,,,,,,,,,,,,,,,,,,,,,,,,,,
53,case_6,2024-04-10 21:15:53.846591,complete,Leucocytes,positive,A,YA,21.0,107.0,,,,,,,,,,,,,,,,,,,,,,,,
54,case_6,2024-04-10 22:12:04.846591,complete,CRP,positive,K,YD,20.0,,2803.0,,,,,,,,,,,,,,,,,,,,,,,
55,case_7,2024-04-10 15:33:03.846591,complete,LacticAcid,positive,A,,,,,2.0,,,,,,,,,,,,,,,,,,,,,,
56,case_7,2024-04-10 16:43:34.846591,complete,Leucocytes,positive,K,YC,20.0,139.0,,,,,,,,,,,,,,,,,,,,,,,,
57,case_7,2024-04-10 17:38:22.846591,complete,LacticAcid,positive,I,,,,,2.0,,,,,,,,,,,,,,,,,,,,,,
58,case_7,2024-04-10 18:42:27.846591,complete,Leucocytes,positive,L,YA,22.0,139.0,,,,,,,,,,,,,,,,,,,,,,,,
59,case_7,2024-04-10 19:50:51.846591,complete,Admission NC,positive,F,,,,,,,,,,,,,,,,,,,,,,,,,,,
60,case_7,2024-04-10 20:49:30.846591,complete,Admission NC,positive,A,,,,,,,,,,,,,,,,,,,,,,,,,,,
61,case_7,2024-04-10 21:52:22.846591,complete,CRP,positive,A,YA,20.0,,1867.0,,,,,,,,,,,,,,,,,,,,,,,
62,case_8,2024-04-10 15:51:18.846591,complete,LacticAcid,positive,K,,,,,2.0,,,,,,,,,,,,,,,,,,,,,,
63,case_8,2024-04-10 17:21:28.846591,complete,Leucocytes,positive,A,YD,20.0,139.0,,,,,,,,,,,,,,,,,,,,,,,,
64,case_8,2024-04-10 18:13:21.846591,complete,LacticAcid,positive,K,,,,,2.0,,,,,,,,,,,,,,,,,,,,,,
65,case_8,2024-04-10 19:26:06.846591,complete,Leucocytes,positive,I,YB,25.0,138.0,,,,,,,,,,,,,,,,,,,,,,,,
66,case_8,2024-04-10 20:03:27.846591,complete,Admission NC,positive,J,,,,,,,,,,,,,,,,,,,,,,,,,,,
67,case_8,2024-04-10 21:23:13.846591,complete,Admission NC,positive,J,,,,,,,,,,,,,,,,,,,,,,,,,,,
68,case_8,2024-04-10 22:16:43.846591,complete,CRP,positive,K,YD,21.0,,3897.0,,,,,,,,,,,,,,,,,,,,,,,
69,case_8,2024-04-10 23:25:28.846591,complete,CRP,positive,K,YA,21.0,,50.0,,,,,,,,,,,,,,,,,,,,,,,
70,case_8,2024-04-10 23:41:02.846591,complete,CRP,positive,A,YA,21.0,,3367.0,,,,,,,,,,,,,,,,,,,,,,,
71,case_8,2024-04-11 01:29:06.846591,complete,CRP,positive,I,W,20.0,,567.0,,,,,,,,,,,,,,,,,,,,,,,
72,case_9,2024-04-10 16:25:15.846591,complete,Leucocytes,positive,K,YD,22.0,570.0,,,,,,,,,,,,,,,,,,,,,,,,
73,case_9,2024-04-10 16:41:27.846591,complete,CRP,positive,K,YB,21.0,,4181.0,,,,,,,,,,,,,,,,,,,,,,,
74,case_9,2024-04-10 18:20:42.846591,complete,Leucocytes,positive,I,QA,21.0,138.0,,,,,,,,,,,,,,,,,,,,,,,,
75,case_9,2024-04-10 18:49:28.846591,complete,Leucocytes,positive,K,YB,20.0,2207.0,,,,,,,,,,,,,,,,,,,,,,,,
76,case_9,2024-04-10 19:55:38.846591,complete,Leucocytes,positive,?,YC,20.0,277.0,,,,,,,,,,,,,,,,,,,,,,,,
77,case_9,2024-04-10 20:44:54.846591,complete,CRP,positive,J,YA,20.0,,50.0,,,,,,,,,,,,,,,,,,,,,,,
78,case_9,2024-04-10 22:12:13.846591,complete,Admission NC,positive,F,,,,,,,,,,,,,,,,,,,,,,,,,,,
79,case_9,2024-04-10 23:14:39.846591,complete,Admission NC,positive,F,,,,,,,,,,,,,,,,,,,,,,,,,,,
80,case_9,2024-04-11 00:27:32.846591,complete,LacticAcid,positive,I,,,,,8.0,,,,,,,,,,,,,,,,,,,,,,
81,case_9,2024-04-11 00:52:36.846591,complete,Leucocytes,positive,F,YA,22.0,139.0,,,,,,,,,,,,,,,,,,,,,,,,
82,case_10,2024-04-10 15:54:04.846591,complete,Leucocytes,positive,K,YA,20.0,1495.0,,,,,,,,,,,,,,,,,,,,,,,,
83,case_10,2024-04-10 17:24:25.846591,complete,CRP,positive,L,YB,23.0,,4181.0,,,,,,,,,,,,,,,,,,,,,,,
84,case_10,2024-04-10 18:22:41.846591,complete,Leucocytes,positive,A,YA,21.0,348.0,,,,,,,,,,,,,,,,,,,,,,,,
85,case_10,2024-04-10 18:51:49.846591,complete,Leucocytes,positive,I,YB,24.0,138.0,,,,,,,,,,,,,,,,,,,,,,,,
86,case_10,2024-04-10 20:07:40.846591,complete,CRP,positive,I,YA,21.0,,50.0,,,,,,,,,,,,,,,,,,,,,,,
87,case_10,2024-04-10 20:41:43.846591,complete,CRP,positive,K,YD,22.0,,51.0,,,,,,,,,,,,,,,,,,,,,,,
88,case_10,2024-04-10 21:46:10.846591,complete,Leucocytes,positive,K,QB,20.0,138.0,,,,,,,,,,,,,,,,,,,,,,,,
89,case_10,2024-04-10 22:46:53.846591,complete,Admission NC,positive,F,,,,,,,,,,,,,,,,,,,,,,,,,,,
90,case_10,2024-04-10 23:38:58.846591,complete,Leucocytes,positive,K,YB,26.0,1558.0,,,,,,,,,,,,,,,,,,,,,,,,
91,case_10,2024-04-11 00:48:04.846591,complete,Admission NC,positive,J,,,,,,,,,,,,,,,,,,,,,,,,,,,
92,case_11,2024-04-10 15:55:57.846591,complete,Admission NC,positive,A,,,,,,,,,,,,,,,,,,,,,,,,,,,
93,case_11,2024-04-10 17:11:41.846591,complete,CRP,positive,I,YD,22.0,,4181.0,,,,,,,,,,,,,,,,,,,,,,,
94,case_11,2024-04-10 18:31:15.846591,complete,Leucocytes,positive,K,YB,21.0,348.0,,,,,,,,,,,,,,,,,,,,,,,,
95,case_11,2024-04-10 19:29:00.846591,complete,Leucocytes,positive,I,QA,21.0,138.0,,,,,,,,,,,,,,,,,,,,,,,,
96,case_11,2024-04-10 19:37:26.846591,complete,CRP,positive,K,YB,20.0,,50.0,,,,,,,,,,,,,,,,,,,,,,,
97,case_11,2024-04-10 21:01:14.846591,complete,CRP,positive,?,YC,20.0,,51.0,,,,,,,,,,,,,,,,,,,,,,,
98,case_11,2024-04-10 21:34:16.846591,complete,Leucocytes,positive,J,YA,20.0,138.0,,,,,,,,,,,,,,,,,,,,,,,,
99,case_11,2024-04-10 23:04:54.846591,complete,Leucocytes,positive,I,QC,20.0,139.0,,,,,,,,,,,,,,,,,,,,,,,,
100,case_11,2024-04-11 00:20:35.846591,complete,Leucocytes,positive,A,YA,20.0,1558.0,,,,,,,,,,,,,,,,,,,,,,,,
101,case_11,2024-04-11 00:51:48.846591,complete,Admission NC,positive,F,,,,,,,,,,,,,,,,,,,,,,,,,,,
102,case_12,2024-04-10 16:23:44.846591,complete,Admission NC,positive,F,,,,,,,,,,,,,,,,,,,,,,,,,,,
103,case_12,2024-04-10 17:17:55.846591,complete,CRP,positive,K,YD,21.0,,2186.0,,,,,,,,,,,,,,,,,,,,,,,
104,case_12,2024-04-10 18:20:40.846591,complete,CRP,positive,K,YA,21.0,,2432.0,,,,,,,,,,,,,,,,,,,,,,,
105,case_12,2024-04-10 18:52:50.846591,complete,Leucocytes,positive,A,YA,21.0,138.0,,,,,,,,,,,,,,,,,,,,,,,,
106,case_12,2024-04-10 19:32:15.846591,complete,CRP,positive,I,YA,20.0,,50.0,,,,,,,,,,,,,,,,,,,,,,,
107,case_12,2024-04-10 21:15:38.846591,complete,Leucocytes,positive,?,YA,20.0,2272.0,,,,,,,,,,,,,,,,,,,,,,,,
108,case_12,2024-04-10 22:01:53.846591,complete,CRP,positive,K,YA,20.0,,51.0,,,,,,,,,,,,,,,,,,,,,,,
109,case_12,2024-04-10 23:02:16.846591,complete,Admission NC,positive,A,,,,,,,,,,,,,,,,,,,,,,,,,,,
110,case_12,2024-04-10 23:45:04.846591,complete,CRP,positive,?,YA,20.0,,4124.0,,,,,,,,,,,,,,,,,,,,,,,
111,case_12,2024-04-11 00:35:09.846591,complete,Leucocytes,positive,K,W,23.0,2070.0,,,,,,,,,,,,,,,,,,,,,,,,
112,case_13,2024-04-10 16:09:27.846591,complete,Admission NC,positive,F,,,,,,,,,,,,,,,,,,,,,,,,,,,
113,case_13,2024-04-10 17:19:13.846591,complete,Leucocytes,positive,K,YA,21.0,1971.0,,,,,,,,,,,,,,,,,,,,,,,,
114,case_13,2024-04-10 18:05:04.846591,complete,CRP,positive,K,YA,22.0,,1358.0,,,,,,,,,,,,,,,,,,,,,,,
115,case_13,2024-04-10 19:06:54.846591,complete,Leucocytes,positive,K,YA,20.0,1499.0,,,,,,,,,,,,,,,,,,,,,,,,
116,case_13,2024-04-10 19:39:51.846591,complete,Leucocytes,positive,A,YD,21.0,139.0,,,,,,,,,,,,,,,,,,,,,,,,
117,case_13,2024-04-10 20:40:37.846591,complete,CRP,positive,K,YA,20.0,,1317.0,,,,,,,,,,,,,,,,,,,,,,,
118,case_13,2024-04-10 21:33:15.846591,complete,Admission NC,positive,J,,,,,,,,,,,,,,,,,,,,,,,,,,,
119,case_13,2024-04-10 23:03:31.846591,complete,CRP,positive,K,YA,20.0,,4250.0,,,,,,,,,,,,,,,,,,,,,,,
120,case_13,2024-04-10 23:45:05.846591,complete,Leucocytes,positive,K,YC,20.0,478.0,,,,,,,,,,,,,,,,,,,,,,,,
121,case_13,2024-04-11 01:04:20.846591,complete,CRP,positive,I,ZD,20.0,,50.0,,,,,,,,,,,,,,,,,,,,,,,
122,case_14,2024-04-10 16:17:06.846591,complete,Admission NC,positive,F,,,,,,,,,,,,,,,,,,,,,,,,,,,
123,case_14,2024-04-10 16:44:39.846591,complete,Admission NC,positive,A,,,,,,,,,,,,,,,,,,,,,,,,,,,
124,case_14,2024-04-10 18:03:51.846591,complete,Admission NC,positive,J,,,,,,,,,,,,,,,,,,,,,,,,,,,
125,case_14,2024-04-10 18:59:28.846591,complete,Leucocytes,positive,K,YA,21.0,3083.0,,,,,,,,,,,,,,,,,,,,,,,,
126,case_14,2024-04-10 19:54:51.846591,complete,CRP,positive,K,YB,20.0,,4097.0,,,,,,,,,,,,,,,,,,,,,,,
127,case_14,2024-04-10 21:03:53.846591,complete,CRP,positive,?,QA,21.0,,50.0,,,,,,,,,,,,,,,,,,,,,,,
128,case_14,2024-04-10 21:39:04.846591,complete,LacticAcid,positive,I,,,,,2.0,,,,,,,,,,,,,,,,,,,,,,
129,case_14,2024-04-10 23:18:03.846591,complete,Leucocytes,positive,A,YD,20.0,138.0,,,,,,,,,,,,,,,,,,,,,,,,
130,case_14,2024-04-10 23:54:04.846591,complete,Leucocytes,positive,K,YC,21.0,514.0,,,,,,,,,,,,,,,,,,,,,,,,
131,case_14,2024-04-11 00:42:50.846591,complete,CRP,positive,F,YA,24.0,,1715.0,,,,,,,,,,,,,,,,,,,,,,,
132,case_15,2024-04-10 15:35:41.846591,complete,LacticAcid,positive,K,,,,,2.0,,,,,,,,,,,,,,,,,,,,,,
133,case_15,2024-04-10 17:05:55.846591,complete,Leucocytes,positive,I,YA,24.0,139.0,,,,,,,,,,,,,,,,,,,,,,,,
134,case_15,2024-04-10 17:38:13.846591,complete,Admission NC,positive,J,,,,,,,,,,,,,,,,,,,,,,,,,,,
135,case_15,2024-04-10 18:51:07.846591,complete,CRP,positive,K,YB,20.0,,4453.0,,,,,,,,,,,,,,,,,,,,,,,
136,case_15,2024-04-10 20:23:22.846591,complete,CRP,positive,K,YA,20.0,,50.0,,,,,,,,,,,,,,,,,,,,,,,
137,case_15,2024-04-10 21:08:38.846591,complete,CRP,positive,L,T,21.0,,50.0,,,,,,,,,,,,,,,,,,,,,,,
138,case_15,2024-04-10 22:19:09.846591,complete,Leucocytes,positive,K,YA,20.0,138.0,,,,,,,,,,,,,,,,,,,,,,,,
139,case_15,2024-04-10 22:43:23.846591,complete,Admission NC,positive,F,,,,,,,,,,,,,,,,,,,,,,,,,,,
140,case_15,2024-04-10 23:37:54.846591,complete,CRP,positive,K,YB,20.0,,4124.0,,,,,,,,,,,,,,,,,,,,,,,
141,case_15,2024-04-11 01:25:51.846591,complete,CRP,positive,K,YC,27.0,,50.0,,,,,,,,,,,,,,,,,,,,,,,
142,case_16,2024-04-10 15:51:23.846591,complete,CRP,positive,K,YC,20.0,,50.0,,,,,,,,,,,,,,,,,,,,,,,
143,case_16,2024-04-10 17:10:16.846591,complete,Leucocytes,positive,A,YA,20.0,3785.0,,,,,,,,,,,,,,,,,,,,,,,,
144,case_16,2024-04-10 18:04:44.846591,complete,Admission NC,positive,J,,,,,,,,,,,,,,,,,,,,,,,,,,,
145,case_16,2024-04-10 19:28:38.846591,complete,Admission NC,positive,F,,,,,,,,,,,,,,,,,,,,,,,,,,,
146,case_16,2024-04-10 20:17:14.846591,complete,CRP,positive,K,YB,20.0,,1650.0,,,,,,,,,,,,,,,,,,,,,,,
147,case_16,2024-04-10 20:40:38.846591,complete,Leucocytes,positive,K,YD,20.0,138.0,,,,,,,,,,,,,,,,,,,,,,,,
148,case_16,2024-04-10 22:11:40.846591,complete,CRP,positive,I,YA,20.0,,3852.0,,,,,,,,,,,,,,,,,,,,,,,
149,case_16,2024-04-10 23:03:55.846591,complete,CRP,positive,K,YA,23.0,,4586.0,,,,,,,,,,,,,,,,,,,,,,,
150,case_16,2024-04-10 23:49:41.846591,complete,CRP,positive,A,YB,20.0,,3862.0,,,,,,,,,,,,,,,,,,,,,,,
151,case_16,2024-04-11 01:28:59.846591,complete,CRP,positive,A,YA,23.0,,53.0,,,,,,,,,,,,,,,,,,,,,,,
152,case_17,2024-04-10 16:13:40.846591,complete,Leucocytes,positive,K,YB,20.0,3303.0,,,,,,,,,,,,,,,,,,,,,,,,
153,case_17,2024-04-10 17:03:21.846591,complete,Leucocytes,positive,I,YA,21.0,138.0,,,,,,,,,,,,,,,,,,,,,,,,
154,case_17,2024-04-10 17:51:03.846591,complete,Leucocytes,positive,A,YA,22.0,910.0,,,,,,,,,,,,,,,,,,,,,,,,
155,case_17,2024-04-10 18:59:44.846591,complete,CRP,positive,A,QB,21.0,,50.0,,,,,,,,,,,,,,,,,,,,,,,
156,case_17,2024-04-10 19:41:12.846591,complete,Admission NC,positive,F,,,,,,,,,,,,,,,,,,,,,,,,,,,
157,case_17,2024-04-10 21:20:59.846591,complete,CRP,positive,K,YA,20.0,,1562.0,,,,,,,,,,,,,,,,,,,,,,,
158,case_17,2024-04-10 22:04:04.846591,complete,Admission NC,positive,J,,,,,,,,,,,,,,,,,,,,,,,,,,,
159,case_17,2024-04-10 23:23:42.846591,complete,Leucocytes,positive,I,YA,20.0,1752.0,,,,,,,,,,,,,,,,,,,,,,,,
160,case_17,2024-04-10 23:32:30.846591,complete,CRP,positive,K,YA,22.0,,2213.0,,,,,,,,,,,,,,,,,,,,,,,
161,case_17,2024-04-11 00:37:28.846591,complete,CRP,positive,K,YA,21.0,,1893.0,,,,,,,,,,,,,,,,,,,,,,,
162,case_18,2024-04-10 15:32:20.846591,complete,Leucocytes,positive,I,YA,81.0,3651.0,,,,,,,,,,,,,,,,,,,,,,,,
163,case_18,2024-04-10 17:09:24.846591,complete,LacticAcid,positive,K,,,,,38.0,,,,,,,,,,,,,,,,,,,,,,
164,case_18,2024-04-10 18:06:35.846591,complete,Leucocytes,positive,I,YB,20.0,875.0,,,,,,,,,,,,,,,,,,,,,,,,
165,case_18,2024-04-10 19:00:20.846591,complete,Admission NC,positive,F,,,,,,,,,,,,,,,,,,,,,,,,,,,
166,case_18,2024-04-10 19:47:59.846591,complete,CRP,positive,K,YA,21.0,,3962.0,,,,,,,,,,,,,,,,,,,,,,,
167,case_18,2024-04-10 20:35:35.846591,complete,Leucocytes,positive,K,YA,22.0,138.0,,,,,,,,,,,,,,,,,,,,,,,,
168,case_18,2024-04-10 21:44:41.846591,complete,CRP,positive,K,YA,20.0,,50.0,,,,,,,,,,,,,,,,,,,,,,,
169,case_18,2024-04-10 23:30:38.846591,complete,Admission NC,positive,L,,,,,,,,,,,,,,,,,,,,,,,,,,,
170,case_18,2024-04-11 00:24:09.846591,complete,Leucocytes,positive,K,RA,23.0,138.0,,,,,,,,,,,,,,,,,,,,,,,,
171,case_19,2024-04-10 15:56:52.846591,complete,Admission NC,positive,F,,,,,,,,,,,,,,,,,,,,,,,,,,,
172,case_19,2024-04-10 17:29:46.846591,complete,Admission NC,positive,J,,,,,,,,,,,,,,,,,,,,,,,,,,,
173,case_19,2024-04-10 17:51:11.846591,complete,CRP,positive,I,YC,21.0,,1422.0,,,,,,,,,,,,,,,,,,,,,,,
174,case_19,2024-04-10 18:55:41.846591,complete,Leucocytes,positive,K,YB,21.0,875.0,,,,,,,,,,,,,,,,,,,,,,,,
175,case_19,2024-04-10 20:28:58.846591,complete,CRP,positive,L,YB,20.0,,50.0,,,,,,,,,,,,,,,,,,,,,,,
176,case_19,2024-04-10 20:53:40.846591,complete,CRP,positive,?,YB,20.0,,2757.0,,,,,,,,,,,,,,,,,,,,,,,
177,case_19,2024-04-10 21:40:01.846591,complete,CRP,positive,K,YB,22.0,,50.0,,,,,,,,,,,,,,,,,,,,,,,
178,case_19,2024-04-10 22:32:14.846591,complete,CRP,positive,K,YB,21.0,,51.0,,,,,,,,,,,,,,,,,,,,,,,
179,case_19,2024-04-11 00:16:30.846591,complete,CRP,positive,K,U,20.0,,4472.0,,,,,,,,,,,,,,,,,,,,,,,
180,case_20,2024-04-10 16:03:09.846591,complete,CRP,positive,K,YA,20.0,,4223.0,,,,,,,,,,,,,,,,,,,,,,,
181,case_20,2024-04-10 17:00:33.846591,complete,Leucocytes,positive,K,YD,20.0,2686.0,,,,,,,,,,,,,,,,,,,,,,,,
182,case_20,2024-04-10 17:47:00.846591,complete,Leucocytes,positive,K,YA,23.0,3335.0,,,,,,,,,,,,,,,,,,,,,,,,
183,case_20,2024-04-10 19:01:29.846591,complete,Admission NC,positive,E,,,,,,,,,,,,,,,,,,,,,,,,,,,
184,case_20,2024-04-10 20:14:22.846591,complete,CRP,positive,A,YB,20.0,,5431.0,,,,,,,,,,,,,,,,,,,,,,,
185,case_20,2024-04-10 21:20:49.846591,complete,Leucocytes,positive,I,YA,20.0,138.0,,,,,,,,,,,,,,,,,,,,,,,,
186,case_20,2024-04-10 22:24:43.846591,complete,CRP,positive,L,YB,20.0,,50.0,,,,,,,,,,,,,,,,,,,,,,,
187,case_20,2024-04-10 23:15:59.846591,complete,CRP,positive,K,YA,20.0,,4061.0,,,,,,,,,,,,,,,,,,,,,,,
188,case_20,2024-04-11 00:04:28.846591,complete,Admission NC,positive,L,,,,,,,,,,,,,,,,,,,,,,,,,,,
189,case_21,2024-04-10 15:55:10.846591,complete,Admission NC,positive,J,,,,,,,,,,,,,,,,,,,,,,,,,,,
190,case_21,2024-04-10 16:47:33.846591,complete,Leucocytes,positive,J,YA,22.0,232.0,,,,,,,,,,,,,,,,,,,,,,,,
191,case_21,2024-04-10 18:26:49.846591,complete,CRP,positive,K,YC,20.0,,3882.0,,,,,,,,,,,,,,,,,,,,,,,
192,case_21,2024-04-10 18:39:37.846591,complete,Leucocytes,positive,K,YC,20.0,138.0,,,,,,,,,,,,,,,,,,,,,,,,
193,case_21,2024-04-10 19:37:32.846591,complete,Leucocytes,positive,I,YA,20.0,1380.0,,,,,,,,,,,,,,,,,,,,,,,,
194,case_21,2024-04-10 21:20:57.846591,complete,Admission NC,positive,A,,,,,,,,,,,,,,,,,,,,,,,,,,,
195,case_22,2024-04-10 16:14:41.846591,complete,CRP,positive,K,YC,23.0,,3631.0,,,,,,,,,,,,,,,,,,,,,,,
196,case_22,2024-04-10 17:03:45.846591,complete,Leucocytes,positive,K,YC,20.0,138.0,,,,,,,,,,,,,,,,,,,,,,,,
197,case_22,2024-04-10 18:30:22.846591,complete,Leucocytes,positive,?,YB,20.0,138.0,,,,,,,,,,,,,,,,,,,,,,,,
198,case_22,2024-04-10 19:23:28.846591,complete,CRP,positive,I,YB,20.0,,804.0,,,,,,,,,,,,,,,,,,,,,,,
199,case_22,2024-04-10 20:26:28.846591,complete,Admission NC,positive,F,,,,,,,,,,,,,,,,,,,,,,,,,,,
200,case_22,2024-04-10 20:59:14.846591,complete,Admission NC,positive,A,,,,,,,,,,,,,,,,,,,,,,,,,,,
201,case_23,2024-04-10 16:28:57.846591,complete,CRP,positive,?,YA,22.0,,3631.0,,,,,,,,,,,,,,,,,,,,,,,
202,case_23,2024-04-10 16:31:57.846591,complete,Leucocytes,positive,K,YD,21.0,138.0,,,,,,,,,,,,,,,,,,,,,,,,
203,case_23,2024-04-10 18:23:26.846591,complete,CRP,positive,K,YB,21.0,,50.0,,,,,,,,,,,,,,,,,,,,,,,
204,case_23,2024-04-10 18:43:20.846591,complete,CRP,positive,K,YA,21.0,,804.0,,,,,,,,,,,,,,,,,,,,,,,
205,case_23,2024-04-10 19:47:38.846591,complete,Admission NC,positive,J,,,,,,,,,,,,,,,,,,,,,,,,,,,
206,case_23,2024-04-10 20:54:28.846591,complete,Admission NC,positive,A,,,,,,,,,,,,,,,,,,,,,,,,,,,
207,case_24,2024-04-10 15:46:57.846591,complete,CRP,positive,I,YC,20.0,,1916.0,,,,,,,,,,,,,,,,,,,,,,,
208,case_24,2024-04-10 17:31:16.846591,complete,LacticAcid,positive,A,,,,,2.0,,,,,,,,,,,,,,,,,,,,,,
209,case_24,2024-04-10 17:44:35.846591,complete,Leucocytes,positive,?,YA,22.0,138.0,,,,,,,,,,,,,,,,,,,,,,,,
210,case_24,2024-04-10 18:59:54.846591,complete,Admission NC,positive,J,,,,,,,,,,,,,,,,,,,,,,,,,,,
211,case_24,2024-04-10 20:27:00.846591,complete,Admission NC,positive,J,,,,,,,,,,,,,,,,,,,,,,,,,,,
212,case_24,2024-04-10 20:37:29.846591,complete,Leucocytes,positive,K,YD,21.0,508.0,,,,,,,,,,,,,,,,,,,,,,,,
213,case_25,2024-04-10 15:49:02.846591,complete,LacticAcid,positive,?,,,,,2.0,,,,,,,,,,,,,,,,,,,,,,
214,case_25,2024-04-10 17:07:06.846591,complete,Leucocytes,positive,C,YC,20.0,352.0,,,,,,,,,,,,,,,,,,,,,,,,
215,case_25,2024-04-10 17:41:26.846591,complete,Admission NC,positive,F,,,,,,,,,,,,,,,,,,,,,,,,,,,
216,case_25,2024-04-10 18:40:02.846591,complete,Admission NC,positive,?,,,,,,,,,,,,,,,,,,,,,,,,,,,
217,case_25,2024-04-10 19:37:05.846591,complete,CRP,positive,K,YC,20.0,,1295.0,,,,,,,,,,,,,,,,,,,,,,,
218,case_26,2024-04-10 16:00:14.846591,complete,LacticAcid,positive,A,,,,,2.0,,,,,,,,,,,,,,,,,,,,,,
219,case_26,2024-04-10 16:47:17.846591,complete,Leucocytes,positive,I,YD,28.0,352.0,,,,,,,,,,,,,,,,,,,,,,,,
220,case_26,2024-04-10 18:30:46.846591,complete,Admission NC,positive,F,,,,,,,,,,,,,,,,,,,,,,,,,,,
221,case_26,2024-04-10 18:33:25.846591,complete,Admission NC,positive,F,,,,,,,,,,,,,,,,,,,,,,,,,,,
222,case_26,2024-04-10 19:47:58.846591,complete,CRP,positive,?,YA,20.0,,1295.0,,,,,,,,,,,,,,,,,,,,,,,
223,case_27,2024-04-10 15:35:59.846591,complete,CRP,positive,F,YC,20.0,,1414.0,,,,,,,,,,,,,,,,,,,,,,,
224,case_27,2024-04-10 16:58:42.846591,complete,Admission NC,positive,A,,,,,,,,,,,,,,,,,,,,,,,,,,,
225,case_27,2024-04-10 18:29:47.846591,complete,Admission NC,positive,F,,,,,,,,,,,,,,,,,,,,,,,,,,,
226,case_27,2024-04-10 19:07:11.846591,complete,Leucocytes,positive,I,YC,20.0,2912.0,,,,,,,,,,,,,,,,,,,,,,,,
227,case_27,2024-04-10 20:25:39.846591,complete,CRP,positive,A,YC,20.0,,3910.0,,,,,,,,,,,,,,,,,,,,,,,
228,case_28,2024-04-10 16:20:20.846591,complete,CRP,positive,F,IE,20.0,,5260.0,,,,,,,,,,,,,,,,,,,,,,,
229,case_28,2024-04-10 16:38:43.846591,complete,Admission NC,positive,F,,,,,,,,,,,,,,,,,,,,,,,,,,,
230,case_28,2024-04-10 18:06:59.846591,complete,CRP,positive,K,YA,20.0,,3183.0,,,,,,,,,,,,,,,,,,,,,,,
231,case_28,2024-04-10 18:54:19.846591,complete,CRP,positive,K,QA,21.0,,50.0,,,,,,,,,,,,,,,,,,,,,,,
232,case_28,2024-04-10 19:42:35.846591,complete,Admission NC,positive,F,,,,,,,,,,,,,,,,,,,,,,,,,,,
233,case_29,2024-04-10 15:43:48.846591,complete,CRP,positive,E,IE,20.0,,1408.0,,,,,,,,,,,,,,,,,,,,,,,
234,case_29,2024-04-10 17:10:34.846591,complete,CRP,positive,K,YA,20.0,,80.0,,,,,,,,,,,,,,,,,,,,,,,
235,case_29,2024-04-10 17:40:39.846591,complete,Admission NC,positive,F,,,,,,,,,,,,,,,,,,,,,,,,,,,
236,case_29,2024-04-10 18:50:02.846591,complete,Admission NC,positive,F,,,,,,,,,,,,,,,,,,,,,,,,,,,
237,case_29,2024-04-10 20:03:06.846591,complete,IV Antibiotics,positive,K,,,,,,,,,,,,,,,,,,,,,,,,,,,
